-8.605261509902782757e-17,-5.382323530073887442e-17,7.889620000000000521e-01,-0.000000000000000000e+00,8.727000000000000382e-03,0.000000000000000000e+00,9.999620000000000175e-01,-1.528999999999999977e-02,1.469999999999999953e-04,-2.599999999999999840e-05,-8.722000000000000586e-02,8.505699999999999372e-02,-1.489999999999999897e-04,-1.526800000000000032e-02,1.679999999999999907e-04,-2.900000000000000017e-05,-8.726699999999999735e-02,8.508200000000000485e-02,-1.700000000000000122e-04,0.000000000000000000e+00,0.000000000000000000e+00,0.000000000000000000e+00,4.979999999999999982e-01,2.999999999999999889e-01,0.000000000000000000e+00,5.010000000000000009e-01,0.000000000000000000e+00,0.000000000000000000e+00,0.000000000000000000e+00,4.979999999999999982e-01,-2.999999999999999889e-01,0.000000000000000000e+00,5.010000000000000009e-01,0.000000000000000000e+00,0.000000000000000000e+00,0.000000000000000000e+00
-8.605261509902782757e-17,-5.382323530073887442e-17,7.882564210919260628e-01,-1.674443123726818573e-03,8.507678562402160721e-03,8.694605093102322942e-04,9.999621046059398166e-01,-3.326126667800373415e-02,2.292330535729989426e-03,-7.607339684756614113e-04,-7.016427470064733052e-02,8.069430963651498534e-02,-1.990733258729528860e-03,-1.383140675897778782e-02,6.349442495964938669e-03,-5.252282187602358605e-03,-7.241154206133618154e-02,7.214779591215982057e-02,-2.589901408707193445e-03,1.531840867794179205e-03,5.058529874158593578e-04,2.350371585181702219e-04,4.866717521346463071e-01,2.960595120983064432e-01,-5.629232581036568324e-03,5.073128541320488516e-01,2.615896082232255920e-02,-8.716158808704682444e-06,5.433075992679085652e-05,4.813763348534518816e-01,-2.933646945795997940e-01,3.747656796749633101e-03,5.095043370037004582e-01,-2.960104180556580658e-02,-9.149180984068884162e-06,-2.625185456111913686e-05
-8.605261509902782757e-17,-5.382323530073887442e-17,7.875508421838518514e-01,-3.348880206611038000e-03,8.288326431885371590e-03,1.738917881891597272e-03,9.999586016759809404e-01,-5.123253335600746333e-02,4.437661071459978422e-03,-1.495467936951322841e-03,-5.310854940129464130e-02,7.633161927302996308e-02,-3.832466517459057458e-03,-1.239481351795557358e-02,1.253088499192987759e-02,-1.047556437520471596e-02,-5.755608412267235185e-02,5.921359182431962936e-02,-5.009802817414386877e-03,3.063681735588358410e-03,1.011705974831718716e-03,4.700743170363404439e-04,4.753435042692925605e-01,2.921190241966127865e-01,-1.125846516207313665e-02,5.136257082640975913e-01,5.231792164464511841e-02,-1.743231761740936489e-05,1.086615198535817130e-04,4.647526697069037094e-01,-2.867293891591995436e-01,7.495313593499266201e-03,5.180086740074008045e-01,-5.920208361113161316e-02,-1.829836196813776832e-05,-5.250370912223827373e-05
-8.605261509902782757e-17,-5.382323530073887442e-17,7.868452632757778620e-01,-5.023305207831852900e-03,8.068944399800312417e-03,2.608368981026544086e-03,9.999514912227611685e-01,-6.920380003401119251e-02,6.582991607189967419e-03,-2.230201905426984054e-03,-3.605282410194197290e-02,7.196892890954494082e-02,-5.674199776188586057e-03,-1.095822027693335934e-02,1.871232748789481565e-02,-1.569884656280707766e-02,-4.270062618400853605e-02,4.627938773647943815e-02,-7.429704226121579443e-03,4.595522603382537832e-03,1.517558962247577857e-03,7.051114755545107200e-04,4.640152564039388139e-01,2.881785362949191853e-01,-1.688769774310970584e-02,5.199385623961463310e-01,7.847688246696767067e-02,-2.614847642611404903e-05,1.629922797803725763e-04,4.481290045603555372e-01,-2.800940837387992932e-01,1.124297039024889887e-02,5.265130110111011508e-01,-8.880312541669742321e-02,-2.744754295220665588e-05,-7.875556368335741059e-05
-8.605261509902782757e-17,-5.382323530073887442e-17,7.861396843677037616e-01,-6.697712086612043689e-03,7.849533257605526004e-03,3.477810670020153958e-03,9.999407732719324260e-01,-8.717506671201492863e-02,8.728322142919957283e-03,-2.964935873902645701e-03,-1.899709880258929756e-02,6.760623854605990468e-02,-7.515933034918115090e-03,-9.521627035911145107e-03,2.489376998385975370e-02,-2.092212875040943415e-02,-2.784516824534469942e-02,3.334518364863924000e-02,-9.849605634828773743e-03,6.127363471176716821e-03,2.023411949663437431e-03,9.401486340726808878e-04,4.526870085385851228e-01,2.842380483932255286e-01,-2.251693032414627330e-02,5.262514165281950707e-01,1.046358432892902368e-01,-3.486463523481872978e-05,2.173230397071634261e-04,4.315053394138073650e-01,-2.734587783183990428e-01,1.499062718699853240e-02,5.350173480148014971e-01,-1.184041672222632263e-01,-3.659672393627553665e-05,-1.050074182444765475e-04
-8.605261509902782757e-17,-5.382323530073887442e-17,7.854341054596297722e-01,-8.372094802239776409e-03,7.630093796864585720e-03,4.347239812211459685e-03,9.999264478621616714e-01,-1.051463333900186647e-01,1.087365267864994801e-02,-3.699669842378307347e-03,-1.941373503236629161e-03,6.324354818257489630e-02,-9.357666293647643255e-03,-8.085033794888930869e-03,3.107521247982469523e-02,-2.614541093801179411e-02,-1.298971030668087667e-02,2.041097956079905573e-02,-1.226950704353596718e-02,7.659204338970896676e-03,2.529264937079296789e-03,1.175185792590851272e-03,4.413587606732314317e-01,2.802975604915319829e-01,-2.814616290518284422e-02,5.325642706602439214e-01,1.307948041116127891e-01,-4.358079404352341730e-05,2.716537996339543301e-04,4.148816742672592484e-01,-2.668234728979988479e-01,1.873828398374816767e-02,5.435216850185019544e-01,-1.480052090278290433e-01,-4.574590492034443098e-05,-1.312592728055956843e-04
-8.605261509902782757e-17,-5.382323530073887442e-17,7.847285265515556718e-01,-1.004644731409037525e-02,7.410626809243221931e-03,5.216653270984751047e-03,9.999085150451303416e-01,-1.231176000680223870e-01,1.301898321437993528e-02,-4.434403810853968127e-03,1.511435179611604618e-02,5.888085781908987404e-02,-1.119939955237717229e-02,-6.648440553866718367e-03,3.725665497578962981e-02,-3.136869312561415407e-02,1.865747631982939136e-03,7.476775472958878399e-03,-1.468940845224315887e-02,9.191045206765075665e-03,3.035117924495155713e-03,1.410222951109021440e-03,4.300305128078777406e-01,2.763570725898383817e-01,-3.377539548621941168e-02,5.388771247922927721e-01,1.569537649339353413e-01,-5.229695285222809805e-05,3.259845595607451527e-04,3.982580091207111317e-01,-2.601881674775985975e-01,2.248594078049779774e-02,5.520260220222024117e-01,-1.776062508333948464e-01,-5.489508590441331175e-05,-1.575111273667148212e-04
-8.605261509902782757e-17,-5.382323530073887442e-17,7.840229476434815714e-01,-1.172076358164814321e-02,7.191133086506476188e-03,6.086047909780906671e-03,9.998869748855341300e-01,-1.410888667460261092e-01,1.516431375010992427e-02,-5.169137779329629340e-03,3.217007709546872152e-02,5.451816745560485178e-02,-1.304113281110669958e-02,-5.211847312844504129e-03,4.343809747175456787e-02,-3.659197531321650709e-02,1.672120557064675495e-02,-5.457428614881312812e-03,-1.710930986095035231e-02,1.072288607455925379e-02,3.540970911911015071e-03,1.645260109627191608e-03,4.187022649425239385e-01,2.724165846881447250e-01,-3.940462806725597567e-02,5.451899789243415118e-01,1.831127257562578936e-01,-6.101311166093277880e-05,3.803153194875359753e-04,3.816343439741629595e-01,-2.535528620571983471e-01,2.623359757724743127e-02,5.605303590259027580e-01,-2.072072926389606218e-01,-6.404426688848219253e-05,-1.837629819278339580e-04
-8.605261509902782757e-17,-5.382323530073887442e-17,7.833173687354074710e-01,-1.339503756452814151e-02,6.971613420515840667e-03,6.955420592108701831e-03,9.998618274610827639e-01,-1.590601334240298592e-01,1.730964428583991327e-02,-5.903871747805291420e-03,4.922580239482141073e-02,5.015547709211984340e-02,-1.488286606983623035e-02,-3.775254071822290759e-03,4.961953996771950592e-02,-4.181525750081886705e-02,3.157666350931058463e-02,-1.839163270272150402e-02,-1.952921126965754747e-02,1.225472694235343364e-02,4.046823899326874863e-03,1.880297268145361776e-03,4.073740170771702473e-01,2.684760967864511239e-01,-4.503386064829254659e-02,5.515028330563902514e-01,2.092716865785804736e-01,-6.972927046963745955e-05,4.346460794143268522e-04,3.650106788276148428e-01,-2.469175566367981245e-01,2.998125437399706480e-02,5.690346960296031043e-01,-2.368083344445264526e-01,-7.319344787255107330e-05,-2.100148364889530949e-04
-8.605261509902782757e-17,-5.382323530073887442e-17,7.826117898273334816e-01,-1.506926322249797605e-02,6.752068603226401081e-03,7.824768181556116670e-03,9.998330728625000052e-01,-1.770314001020335815e-01,1.945497482156990574e-02,-6.638605716280952633e-03,6.628152769417408607e-02,4.579278672863482808e-02,-1.672459932856575765e-02,-2.338660830800077389e-03,5.580098246368444398e-02,-4.703853968842122701e-02,4.643212144797440044e-02,-3.132583679056169523e-02,-2.194911267836473917e-02,1.378656781014761350e-02,4.552676886742734221e-03,2.115334426663532160e-03,3.960457692118165562e-01,2.645356088847575227e-01,-5.066309322932911752e-02,5.578156871884391022e-01,2.354306474009030259e-01,-7.844542927834214708e-05,4.889768393411177833e-04,3.483870136810667262e-01,-2.402822512163979018e-01,3.372891117074670181e-02,5.775390330333035616e-01,-2.664093762500922558e-01,-8.234262885661996763e-05,-2.362666910500722589e-04
-8.605261509902782757e-17,-5.382323530073887442e-17,7.819062109192593812e-01,-1.674343451549958547e-02,6.532499426683981321e-03,8.694087541801662211e-03,9.998007111935229840e-01,-1.950026667800373315e-01,2.160030535729989473e-02,-7.373339684756614713e-03,8.333725299352676141e-02,4.143009636514979888e-02,-1.856633258729528668e-02,-9.020675897778631519e-04,6.198242495964938897e-02,-5.226182187602358697e-02,6.128757938663823707e-02,-4.426004087840189338e-02,-2.436901408707193434e-02,1.531840867794179335e-02,5.058529874158593578e-03,2.350371585181702545e-03,3.847175213464628096e-01,2.605951209830639215e-01,-5.629232581036568844e-02,5.641285413204878418e-01,2.615896082232255782e-01,-8.716158808704683460e-05,5.433075992679086601e-04,3.317633485345185540e-01,-2.336469457959976515e-01,3.747656796749633534e-02,5.860433700370039078e-01,-2.960104180556580866e-01,-9.149180984068886195e-05,-2.625185456111913686e-04
-8.605261509902782757e-17,-5.382323530073887442e-17,7.812006320111852808e-01,-1.841754540367104842e-02,6.312906683022289842e-03,9.563375536625689025e-03,9.997647425709021984e-01,-2.129739334580410259e-01,2.374563589302988026e-02,-8.108073653232275926e-03,1.003929782928794229e-01,3.706740600166479049e-02,-2.040806584602481225e-02,5.345256512443493507e-04,6.816386745561431315e-02,-5.748510406362594000e-02,7.614303732530205981e-02,-5.719424496624207072e-02,-2.678891549577912604e-02,1.685024954573597147e-02,5.564382861574452069e-03,2.585408743699872496e-03,3.733892734811090630e-01,2.566546330813703203e-01,-6.192155839140225243e-02,5.704413954525366925e-01,2.877485690455481304e-01,-9.587774689575150858e-05,5.976383591946994285e-04,3.151396833879703818e-01,-2.270116403755974566e-01,4.122422476424596194e-02,5.945477070407043652e-01,-3.256114598612238620e-01,-1.006409908247577292e-04,-2.887704001723104784e-04
-8.605261509902782757e-17,-5.382323530073887442e-17,7.804950531031111804e-01,-2.009158984736836989e-02,6.093291164460050424e-03,1.043262902992170803e-02,9.997251671244005156e-01,-2.309452001360447759e-01,2.589096642875986926e-02,-8.842807621707936272e-03,1.174487035922321121e-01,3.270471563817977517e-02,-2.224979910475434475e-02,1.971118892266561853e-03,7.434530995157925815e-02,-6.270838625122830690e-02,9.099849526396586175e-02,-7.012844905408224805e-02,-2.920881690448631773e-02,1.838209041353015133e-02,6.070235848990311427e-03,2.820445902218042880e-03,3.620610256157553719e-01,2.527141451796767191e-01,-6.755079097243882336e-02,5.767542495845854322e-01,3.139075298678706827e-01,-1.045939057044561961e-04,6.519691191214903054e-04,2.985160182414222652e-01,-2.203763349551972339e-01,4.497188156099559547e-02,6.030520440444047114e-01,-3.552125016667896928e-01,-1.097901718088266235e-04,-3.150222547334296424e-04
-8.605261509902782757e-17,-5.382323530073887442e-17,7.797894741950370801e-01,-2.176556180718725031e-02,5.873653663298155497e-03,1.130184488570769828e-02,9.996819849967931715e-01,-2.489164668140485259e-01,2.803629696448986172e-02,-9.577541590183598352e-03,1.345044288915847874e-01,2.834202527469475291e-02,-2.409153236348387031e-02,3.407712133288777825e-03,8.052675244754418926e-02,-6.793166843883066686e-02,1.058539532026296914e-01,-8.306265314192243232e-02,-3.162871831319351290e-02,1.991393128132433119e-02,6.576088836406171652e-03,3.055483060736213265e-03,3.507327777504016808e-01,2.487736572779831179e-01,-7.318002355347540122e-02,5.830671037166341719e-01,3.400664906901932349e-01,-1.133100645131608836e-04,7.062998790482811822e-04,2.818923530948740930e-01,-2.137410295347969835e-01,4.871953835774523595e-02,6.115563810481050577e-01,-3.848135434723554682e-01,-1.189393527928955043e-04,-3.412741092945488063e-04
-8.605261509902782757e-17,-5.382323530073887442e-17,7.790838952869630907e-01,-2.343945524398489966e-02,5.653994971916803843e-03,1.217101996813742086e-02,9.996351963438671051e-01,-2.668877334920522482e-01,3.018162750021984725e-02,-1.031227555865925870e-02,1.515601541909374350e-01,2.397933491120973759e-02,-2.593326562221339934e-02,4.844305374310988593e-03,8.670819494350913426e-02,-7.315495062643301294e-02,1.207094111412934934e-01,-9.599685722976263047e-02,-3.404861972190070113e-02,2.144577214911850757e-02,7.081941823822030142e-03,3.290520219254383216e-03,3.394045298850479897e-01,2.448331693762895167e-01,-7.880925613451195133e-02,5.893799578486830226e-01,3.662254515125157872e-01,-1.220262233218655576e-04,7.606306389750719507e-04,2.652686879483259763e-01,-2.071057241143967609e-01,5.246719515449486254e-02,6.200607180518055150e-01,-4.144145852779212436e-01,-1.280885337769643851e-04,-3.675259638556679161e-04
-8.605261509902782757e-17,-5.382323530073887442e-17,7.783783163788889903e-01,-2.511326411890181520e-02,5.434315882772639168e-03,1.304015114151173965e-02,9.995848013344206251e-01,-2.848590001700559982e-01,3.232695803594984318e-02,-1.104700952713492251e-02,1.686158794902901659e-01,1.961664454772470839e-02,-2.777499888094293184e-02,6.280898615333207168e-03,9.288963743947407925e-02,-7.837823281403538678e-02,1.355648690799573508e-01,-1.089310613176028286e-01,-3.646852113060790324e-02,2.297761301691269090e-02,7.587794811237890368e-03,3.525557377772553600e-03,3.280762820196941876e-01,2.408926814745959155e-01,-8.443848871554854307e-02,5.956928119807317623e-01,3.923844123348383950e-01,-1.307423821305702587e-04,8.149613989018629360e-04,2.486450228017777764e-01,-2.004704186939965105e-01,5.621485195124450301e-02,6.285650550555058613e-01,-4.440156270834871299e-01,-1.372377147610332794e-04,-3.937778184167870800e-04
-8.605261509902782757e-17,-5.382323530073887442e-17,7.776727374708150009e-01,-2.678698239338355228e-02,5.214617188395897357e-03,1.390923527028991788e-02,9.995308001502622997e-01,-3.028302668480597482e-01,3.447228857167983218e-02,-1.178174349561058286e-02,1.856716047896428412e-01,1.525395418423969307e-02,-2.961673213967246088e-02,7.717491856355417935e-03,9.907107993543902424e-02,-8.360151500163773286e-02,1.504203270186211805e-01,-1.218652654054430129e-01,-3.888842253931509146e-02,2.450945388470686728e-02,8.093647798653749725e-03,3.760594536290723551e-03,3.167480341543404965e-01,2.369521935729022866e-01,-9.006772129658509318e-02,6.020056661127806130e-01,4.185433731571609473e-01,-1.394585409392749191e-04,8.692921588286537044e-04,2.320213576552296597e-01,-1.938351132735962601e-01,5.996250874799412961e-02,6.370693920592063186e-01,-4.736166688890529053e-01,-1.463868957451021466e-04,-4.200296729779061898e-04
-8.605261509902782757e-17,-5.382323530073887442e-17,7.769671585627409005e-01,-2.846060402920252974e-02,4.994899681387538967e-03,1.477826921910094585e-02,9.994731929862107345e-01,-3.208015335260633871e-01,3.661761910740981424e-02,-1.251647746408624320e-02,2.027273300889954610e-01,1.089126382075468469e-02,-3.145846539840198297e-02,9.154085097377631305e-03,1.052525224314039415e-01,-8.882479718924009282e-02,1.652757849572849547e-01,-1.347994694932831694e-01,-4.130832394802228663e-02,2.604129475250104367e-02,8.599500786069608216e-03,3.995631694808893936e-03,3.054197862889868054e-01,2.330117056712087131e-01,-9.569695387762165717e-02,6.083185202448293527e-01,4.447023339794834440e-01,-1.481746997479796066e-04,9.236229187554444728e-04,2.153976925086815430e-01,-1.871998078531960652e-01,6.371016554474376314e-02,6.455737290629066649e-01,-5.032177106946186251e-01,-1.555360767291710409e-04,-4.462815275390252996e-04
-8.605261509902782757e-17,-5.382323530073887442e-17,7.762615796546668001e-01,-3.013412298847981813e-02,4.775164154416396481e-03,1.564724985275485480e-02,9.994119800500937956e-01,-3.387728002040671926e-01,3.876294964313981017e-02,-1.325121143256190528e-02,2.197830553883481919e-01,6.528573457269652019e-03,-3.330019865713151894e-02,1.059067833839984728e-02,1.114339649273688865e-01,-9.404807937684245278e-02,1.801312428959488121e-01,-1.477336735811234092e-01,-4.372822535672948180e-02,2.757313562029522699e-02,9.105353773485468441e-03,4.230668853327064320e-03,2.940915384236330588e-01,2.290712177695150842e-01,-1.013261864586582350e-01,6.146313743768780924e-01,4.708612948018060518e-01,-1.568908585566842942e-04,9.779536786822355665e-04,1.987740273621333431e-01,-1.805645024327958148e-01,6.745782234149340362e-02,6.540780660666070112e-01,-5.328187525001845115e-01,-1.646852577132399353e-04,-4.725333821001445177e-04
-8.605261509902782757e-17,-5.382323530073887442e-17,7.755560007465926997e-01,-3.180753323370687918e-02,4.555411400216312877e-03,1.651617403625400132e-02,9.993471615627474991e-01,-3.567440668820708871e-01,4.090828017886979917e-02,-1.398594540103756736e-02,2.368387806877008672e-01,2.165883093784640168e-03,-3.514193191586104797e-02,1.202727157942205978e-02,1.176154074233338315e-01,-9.927136156444479886e-02,1.949867008346126140e-01,-1.606678776689635657e-01,-4.614812676543667697e-02,2.910497648808940338e-02,9.611206760901326931e-03,4.465706011845234705e-03,2.827632905582793676e-01,2.251307298678214552e-01,-1.069554190396947990e-01,6.209442285089269431e-01,4.970202556241286040e-01,-1.656070173653889817e-04,1.032284438609026335e-03,1.821503622155852264e-01,-1.739291970123955644e-01,7.120547913824303021e-02,6.625824030703074685e-01,-5.624197943057502869e-01,-1.738344386973088025e-04,-4.987852366612635733e-04
-8.605261509902782757e-17,-5.382323530073887442e-17,7.748504218385187103e-01,-3.348082872776743379e-02,4.335642211583281072e-03,1.738503863480441239e-02,9.992787377580159003e-01,-3.747153335600746926e-01,4.305361071459978817e-02,-1.472067936951322945e-02,2.538945059870535426e-01,-2.196807269700385562e-03,-3.698366517459057007e-02,1.346386482044427402e-02,1.237968499192987765e-01,-1.044946437520471727e-01,2.098421587732764715e-01,-1.736020817568038055e-01,-4.856802817414386519e-02,3.063681735588358671e-02,1.011705974831718716e-02,4.700743170363405089e-03,2.714350426929256210e-01,2.211902419661278540e-01,-1.125846516207313769e-01,6.272570826409756828e-01,5.231792164464511563e-01,-1.743231761740936692e-04,1.086615198535817320e-03,1.655266970690370265e-01,-1.672938915919953140e-01,7.495313593499267069e-02,6.710867400740078148e-01,-5.920208361113161732e-01,-1.829836196813777239e-04,-5.250370912223827373e-04
-8.605261509902782757e-17,-5.382323530073887442e-17,7.741448429304444989e-01,-3.515400343395912869e-02,4.115857381372584230e-03,1.825384051382707151e-02,9.992067088827498722e-01,-3.926866002380783871e-01,4.519894125032977716e-02,-1.545541333798888979e-02,2.709502312864061624e-01,-6.559497633185397414e-03,-3.882539843332009910e-02,1.490045806146648652e-02,1.299782924152637076e-01,-1.097179259396495188e-01,2.246976167119402734e-01,-1.865362858446439620e-01,-5.098792958285106036e-02,3.216865822367776656e-02,1.062291273573304565e-02,4.935780328881574607e-03,2.601067948275719299e-01,2.172497540644342529e-01,-1.182138842017679409e-01,6.335699367730245335e-01,5.493381772687737641e-01,-1.830393349827983296e-04,1.140945958462608089e-03,1.489030319224889098e-01,-1.606585861715951191e-01,7.870079273174229728e-02,6.795910770777082721e-01,-6.216218779168819486e-01,-1.921328006654465911e-04,-5.512889457835019012e-04
-8.605261509902782757e-17,-5.382323530073887442e-17,7.734392640223706206e-01,-3.682705131601540782e-02,3.896057702495935634e-03,1.912257653896923607e-02,9.991310751968056625e-01,-4.106578669160820816e-01,4.734427178605975922e-02,-1.619014730646455014e-02,2.880059565857588377e-01,-1.092218799667041274e-02,-4.066713169204962813e-02,1.633705130248869902e-02,1.361597349112286526e-01,-1.149412081272518787e-01,2.395530746506041031e-01,-1.994704899324841463e-01,-5.340783099155824859e-02,3.370049909147194295e-02,1.112876572314890414e-02,5.170817487399744991e-03,2.487785469622181833e-01,2.133092661627406517e-01,-1.238431167828045049e-01,6.398827909050732732e-01,5.754971380910962608e-01,-1.917554937915030172e-04,1.195276718389398857e-03,1.322793667759407932e-01,-1.540232807511948687e-01,8.244844952849192388e-02,6.880954140814086184e-01,-6.512229197224477240e-01,-2.012819816495154584e-04,-5.775408003446209568e-04
-8.605261509902782757e-17,-5.382323530073887442e-17,7.727336851142965202e-01,-3.849996633812725194e-02,3.676243967918615962e-03,1.999124357611573033e-02,9.990518369730450043e-01,-4.286291335940858316e-01,4.948960232178975516e-02,-1.692488127494021222e-02,3.050616818851115686e-01,-1.528487836015544193e-02,-4.250886495077916410e-02,1.777364454351091846e-02,1.423411774071935976e-01,-1.201644903148542526e-01,2.544085325892679328e-01,-2.124046940203243306e-01,-5.582773240026545070e-02,3.523233995926612627e-02,1.163461871056476436e-02,5.405854645917915376e-03,2.374502990968644645e-01,2.093687782610470505e-01,-1.294723493638410827e-01,6.461956450371220129e-01,6.016560989134188686e-01,-2.004716526002077047e-04,1.249607478316189842e-03,1.156557016293926071e-01,-1.473879753307946183e-01,8.619610632524156435e-02,6.965997510851089647e-01,-6.808239615280136103e-01,-2.104311626335843527e-04,-6.037926549057402292e-04
-8.605261509902782757e-17,-5.382323530073887442e-17,7.720281062062223087e-01,-4.017274246496494589e-02,3.456416970656615763e-03,2.085983849140028365e-02,9.989689944973334512e-01,-4.466004002720895816e-01,5.163493285751973721e-02,-1.765961524341587430e-02,3.221174071844642439e-01,-1.964756872364045726e-02,-4.435059820950868620e-02,1.921023778453312750e-02,1.485226199031585148e-01,-1.253877725024566125e-01,2.692639905279317625e-01,-2.253388981081645426e-01,-5.824763380897263892e-02,3.676418082706030266e-02,1.214047169798062285e-02,5.640891804436085760e-03,2.261220512315107456e-01,2.054282903593534493e-01,-1.351015819448776467e-01,6.525084991691708636e-01,6.278150597357413654e-01,-2.091878114089123922e-04,1.303938238242980611e-03,9.903203648284449045e-02,-1.407526699103944234e-01,8.994376312199119095e-02,7.051040880888094220e-01,-7.104250033335793857e-01,-2.195803436176532470e-04,-6.300445094668592847e-04
-8.605261509902782757e-17,-5.382323530073887442e-17,7.713225272981483194e-01,-4.184537366169987366e-02,3.236577503773772728e-03,2.172835815121680614e-02,9.988825480685395997e-01,-4.645716669500932761e-01,5.378026339324972621e-02,-1.839434921189153291e-02,3.391731324838169193e-01,-2.401025908712546911e-02,-4.619233146823821523e-02,2.064683102555534000e-02,1.547040623991234320e-01,-1.306110546900589586e-01,2.841194484665955367e-01,-2.382731021960046991e-01,-6.066753521767983409e-02,3.829602169485447904e-02,1.264632468539648308e-02,5.875928962954255277e-03,2.147938033661570545e-01,2.014878024576598481e-01,-1.407308145259142107e-01,6.588213533012196033e-01,6.539740205580638621e-01,-2.179039702176170526e-04,1.358268998169771379e-03,8.240837133629635991e-02,-1.341173644899941730e-01,9.369141991874083142e-02,7.136084250925097683e-01,-7.400260451391450500e-01,-2.287295246017221142e-04,-6.562963640279784487e-04
-8.605261509902782757e-17,-5.382323530073887442e-17,7.706169483900742190e-01,-4.351785389402627879e-02,3.016726360378909830e-03,2.259679942223071294e-02,9.987924979985336460e-01,-4.825429336280970816e-01,5.592559392897972215e-02,-1.912908318036719499e-02,3.562288577831695946e-01,-2.837294945061049137e-02,-4.803406472696774426e-02,2.208342426657755597e-02,1.608855048950883770e-01,-1.358343368776613325e-01,2.989749064052593663e-01,-2.512073062838449111e-01,-6.308743662638703620e-02,3.982786256264866237e-02,1.315217767281234330e-02,6.110966121472426529e-03,2.034655555008033079e-01,1.975473145559662469e-01,-1.463600471069508024e-01,6.651342074332684540e-01,6.801329813803864699e-01,-2.266201290263217673e-04,1.412599758096562364e-03,6.578470618974817385e-02,-1.274820590695939504e-01,9.743907671549047189e-02,7.221127620962102256e-01,-7.696270869447109364e-01,-2.378787055857910086e-04,-6.825482185890976126e-04
-8.605261509902782757e-17,-5.382323530073887442e-17,7.699113694820001186e-01,-4.519017712818302474e-02,2.796864333622977802e-03,2.346515917139020690e-02,9.986988446121871643e-01,-5.005142003061007205e-01,5.807092446470971114e-02,-1.986381714884285707e-02,3.732845830825222144e-01,-3.273563981409550322e-02,-4.987579798569727330e-02,2.352001750759976847e-02,1.670669473910533498e-01,-1.410576190652636785e-01,3.138303643439231960e-01,-2.641415103716850954e-01,-6.550733803509421749e-02,4.135970343044283876e-02,1.365803066022820179e-02,6.346003279990596047e-03,1.921373076354495890e-01,1.936068266542726457e-01,-1.519892796879873387e-01,6.714470615653171937e-01,7.062919422027090777e-01,-2.353362878350264277e-04,1.466930518023353133e-03,4.916104104320005025e-02,-1.208467536491937278e-01,1.011867335122400985e-01,7.306170990999105719e-01,-7.992281287502767118e-01,-2.470278865698598758e-04,-7.088000731502166682e-04
-8.605261509902782757e-17,-5.382323530073887442e-17,7.692057905739261292e-01,-4.686233733097537602e-02,2.576992216696187207e-03,2.433343426593760281e-02,9.986015882473704419e-01,-5.184854669841044705e-01,6.021625500043969320e-02,-2.059855111731851915e-02,3.903403083818748898e-01,-3.709833017758051854e-02,-5.171753124442679539e-02,2.495661074862197751e-02,1.732483898870182670e-01,-1.462809012528660246e-01,3.286858222825870257e-01,-2.770757144595252797e-01,-6.792723944380141265e-02,4.289154429823701514e-02,1.416388364764406028e-02,6.581040438508766431e-03,1.808090597700958702e-01,1.896663387525790168e-01,-1.576185122690239027e-01,6.777599156973660444e-01,7.324509030250315744e-01,-2.440524466437311152e-04,1.521261277950143901e-03,3.253737589665192664e-02,-1.142114482287935051e-01,1.049343903089897251e-01,7.391214361036110292e-01,-8.288291705558424871e-01,-2.561770675539287701e-04,-7.350519277113358322e-04
-8.605261509902782757e-17,-5.382323530073887442e-17,7.685002116658520288e-01,-4.853432846979679333e-02,2.357110802825153513e-03,2.520162157342063433e-02,9.985007292549530344e-01,-5.364567336621082205e-01,6.236158553616968914e-02,-2.133328508579418123e-02,4.073960336812276206e-01,-4.146102054106554774e-02,-5.355926450315633136e-02,2.639320398964419695e-02,1.794298323829832120e-01,-1.515041834404683985e-01,3.435412802212508554e-01,-2.900099185473654639e-01,-7.034714085250860782e-02,4.442338516603119847e-02,1.466973663505992051e-02,6.816077597026936816e-03,1.694808119047421513e-01,1.857258508508854156e-01,-1.632477448500604944e-01,6.840727698294147840e-01,7.586098638473541822e-01,-2.527686054524358027e-04,1.575592037876934887e-03,1.591371075010374406e-02,-1.075761428083932547e-01,1.086820471057393656e-01,7.476257731073113755e-01,-8.584302123614083735e-01,-2.653262485379976644e-04,-7.613037822724549961e-04
-8.605261509902782757e-17,-5.382323530073887442e-17,7.685002116658520288e-01,-4.853432846979679333e-02,2.357110802825153513e-03,2.520162157342063433e-02,9.985007292549530344e-01,-5.364567336621082205e-01,6.236158553616968914e-02,-2.133328508579418123e-02,4.073960336812276206e-01,-4.146102054106554774e-02,-5.355926450315633136e-02,2.639320398964419695e-02,1.794298323829832120e-01,-1.515041834404683985e-01,3.435412802212508554e-01,-2.900099185473654639e-01,-7.034714085250860782e-02,4.442338516603119847e-02,1.466973663505992051e-02,6.816077597026936816e-03,1.694808119047421513e-01,1.857258508508854156e-01,-1.632477448500604944e-01,6.840727698294147840e-01,7.586098638473541822e-01,-2.527686054524358027e-04,1.575592037876934887e-03,1.591371075010374406e-02,-1.075761428083932547e-01,1.086820471057393656e-01,7.476257731073113755e-01,-8.584302123614083735e-01,-2.653262485379976644e-04,-7.613037822724549961e-04
6.639885131542531960e-03,2.831562113806621915e-05,7.674722881042802536e-01,-4.757946232424028338e-02,3.290576904742798826e-03,2.281806057423325582e-02,9.986013734119338903e-01,-5.317490052579852966e-01,5.904574448538809500e-02,-1.876983905963373889e-02,3.609284636239561972e-01,-4.118724412612430330e-02,-5.727387940460205995e-02,3.861431411193291807e-02,1.815127066364685127e-01,-1.475210520478106857e-01,3.378248395157271156e-01,-2.846921472971120082e-01,-7.031299500838657235e-02,4.904855924186123095e-02,1.072308073789413410e-02,2.588584595641443831e-03,1.767488918566472167e-01,1.871516208424507666e-01,-1.665726107125039823e-01,6.906675853713898361e-01,7.637162002525018645e-01,7.508276397353154212e-04,-6.145171591008177781e-04,1.137096986973979221e-02,-1.069511765245299284e-01,1.139943857308795272e-01,7.463596103740699483e-01,-8.556010850439855764e-01,1.993509971932051739e-04,1.480721942299233380e-04
1.345854704309932745e-02,-1.297279127237397679e-04,7.653849602474236402e-01,-4.669957970933238944e-02,4.181135534155069888e-03,2.027628858061268288e-02,9.986944174681323672e-01,-5.280719048353124112e-01,5.546832552956711127e-02,-1.660008483835001547e-02,3.202409390028592706e-01,-4.247467402390048274e-02,-6.169335274376014366e-02,5.007719304670774085e-02,1.859481345660130847e-01,-1.427037920548518968e-01,3.375847770908124157e-01,-2.806269735550481759e-01,-7.099482864515661851e-02,5.478202606779587064e-02,5.795478258996742196e-03,-2.902796897001261485e-03,1.856843570338346516e-01,1.895910024822032580e-01,-1.700230713370019242e-01,6.996075300342960990e-01,7.691058662164522719e-01,1.885439204074384166e-03,-2.919093970304553493e-03,6.496541409791985709e-03,-1.052903764009611720e-01,1.198482250291319079e-01,7.458365871844956363e-01,-8.530339138236463503e-01,5.947303828518128808e-04,1.232773412224037182e-03
2.019462194193612573e-02,-3.800042800346231783e-04,7.621938522975877373e-01,-4.660161937806694965e-02,4.783999115214089722e-03,1.833226269679287534e-02,9.987338637335890779e-01,-5.266286244454125853e-01,5.338145096036216869e-02,-1.372735267026688882e-02,2.845041231834525286e-01,-4.254167785034398963e-02,-6.559705858355419084e-02,6.098581877583360983e-02,1.937519539855176443e-01,-1.370431944480816622e-01,3.435398907754255715e-01,-2.805798120639538262e-01,-7.261554027686932533e-02,6.112196589432952742e-02,2.017191743290932919e-03,-7.423531010911139753e-03,1.941210679763788471e-01,1.919238346558153341e-01,-1.732483735835029237e-01,7.076868261666571236e-01,7.746940353323522599e-01,2.548880726720208212e-03,-4.455731167596517495e-03,2.369491352942214996e-03,-1.036202403295058139e-01,1.251165224143303834e-01,7.453364602573319120e-01,-8.507671206663406371e-01,7.852944508826920425e-04,2.127823616520627993e-03
2.678640055485797741e-02,-4.679427471877759524e-04,7.580781064223328647e-01,-4.649017976996841495e-02,5.326549886074840104e-03,1.646365118547390635e-02,9.987688357140400708e-01,-5.276605739542981066e-01,5.098815906471855508e-02,-1.250216593592317141e-02,2.550134020881950070e-01,-4.250924429324640097e-02,-6.824360721074060332e-02,7.177514963473211052e-02,1.989007072794510000e-01,-1.326559198811279594e-01,3.488850715324915419e-01,-2.783587352134684889e-01,-6.857355985714987112e-02,6.685647006988812424e-02,-9.397285075687777239e-04,-1.076650278685628570e-02,2.019412617872469173e-01,1.937614769588099084e-01,-1.765410814028010311e-01,7.153592916117822442e-01,7.800101315300792537e-01,3.161738660158358409e-03,-5.723240879845681653e-03,-1.433713164896125054e-03,-1.025593303354649377e-01,1.303606594685437492e-01,7.447137105944954261e-01,-8.491014604671152100e-01,9.149020294645494964e-04,2.869336687589818958e-03
3.320512166323858622e-02,-2.984899685657130741e-04,7.533385969518079373e-01,-4.585041059512450640e-02,5.973211877131640729e-03,1.462914470403001328e-02,9.988233320829855710e-01,-5.310192672441248485e-01,4.765618265360475891e-02,-1.224471411728534666e-02,2.335126920651706961e-01,-3.918622583040529128e-02,-6.901716839915109092e-02,8.273217278981871703e-02,2.010715101179890718e-01,-1.269834437699741136e-01,3.531077351135532005e-01,-2.814709299083092420e-01,-5.999386672768159540e-02,7.043173768556533487e-02,-3.307054508421307468e-03,-1.267248196027095410e-02,2.087012069505826406e-01,1.951089684751739495e-01,-1.802129544383783977e-01,7.232423813362881537e-01,7.849597617040903197e-01,3.866187930337348921e-03,-6.996336047812057833e-03,-4.903509303223106686e-03,-1.020087558291661173e-01,1.356120533992795918e-01,7.441593998357181050e-01,-8.480731332683358881e-01,1.041499168562296917e-03,3.435889166946414289e-03
3.950100661308594135e-02,-3.660887409050682904e-05,7.488162130325672905e-01,-4.508415124931355183e-02,6.609494854093491724e-03,1.273794884612608307e-02,9.988801121972026298e-01,-5.353387868437371466e-01,4.431704738933518739e-02,-1.247849116845815495e-02,2.206320513378643433e-01,-3.514215972965131080e-02,-6.778717929539257447e-02,9.313867430741616660e-02,2.026623235922895838e-01,-1.214144316976593641e-01,3.566317782984014251e-01,-2.859213262486748341e-01,-5.593999461944641760e-02,7.311989966749812830e-02,-5.155461114223651442e-03,-1.357404292990724640e-02,2.142705680755343511e-01,1.962775844789421409e-01,-1.838656626726041521e-01,7.311123375805896885e-01,7.899376147489445277e-01,4.478363890679354017e-03,-7.999991370387784378e-03,-7.368254489420815803e-03,-1.015264506798796568e-01,1.407372312512725765e-01,7.438366691912258188e-01,-8.477678557390708747e-01,1.019992281465564128e-03,3.864515952174548200e-03
4.574506387781221428e-02,2.036610655441367147e-04,7.452971540585141552e-01,-4.451751063749059129e-02,7.141728000904244526e-03,1.092533111492883027e-02,9.989233324474061648e-01,-5.393475730812973268e-01,4.133826159051785104e-02,-1.406251934956074569e-02,2.146942059160477922e-01,-3.266897042319689970e-02,-6.587243777150236790e-02,1.025889228374856632e-01,2.042863274372350713e-01,-1.171812351238321198e-01,3.598969605139109573e-01,-2.889125961360501371e-01,-5.621423075965677196e-02,7.559312723023207947e-02,-6.559864930269500641e-03,-1.399539048585730049e-02,2.186759484672636811e-01,1.974977558351759532e-01,-1.872213248474843550e-01,7.387054962062861163e-01,7.950466520727713648e-01,4.949616570909722707e-03,-8.650475748969013029e-03,-8.216669608219526189e-03,-1.009293980636981475e-01,1.458161977508720675e-01,7.438448017705567850e-01,-8.481323396608334564e-01,8.251487317137698105e-04,4.197800297795270009e-03
5.204736424070394163e-02,5.017878767735376279e-04,7.426535323726384252e-01,-4.418709868194749951e-02,7.561994106376982577e-03,9.180775169879936901e-03,9.989524395365582121e-01,-5.433801704164649138e-01,3.912423409025005128e-02,-1.626613012688154711e-02,2.147592484182841988e-01,-3.033646404572405003e-02,-6.434243130822893397e-02,1.110281570251403921e-01,2.056544895651356841e-01,-1.141846173719785751e-01,3.636614598801912734e-01,-2.901740692378470543e-01,-5.851427277020842393e-02,7.752586975708150585e-02,-7.233522264999522368e-03,-1.463832811644507834e-02,2.227762653269596826e-01,1.984539433091154770e-01,-1.903886484215324137e-01,7.462875421063352999e-01,8.000769553115868460e-01,5.348920793212804531e-03,-9.253254097669480829e-03,-7.726619201364849816e-03,-1.005401138821635648e-01,1.510995619833470638e-01,7.440073085755900539e-01,-8.491787434067799012e-01,6.359244860564923149e-04,4.433725520901051799e-03
5.851556107260508233e-02,9.323902597573073070e-04,7.407521197102757693e-01,-4.410970580079088404e-02,7.772365209429497011e-03,7.508922048577847813e-03,9.989682378749021874e-01,-5.474775797003339495e-01,3.773455491061027123e-02,-1.853629273137080355e-02,2.202369035309477141e-01,-2.734007675794878495e-02,-6.313517330592914589e-02,1.187838856062098242e-01,2.065650615231842679e-01,-1.122708887511045528e-01,3.683709313105243410e-01,-2.895368997338851336e-01,-6.090585624569708895e-02,7.872105199292275812e-02,-6.947936168069938218e-03,-1.591459006499119228e-02,2.272364776784977780e-01,1.988852173027627901e-01,-1.935158683376637656e-01,7.541044466735862262e-01,8.049746670488256983e-01,5.720257879122203279e-03,-9.927101419537523452e-03,-6.146245946567219405e-03,-1.006116394499523281e-01,1.565997608834248933e-01,7.441735232588603255e-01,-8.508392761702114893e-01,4.864835008886192209e-04,4.578548528089680485e-03
6.517969563786785159e-02,1.512610479291814740e-03,7.394103724910087161e-01,-4.387895390939573759e-02,7.822508307486559370e-03,5.826785870526397619e-03,9.989892363454249136e-01,-5.513950428546556815e-01,3.568219877290677855e-02,-2.099497039806541565e-02,2.299366158452422482e-01,-2.327236440479767826e-02,-6.076274065013886200e-02,1.261357524514909179e-01,2.063084834972326864e-01,-1.103632045512733112e-01,3.739485809613293799e-01,-2.875281736789769838e-01,-6.294205476530970178e-02,7.989975586942106578e-02,-6.745703532070237290e-03,-1.724872302839683055e-02,2.314858941320731833e-01,1.989872536022450622e-01,-1.962979572133135842e-01,7.618217739127166599e-01,8.097505266721639616e-01,6.060913549231561510e-03,-1.047088419143076855e-02,-3.836630050949340828e-03,-1.008916071825831373e-01,1.619305636539563331e-01,7.444039172584840935e-01,-8.530298422289541715e-01,2.111254824349637180e-04,4.715963513186162068e-03
7.200028832382325550e-02,2.236203717589789648e-03,7.385246236447834400e-01,-4.307609946995970968e-02,7.878391857919943633e-03,4.190408645229861360e-03,9.990319419676093604e-01,-5.559836890518421448e-01,3.075517648025657275e-02,-2.353941266134091173e-02,2.429876036815139528e-01,-1.371819270451487237e-02,-4.894789918171738030e-02,1.329022313301610470e-01,2.041749003926483785e-01,-1.077735227254245781e-01,3.802565143855238250e-01,-2.830732170581671259e-01,-6.428767181562458632e-02,8.140346352300188715e-02,-7.742909441240141723e-03,-1.810278214545131895e-02,2.347687032644871497e-01,1.989983173326914934e-01,-1.984712158617442657e-01,7.693908569263523400e-01,8.144131231251801051e-01,6.394466518395734017e-03,-1.080105071602976280e-02,-1.364815150275158328e-03,-1.010665773610437551e-01,1.669423893084887311e-01,7.449066072592332999e-01,-8.556491484877732923e-01,-1.839999004133871453e-04,4.856237558079437924e-03
7.904860783913109090e-02,3.091534602578386876e-03,7.380205604763333538e-01,-4.203035229428835756e-02,7.864848210181525634e-03,2.586327069089127025e-03,9.990819671057424856e-01,-5.595887372729980713e-01,2.450629551587930888e-02,-2.651327453044150309e-02,2.573078388650443249e-01,-2.075074840164684562e-04,-3.378618173164230770e-02,1.397166157889038751e-01,2.009776243341411250e-01,-1.047954517134202651e-01,3.868947396689055296e-01,-2.776060918550687928e-01,-6.542784263459426597e-02,8.304854975756031932e-02,-9.127850091807748756e-03,-1.867221209972788273e-02,2.375429640866763004e-01,1.986722595224194865e-01,-1.998580773444215974e-01,7.772117981670697562e-01,8.189202268617687963e-01,6.797851628123087117e-03,-1.106311678016947374e-02,1.495982829030456564e-03,-1.011052060605202030e-01,1.719496297207587787e-01,7.455725095112117895e-01,-8.584254558163840754e-01,-5.162787271909074311e-04,5.010654635458552768e-03
8.636515811524335395e-02,4.065648897794812283e-03,7.378299174822835482e-01,-4.096240159253124874e-02,7.845073741051500696e-03,1.230194942801588528e-03,9.991291323418470816e-01,-5.615837684752446046e-01,1.792505743988712791e-02,-2.933579525691297138e-02,2.713793875919068288e-01,1.633716936623637664e-02,-1.890914520204600019e-02,1.467044991317115188e-01,1.973111714417619400e-01,-1.018821157673531347e-01,3.935782085445183043e-01,-2.709086245304943019e-01,-6.667462506715508830e-02,8.435763983878440120e-02,-1.035977252060167261e-02,-1.931485743204595928e-02,2.401013191306350381e-01,1.978676039191431257e-01,-2.004943355379864289e-01,7.855346849005424570e-01,8.232488969985478633e-01,7.322856446786149727e-03,-1.132370962365504378e-02,5.004731456313032609e-03,-1.009732572919746357e-01,1.770071137620365109e-01,7.463307484434461569e-01,-8.612504187007714584e-01,-7.602988637490604119e-04,5.170328633422884533e-03
9.386859648663103961e-02,5.121375626555290349e-03,7.380098159533131641e-01,-3.975379953776843334e-02,7.812784042385619021e-03,-8.638848826794838509e-05,9.991789571267235548e-01,-5.612892188188679521e-01,1.209457365750625166e-02,-3.111271998503208416e-02,2.843002490546896466e-01,3.358866393999014599e-02,-5.972876818198543866e-03,1.531218027878707977e-01,1.928464297983812914e-01,-9.910885720327260173e-02,4.012123167734677476e-01,-2.628717878883460313e-01,-6.731691080708510078e-02,8.568332974323866758e-02,-1.162632526192982664e-02,-1.998422345835346864e-02,2.424339775506005323e-01,1.964758922994969681e-01,-2.002435871706229054e-01,7.940098172473747384e-01,8.271277324132210174e-01,7.834231719923191034e-03,-1.148958756020721471e-02,9.086553155037329146e-03,-1.007722426861536041e-01,1.816582044531235840e-01,7.474839537022540670e-01,-8.639853638906683786e-01,-1.118048624759622250e-03,5.326582161628640871e-03
1.014746757291471596e-01,6.233280192800499421e-03,7.385946771596397786e-01,-3.834154487627267072e-02,7.762667871995577312e-03,-1.230037053993901161e-03,9.992337834225057946e-01,-5.587576666556877125e-01,7.470846511158511088e-03,-3.099178286474915320e-02,2.954822784006692626e-01,5.061929168861044326e-02,3.305245990517732130e-03,1.585630620345569175e-01,1.874527528845466307e-01,-9.679856484176072029e-02,4.102427106520733502e-01,-2.533662231299495526e-01,-6.679054810110744700e-02,8.680700723183618073e-02,-1.296235140289411780e-02,-2.061342052916973269e-02,2.444196683687126781e-01,1.944028376827179327e-01,-1.991642989510508110e-01,8.023999246757720361e-01,8.305105373348421471e-01,8.281436249214426532e-03,-1.153870413718811883e-02,1.377186708126170930e-02,-1.007157708456581924e-01,1.856599715923306915e-01,7.490886597191067642e-01,-8.665482822553944864e-01,-1.585484219909508857e-03,5.470257017347528866e-03
1.091334985736731877e-01,7.352650028617797873e-03,7.395391792510742635e-01,-3.659145381015400239e-02,7.649646725757569890e-03,-2.164811208681820080e-03,9.992986485043335865e-01,-5.543967515128906953e-01,3.084833781969615295e-03,-2.970055934410025661e-02,3.055815678735223084e-01,6.570003114553098211e-02,8.511267028496950771e-03,1.626713460957439072e-01,1.809695102623941898e-01,-9.481198100800197759e-02,4.213383707773967202e-01,-2.425342764269987350e-01,-6.509124207237955428e-02,8.773529770298248154e-02,-1.484028477614109456e-02,-2.115117756013506004e-02,2.460618265760040613e-01,1.918978252140012830e-01,-1.972146120899292698e-01,8.107567923690719436e-01,8.333454229742602859e-01,8.748733175963025258e-03,-1.157879563976058936e-02,1.929872180426735889e-02,-1.004772868024683685e-01,1.890171424700895497e-01,7.512580343945522987e-01,-8.685191160386872555e-01,-2.002188121550488222e-03,5.628833262248446670e-03
1.168168086150775387e-01,8.450556734041450579e-03,7.407869373137517810e-01,-3.450162486319117289e-02,7.407692903162009165e-03,-2.905655953940068474e-03,9.993729639784786345e-01,-5.484072864608228182e-01,-1.460288573831939989e-03,-2.768641399932181626e-02,3.149630257767084274e-01,7.780945421331715572e-02,9.833909609888826994e-03,1.654409364099650448e-01,1.734637145536551406e-01,-9.305400755382703393e-02,4.347683741402486590e-01,-2.304195628384434202e-01,-6.218841340409380497e-02,8.853029530079277454e-02,-1.736295632109377193e-02,-2.156775701656845484e-02,2.474334383105338264e-01,1.891106416941789048e-01,-1.944197567883291788e-01,8.191302794006484200e-01,8.356593973956871757e-01,9.270699051878151381e-03,-1.162424130379251068e-02,2.583729390336940088e-02,-9.988051107055374855e-02,1.917642021029666299e-01,7.540588391434651649e-01,-8.698114609673059938e-01,-2.317672215949801232e-03,5.818406784683074519e-03
1.245613428926141131e-01,9.595364269408634614e-03,7.422828741934586194e-01,-3.229233320129636792e-02,7.125406750822957554e-03,-3.414051900659026938e-03,9.994472362484532191e-01,-5.413241844628544630e-01,-6.033868354590268997e-03,-2.492904567343497482e-02,3.238742779383029236e-01,8.695868662142833272e-02,8.893393029747242301e-03,1.667164078512144432e-01,1.652057862870396354e-01,-9.198893012743869502e-02,4.504861985327492380e-01,-2.166039011674095460e-01,-5.762365401888371041e-02,8.913652582604143781e-02,-1.986037712145503897e-02,-2.206350844524987420e-02,2.484561663547772414e-01,1.858037016815924647e-01,-1.908197375314561184e-01,8.276811373416037565e-01,8.373847894791239810e-01,9.749693838242432312e-03,-1.156115338849582168e-02,3.299928035933047399e-02,-9.910897443565656884e-02,1.934570732305464502e-01,7.575799128321182296e-01,-8.702982673596150187e-01,-2.682478701690586137e-03,6.000877556774944672e-03
1.323898309894484537e-01,1.083254696070065637e-02,7.439646631985562530e-01,-3.007997541890984269e-02,6.834661249699227129e-03,-3.691440774985972357e-03,9.995173113805505549e-01,-5.334252169825780543e-01,-1.066194790699285383e-02,-2.148978014515963431e-02,3.324511898326492076e-01,9.330976932551592051e-02,6.963155839379306898e-03,1.663925087563389027e-01,1.563266643463568917e-01,-9.179375200439121585e-02,4.685570626903778346e-01,-2.008156603488062131e-01,-5.111104075361052462e-02,8.956611409251050149e-02,-2.197251468412530703e-02,-2.265663194318499885e-02,2.490394604197379846e-01,1.819083006741355202e-01,-1.865241728650384179e-01,8.364168476864503043e-01,8.385577881603042405e-01,1.017526780658766124e-02,-1.138499939601194180e-02,4.043640361969995378e-02,-9.830321090475402368e-02,1.939622738991200468e-01,7.618134349084371149e-01,-8.699845921125749504e-01,-3.087059375602741688e-03,6.158092559633483211e-03
1.402477904593918689e-01,1.212033321984710456e-02,7.456795463459485740e-01,-2.766756588202749431e-02,6.514181812764597776e-03,-3.811661492439003245e-03,9.995886596682203029e-01,-5.247840708539466270e-01,-1.588824519320986006e-02,-1.708805439929234060e-02,3.407310749168560027e-01,9.617779762451966752e-02,6.269241686635704941e-03,1.640741960263238375e-01,1.466423783607350706e-01,-9.174478710129511938e-02,4.897850386745583040e-01,-1.835874596023130134e-01,-4.307465779502171743e-02,8.985795573051778840e-02,-2.431811270911185888e-02,-2.310597190661857134e-02,2.489869098670928482e-01,1.778377804167938503e-01,-1.817355299771017674e-01,8.451131784677682335e-01,8.392133613664115588e-01,1.062731823632702237e-02,-1.124185138728539014e-02,4.809538918134693974e-02,-9.727456874196514780e-02,1.935196657664093045e-01,7.666953481610181420e-01,-8.686816439329093642e-01,-3.438115472453382240e-03,6.349005900156777689e-03
1.481156639179760370e-01,1.343779324615302501e-02,7.472838725360168022e-01,-2.503179601920194411e-02,6.148325854965859018e-03,-3.813342686757982460e-03,9.996604752088517065e-01,-5.152634074555610955e-01,-2.198669728612390878e-02,-1.178705128862017268e-02,3.485833441422821477e-01,9.462739093929350975e-02,8.902141949926455772e-03,1.597237259908394769e-01,1.362810563614734738e-01,-9.140882991216134346e-02,5.144758116416450200e-01,-1.652848131003178955e-01,-3.390270208445340244e-02,8.999406977177225320e-02,-2.705762486446201820e-02,-2.333427584507544172e-02,2.482285172783770255e-01,1.738044536727170464e-01,-1.765971931680543339e-01,8.536498316406804232e-01,8.394515367605247524e-01,1.110234750210274506e-02,-1.115156666902030261e-02,5.601352051615469257e-02,-9.597103838709955537e-02,1.923064797401927983e-01,7.721225256431322181e-01,-8.664375334714768950e-01,-3.729196102010690853e-03,6.587318275718630212e-03
1.560555433811640080e-01,1.482288172614482785e-02,7.487810440965366743e-01,-2.230769040614210066e-02,5.835281562535397926e-03,-3.735665417514543764e-03,9.997271433954956210e-01,-5.046136332613259112e-01,-2.893545866892163754e-02,-6.309607489624744457e-03,3.553030343077772102e-01,8.917927833556048289e-02,1.418328470056874624e-02,1.527104993026221214e-01,1.254252441757255365e-01,-9.102344558957775611e-02,5.431419389130673903e-01,-1.452730114538344774e-01,-2.394635134968006035e-02,8.998403100785312692e-02,-2.982387576405280336e-02,-2.374210820739609124e-02,2.469958028906117375e-01,1.696558942523211932e-01,-1.714144746638487926e-01,8.619873758221702209e-01,8.395313181106989209e-01,1.150551678885043325e-02,-1.098195818983074314e-02,6.415766645610351815e-02,-9.454427582391342066e-02,1.901817924379377023e-01,7.781595707058176492e-01,-8.633547172031592609e-01,-4.040022127565079044e-03,6.807412536646282632e-03
1.640938844126267615e-01,1.629805710261498022e-02,7.501735020357966910e-01,-1.956824550850884067e-02,5.587922643317281765e-03,-3.590415498119561670e-03,9.997864611029706472e-01,-4.927270051285358443e-01,-3.670640455094501681e-02,-1.149555990450849829e-03,3.604672529298343919e-01,8.080554849514229310e-02,2.121675484335524414e-02,1.426977766718737217e-01,1.141506160565916028e-01,-9.077726173141575927e-02,5.761030735612804321e-01,-1.229248246824439922e-01,-1.341661977809257764e-02,8.979566050303976199e-02,-3.241290715628841745e-02,-2.434226893949702208e-02,2.453357927564248642e-01,1.653161958117488062e-01,-1.663694622585387140e-01,8.700498683517025045e-01,8.395587793375129948e-01,1.180760877908863457e-02,-1.071811474106075524e-02,7.238307969228126304e-02,-9.311210190892890703e-02,1.871871196005568949e-01,7.847452012824505108e-01,-8.595430612564980422e-01,-4.361526912482407460e-03,6.986010042312647272e-03
1.721432859880356880e-01,1.784533753703097109e-02,7.514386566449188232e-01,-1.677415541710084931e-02,5.346358421618160363e-03,-3.629666002470031700e-03,9.998383980129101900e-01,-4.795364801364808138e-01,-4.476567655463994239e-02,4.089474976699329981e-03,3.638354710457160079e-01,7.030110025337771296e-02,2.935967240501290501e-02,1.294638881928625584e-01,1.023144730432421073e-01,-9.028692005211534644e-02,6.136233557910685255e-01,-9.796455666556318220e-02,-1.967135396899192396e-03,8.971442801740830975e-02,-3.492629060186731860e-02,-2.435471180432982607e-02,2.428749810863733427e-01,1.610350587245788778e-01,-1.615724725172340837e-01,8.775546343506067659e-01,8.396181650310050593e-01,1.212923525154819757e-02,-1.044020061131799640e-02,8.018984000197545980e-02,-9.162484653069313811e-02,1.838703143532590956e-01,7.915220308573801544e-01,-8.550586770856176688e-01,-4.669589718649507122e-03,7.150606894711599403e-03
1.801639608045474961e-01,1.945924755001526840e-02,7.525580872394712628e-01,-1.389782888076180993e-02,5.101894795302629355e-03,-3.888956634704255570e-03,9.998828416560573418e-01,-4.654260835189243384e-01,-5.295408717964091710e-02,9.553629446200648592e-03,3.656787360133438858e-01,5.873704255307138355e-02,3.793511305541021755e-02,1.131829984205233730e-01,8.990394724013026084e-02,-8.924957957224577410e-02,6.553067245546001507e-01,-7.009129204765297827e-02,1.078439633472090368e-02,8.966032462481787757e-02,-3.741983754320237637e-02,-2.336077104221945255e-02,2.393874533667961491e-01,1.569737912773858934e-01,-1.570891159058730169e-01,8.843708083875423398e-01,8.397796788222966491e-01,1.247234110189093456e-02,-1.015623022506716849e-02,8.730086165028924650e-02,-9.006882084229189678e-02,1.805720560055777690e-01,7.982604428345524417e-01,-8.500770260433544445e-01,-5.006905360339101302e-03,7.298968715941469600e-03
1.882982360357464413e-01,2.119869589309939656e-02,7.535287553198325439e-01,-1.091921334623665620e-02,4.953495303438202983e-03,-4.213661160718692317e-03,9.999192361004966001e-01,-4.515515137251456812e-01,-6.163434259391664671e-02,1.489159971055623553e-02,3.673904287676062475e-01,4.736032449896901420e-02,4.568892104570659862e-02,9.499657861288834937e-02,7.702225174231627780e-02,-8.716916527172946516e-02,6.993118504924346057e-01,-3.905442945530214482e-02,2.545658163117223149e-02,8.927627818830290163e-02,-3.981684328166119891e-02,-2.215253942658652192e-02,2.353740787480351204e-01,1.530588044684064730e-01,-1.532348294182600545e-01,8.904580626109465102e-01,8.402804726311392525e-01,1.275697501938241780e-02,-9.785299100478190779e-03,9.407191679619707203e-02,-8.890815329409039458e-02,1.776599037556832739e-01,8.050338403816100774e-01,-8.451229092325404091e-01,-5.403599387862275533e-03,7.373798696823669931e-03
1.965886615549215788e-01,2.309066328311948704e-02,7.543316109179382112e-01,-7.776200885046206067e-03,4.915023552154377043e-03,-4.711735163561895680e-03,9.999465849709301413e-01,-4.383143031255270494e-01,-7.071127946166777534e-02,2.034821224480654056e-02,3.695954183975823093e-01,3.654573929649577307e-02,5.201318233081202169e-02,7.521081370692177248e-02,6.328201507425511296e-02,-8.452306985795009220e-02,7.448039683954719159e-01,-4.516408830721824197e-03,4.198253368694193632e-02,8.873301882854220390e-02,-4.216500180202000653e-02,-2.104356994013211954e-02,2.310736091478900467e-01,1.492074821420163733e-01,-1.500929015347591267e-01,8.957614104336520944e-01,8.411683373777616435e-01,1.295192149971177882e-02,-9.325380006296180024e-03,1.005290595889137828e-01,-8.845945827434723019e-02,1.753202768184058957e-01,8.118347930885826402e-01,-8.403951150872136511e-01,-5.849260092664823954e-03,7.393882549374698569e-03
2.048197352180916309e-01,2.501448913493784995e-02,7.548193616690853647e-01,-4.495483997987992364e-03,4.877753762179265311e-03,-5.567325395343701924e-03,9.999624835489636654e-01,-4.248288805435304072e-01,-7.920560811015178726e-02,2.670688628557975342e-02,3.708811389489817811e-01,2.589150184614513045e-02,5.706572887283998391e-02,5.359925823608011064e-02,4.848395228049025285e-02,-8.234859725527142460e-02,7.923770740924499512e-01,3.240471665844587429e-02,6.022079444552256439e-02,8.856363829661940967e-02,-4.454251157931505417e-02,-1.959832849271730265e-02,2.263646456253709527e-01,1.455337073724814745e-01,-1.476630054087468003e-01,8.998657752744835259e-01,8.424641120649817294e-01,1.313720822715941892e-02,-8.859505225936615061e-03,1.061676648383790417e-01,-8.882204356643894072e-02,1.740582509688308188e-01,8.181954884758868562e-01,-8.360931028534328568e-01,-6.243598484863697312e-03,7.442953291058815486e-03
2.128592555766850025e-01,2.683685529688537019e-02,7.549547477887065261e-01,-1.104008260344017467e-03,4.794574512596600814e-03,-6.572820792407242305e-03,9.999662950559060626e-01,-4.110391569468594963e-01,-8.712076735041372755e-02,3.379673700153893595e-02,3.709152606162361976e-01,1.553043369479072990e-02,6.103203895934020823e-02,3.098609251991543342e-02,3.378128165504624275e-02,-8.076452664240381385e-02,8.421720763920864661e-01,6.793147444158792458e-02,8.049651350391932858e-02,8.857295862160541322e-02,-4.712837080598972911e-02,-1.774716819180986380e-02,2.211692010812545683e-01,1.422446586861600970e-01,-1.459231055625566653e-01,9.027942583625067074e-01,8.441372082605840266e-01,1.331048876616220539e-02,-8.402745826476147595e-03,1.108594974297924529e-01,-8.982527125378818311e-02,1.740891872027931775e-01,8.239922318304222504e-01,-8.323519617019710104e-01,-6.612575088209754481e-03,7.521451401387022756e-03
2.206833950133480493e-01,2.856855639198592131e-02,7.549009381399602869e-01,2.272651270512150538e-03,4.797304036240368844e-03,-7.694685539001830735e-03,9.999563054177130761e-01,-3.976995496806444708e-01,-9.457689099981758662e-02,4.111233406838957216e-02,3.702125460199212070e-01,6.182137803795900374e-03,6.401329566781960301e-02,7.330254078532372902e-03,1.938677313903880428e-02,-7.948813105651819644e-02,8.922254780724016010e-01,1.037994720178933156e-01,1.023976557609163618e-01,8.852262429596452487e-02,-4.960657643950980300e-02,-1.594857173273926329e-02,2.156625659161708342e-01,1.392349273114741603e-01,-1.449202057624476847e-01,9.047195860298766767e-01,8.461516320564144156e-01,1.347134250990844780e-02,-7.929987917425636648e-03,1.149622063255241466e-01,-9.172505188195820280e-02,1.758448282245620997e-01,8.289488371814918155e-01,-8.296334672817556877e-01,-7.005615268199289793e-03,7.588905799655190111e-03
2.282545809269541925e-01,3.020103892567607695e-02,7.548044982013530912e-01,5.663734185439759164e-03,4.896446418764128020e-03,-9.008874417108641078e-03,9.999313912010573402e-01,-3.850339904878994357e-01,-1.018321462520629384e-01,4.842867086621798628e-02,3.692498725469446352e-01,-2.916956861695985462e-03,6.631344076409904920e-02,-1.751273222053081891e-02,5.322255527132011346e-03,-7.839484506437413569e-02,9.409280545127819417e-01,1.395902700576573396e-01,1.255898556266295263e-01,8.839675157694629193e-02,-5.204378259443886989e-02,-1.425681004631865895e-02,2.099116336019711537e-01,1.365230430422551544e-01,-1.445757635980784994e-01,9.057403971263621179e-01,8.484370497806981160e-01,1.361192416337742538e-02,-7.442770165607254934e-03,1.185668924975497446e-01,-9.452496525991214982e-02,1.794065005209470598e-01,8.330024303903232896e-01,-8.280414955830887047e-01,-7.450023325248517417e-03,7.640914240157044811e-03
2.355899289747562242e-01,3.175256578935341245e-02,7.547104209367653249e-01,9.106234523506407871e-03,4.992165048516398161e-03,-1.037946707435783919e-02,9.998921915371734581e-01,-3.726928599658942409e-01,-1.092843199106518087e-01,5.561766499892700777e-02,3.680253898036424109e-01,-1.220563787832529973e-02,6.878536678806919380e-02,-4.324899039026928321e-02,-8.678219742227263195e-03,-7.740113151053851226e-02,9.876541502448537013e-01,1.736348114785209451e-01,1.479818234939603849e-01,8.800745536395361557e-02,-5.447056715119612258e-02,-1.253376757924781933e-02,2.038962803328719930e-01,1.341050513796594179e-01,-1.447563748231538994e-01,9.058898569514172161e-01,8.508596525611273886e-01,1.373315773214657011e-02,-6.977939148998785375e-03,1.216854329989234124e-01,-9.827040148769433658e-02,1.848010316916503804e-01,8.360850221609986699e-01,-8.277412883936253740e-01,-7.819376167644241649e-03,7.680542217990275408e-03
2.427193594602241877e-01,3.323776954210654055e-02,7.546518703153171082e-01,1.254321832496661966e-02,5.034533750131966849e-03,-1.166269368933174448e-02,9.998406386619218544e-01,-3.604332107745311653e-01,-1.169698575848392291e-01,6.248360178862860659e-02,3.664258731223600796e-01,-2.165743747215723158e-02,7.152893122763963329e-02,-6.960518158836298541e-02,-2.266435851963587156e-02,-7.651456233233948356e-02,1.032347820568032093e+00,2.053620969139722252e-01,1.686135901827386929e-01,8.723389121742938790e-02,-5.675294706223667912e-02,-1.081336440180137581e-02,1.975946985450705018e-01,1.319506918570147735e-01,-1.453603495571083870e-01,9.052593397570281031e-01,8.533511498128616424e-01,1.383363814102436112e-02,-6.545248701872095204e-03,1.244988315155194647e-01,-1.030119160439351422e-01,1.918876283805493188e-01,8.380781876388083695e-01,-8.286734394492728528e-01,-8.116550003415837211e-03,7.710417622864747418e-03
2.496746779174587039e-01,3.463928378643727629e-02,7.546699401497859450e-01,1.585631328135949855e-02,5.054397513917194794e-03,-1.281601151702127170e-02,9.997793657821162361e-01,-3.482716156940491303e-01,-1.246568789891075585e-01,6.880030149660745775e-02,3.644755011341075934e-01,-3.126341026864599970e-02,7.445570657313915763e-02,-9.630684956448638812e-02,-3.606475397700834029e-02,-7.573639086204041193e-02,1.074441264465523682e+00,2.323856704760456360e-01,1.860191537489451208e-01,8.624672755876182373e-02,-5.881078940699814572e-02,-9.291640962110905150e-03,1.909245688964343324e-01,1.300614602043084211e-01,-1.462613418096389561e-01,9.040293917915624977e-01,8.558339933477426831e-01,1.392650396432400413e-02,-6.145164859600722035e-03,1.274442564906270448e-01,-1.087888500500663880e-01,2.005508153285517903e-01,8.386940445982224990e-01,-8.307880207384660265e-01,-8.407749960090622407e-03,7.737601524105655777e-03
2.564797002764983014e-01,3.594636949497477529e-02,7.547746246610425036e-01,1.897519682440377067e-02,5.057032370849517261e-03,-1.382084415094424201e-02,9.997116347207483100e-01,-3.361785286775029191e-01,-1.322055751948090219e-01,7.444863847848916250e-02,3.621815985210034561e-01,-4.096709178656215977e-02,7.766347557894566489e-02,-1.231674065813770924e-01,-4.854355142648895949e-02,-7.509448518841364828e-02,1.113647703979018244e+00,2.536547180620595809e-01,1.998375759333584079e-01,8.516453519470304490e-02,-6.061675540797209494e-02,-8.048046516871541767e-03,1.838770623529456805e-01,1.284345187010418887e-01,-1.473493395591019550e-01,9.023819838718477593e-01,8.583149170529060790e-01,1.400668367657299448e-02,-5.765179281521909567e-03,1.307336855698116307e-01,-1.155248655967742594e-01,2.104684787693388293e-01,8.378293377523376995e-01,-8.338781127723432496e-01,-8.729747700047764056e-03,7.758089563874219149e-03
2.631332467240769524e-01,3.715991627370697492e-02,7.549079340893105616e-01,2.194007785578497988e-02,4.997765962968319167e-03,-1.459839212127137138e-02,9.996401928195310926e-01,-3.242970848701234310e-01,-1.397324753894589044e-01,7.943094834719226227e-02,3.598592523812392807e-01,-5.070427944432833595e-02,8.127496206435674830e-02,-1.499946937587515461e-01,-6.006009333274898998e-02,-7.440666519850808180e-02,1.149534514576405542e+00,2.671834106318032864e-01,2.093707486892799619e-01,8.390778890719131911e-02,-6.225673889350286788e-02,-6.865371224591756104e-03,1.764400258392579690e-01,1.270688657772173769e-01,-1.485350788100492647e-01,9.007454055670964799e-01,8.609000539840968580e-01,1.401838118579241434e-02,-5.389804252894443877e-03,1.342516771770757567e-01,-1.228767116461591258e-01,2.209116842009527237e-01,8.353910744217459827e-01,-8.375543228120398975e-01,-9.011276789638995172e-03,7.765914948686606332e-03
2.696417747534554099e-01,3.827580623451345282e-02,7.550293570293507006e-01,2.479937443564908181e-02,4.864070934405021092e-03,-1.514007762976634849e-02,9.995659607504198130e-01,-3.127018116768906508e-01,-1.473049113768566121e-01,8.380527257382017203e-02,3.576854023223738355e-01,-6.043767668858328335e-02,8.533745453223974542e-02,-1.767801158271356254e-01,-7.057915921396595849e-02,-7.349616733904175414e-02,1.182006399343648484e+00,2.727245920696638737e-01,2.150663470039711755e-01,8.249323477417248862e-02,-6.385855090600107975e-02,-5.652774613489760028e-03,1.686912469303820938e-01,1.259919644213229606e-01,-1.498242402322499944e-01,8.993057720611165040e-01,8.635286410596393347e-01,1.399333456465742809e-02,-5.036572069180301689e-03,1.379469545725720836e-01,-1.305642423893090542e-01,2.314413421716166597e-01,8.313677549417181067e-01,-8.415965678057737431e-01,-9.228168723107103844e-03,7.747553640893327896e-03
2.760546974770626827e-01,3.927849859165809948e-02,7.551525865391994774e-01,2.752194829847093294e-02,4.669491647350304010e-03,-1.545456829351938254e-02,9.994908176308935355e-01,-3.012659578223746415e-01,-1.548064088842965869e-01,8.750373159714069926e-02,3.556189557920841904e-01,-7.021593769131295737e-02,8.970336208073073636e-02,-2.033766767858769253e-01,-7.971014086489346118e-02,-7.236308487334479345e-02,1.211065161448032779e+00,2.699957411270809127e-01,2.180392593095062115e-01,8.094566104181685762e-02,-6.540629240390236077e-02,-4.612392086333198284e-03,1.608066376415857868e-01,1.252339248012934447e-01,-1.513972520410198641e-01,8.980275236829668994e-01,8.659272743443326981e-01,1.400297758586145115e-02,-4.749929415354214521e-03,1.421827862239727069e-01,-1.383060716477073904e-01,2.416241371400007776e-01,8.256599127036252650e-01,-8.458052502910637926e-01,-9.407061809321094065e-03,7.737673161468614121e-03
2.824040679216796579e-01,4.016500185705000614e-02,7.552635335493843582e-01,3.012172787081758910e-02,4.419116371883851681e-03,-1.558367412663406656e-02,9.994149798863745104e-01,-2.899442158750646925e-01,-1.621954248672154708e-01,9.056374570098948973e-02,3.536970052822816513e-01,-8.007334402241546301e-02,9.424302100658921155e-02,-2.296868854618809297e-01,-8.751099536225512288e-02,-7.110710304823594785e-02,1.236831150330840901e+00,2.598543876159981059e-01,2.189396658440914967e-01,7.929579960002401673e-02,-6.693709301842362680e-02,-3.833517799067397147e-03,1.528861468040533522e-01,1.247653166611785297e-01,-1.533047535645805093e-01,8.968987474092112722e-01,8.680917516760876529e-01,1.404464518124169323e-02,-4.514052244361400207e-03,1.471284086785750733e-01,-1.458595110642505743e-01,2.511052328430195546e-01,8.183460334472120179e-01,-8.499681698822723064e-01,-9.581512301607364446e-03,7.736388866205431460e-03
2.886799234598280139e-01,4.096025581543933508e-02,7.552858022035883190e-01,3.265758713445808537e-02,4.101820518591958384e-03,-1.550716250979801078e-02,9.993378579538005901e-01,-2.790155454268566926e-01,-1.695722962982670057e-01,9.308199406226877470e-02,3.523390731371482398e-01,-9.003506978002856487e-02,9.884663673739137180e-02,-2.555441905132074254e-01,-9.482010047345566794e-02,-6.989953598657917822e-02,1.259275171379950597e+00,2.437134533917310608e-01,2.182592711524730389e-01,7.743086558838033207e-02,-6.847644484555633071e-02,-3.142233191802802292e-03,1.447432790954491233e-01,1.244782773411008958e-01,-1.555875403775275612e-01,8.959812511941028790e-01,8.701965716515898119e-01,1.406548145793806714e-02,-4.248051027929560658e-03,1.527398689224860329e-01,-1.529260188560124245e-01,2.591569070895964888e-01,8.095663741546287318e-01,-8.536559608503597740e-01,-9.812025038983788680e-03,7.760763626162434786e-03
2.948769515815841680e-01,4.167471024862372947e-02,7.551889088529309957e-01,3.515315062505856153e-02,3.718536720764428760e-03,-1.521523901549566918e-02,9.992591880926039449e-01,-2.685880686594170896e-01,-1.769685105165471617e-01,9.510433366282092238e-02,3.517295051277182782e-01,-1.001112374459295629e-01,1.034620215313765829e-01,-2.808684003165337062e-01,-1.021003105321751647e-01,-6.877752343251056222e-02,1.278394053472075020e+00,2.230288307863325936e-01,2.160627421501609413e-01,7.532017264944322610e-02,-7.004896780432699754e-02,-2.447087568629298295e-03,1.361840307306957654e-01,1.242995724665512530e-01,-1.582797373482166536e-01,8.953244697857094536e-01,8.722907595992729357e-01,1.406880878095706847e-02,-3.968894713833616070e-03,1.589637083137012685e-01,-1.592883062482263468e-01,2.654522460841485798e-01,7.995573865936638214e-01,-8.565943916857332585e-01,-1.006261151362013335e-02,7.787307235971263619e-03
3.010170706256326545e-01,4.229471490605093281e-02,7.550438024546792803e-01,3.750164203703053312e-02,3.271555094322564725e-03,-1.469198069788109698e-02,9.991832011573075212e-01,-2.583344677022141322e-01,-1.841888630594227527e-01,9.643968746388090207e-02,3.515269491529602330e-01,-1.102635526198711552e-01,1.081675379494509148e-01,-3.055279928107247911e-01,-1.091504618801105719e-01,-6.806758084647114571e-02,1.293856803456788995e+00,1.997801672578993215e-01,2.118449650725179045e-01,7.308816374512830394e-02,-7.153306673734044496e-02,-1.853397884482563263e-03,1.270116625526336585e-01,1.241808763531300625e-01,-1.614855349032114640e-01,8.950440635772486386e-01,8.743606187438609512e-01,1.411287514904503715e-02,-3.783046143704574260e-03,1.658758969024745900e-01,-1.647400077530783991e-01,2.696657084130189008e-01,7.886221385038113540e-01,-8.582839871922602892e-01,-1.026751393300645403e-02,7.806106292988211105e-03
3.071168369178277624e-01,4.281337387206402695e-02,7.548937315300352502e-01,3.964722702107092989e-02,2.768262414395916519e-03,-1.394603520040615247e-02,9.991125773479851979e-01,-2.480320973561915832e-01,-1.911079631778990484e-01,9.699193953884149844e-02,3.514617126468266850e-01,-1.204440875501451291e-01,1.129677675513006546e-01,-3.294687515102740494e-01,-1.159419127171373715e-01,-6.790818040140057799e-02,1.305560519842158262e+00,1.751261214491793561e-01,2.057254976637271360e-01,7.080760509280968618e-02,-7.287076743110552923e-02,-1.441924268037082573e-03,1.171406229504781821e-01,1.240379203106020123e-01,-1.651821244689534174e-01,8.951832628216227494e-01,8.765242002687734235e-01,1.417078681316066673e-02,-3.671935083795501657e-03,1.734252878635343664e-01,-1.691156399441163805e-01,2.716987090601536980e-01,7.770321927737583456e-01,-8.585953030763839866e-01,-1.041147754186668231e-02,7.828903627075169472e-03
3.131766505666950251e-01,4.324082920669710534e-02,7.547373389327757254e-01,4.161543845792985835e-02,2.190661580816018542e-03,-1.299586351705347802e-02,9.990467604158004278e-01,-2.375855603593429455e-01,-1.977449282589577029e-01,9.678993706801831964e-02,3.514450958634140476e-01,-1.305971429079537671e-01,1.177101879506765314e-01,-3.525921274649185810e-01,-1.227593833657956296e-01,-6.814102801072026427e-02,1.313182101636136023e+00,1.502650953140801660e-01,1.980541638659866766e-01,6.847855835461194585e-02,-7.404644081093397778e-02,-1.149189096046477525e-03,1.065160602958031277e-01,1.237141380479733488e-01,-1.692757567375789141e-01,8.958815157547894703e-01,8.791055175966734359e-01,1.413016102542349536e-02,-3.495407184043401901e-03,1.813617004485796602e-01,-1.721548737170081611e-01,2.712910152123082508e-01,7.650407155839876738e-01,-8.573685548580499693e-01,-1.057523392339028770e-02,7.909238970526560886e-03
3.192001124730868833e-01,4.357568864300234018e-02,7.545813610237532831e-01,4.341782134198421406e-02,1.555218809495934615e-03,-1.186228417446221275e-02,9.989853654075891987e-01,-2.269573560996661077e-01,-2.040877950934959495e-01,9.586931585605239226e-02,3.513683697507272718e-01,-1.406845039525781438e-01,1.223375735546699816e-01,-3.749043534493185503e-01,-1.295525844094644885e-01,-6.856056281393675678e-02,1.316691235786276559e+00,1.256051485123758082e-01,1.895191975215979319e-01,6.610471434490888809e-02,-7.507513276912010369e-02,-9.705114224882304547e-04,9.512130326629555932e-02,1.231626848593884022e-01,-1.737605638150793996e-01,8.971263461803262729e-01,8.821110772072945361e-01,1.400885104819083772e-02,-3.281343258234451117e-03,1.895123869604582179e-01,-1.737259838279043012e-01,2.685819797973860168e-01,7.528568088969103123e-01,-8.546521365804569115e-01,-1.072185357787397431e-02,8.036062056065235853e-03
3.252018297489052134e-01,4.379566007938746897e-02,7.544604504702013825e-01,4.503060476801871298e-02,9.013683621585668552e-04,-1.058972459110871754e-02,9.989290715072750571e-01,-2.160520430688886717e-01,-2.100452187466348153e-01,9.424707195692234862e-02,3.510004544305239116e-01,-1.506955376366129473e-01,1.269743952231215112e-01,-3.963709201407014660e-01,-1.356496461802932652e-01,-6.903596754303463479e-02,1.316048475434959286e+00,1.013293877987791330e-01,1.813940675296726868e-01,6.374105449409607493e-02,-7.600282108384251445e-02,-9.214371733747692876e-04,8.293844242901010633e-02,1.225040068500547058e-01,-1.787070588117203596e-01,8.988427239004865843e-01,8.853906925355767843e-01,1.391824641842707815e-02,-3.187775699754397118e-03,1.978640725341956896e-01,-1.737913566676675681e-01,2.639037932221389715e-01,7.407934732148955259e-01,-8.504746737730378703e-01,-1.075808990663037340e-02,8.173743144122008406e-03
3.311942781244766598e-01,4.389897995001936643e-02,7.543680606969772606e-01,4.645300647006897488e-02,2.646406735939675647e-04,-9.227035157784115385e-03,9.988778253507295535e-01,-2.049317336703673220e-01,-2.155761849769278482e-01,9.198365122562746077e-02,3.503404392518540411e-01,-1.606957046575304693e-01,1.316736828797004377e-01,-4.170583780899809190e-01,-1.407747738119681791e-01,-6.949184978174820226e-02,1.311427643222932593e+00,7.756545344193535585e-02,1.737712968166266747e-01,6.136797669386519910e-02,-7.683290169687788385e-02,-9.784862384494051688e-04,7.006213431905529421e-02,1.217841176303169487e-01,-1.840658653467112660e-01,9.008900757685901484e-01,8.889117704309513757e-01,1.384978008306317517e-02,-3.196384070078200652e-03,2.063640245544688945e-01,-1.724769673225601818e-01,2.575038665816067884e-01,7.289613975358827380e-01,-8.449651884044383499e-01,-1.072184155208664481e-02,8.325327257463840600e-03
3.371824449245157673e-01,4.391863383788357361e-02,7.542316109738997909e-01,4.771463298402171815e-02,-3.587663777342352213e-04,-7.793903723571773273e-03,9.988305172612873539e-01,-1.939010391103669628e-01,-2.207330033433525240e-01,8.917777545652857962e-02,3.498773850848831413e-01,-1.709384481322547278e-01,1.363170170929359493e-01,-4.370747121943597269e-01,-1.451584823630679977e-01,-6.964783093765716804e-02,1.302963563794269586e+00,5.460901935218766268e-02,1.661192502568478169e-01,5.879345598390048333e-02,-7.746113315366663643e-02,-9.648318226660798766e-04,5.670001470759390011e-02,1.209505377399162918e-01,-1.897110090169792929e-01,9.030964301479303957e-01,8.927291006841193699e-01,1.371063825753561852e-02,-3.152741802777102309e-03,2.148209828540683097e-01,-1.701478154513687557e-01,2.494190612424758979e-01,7.173062637084146598e-01,-8.382203350373969020e-01,-1.079054497846115325e-02,8.495037896861037247e-03
3.431798989108439946e-01,4.386598342928109406e-02,7.540217597466695176e-01,4.885448564730857091e-02,-9.645170904419070237e-04,-6.314997295916219625e-03,9.987854773413915588e-01,-1.830532326996271164e-01,-2.255623761567866203e-01,8.592359437302464487e-02,3.497826859604017402e-01,-1.814964350685911443e-01,1.407849280828230853e-01,-4.564295427936456151e-01,-1.489709835519975323e-01,-6.941584462141889289e-02,1.290785607095515708e+00,3.232924968593112180e-02,1.582518709880010310e-01,5.597132189032286848e-02,-7.791519553885065119e-02,-8.473691096875507608e-04,4.304955786851054345e-02,1.200856172410203065e-01,-1.956261532371621481e-01,9.052860282950255799e-01,8.967346807753197035e-01,1.352636705143363781e-02,-3.078462918513854944e-03,2.231356769686035635e-01,-1.670944162425616331e-01,2.399194002579045359e-01,7.059338648949533557e-01,-8.304205691025545732e-01,-1.091857003268449644e-02,8.662100745239797658e-03
3.492180273176658245e-01,4.371842852987089384e-02,7.537886638789904614e-01,4.985557955524932278e-02,-1.523356843689564625e-03,-4.791370896766928601e-03,9.987437826269890406e-01,-1.722300430725287601e-01,-2.299666470826289832e-01,8.220525793415568716e-02,3.497696089332255620e-01,-1.920885994837817079e-01,1.449768380775515453e-01,-4.748629476665951477e-01,-1.521630331308736483e-01,-6.921426777686268128e-02,1.274791733054883913e+00,1.033686398081083702e-02,1.500827682021148579e-01,5.301667211647551753e-02,-7.829291756180456474e-02,-9.110109715377732661e-04,2.938825789341387856e-02,1.194308779705836043e-01,-2.018777056664545766e-01,9.072277584261565497e-01,9.006861316686416430e-01,1.342167801384522817e-02,-3.129700932319197555e-03,2.313848076134337184e-01,-1.634906778708949959e-01,2.295229460868774274e-01,6.952376744051173008e-01,-8.217769682505124962e-01,-1.089889470350916337e-02,8.809858205624616564e-03
3.552941448769716959e-01,4.347075941242454361e-02,7.535580029287276549e-01,5.069171622137303573e-02,-2.018722188630246543e-03,-3.248251286805106317e-03,9.987070258743724338e-01,-1.614589481340502619e-01,-2.338083398119506773e-01,7.806876760548633887e-02,3.497459736930356722e-01,-2.023436449288855965e-01,1.486566634553148081e-01,-4.924554728161111838e-01,-1.547790735722646138e-01,-6.923990844980600079e-02,1.255204406178982435e+00,-1.090796745689887742e-02,1.414962381957137194e-01,5.003364803571537511e-02,-7.856046793012291807e-02,-1.303870104004976015e-03,1.600812239656221325e-02,1.190617669909967979e-01,-2.083703538357243590e-01,9.088943306550389956e-01,9.045583806747740097e-01,1.335367426576843271e-02,-3.261819845929865222e-03,2.395010174817928106e-01,-1.595395019777456347e-01,2.185849984198617035e-01,6.853965732189568616e-01,-8.125615956433926979e-01,-1.075789210124705395e-02,8.953427512551558401e-03
3.613471344436655075e-01,4.314424376154109980e-02,7.533255617286260808e-01,5.132275304321419485e-02,-2.493194435818566791e-03,-1.690350792626997426e-03,9.986775530422977720e-01,-1.509780170059980275e-01,-2.369173011258121075e-01,7.359803347502133497e-02,3.499497602076807046e-01,-2.117224068507207457e-01,1.513413695375534773e-01,-5.096612797609567647e-01,-1.570734032384852041e-01,-6.938324554826158508e-02,1.232423420080877241e+00,-3.005191802359532746e-02,1.322582549942751817e-01,4.701320524153182467e-02,-7.846535488778520750e-02,-1.879885007953695187e-03,3.270011322578066874e-03,1.188317223667907929e-01,-2.149077289368012678e-01,9.104747588308280681e-01,9.084309643775382304e-01,1.318413593048699435e-02,-3.303183381213178112e-03,2.470979081084531126e-01,-1.554683352366793836e-01,2.073760197072027078e-01,6.764097792122224506e-01,-8.031389177260567225e-01,-1.071538977582333144e-02,9.090741433410752873e-03
3.673404597254638082e-01,4.273998201045044881e-02,7.531029616223839929e-01,5.177034881692616636e-02,-2.962667641110295052e-03,-1.316096123324555535e-04,9.986546130984085279e-01,-1.407418307507834199e-01,-2.393421283136251132e-01,6.884600795090288494e-02,3.502642479540588605e-01,-2.199790116943422524e-01,1.530047159612484275e-01,-5.266546578823660951e-01,-1.589714874226884900e-01,-6.955876310277329944e-02,1.205988473253892579e+00,-4.745623400876931852e-02,1.227698576613326792e-01,4.402702850197313250e-02,-7.801900648615703315e-02,-2.437412824119102300e-03,-8.707341498439161859e-03,1.187474898234229387e-01,-2.214476608208061359e-01,9.118638756151197233e-01,9.122013875528256488e-01,1.293247063337417228e-02,-3.286588604584277616e-03,2.538575428319229665e-01,-1.513600804525908616e-01,1.962006081608245467e-01,6.683287164244063883e-01,-7.937691659661846311e-01,-1.071662185382661094e-02,9.208884754435379266e-03
3.732961070635865686e-01,4.224882411404461829e-02,7.529430440066273711e-01,5.206655990821097008e-02,-3.313035043900974634e-03,1.374219658162691322e-03,9.986371756841689873e-01,-1.304581461311845603e-01,-2.413156433898187847e-01,6.375655966512137895e-02,3.500337664924723091e-01,-2.274103532006639117e-01,1.544932640652592615e-01,-5.430293369964273031e-01,-1.599497283896369471e-01,-7.008041707923706731e-02,1.176001062663808439e+00,-6.396345945750282758e-02,1.135118655543708027e-01,4.125038705539390421e-02,-7.741231655617124285e-02,-2.919415945524069921e-03,-2.012347218872918841e-02,1.189030933277446245e-01,-2.280360121723223610e-01,9.126127913218723409e-01,9.156210167826737134e-01,1.268331406790452164e-02,-3.359389049807235978e-03,2.595538497800362610e-01,-1.472269118304924129e-01,1.855144399800628952e-01,6.614285601672075243e-01,-7.847572205075139529e-01,-1.050469285345193536e-02,9.284908290927157068e-03
3.792502769943251750e-01,4.169294394760496986e-02,7.528697579452664490e-01,5.221212071357861362e-02,-3.482263653357594354e-03,2.841238352850321280e-03,9.986259037572886577e-01,-1.199249010957886274e-01,-2.429769657324409304e-01,5.821594281904307611e-02,3.488940957118215058e-01,-2.343829802229835946e-01,1.562668987438078916e-01,-5.579718384850579360e-01,-1.599859843269259285e-01,-7.104002093383178507e-02,1.143436377522993652e+00,-7.914091400438025281e-02,1.042153138498180670e-01,3.870120974750123483e-02,-7.664728192440747878e-02,-3.274945431951585637e-03,-3.114070900938697983e-02,1.191602163566507916e-01,-2.345598051641679671e-01,9.126604822297840203e-01,9.186402555239829848e-01,1.241663362194324154e-02,-3.477352519662978841e-03,2.641257197002038759e-01,-1.432151342461272792e-01,1.755878152931005798e-01,6.558790778263213772e-01,-7.763441389611733801e-01,-1.015608049806380163e-02,9.318904952348057436e-03
3.852390803962656984e-01,4.110910563400233669e-02,7.528416310789001198e-01,5.228736386200609487e-02,-3.503329484187522880e-03,4.312105791901004945e-03,9.986165983023419512e-01,-1.090022777919752855e-01,-2.445518963790251632e-01,5.219772866601953693e-02,3.468583175682099506e-01,-2.413420139614147197e-01,1.582315122434528043e-01,-5.704038236371579140e-01,-1.594407419870478571e-01,-7.181420412181348245e-02,1.107542681775354865e+00,-9.148782263376217805e-02,9.514864477762567663e-02,3.627485135987779802e-02,-7.582142955432816245e-02,-3.338401366774467523e-03,-4.185323048936221563e-02,1.192644464584348141e-01,-2.407655660491602456e-01,9.121951136058508158e-01,9.212600924366294297e-01,1.208637189563504209e-02,-3.503795761466596895e-03,2.675832333122887818e-01,-1.395551496614545750e-01,1.666983733793447886e-01,6.518230510141009848e-01,-7.688567129825727431e-01,-9.977254696194400377e-03,9.292037298479733504e-03
3.912836239646050318e-01,4.052435775908101029e-02,7.527650148776956485e-01,5.232535684993130931e-02,-3.327265798095522219e-03,5.706052444762269200e-03,9.986082451583974118e-01,-9.818948074958870620e-02,-2.460537004049319354e-01,4.587353704519797626e-02,3.445782898252346960e-01,-2.487693656345075777e-01,1.601063112950137923e-01,-5.802301087048116202e-01,-1.588792458719377743e-01,-7.228547046903059659e-02,1.068319531325902183e+00,-1.016843538899768473e-01,8.662084087584187575e-02,3.381764599051324122e-02,-7.499189960212464257e-02,-3.241618890203044456e-03,-5.222304246363609903e-02,1.191413368553153190e-01,-2.465944392631068960e-01,9.112209464791857227e-01,9.233303156486198926e-01,1.176382708068161170e-02,-3.474413603907076670e-03,2.700275121477210827e-01,-1.363724359526983232e-01,1.590660256796425920e-01,6.491298369273938995e-01,-7.624898297782672918e-01,-9.937664991765782913e-03,9.231859724104871795e-03
3.973998429138942412e-01,3.992686219999744962e-02,7.525224765732694276e-01,5.243168674465795154e-02,-3.038371399780621582e-03,6.854444800385542033e-03,9.985963664618581204e-01,-8.820966575857348835e-02,-2.470622604217980189e-01,4.022723035564273325e-02,3.438366202106398206e-01,-2.582667137313817696e-01,1.610949158906331002e-01,-5.879185969207286755e-01,-1.594760628987693385e-01,-7.267737932624648844e-02,1.027066106020852798e+00,-1.098434475235179758e-01,7.919440050716161639e-02,3.088998557709458914e-02,-7.453161652891221456e-02,-3.065167287094428678e-03,-6.205522565293117992e-02,1.190313646323282043e-01,-2.520316546434568372e-01,9.097170601187463124e-01,9.245537970739403644e-01,1.158795984539470400e-02,-3.523605365490957344e-03,2.715356367396015158e-01,-1.335152757256479472e-01,1.529599474139055615e-01,6.477495211386313789e-01,-7.574995018794737911e-01,-9.792274445375991412e-03,9.159701308972059003e-03
4.035845099608793562e-01,3.932818679325239541e-02,7.521184496348625181e-01,5.245927404870115440e-02,-2.680881973751310030e-03,7.765620246438589142e-03,9.985892712123008996e-01,-7.874291266996714944e-02,-2.477551279065919598e-01,3.467183079947630531e-02,3.439845413065463209e-01,-2.685169028833350180e-01,1.613094670264571540e-01,-5.937419927020345378e-01,-1.607568890963841091e-01,-7.330967240289248954e-02,9.839582341548406275e-01,-1.157691251900692664e-01,7.279472986987195471e-02,2.759788843096708591e-02,-7.404124867891585804e-02,-2.763765234050828256e-03,-7.134116999469683473e-02,1.188099962550122485e-01,-2.571378723338920702e-01,9.077835333779042948e-01,9.250028252494073566e-01,1.147943772623945778e-02,-3.596018010816656469e-03,2.722587645694574121e-01,-1.311366525478511180e-01,1.482813257787574945e-01,6.474282405657642014e-01,-7.539151598919360264e-01,-9.598800253169319924e-03,9.072940163907462080e-03
4.098028939248039015e-01,3.869936803986506052e-02,7.517912190312645571e-01,5.239721040031552340e-02,-2.180971718702043923e-03,8.698595393976032292e-03,9.985860315161403378e-01,-6.874120163341508605e-02,-2.483502120439598781e-01,2.862250971279713119e-02,3.428541258946352088e-01,-2.781285153610604244e-01,1.616097835341639144e-01,-5.980870581203410197e-01,-1.614003121738460667e-01,-7.493467422032104586e-02,9.385021201068971530e-01,-1.190569643499915925e-01,6.703562981291315281e-02,2.466125774488848663e-02,-7.332496950141488556e-02,-2.183242500188465034e-03,-8.009078590929791241e-02,1.182690341106640425e-01,-2.619936309863974966e-01,9.054478368032543578e-01,9.248881617329576255e-01,1.120251696804704447e-02,-3.517729127155554136e-03,2.721057405347627189e-01,-1.293882974542229225e-01,1.447275908271320188e-01,6.480986926090029909e-01,-7.517521860997652405e-01,-9.551430622129737993e-03,8.936079660564462054e-03
4.160626523575003399e-01,3.801917187236335260e-02,7.515897710310113222e-01,5.228228974820600672e-02,-1.504706447020350609e-03,9.675603876620506721e-03,9.985843383144037411e-01,-5.784726141864565685e-02,-2.489059622380725700e-01,2.197985384934702385e-02,3.396210533317767233e-01,-2.865217296410482728e-01,1.621700063985410389e-01,-6.016226882866946291e-01,-1.610372371625162224e-01,-7.801276135791865296e-02,8.905875004965673192e-01,-1.197068597668590334e-01,6.234471035002956546e-02,2.226606069312082187e-02,-7.239134348554032705e-02,-1.399335414575252415e-03,-8.817265349861228008e-02,1.174133732372695249e-01,-2.666593732780120352e-01,9.026608340579889145e-01,9.241756418545131746e-01,1.079834277806317709e-02,-3.338811137317565427e-03,2.711126986769790137e-01,-1.283060690504935486e-01,1.422857263668484140e-01,6.495137206995187373e-01,-7.509590518752073951e-01,-9.553724821415070928e-03,8.771919245829035497e-03
4.224356329375580366e-01,3.727684243999831309e-02,7.513630026762965208e-01,5.219696957966492301e-02,-7.837761335301356505e-04,1.047694571331476976e-02,9.985815418232965035e-01,-4.606694989510980165e-02,-2.492785549116237898e-01,1.531999290389000207e-02,3.349325816435291814e-01,-2.941932446076547247e-01,1.623327165841410014e-01,-6.048333558559803036e-01,-1.602476024906634433e-01,-8.158170239965958914e-02,8.412549306223415790e-01,-1.186752143835974604e-01,5.876354554031262833e-02,1.980958611931969010e-02,-7.149306204551003630e-02,-5.831740497134716176e-04,-9.543898106648109059e-02,1.164903511215597820e-01,-2.711560725680060013e-01,8.995995963803122830e-01,9.226908640188350441e-01,1.047698075731283603e-02,-3.230534680813480428e-03,2.694970305213368889e-01,-1.276988243306128035e-01,1.411528354739469138e-01,6.515515895362054000e-01,-7.515161265234695520e-01,-9.357811623160412762e-03,8.618996635624332978e-03
4.289509946051647815e-01,3.646376395913060453e-02,7.510546225609481263e-01,5.210868912148131776e-02,-7.723588194328011346e-05,1.114365814766579525e-02,9.985792394375857528e-01,-3.350067908313858478e-02,-2.493278671301836225e-01,8.753413195050498141e-03,3.292371265820100978e-01,-3.014707461179181314e-01,1.620005143860950847e-01,-6.077312136975503432e-01,-1.591111217184853766e-01,-8.515302731229740241e-02,7.907858779067566957e-01,-1.160406062542999606e-01,5.629714053956647729e-02,1.709251648952850311e-02,-7.061066215144687352e-02,3.060281684276334579e-04,-1.022277014410053753e-01,1.155391402430229753e-01,-2.754921229290562823e-01,8.963694982742915762e-01,9.205681697892900139e-01,1.023637314737568457e-02,-3.174420292457576231e-03,2.674654600504413615e-01,-1.274492477827703085e-01,1.411484507050246584e-01,6.541454104251628321e-01,-7.532797339882938426e-01,-9.093753595894127004e-03,8.451269229647440789e-03
4.355767033043159153e-01,3.556974528466255725e-02,7.507093689484671817e-01,5.191493755642453273e-02,7.201059689944783702e-04,1.188511333153869504e-02,9.985804914830987977e-01,-2.051208337941018423e-02,-2.490314369948369577e-01,1.916916339037704007e-03,3.226200162514501479e-01,-3.083709147510042548e-01,1.618682459873949930e-01,-6.101220993214421240e-01,-1.571405727152091203e-01,-8.918562497235414666e-02,7.384860268671677996e-01,-1.120395063276198033e-01,5.513441428351187334e-02,1.460003870521497417e-02,-6.955772837724781554e-02,1.465801410449887703e-03,-1.093227781105007845e-01,1.144288971080516804e-01,-2.796474570496232936e-01,8.927382108615155021e-01,9.180560396859430705e-01,9.954276914014237310e-03,-3.038844602256400747e-03,2.650678817118548025e-01,-1.275881737622198420e-01,1.419215873702114605e-01,6.571939109381053079e-01,-7.560852952824923534e-01,-9.073051468215981991e-03,8.213557675265098848e-03
4.423553502809402516e-01,3.459943599904652389e-02,7.503430828927679652e-01,5.164750482106517104e-02,1.629552614294776545e-03,1.269658245233758719e-02,9.985833348289296918e-01,-6.834996161827843961e-03,-2.485812022016787026e-01,-5.267120081855859032e-03,3.147262303875779654e-01,-3.149456294229046605e-01,1.627452534969270059e-01,-6.120238533204470643e-01,-1.540906429538169975e-01,-9.349978450757169546e-02,6.848702757119962126e-01,-1.069733306335971662e-01,5.551985540425907750e-02,1.257440286861074771e-02,-6.835298976330993204e-02,2.774155786872209255e-03,-1.166507811609457101e-01,1.132037238758714509e-01,-2.837597194076856288e-01,8.886539621478541928e-01,9.152356195080598722e-01,9.645956587064229495e-03,-2.912259099937119719e-03,2.623880299505840230e-01,-1.280494193330027342e-01,1.432603602170146040e-01,6.606489810485933756e-01,-7.596720964006010712e-01,-9.137983481569973698e-03,7.945536235222263113e-03
4.494163768946755622e-01,3.358248475813317008e-02,7.499421532147187985e-01,5.141885152386030389e-02,2.571231608570828057e-03,1.338217627488542082e-02,9.985842016746160343e-01,8.392009440945319074e-03,-2.483728738528494517e-01,-1.267227005819294983e-02,3.049001016855611423e-01,-3.214036769198078125e-01,1.657611650084612753e-01,-6.135009235530036742e-01,-1.498653206108195857e-01,-9.728118542802786928e-02,6.311030483782787970e-01,-1.008251715255749914e-01,5.791941828908363926e-02,1.093173870269612685e-02,-6.705972394673687109e-02,3.723402561492193674e-03,-1.232128777063144220e-01,1.120125322603866130e-01,-2.880858268716881554e-01,8.844363360681678499e-01,9.121216917102378252e-01,9.401492458771977881e-03,-3.018838401468483274e-03,2.596418944883953639e-01,-1.286768941629733987e-01,1.449669031800464858e-01,6.645471346119555811e-01,-7.637480548343329456e-01,-8.889383418354416047e-03,7.720314497545940902e-03
4.567184062155545399e-01,3.255321644861170621e-02,7.494611125802137508e-01,5.107011801142208318e-02,3.578266629364456469e-03,1.408642649760014944e-02,9.985893107993677464e-01,2.391313568264635467e-02,-2.478407177686659524e-01,-2.022335190029503696e-02,2.945743817979029067e-01,-3.273504063155959209e-01,1.695816321721059783e-01,-6.143866501012533732e-01,-1.448361383035871863e-01,-1.012054539560362093e-01,5.769888020909129667e-01,-9.465826348684183711e-02,6.224785141619766649e-02,9.193375263352548260e-03,-6.511791318091851577e-02,4.102873857326477976e-03,-1.286959927324859143e-01,1.106899521905877204e-01,-2.927346103680685263e-01,8.803179809319071625e-01,9.088649701550464144e-01,9.169427085318775442e-03,-3.198949696299367533e-03,2.569905290126163755e-01,-1.295880561562415267e-01,1.466991288888492839e-01,6.684948513868678166e-01,-7.681417370557196422e-01,-8.491148859817426037e-03,7.512749204260910259e-03
4.640361375268103883e-01,3.151566214250039327e-02,7.489263781819819332e-01,5.069454639306376215e-02,4.576240010324013861e-03,1.491403953783152284e-02,9.985922888325527991e-01,3.670537670734345254e-02,-2.463303493734312344e-01,-2.670299724201621525e-02,2.875014889819413333e-01,-3.309559509356538309e-01,1.685985416401520609e-01,-6.141874390150635632e-01,-1.401484041744852083e-01,-1.059768820735272621e-01,5.221670414684074224e-01,-8.874187781007267239e-02,6.778282702458880704e-02,7.044066435633612386e-03,-6.257970221162154068e-02,4.589033651244791776e-03,-1.333760675655399075e-01,1.090567414934002083e-01,-2.976430290288896718e-01,8.764370747714297361e-01,9.056629070579768070e-01,8.834215475800034217e-03,-3.090135099195778258e-03,2.541436102960338839e-01,-1.308193620284223702e-01,1.480886065179886912e-01,6.722443488040162896e-01,-7.727368692861943389e-01,-8.364495195848850595e-03,7.251721695303094649e-03
4.713551733034715974e-01,3.044644623651358156e-02,7.485268919773876428e-01,5.107642208424668234e-02,5.330147313763682060e-03,1.542115468641631210e-02,9.985614536045454015e-01,4.696440581351088439e-02,-2.454756535915983418e-01,-2.814491992200188197e-02,2.843752912790210585e-01,-3.311990482937931524e-01,1.630870322666632677e-01,-6.119238556062281953e-01,-1.369429379073523190e-01,-1.100330410135934717e-01,4.674028737167557068e-01,-8.271251300019717700e-02,7.349923916761350040e-02,4.964998344483814718e-03,-6.132478384101328756e-02,5.834150536898572229e-03,-1.371591506827192497e-01,1.074795056696616347e-01,-3.026162355863413755e-01,8.730104951237210864e-01,9.024195632127367528e-01,8.460009806730488940e-03,-2.802885136992048967e-03,2.507853356146819146e-01,-1.318106457179323010e-01,1.490954941048163729e-01,6.764560289987925357e-01,-7.773989011405774141e-01,-8.317294369276827248e-03,6.982996863674545071e-03
4.787977151696785616e-01,2.942953439638364144e-02,7.480917107577567116e-01,5.109379627821655778e-02,6.351361679994273375e-03,1.559416506490323220e-02,9.985519046111815955e-01,5.764104475917590509e-02,-2.439676198764181014e-01,-2.956824806724946825e-02,2.803950810063189913e-01,-3.313763641769710278e-01,1.591604362263274730e-01,-6.072110741063397876e-01,-1.329909609003771531e-01,-1.141438580867027153e-01,4.130822905667398404e-01,-7.714333297384223798e-02,7.887398780770865647e-02,3.008804428747508322e-03,-5.907238980947987494e-02,6.465177182712362504e-03,-1.402540424112386774e-01,1.056963531120650862e-01,-3.077275115920261039e-01,8.696757566932518113e-01,8.989393167485971725e-01,8.206287102080210213e-03,-2.720929274775352180e-03,2.478719571414875755e-01,-1.331135252095446142e-01,1.497583527879757792e-01,6.799723448838957962e-01,-7.819589599341104647e-01,-8.017433387249091326e-03,6.808817315392862862e-03
4.863514726335532168e-01,2.843420684802996923e-02,7.475322973857172482e-01,5.087586720800931633e-02,7.726197275812464633e-03,1.595897371907134890e-02,9.985475768181113487e-01,6.866143372937645595e-02,-2.421491373440730621e-01,-3.166293795317413895e-02,2.753945696000296706e-01,-3.322375675643406412e-01,1.573379930300391194e-01,-5.995092428383118621e-01,-1.290637429697774341e-01,-1.175386713329298616e-01,3.628418148205254656e-01,-7.533440686367878780e-02,8.595989023941161267e-02,7.201428127722501148e-04,-5.651357231078959348e-02,6.200753348669414342e-03,-1.430137046314176041e-01,1.040109542198188186e-01,-3.130073271799047596e-01,8.662515108494441840e-01,8.954323407220838860e-01,7.998962922791100563e-03,-2.788346948659032546e-03,2.458147014389704121e-01,-1.343227176099907882e-01,1.498743205214377594e-01,6.828570911920148756e-01,-7.862007360831477776e-01,-7.665978898482694003e-03,6.661236856851280100e-03
4.937449533444642213e-01,2.743741607495769202e-02,7.469008256421697522e-01,5.088563169583736057e-02,9.104891885506944185e-03,1.646375041895542166e-02,9.985272368652051700e-01,7.836129441432858334e-02,-2.407305835132722283e-01,-3.446570492941416347e-02,2.720377605070590232e-01,-3.333649790951166980e-01,1.554616454472904086e-01,-5.905883888632533774e-01,-1.256564057904168141e-01,-1.191175066373736657e-01,3.199929489083792600e-01,-7.667143790091553168e-02,9.413727574947026999e-02,-1.088873149625643223e-03,-5.482387951325519426e-02,6.328145028134992897e-03,-1.459146372679958892e-01,1.025664517510125051e-01,-3.181625378267676219e-01,8.627427837875991656e-01,8.922346259186355599e-01,7.765497272317918760e-03,-2.717462854142485822e-03,2.439382559659978855e-01,-1.350251634948133606e-01,1.492431511344465001e-01,6.857731256243596585e-01,-7.898925533772910290e-01,-7.597871993092798065e-03,6.495121038472881532e-03
5.008588965526290515e-01,2.649265227412374649e-02,7.463414829401885386e-01,5.125267204297807855e-02,1.035168471847829931e-02,1.666985664891655963e-02,9.984929254187275838e-01,8.658088067860733594e-02,-2.400319663638218748e-01,-3.714109925317996691e-02,2.707726465187130227e-01,-3.343317731039198160e-01,1.529066680900897923e-01,-5.821930173313788481e-01,-1.226104735242575100e-01,-1.187232609378292558e-01,2.849528302519457323e-01,-7.821069037359494602e-02,1.023622579554512579e-01,-1.944005060807566399e-03,-5.411429364530899455e-02,7.160774741747042219e-03,-1.485515611705749972e-01,1.012600919402767002e-01,-3.230197266412096480e-01,8.593867910353706341e-01,8.891591943385172003e-01,7.530029348997659480e-03,-2.539306794287739602e-03,2.417699093333792459e-01,-1.352881158531176742e-01,1.479528361240101120e-01,6.888990333050515336e-01,-7.930286169667978280e-01,-7.587392838434224920e-03,6.352887068458046294e-03
5.077882133612743321e-01,2.569234091607682652e-02,7.458870887937590899e-01,5.161326080255748683e-02,1.156750980592147031e-02,1.677602087617280358e-02,9.984592275850723286e-01,9.449003922884444129e-02,-2.395134103659022629e-01,-3.932106649899340389e-02,2.698751826165299295e-01,-3.351916619300870370e-01,1.504897409935221364e-01,-5.749689331628617950e-01,-1.199529633752340618e-01,-1.168442743977634729e-01,2.575775391665289238e-01,-8.072139649984216847e-02,1.121058106618521844e-01,-3.022424226484981928e-03,-5.325100962600967658e-02,7.669191123203625803e-03,-1.500086399403036397e-01,9.978829353015247761e-02,-3.278564679803178672e-01,8.564580758612110323e-01,8.858713379748529571e-01,7.296598506456051202e-03,-2.511753139182306121e-03,2.399149914912573345e-01,-1.355647114211353255e-01,1.460427121544537188e-01,6.913838228402848785e-01,-7.956641548908685024e-01,-7.287775163587270275e-03,6.239107236000831537e-03
5.145541830220501378e-01,2.503884867850469931e-02,7.454067693359370805e-01,5.193049207694987873e-02,1.271764868523301423e-02,1.687925954837312878e-02,9.984270509164219209e-01,1.023160814186781231e-01,-2.391342697745797719e-01,-4.073743987695694485e-02,2.692668841994497742e-01,-3.363714188812484407e-01,1.484964857878426359e-01,-5.693775435620495040e-01,-1.176053293333578775e-01,-1.135884692529385565e-01,2.374913101407176708e-01,-8.375962420968476041e-02,1.227820838470945475e-01,-4.547655610877858121e-03,-5.217071915102646645e-02,7.627839322092409141e-03,-1.503733889950239488e-01,9.808000384257457849e-02,-3.325692490607973784e-01,8.540582131545891853e-01,8.824366317861690456e-01,7.055600257024523606e-03,-2.580104293051459566e-03,2.385760937662029790e-01,-1.359205251877028953e-01,1.434917091729797090e-01,6.931696005266869687e-01,-7.978671255053717548e-01,-6.895887603375163051e-03,6.125020372099472012e-03
5.211297181737241102e-01,2.446685188459412144e-02,7.446375383508621049e-01,5.244663621909362305e-02,1.365287449461242801e-02,1.691808293725070855e-02,9.983870615162193651e-01,1.100359955289459124e-01,-2.390220630414150449e-01,-4.013054786827052745e-02,2.704262868553842236e-01,-3.398575449180438746e-01,1.472327341623276276e-01,-5.659775762030804236e-01,-1.154972369810206706e-01,-1.085817399194090593e-01,2.244020443141294396e-01,-8.549488627883750080e-02,1.326362903677748561e-01,-5.920632755191918874e-03,-5.167368138454705995e-02,7.446730464777860659e-03,-1.504132629202174221e-01,9.625963074410347209e-02,-3.367635430951635978e-01,8.520865458234069267e-01,8.790301335927048765e-01,6.825384194220479421e-03,-2.542028935696801720e-03,2.375823601460253787e-01,-1.361731052519050689e-01,1.403866805401962625e-01,6.947520516838991966e-01,-7.997050348673502285e-01,-6.744706659103035656e-03,6.025833341861047687e-03
5.275502848595428063e-01,2.393664410104190052e-02,7.436525635184321192e-01,5.305571694219419349e-02,1.439363616462398937e-02,1.691764587692775809e-02,9.983444833301247101e-01,1.171891369605421729e-01,-2.391690672083494063e-01,-4.041305355912487574e-02,2.730514021896919274e-01,-3.442072324386866722e-01,1.455482464448157598e-01,-5.640780146619128743e-01,-1.132685701130322353e-01,-1.024679668796878718e-01,2.167552208117325130e-01,-8.567373923798722590e-02,1.399771525380315573e-01,-7.042503799054574548e-03,-5.155646965721743386e-02,7.016748093757298535e-03,-1.500359244840472062e-01,9.439618074171408912e-02,-3.404276806309797232e-01,8.505842303548921679e-01,8.756623755793316866e-01,6.652356031202077274e-03,-2.484639494677533603e-03,2.367960254264896425e-01,-1.362750072212355890e-01,1.369416686096512348e-01,6.962837107492810818e-01,-8.011166457872965774e-01,-6.670397532187739842e-03,6.015952369413470925e-03
5.339245641279456445e-01,2.341434244046934621e-02,7.428293419266295272e-01,5.352563878248129542e-02,1.510490118175068439e-02,1.690806107002544925e-02,9.983090530612600544e-01,1.233288368052742057e-01,-2.390187523253255730e-01,-4.330420092130873866e-02,2.772446752771867695e-01,-3.482718507067873448e-01,1.430373165424266846e-01,-5.622073395105517957e-01,-1.104997534805561288e-01,-9.612888417125098339e-02,2.121721028750845894e-01,-8.527892369906654724e-02,1.445045919985331884e-01,-8.046511783099528914e-03,-5.119132304572961145e-02,5.762029820505615817e-03,-1.484054828299981033e-01,9.258893120290018208e-02,-3.437991999816588096e-01,8.497520698696222619e-01,8.722989751398755320e-01,6.561834141341454062e-03,-2.609491903665962613e-03,2.361829653422289899e-01,-1.361364340346325197e-01,1.333618956009098300e-01,6.977258654993740983e-01,-8.020166019406720359e-01,-6.377978817376318832e-03,6.164077724162772727e-03
5.403553902444251378e-01,2.286254530392814108e-02,7.423028455394817815e-01,5.381475232515089968e-02,1.578936505761039527e-02,1.684148883303885486e-02,9.982840440661903125e-01,1.288886114101150948e-01,-2.385217119117962747e-01,-4.722115248728929460e-02,2.822768694778032827e-01,-3.509812784860725787e-01,1.404784339423169326e-01,-5.604300930688893567e-01,-1.071273931606054469e-01,-8.938136549818523346e-02,2.103306584689655090e-01,-8.357388259950609966e-02,1.476994787623810701e-01,-8.917054011791193668e-03,-5.047343111984443909e-02,3.732125804546174239e-03,-1.455804665799830533e-01,9.083657101278723445e-02,-3.468137244858045531e-01,8.496023613328960167e-01,8.689503862106267018e-01,6.469272394594578236e-03,-2.810724643852139260e-03,2.359017564918804433e-01,-1.356663334707837176e-01,1.296746857205220982e-01,6.991257691846823885e-01,-8.026373921548893842e-01,-6.000914759915044507e-03,6.355792833003501112e-03
5.469673253762088461e-01,2.221950208519309772e-02,7.420008484021120010e-01,5.397728395099462423e-02,1.632209262885781290e-02,1.685379180299571150e-02,9.982664834497305684e-01,1.349007703940378611e-01,-2.376834844484950193e-01,-4.940901921237988298e-02,2.872669587071938757e-01,-3.518358318154567455e-01,1.388178468879917304e-01,-5.594580090593901378e-01,-1.033372107429119252e-01,-8.201256503051365665e-02,2.121895737445599062e-01,-7.929029258368718025e-02,1.495753926946730150e-01,-9.960313182022463227e-03,-4.965226800127601342e-02,1.350050478404540366e-03,-1.423108763382177622e-01,8.910957116550367874e-02,-3.493047936579570800e-01,8.499785020861554408e-01,8.656349075176201779e-01,6.266627022599963875e-03,-2.892448656708379237e-03,2.363803255935785219e-01,-1.347320415678566197e-01,1.258608385415065922e-01,7.006424689669638051e-01,-8.032592699082847787e-01,-5.779485658978303353e-03,6.436413946779489213e-03
5.537763904340117227e-01,2.144938485875479139e-02,7.418875357808660809e-01,5.392454582698963383e-02,1.673269330485957496e-02,1.692289485460317031e-02,9.982613765752225143e-01,1.414381353065890523e-01,-2.361332187161566121e-01,-4.981643862182418697e-02,2.920285380797171260e-01,-3.507583659802153697e-01,1.378721449799146237e-01,-5.599202002170211578e-01,-9.891284257026369819e-02,-7.484547477125240433e-02,2.182192900843699657e-01,-7.095626860749762455e-02,1.463378706439915355e-01,-1.121470369239818514e-02,-4.862967469658861092e-02,-1.225081747708398712e-03,-1.388547273537963367e-01,8.739550337168375260e-02,-3.512054389700403623e-01,8.510180434794542004e-01,8.623663787467188424e-01,6.042318790395951461e-03,-2.988714098679345899e-03,2.374390884478639330e-01,-1.333612498385189360e-01,1.220761118401636203e-01,7.023916774186385048e-01,-8.038838042469593770e-01,-5.585392428540390461e-03,6.468773669234466166e-03
5.607131534423744901e-01,2.052958672561003284e-02,7.419352592529024903e-01,5.360797009062340940e-02,1.710176532403737820e-02,1.680175126083811171e-02,9.982742190000366556e-01,1.481377534447858857e-01,-2.336319369134266799e-01,-5.049774046767195601e-02,2.966902557385560080e-01,-3.478798014840958630e-01,1.365214463389185784e-01,-5.622128233253210761e-01,-9.346649971194956330e-02,-6.856210839681384228e-02,2.284652149879989047e-01,-5.851229690366763214e-02,1.350207475483222175e-01,-1.234119021204674663e-02,-4.740665978437832995e-02,-3.887249402525583784e-03,-1.350356751479498407e-01,8.580951646311948955e-02,-3.525002101098145268e-01,8.529794135790463860e-01,8.591537256635899400e-01,5.941340318161824827e-03,-3.322961833304496730e-03,2.384344338555023923e-01,-1.315932792190750433e-01,1.185095453441973590e-01,7.043887719719723606e-01,-8.044451346256155100e-01,-5.207441384896214012e-03,6.574741299502473435e-03
5.677540496525207425e-01,1.948921229114710177e-02,7.420354028655117284e-01,5.310210682586830044e-02,1.739975870367061264e-02,1.665322735732891954e-02,9.982985949435635442e-01,1.549162033228875524e-01,-2.303768990395877181e-01,-5.187616754245563677e-02,3.015562149290253458e-01,-3.436334461734830148e-01,1.342955364750301750e-01,-5.651917117971601012e-01,-8.791978580445078406e-02,-6.327920624954078144e-02,2.418220381988827605e-01,-4.508606460246878528e-02,1.208571341701538959e-01,-1.349292925919167406e-02,-4.614925607292311160e-02,-6.694432546621763638e-03,-1.306050428576062961e-01,8.436797921694275115e-02,-3.533535346060698301e-01,8.558569489016648602e-01,8.561733706473458883e-01,5.874585876129930634e-03,-3.756645501663044302e-03,2.393991906556168781e-01,-1.294526097517277319e-01,1.150155198081188046e-01,7.066104132261478155e-01,-8.050212491883862453e-01,-4.760127606435059569e-03,6.749253214133912188e-03
5.748407520296143769e-01,1.841694744448705082e-02,7.420703791832649054e-01,5.237511177058742917e-02,1.765535847178603332e-02,1.656474763044236617e-02,9.983339800126852515e-01,1.616130119337777504e-01,-2.265195461383653630e-01,-5.277809646353935624e-02,3.069027816461156188e-01,-3.389219665670928361e-01,1.313900753549113731e-01,-5.680467165093466830e-01,-8.298204036048495436e-02,-5.971167320462997946e-02,2.567249110902461440e-01,-3.096853102952934478e-02,1.060983642622540246e-01,-1.458524730650257936e-02,-4.464702376219272656e-02,-9.842290289243490337e-03,-1.253642812708007370e-01,8.287922412246809256e-02,-3.538927757683271169e-01,8.595345127588795986e-01,8.535985788260043172e-01,5.699579100480061528e-03,-4.047491108395782217e-03,2.404727718301250539e-01,-1.271188713841550355e-01,1.113508150383672735e-01,7.091723748048762710e-01,-8.057048120016919723e-01,-4.409546157423724529e-03,6.951123627353181580e-03
5.819596656245604738e-01,1.732674645219112880e-02,7.420566438304688761e-01,5.150154677909186962e-02,1.782600023663742997e-02,1.649208079932210427e-02,9.983776017448675599e-01,1.683571882910620543e-01,-2.222601924418509400e-01,-5.308330986157983739e-02,3.126300390433368603e-01,-3.337713322892771339e-01,1.281164814119464257e-01,-5.702666285734585561e-01,-7.874938773066707254e-02,-5.785664833983658606e-02,2.722868644955241391e-01,-1.609063997853145064e-02,9.134440357325998572e-02,-1.556960922890875641e-02,-4.303419957853323735e-02,-1.318909628393340368e-02,-1.192870597793757592e-01,8.136097632245938016e-02,-3.540947632640937259e-01,8.640702053277649064e-01,8.514073296378800171e-01,5.450701689355497669e-03,-4.296004940543662019e-03,2.416001526600780602e-01,-1.246337578502130228e-01,1.075625070284029067e-01,7.121200007246090147e-01,-8.064760257946276267e-01,-4.028273716217597999e-03,7.155387398055560767e-03
5.891472192217861448e-01,1.618068743504167545e-02,7.421097230047927207e-01,5.061133623379167334e-02,1.784635608332545142e-02,1.640891021358227217e-02,9.984241322628275572e-01,1.752812630710172126e-01,-2.178188220404915498e-01,-5.336506266945750115e-02,3.185881623296158982e-01,-3.274951980829305387e-01,1.248072665116161106e-01,-5.713912414628895542e-01,-7.487870759380006735e-02,-5.694389087440412944e-02,2.879495985289825533e-01,-7.407218560765965049e-04,7.698800739101448187e-02,-1.659928164105712450e-02,-4.162541755697239665e-02,-1.648795433780125830e-02,-1.124278113212086455e-01,7.994973734778838825e-02,-3.539012318585184613e-01,8.696482713669188014e-01,8.495281996625110299e-01,5.228806401987253286e-03,-4.678345529348701577e-03,2.427111178202500386e-01,-1.219441420897685591e-01,1.037818508436531006e-01,7.154368429555137965e-01,-8.072933103294908097e-01,-3.451183197667288816e-03,7.350037270410040950e-03
5.964032068239617512e-01,1.496196778471777129e-02,7.424012263312796955e-01,4.963516374482633553e-02,1.779816594364799082e-02,1.621462464468809844e-02,9.984771713748386013e-01,1.821462243640409318e-01,-2.129593989982867530e-01,-5.328774210576916331e-02,3.245990055666450047e-01,-3.194911994176118375e-01,1.209173984765580523e-01,-5.708786265511008873e-01,-7.084548991602999946e-02,-5.661832757516128967e-02,3.027284623979005218e-01,1.389436570289099768e-02,6.366836123099348099e-02,-1.742824101798739686e-02,-4.034019306008047173e-02,-1.964325278475142697e-02,-1.048615684829797695e-01,7.863516304925419198e-02,-3.531923814006114326e-01,8.762179709965258745e-01,8.480597709502505355e-01,5.043752291182467332e-03,-5.105183770102579045e-03,2.438342360935059350e-01,-1.190441482225344239e-01,1.000454145216935764e-01,7.191750674628886175e-01,-8.081745780805825730e-01,-2.845969495224222583e-03,7.546652166646928943e-03
6.036955578255986943e-01,1.365472122841063750e-02,7.431289739253693627e-01,4.844619178886284960e-02,1.784440641214739276e-02,1.584853579427716180e-02,9.985406089346160474e-01,1.884534477703664335e-01,-2.072445507863943659e-01,-5.208234186952021699e-02,3.304733538514837976e-01,-3.090904833382386308e-01,1.154488165811509703e-01,-5.682785976273656559e-01,-6.622341694607510043e-02,-5.678331449608483433e-02,3.155146368110510746e-01,2.618754940700893444e-02,5.210121343766020707e-02,-1.771666775238833758e-02,-3.905357027751410470e-02,-2.261474391016475571e-02,-9.673135926716278088e-02,7.742143216789597326e-02,-3.518621514571387832e-01,8.835345227628720322e-01,8.470960302705810019e-01,4.870730178282826200e-03,-5.437457749176958025e-03,2.450487704523036658e-01,-1.158839805190632066e-01,9.639081009548683410e-02,7.233732349090483682e-01,-8.091432434071771373e-01,-2.424794177567836384e-03,7.764562124776625690e-03
6.108967169085534055e-01,1.231300150390719772e-02,7.441314214945171646e-01,4.705885830128482550e-02,1.793583012962976161e-02,1.560503260054975187e-02,9.986091591861533390e-01,1.936043314814643312e-01,-2.008640712318229549e-01,-5.031625626986761107e-02,3.373194575013536145e-01,-2.971563878569904449e-01,1.088632533650321782e-01,-5.645519416194650919e-01,-6.162355865985272990e-02,-5.779271292346076921e-02,3.274389559963521434e-01,3.511526947509106822e-02,4.196600903149627637e-02,-1.831728965975714871e-02,-3.776466306782353538e-02,-2.544711798868255770e-02,-8.826338637574404622e-02,7.624845658228121548e-02,-3.499818116089699616e-01,8.915883782858060602e-01,8.465155309844657472e-01,4.731649856392770165e-03,-5.716171019129388971e-03,2.462102555540221227e-01,-1.125743784372552209e-01,9.271318666237328421e-02,7.278939697605257830e-01,-8.101451701290899310e-01,-2.076390015811549559e-03,7.977718340404085090e-03
6.179157982160886631e-01,1.106713679951603323e-02,7.450318872015588845e-01,4.565446253043985853e-02,1.779777801350521799e-02,1.521357655526026434e-02,9.986828606906376082e-01,1.991739646503258021e-01,-1.953199185903464474e-01,-4.984692535597461810e-02,3.489073963102523046e-01,-2.892034928509096825e-01,1.010301954452624412e-01,-5.610259047963042089e-01,-5.771464802144164047e-02,-6.004290003534590303e-02,3.405961936757705422e-01,4.025989871889165683e-02,3.188040157796756535e-02,-1.952873405829643264e-02,-3.663816888743993277e-02,-2.832807997811068526e-02,-7.921231858869820508e-02,7.493160381763876166e-02,-3.476829608488377632e-01,9.005014654295997456e-01,8.461741111045743002e-01,4.658172139756872228e-03,-6.003581617819982695e-03,2.471507248018571523e-01,-1.094169110063699241e-01,8.890006597487556950e-02,7.327002666125242980e-01,-8.111302362697481172e-01,-1.632835916145204637e-03,8.163428432046428498e-03
6.247718572168361462e-01,9.898196513455482723e-03,7.458557898244591033e-01,4.416870417929306264e-02,1.750066766730332471e-02,1.445996575355918377e-02,9.987661195659003344e-01,2.049554616401118301e-01,-1.903036650872812763e-01,-5.019498240212242474e-02,3.648786585899682078e-01,-2.846157777077911732e-01,9.313255199926530337e-02,-5.573728790253109633e-01,-5.371581161641024449e-02,-6.312585654001633129e-02,3.543025476479257363e-01,4.126561954643829383e-02,2.115054387426892890e-02,-2.081782988007536278e-02,-3.563625008314741383e-02,-3.138715982308706853e-02,-6.953557047153155479e-02,7.350309324535141131e-02,-3.449556871398484770e-01,9.100526909343683579e-01,8.460029367327379646e-01,4.608863449947372265e-03,-6.313430157302214740e-03,2.479525714364091693e-01,-1.063584454878750418e-01,8.497748628106574498e-02,7.379427258337749596e-01,-8.120963350717874674e-01,-1.160905093483083957e-03,8.338842728339417379e-03
6.314497990600483890e-01,8.690077712740097021e-03,7.468382283190314608e-01,4.226010130455012948e-02,1.729607530703226176e-02,1.383485487116249170e-02,9.988611020416520159e-01,2.079164374610278088e-01,-1.839484874801940728e-01,-5.012461761187980702e-02,3.820744537758682391e-01,-2.745886344946258384e-01,8.521899327604091912e-02,-5.525911543237777002e-01,-4.834154664130516782e-02,-6.634265212518307420e-02,3.666609772999009365e-01,3.791369458557121430e-02,1.032023055362834944e-02,-2.219001025247750031e-02,-3.433710686755052366e-02,-3.432394214693618856e-02,-5.989885682101560999e-02,7.211091248930204256e-02,-3.417373692016103526e-01,9.198178018947594792e-01,8.459648286431683539e-01,4.529226178127384282e-03,-6.650101418646426829e-03,2.487292170639405220e-01,-1.031784180279699814e-01,8.098785225915765273e-02,7.435376788138924331e-01,-8.130444813940189697e-01,-7.686015171111399823e-04,8.519610994750530589e-03
6.379481298614443352e-01,7.421720084244773190e-03,7.478468174949466363e-01,3.990228061799994119e-02,1.711865365373283279e-02,1.347616091432898323e-02,9.989660418580686985e-01,2.079368651610533636e-01,-1.759633869981854504e-01,-5.009507983432340272e-02,4.012177514549816748e-01,-2.560514121644821839e-01,7.703114382070244681e-02,-5.469538650546660330e-01,-4.172048564524407505e-02,-6.981695631198517327e-02,3.779845603774077967e-01,3.087054540769722244e-02,-6.135143233350001668e-04,-2.373954476245866696e-02,-3.275656744515054869e-02,-3.693073443926490895e-02,-5.053201505118033732e-02,7.089285046003970803e-02,-3.382326984415838789e-01,9.297524656234974483e-01,8.460300351006606601e-01,4.463557017575538188e-03,-6.973762904227199730e-03,2.494138758184069049e-01,-9.986542084294425248e-02,7.689136112030657555e-02,7.492093563534264478e-01,-8.138712952552574764e-01,-4.194007765445951770e-04,8.677512829127003238e-03
6.443010868190999219e-01,6.138423617929769475e-03,7.485866631925334191e-01,3.734799815188869637e-02,1.678956182887899468e-02,1.306484855816185571e-02,9.990758466601986632e-01,2.068147736946055748e-01,-1.675588390223488322e-01,-5.128856932429604748e-02,4.227301239400798050e-01,-2.364344699678372075e-01,6.682272555188215057e-02,-5.413440262188266017e-01,-3.472758477111718978e-02,-7.383208782085520783e-02,3.895398562625845829e-01,2.151829035448150559e-02,-1.193547145436860656e-02,-2.529336606361009751e-02,-3.131720555335018585e-02,-3.929589485273609489e-02,-4.114214978304508996e-02,6.991562842010590195e-02,-3.346599609420786714e-01,9.400960113042794442e-01,8.461774475485825953e-01,4.471362893015533475e-03,-7.245206603502943495e-03,2.497603356190951085e-01,-9.652186997747662367e-02,7.261697397377153695e-02,7.548857579087279168e-01,-8.144984758900777333e-01,-5.108599158010023161e-05,8.779051319779978060e-03
6.505277631661038340e-01,4.823457903081107036e-03,7.491419843594997463e-01,3.453380857239169571e-02,1.642062486012571543e-02,1.279889846011725459e-02,9.991866529046992129e-01,2.036303118835787740e-01,-1.581805603125242266e-01,-5.311050561926436431e-02,4.462252087471245687e-01,-2.136609580443944445e-01,5.260376920409013529e-02,-5.354477035866317403e-01,-2.750112130191758111e-02,-7.863504900900757100e-02,4.006062379478556035e-01,1.059305181785545787e-02,-2.327513070822437996e-02,-2.697463647831731953e-02,-2.977704216597619122e-02,-4.144052325286069760e-02,-3.193792465078529319e-02,6.923602629567285338e-02,-3.313759155923609590e-01,9.506817273180978578e-01,8.465216203024045205e-01,4.465322040717620115e-03,-7.503842749017953714e-03,2.496757874454713921e-01,-9.312853925185524129e-02,6.813897056112709627e-02,7.604188183185468519e-01,-8.149771396189064987e-01,3.414307990587844605e-04,8.832261322181577529e-03
6.566529326219192608e-01,3.424840972286713990e-03,7.498101698077219712e-01,3.137179102610559295e-02,1.614778918715005507e-02,1.291976102825691253e-02,9.992937963199785001e-01,1.965271931575115205e-01,-1.473742933316892212e-01,-5.470944210894338605e-02,4.724978077426522649e-01,-1.854028253740028775e-01,3.470896066033041932e-02,-5.284161026522984361e-01,-1.982679891067539238e-02,-8.423326205980886938e-02,4.098270408153389943e-01,-1.904188876416806767e-03,-3.401957566631972490e-02,-2.867792086231812573e-02,-2.789372084851674677e-02,-4.308218350969415106e-02,-2.335927291863516483e-02,6.894802969153185357e-02,-3.286050018095622582e-01,9.611258816528113202e-01,8.471543885197825308e-01,4.322757389759887547e-03,-7.784462938484809635e-03,2.490795970079903443e-01,-8.954466957435959495e-02,6.351370802084654876e-02,7.657004954218321613e-01,-8.153700918310778922e-01,7.376073088606489034e-04,8.860878256566220509e-03
6.627563171906267758e-01,1.932121343523812663e-03,7.506053865276823833e-01,2.802359768173430174e-02,1.589619801304345548e-02,1.337144814393966680e-02,9.993914114280932903e-01,1.860460973141967733e-01,-1.361212256080968908e-01,-5.635723918190646553e-02,5.025903344069716505e-01,-1.552453907845055825e-01,1.544618343787830181e-02,-5.201193484428819902e-01,-1.203908514466621102e-02,-9.055266927432653601e-02,4.171375724069188440e-01,-1.512126068556422440e-02,-4.402353955887633452e-02,-3.027327709391072069e-02,-2.594975156881223349e-02,-4.424488431823830892e-02,-1.525343010736144797e-02,6.925408768379003044e-02,-3.267404766411367567e-01,9.711374111984844015e-01,8.485051063675933536e-01,4.118182445944782583e-03,-8.028921965714416048e-03,2.479844862506662972e-01,-8.572892224864231414e-02,5.874295604921439540e-02,7.707392929934266945e-01,-8.156212699070427563e-01,1.117951357384419208e-03,8.831456570846121790e-03
6.689256048434090163e-01,3.472967541439358607e-04,7.513831295402743082e-01,2.463968452977241541e-02,1.558503637061817854e-02,1.409176396158787550e-02,9.994755698745471095e-01,1.734692290027656514e-01,-1.249360303755738949e-01,-5.848473229978620042e-02,5.360736997112977020e-01,-1.246925693102437088e-01,-4.768424417045731556e-03,-5.108789038653037684e-01,-4.556371174581705027e-03,-9.761498511781699361e-02,4.230601640105694505e-01,-2.787412071778021597e-02,-5.338416482912932554e-02,-3.184343255432864339e-02,-2.419454014600018812e-02,-4.527563553099592936e-02,-7.261844433850679278e-03,7.031564477667760771e-02,-3.260767972201876197e-01,9.805980554569608820e-01,8.508664235651770547e-01,3.917190923571814594e-03,-8.192896730205748157e-03,2.464711923517708680e-01,-8.171564626410732224e-02,5.377997723966057575e-02,7.755374978314413248e-01,-8.156817024831242158e-01,1.476936331997489703e-03,8.705122862688796301e-03
6.750929188715478757e-01,-1.298242166195051660e-03,7.520565984894703737e-01,2.122155568729464092e-02,1.526699202392412837e-02,1.514762725993311007e-02,9.995434527408734171e-01,1.581880231357404298e-01,-1.138476957467374484e-01,-6.076608092890219831e-02,5.736092289695847724e-01,-9.376264004438987498e-02,-2.575677271245241720e-02,-5.010973102543846425e-01,2.603958624313052611e-03,-1.054098903579400170e-01,4.278621753369251657e-01,-4.024069709914805670e-02,-6.238768564598118349e-02,-3.352962357000584953e-02,-2.258227375043714638e-02,-4.620701983181915024e-02,2.666664200280301905e-04,7.220599481279967036e-02,-3.268306933109275669e-01,9.894240749331661977e-01,8.544009313411751183e-01,3.724265164131847911e-03,-8.329963208286477599e-03,2.446289605306324610e-01,-7.764278509833402731e-02,4.870878950129219759e-02,7.801152469351566587e-01,-8.156372446481291449e-01,1.775985463642501452e-03,8.540031559089812652e-03
6.811345044495452639e-01,-2.954746349308581040e-03,7.525669568118610320e-01,1.771252063858688372e-02,1.496141749390804063e-02,1.658019663403427491e-02,9.995936619660635847e-01,1.395876745627496196e-01,-1.028244209620154254e-01,-6.279012882449980237e-02,6.158445821106227624e-01,-6.237725672318700926e-02,-4.679574351150695560e-02,-4.910245755166426362e-01,9.642322005616725880e-03,-1.138281508920595958e-01,4.316786873446999961e-01,-5.272525303920581885e-02,-7.129993881417953649e-02,-3.537205038618264352e-02,-2.095445925381761096e-02,-4.676908829237965554e-02,6.753960313979486332e-03,7.491928614781966089e-02,-3.290418604888435961e-01,9.975078057393605979e-01,8.591274961036299285e-01,3.513547400407267349e-03,-8.489191603310851028e-03,2.425653098394545681e-01,-7.368678147408470880e-02,4.365745712285771379e-02,7.845245792167526711e-01,-8.155689618759803805e-01,1.979051129948862335e-03,8.402473559503418135e-03
6.870808748253808274e-01,-4.631218735076549423e-03,7.528400183979940818e-01,1.410078506472087212e-02,1.466537810605691126e-02,1.844183995957720396e-02,9.996229254496268313e-01,1.183329762414111197e-01,-9.170083979826569587e-02,-6.475563225804578660e-02,6.618942797391533794e-01,-3.038540592079726210e-02,-6.798060624529975171e-02,-4.809818324183426919e-01,1.655626556372116753e-02,-1.229074093563000819e-01,4.349103739965549664e-01,-6.463388524450472405e-02,-8.025425516023337869e-02,-3.735743988461507487e-02,-1.922785640712614680e-02,-4.688963361621586307e-02,1.185251280682412048e-02,7.856841139999420909e-02,-3.329237897798550949e-01,1.004890619243083094e+00,8.651041854579885060e-01,3.268098401337004959e-03,-8.664133818124124947e-03,2.407646691183205345e-01,-6.998387620752730132e-02,3.866803843471115082e-02,7.886682720488650267e-01,-8.154132150493151876e-01,2.165594650841712841e-03,8.227807412235808165e-03
6.930087429879407956e-01,-6.365427856642203244e-03,7.528010389855795959e-01,1.039037454610579683e-02,1.439853012917385183e-02,2.084548342990499847e-02,9.996250238301781499e-01,9.494989947368011329e-02,-8.018998566971122233e-02,-6.676628614968897757e-02,7.108186820414601481e-01,2.582157518640992855e-03,-8.968418984302505004e-02,-4.713540554385840520e-01,2.322927244307161632e-02,-1.328148330344427475e-01,4.380518145164886135e-01,-7.485226236647074538e-02,-8.938607063209134951e-02,-3.957890929986292855e-02,-1.734244489630595160e-02,-4.656267447105031515e-02,1.528545019054856902e-02,8.327354318202197236e-02,-3.385365199123553381e-01,1.011644261551773782e+00,8.723056664316882758e-01,2.969078729900412675e-03,-8.845645016171273592e-03,2.397212927459743681e-01,-6.664180572873092123e-02,3.371408443586287190e-02,7.925111808335255636e-01,-8.151165695400719446e-01,2.405942939344112800e-03,7.951643472196470719e-03
6.991399848219203017e-01,-8.199323893232631638e-03,7.526445604619335095e-01,6.664791895973564209e-03,1.413379639734870484e-02,2.350914225078409164e-02,9.996014888839521717e-01,7.089311384281407613e-02,-6.814022511337951282e-02,-6.861253014236524950e-02,7.599782865138842158e-01,3.803146110125157214e-02,-1.125651186158439093e-01,-4.616910618644062270e-01,2.960159677870279060e-02,-1.434397740838148083e-01,4.411082889789192385e-01,-8.338060334107760818e-02,-9.813932782134122956e-02,-4.169102571464770868e-02,-1.524212221346646183e-02,-4.611652862265502167e-02,1.746335682901266340e-02,8.896460638897051021e-02,-3.456322176897129173e-01,1.018029626517069186e+00,8.804326979112151452e-01,2.635221184509391364e-03,-9.002151525025120504e-03,2.397258351165101053e-01,-6.377004888195290933e-02,2.902820167407110449e-02,7.962657048531965875e-01,-8.147773106707894009e-01,2.688314445560163659e-03,7.686792728351715329e-03
7.057015692890687975e-01,-1.018607343823676493e-02,7.526785472587474990e-01,2.977430576160237236e-03,1.389172920261396750e-02,2.629175888998273522e-02,9.995533425897711322e-01,4.636093511596238448e-02,-5.524160628856499000e-02,-7.012977453055040111e-02,8.075129054779000004e-01,7.852027876310513355e-02,-1.379227841178178315e-01,-4.514148790269387201e-01,3.541783677864026453e-02,-1.548594317412219090e-01,4.438664726688817397e-01,-9.048654139491196791e-02,-1.048762422101707781e-01,-4.366524245423031303e-02,-1.276341980868370661e-02,-4.596070231355217639e-02,1.882891890558124545e-02,9.552840406408488749e-02,-3.539460224993098425e-01,1.024318142223929584e+00,8.892201802537240685e-01,2.300932004051431824e-03,-9.128356781300143302e-03,2.408903589511937615e-01,-6.139185162933884221e-02,2.476511513335409934e-02,8.001165269849758177e-01,-8.144758575512371923e-01,2.991838323077200545e-03,7.532408268200319577e-03
7.124164387244364960e-01,-1.223054575501520899e-02,7.527712108179085426e-01,-7.708048539567712238e-04,1.371574857649794470e-02,2.954998981249503179e-02,9.994689000679035651e-01,2.014740122142095677e-02,-4.181995162996813425e-02,-7.167903431396431546e-02,8.546536208298424198e-01,1.239529822837035500e-01,-1.636029576295631449e-01,-4.405474519062153038e-01,4.082765591241363512e-02,-1.672167696537356085e-01,4.459839782263407271e-01,-9.743081617651522253e-02,-1.107940044546032315e-01,-4.620136407052689853e-02,-9.723440682454734946e-03,-4.561079240904038212e-02,1.916002624793401027e-02,1.027103263792454729e-01,-3.628609716059459922e-01,1.029750124699640113e+00,8.981674565949332445e-01,1.952065763541594974e-03,-9.281801027615653801e-03,2.421860450909760487e-01,-5.956439562216712946e-02,2.099414912300073127e-02,8.036901853273830110e-01,-8.144090116403547297e-01,3.287908522913903127e-03,7.322717805664556191e-03
7.189564625945239484e-01,-1.416096405351923576e-02,7.527186496838074170e-01,-4.451282794627013477e-03,1.353329632660804638e-02,3.297164476781192649e-02,9.993547451297380979e-01,-6.386273998805806762e-03,-2.963851784959104646e-02,-7.294101258806467980e-02,9.039101197314521885e-01,1.632822754477805949e-01,-1.845319004613519276e-01,-4.294395660325329156e-01,4.587716460709020949e-02,-1.797716702577617509e-01,4.473489015994660534e-01,-1.043030173593266635e-01,-1.158599610783362932e-01,-4.888615739378283226e-02,-6.531624803652645930e-03,-4.455792747635772821e-02,1.857085525454037211e-02,1.102307459825082603e-01,-3.718161272731795863e-01,1.033735584129495289e+00,9.069469534067245986e-01,1.571439516281954250e-03,-9.418195054705959246e-03,2.423431688485166990e-01,-5.828352762618909527e-02,1.778845497949228111e-02,8.069593632407968675e-01,-8.146961007993765991e-01,3.540338576902473354e-03,6.936647021960774991e-03
7.253965130562967101e-01,-1.601704347690699817e-02,7.527095368977523293e-01,-7.685625557114267661e-03,1.320447767676042466e-02,3.613008859450234089e-02,9.992302985934889969e-01,-3.272164860838314843e-02,-1.930743803596714908e-02,-7.260809978574687962e-02,9.554171822320604024e-01,1.865457436972285110e-01,-1.973347174966181006e-01,-4.176146692304541497e-01,5.064430443833205231e-02,-1.913007096054497591e-01,4.479198545061595649e-01,-1.120017697817553420e-01,-1.201413291225292695e-01,-5.097090348186854997e-02,-4.372206099799045773e-03,-4.325793580513365849e-02,1.803063341927970201e-02,1.181975122925207067e-01,-3.801191756141761857e-01,1.036161163021863452e+00,9.150086328643758371e-01,1.216641780553597528e-03,-9.484985730557962680e-03,2.413430295002991777e-01,-5.705619465585747702e-02,1.534308249452703832e-02,8.104355732112442645e-01,-8.154489860245850430e-01,3.761565875001629446e-03,6.554774274222190285e-03
7.318106874552650076e-01,-1.782407799915334407e-02,7.528374511335774733e-01,-1.090826287814186842e-02,1.285572888914314829e-02,3.944156948237141636e-02,9.990796280974223453e-01,-5.948713796812741400e-02,-8.775475865838119546e-03,-7.213254451396659828e-02,1.002937286173021247e+00,2.111621992439475792e-01,-2.065291847570900341e-01,-4.049557484654638384e-01,5.604683162155112836e-02,-2.019836141395122964e-01,4.474769961268957874e-01,-1.219174289955328727e-01,-1.237121734779112331e-01,-5.276853274199759525e-02,-2.399727641255073284e-03,-4.253773538915583963e-02,1.794816597430174548e-02,1.263016377558817960e-01,-3.874951610303710159e-01,1.036897423722481504e+00,9.220745899674956947e-01,9.374534231443270704e-04,-9.481315930810101447e-03,2.398724318776672693e-01,-5.598248227506422842e-02,1.371966750124251413e-02,8.134443342759473117e-01,-8.166787566239549490e-01,3.906159590407147844e-03,6.313084011170448304e-03
7.382101299671847139e-01,-1.957698918638189206e-02,7.530257879891893991e-01,-1.400445879192476623e-02,1.242574209346108613e-02,4.278903248288790095e-02,9.989086919065980341e-01,-8.648721170413345427e-02,1.567387605419382976e-03,-7.159106915648172365e-02,1.047633137856328167e+00,2.326348297499715445e-01,-2.118995777459439789e-01,-3.911831439609191330e-01,6.197697535522076612e-02,-2.117401414660409487e-01,4.453209006390797531e-01,-1.321536018964412362e-01,-1.269169351128543177e-01,-5.432585248576941861e-02,-7.731221752146418425e-04,-4.224483514174890569e-02,1.840884806465073464e-02,1.344509717178393460e-01,-3.933114939497887041e-01,1.035861134532749528e+00,9.274943316676741434e-01,6.845758394986507008e-04,-9.481242355702910671e-03,2.377770598397017376e-01,-5.517849667500188127e-02,1.297534065963208867e-02,8.159712073276161881e-01,-8.184705273532298930e-01,3.999475075231408508e-03,6.123900861491515975e-03
7.445542460624990921e-01,-2.124337466793645504e-02,7.531824687338123381e-01,-1.689333145640121991e-02,1.189421069080168376e-02,4.597898810750608578e-02,9.987287298145364201e-01,-1.137081855928951946e-01,1.089585681297632579e-02,-7.102086725987516447e-02,1.090296524193405947e+00,2.434642423874261719e-01,-2.127923075738104297e-01,-3.765445947154320017e-01,6.829884943899577898e-02,-2.205058854197432250e-01,4.413755911409085186e-01,-1.412756587485378690e-01,-1.301768637193112532e-01,-5.574714296575559308e-02,5.661775266079659575e-04,-4.201347925936543826e-02,1.922251665589507288e-02,1.425030869350342178e-01,-3.972217258246728555e-01,1.033218605582369998e+00,9.309904880338695232e-01,4.531618607656235395e-04,-9.509593254008691030e-03,2.346014295709855646e-01,-5.486286394976807451e-02,1.303020550511356859e-02,8.182065795058223179e-01,-8.208392173554405202e-01,4.082810154823900313e-03,5.910222459008138488e-03
7.508508131341974368e-01,-2.280198562865668951e-02,7.533343800464963325e-01,-1.953470688512350117e-02,1.124584503940460195e-02,4.890820172922285408e-02,9.985489041603701210e-01,-1.407909533762191634e-01,1.885292015416810754e-02,-7.017575930970913756e-02,1.130172734141960733e+00,2.462979173556030521e-01,-2.110202683255808509e-01,-3.615891189006978368e-01,7.460026372930567140e-02,-2.283610938568303161e-01,4.368094002440671697e-01,-1.505439718308446695e-01,-1.333963450495226355e-01,-5.658820738464660077e-02,1.616746114965547567e-03,-4.173883905596784821e-02,2.040015330599534438e-02,1.503353812918832577e-01,-3.989678574909313880e-01,1.028906836318556506e+00,9.322641014776643642e-01,2.271589533590532509e-04,-9.510726014862396632e-03,2.305630779119676732e-01,-5.495753234568007822e-02,1.376020476408008550e-02,8.202937301504343859e-01,-8.237116696414559236e-01,4.177910451992173681e-03,5.684651338701209207e-03
7.571214031459710947e-01,-2.422474564179866868e-02,7.535692665317568206e-01,-2.206369860827080143e-02,1.046821915594828636e-02,5.159165113248512929e-02,9.983696383360722848e-01,-1.674485495715714034e-01,2.553854918823532730e-02,-6.899122551361852596e-02,1.166714629214958832e+00,2.441931026453157960e-01,-2.079253002449404919e-01,-3.466751182325945035e-01,8.064202862319534704e-02,-2.357761717951866454e-01,4.328877926892680805e-01,-1.624891938232708444e-01,-1.364225780277997513e-01,-5.645026281609998031e-02,2.742394536390793756e-03,-4.139830420079182449e-02,2.197655208802231849e-02,1.577633593929832767e-01,-3.985264295769202492e-01,1.022954878190435402e+00,9.313130877819427722e-01,1.140349956726881774e-05,-9.418333122607766908e-03,2.260315679006165701e-01,-5.538485015150288598e-02,1.506608947140922368e-02,8.224209372801525308e-01,-8.270048252822518320e-01,4.301374510175558219e-03,5.475085533352672118e-03
7.633767853540165405e-01,-2.554241371956105996e-02,7.537212658984627778e-01,-2.437803989761827897e-02,9.600645139655524657e-03,5.404193651783480851e-02,9.981948747018564161e-01,-1.937023282076005548e-01,3.101842710689040744e-02,-6.833140131532644546e-02,1.199997871579132847e+00,2.363432062340246054e-01,-2.038763085091676863e-01,-3.318273016342359050e-01,8.681397378644145624e-02,-2.421208711082815934e-01,4.288705931379664382e-01,-1.744567767276579140e-01,-1.392471520685558684e-01,-5.607599617991464863e-02,3.804996957542388855e-03,-4.099737496333542841e-02,2.415573010903811213e-02,1.648561913185920824e-01,-3.958194964223054058e-01,1.015290617787077077e+00,9.280678872981148464e-01,-2.346654465211398639e-04,-9.319195240491620277e-03,2.210120128823394037e-01,-5.608514476618807476e-02,1.700356968772883531e-02,8.244537157219047341e-01,-8.307255457919048292e-01,4.450103630834166546e-03,5.300199506840465660e-03
7.695781341066995074e-01,-2.676136857870339142e-02,7.536042679145729117e-01,-2.655996274474002605e-02,8.694933857717196055e-03,5.601120550694687478e-02,9.980389327886294293e-01,-2.197141722693173593e-01,3.604129525437624326e-02,-6.905912221734665513e-02,1.230274554687619259e+00,2.223041333938776953e-01,-1.990262256940642238e-01,-3.176681956780408878e-01,9.381538412370259150e-02,-2.468015359348401661e-01,4.248782762202177321e-01,-1.848696338817494289e-01,-1.420242090808095936e-01,-5.599082388719295311e-02,5.201638570644828014e-03,-4.038393348154567519e-02,2.695259388137262804e-02,1.714591657031961924e-01,-3.909047944924423645e-01,1.006127065182991442e+00,9.226551698698602921e-01,-5.015142216739549045e-04,-9.254007158886112458e-03,2.152056199931313141e-01,-5.719972414128796784e-02,1.953068713816528273e-02,8.263073168023239434e-01,-8.348537935288316003e-01,4.605379867102867529e-03,5.156240050406095399e-03
7.757608466394647628e-01,-2.788568307996145898e-02,7.533934402209141457e-01,-2.848718452912142249e-02,7.724427259037490098e-03,5.746415275157446684e-02,9.979111607200649159e-01,-2.450073574483286887e-01,4.007532123214628539e-02,-6.988912012909631599e-02,1.256548120293181858e+00,2.062332357972417596e-01,-1.934784725208555933e-01,-3.038198798149057134e-01,1.009171163932121029e-01,-2.501240959707469735e-01,4.211311568657525872e-01,-1.950207828060807891e-01,-1.447546511775404110e-01,-5.552886217779687272e-02,6.398204417350084397e-03,-3.955850814050324016e-02,3.045890107206261285e-02,1.776507149103578043e-01,-3.839776865754732649e-01,9.954378087327060420e-01,9.155609854284352256e-01,-7.427952869895737944e-04,-9.157196959782157655e-03,2.087434350732051414e-01,-5.845870637749830262e-02,2.253262398647084067e-02,8.280845312974700612e-01,-8.392495162747436455e-01,4.726826849312744210e-03,4.989608253879183712e-03
7.819871658825847671e-01,-2.889765171616912390e-02,7.534010403325377414e-01,-3.030937838304128759e-02,6.695492599232012905e-03,5.867360412168630412e-02,9.977945464199374781e-01,-2.693262495759072839e-01,4.266200212674143427e-02,-6.976246538798744345e-02,1.278325172054634695e+00,1.907498568841996256e-01,-1.873443519215500785e-01,-2.896112231042679008e-01,1.074341701316329500e-01,-2.533560320701193080e-01,4.179346501285417514e-01,-2.085282192929124867e-01,-1.474351907504469483e-01,-5.418705735696342091e-02,7.384881725387492518e-03,-3.869648056459441127e-02,3.475431717574416907e-02,1.833580561342185999e-01,-3.753087250365018668e-01,9.833738557740520081e-01,9.071787690906419899e-01,-9.253179953669323681e-04,-8.969946811462084502e-03,2.018996143821877032e-01,-5.969538610809930340e-02,2.593707319802722108e-02,8.299423550226883162e-01,-8.438108308843861316e-01,4.791307741825162787e-03,4.780917162498398397e-03
7.882668715292688866e-01,-2.980720871435826522e-02,7.534585921586340884e-01,-3.196897571897422408e-02,5.637338512535348782e-03,5.969254971042389779e-02,9.976888315076214431e-01,-2.926820675472439071e-01,4.360297546552287934e-02,-6.952241899580288709e-02,1.295924298342324921e+00,1.747102708864312071e-01,-1.811027528036409096e-01,-2.751473529025513787e-01,1.134379269608110918e-01,-2.563610017937863472e-01,4.147868699050900054e-01,-2.231241414561671577e-01,-1.499209527282067689e-01,-5.237030577170736362e-02,8.159815288171784128e-03,-3.787347247342952306e-02,3.992979970883085011e-02,1.887597830273788080e-01,-3.652202175401217943e-01,9.698649446698214271e-01,8.976973871385351966e-01,-1.101066171383805956e-03,-8.783870515948541749e-03,1.945545193442692333e-01,-6.088623690432477809e-02,2.947013636584529944e-02,8.320444553261328036e-01,-8.484546063536823057e-01,4.848603239038396656e-03,4.611477110336790163e-03
7.945585974329311130e-01,-3.061037377347721258e-02,7.533080068099986537e-01,-3.352941996186051266e-02,4.563833968217026298e-03,6.032986621817119227e-02,9.976047597413661983e-01,-3.151792057984665330e-01,4.338568476830255427e-02,-7.023750834626298067e-02,1.309840420741951617e+00,1.572372211271229614e-01,-1.749962755158379069e-01,-2.612123521666993020e-01,1.195090751183310873e-01,-2.585846967412916975e-01,4.120281531268439323e-01,-2.367872829927319400e-01,-1.521345212462305863e-01,-5.034785394436160078e-02,9.176407853989425323e-03,-3.697065571710522747e-02,4.591148655052074146e-02,1.938828086100799208e-01,-3.539488898450969812e-01,9.550192711264019474e-01,8.872778067642920208e-01,-1.298871676075473870e-03,-8.643709833307517895e-03,1.863554082698775094e-01,-6.219272884109744437e-02,3.288748690651099177e-02,8.345650838812309624e-01,-8.531338107209425203e-01,4.968919020061966438e-03,4.523096285446644507e-03
8.008754628617051896e-01,-3.130672554795249640e-02,7.528994158365938105e-01,-3.489054709485867739e-02,3.475950079244393386e-03,6.061545046399297032e-02,9.975451541957963686e-01,-3.367252997986158736e-01,4.235371401001718911e-02,-7.122374720491396471e-02,1.319731429557581492e+00,1.400057184306856828e-01,-1.695257201137553293e-01,-2.473659673027288619e-01,1.252209560587610737e-01,-2.603684398201306371e-01,4.087554956706964115e-01,-2.472070009121896672e-01,-1.547071582905063802e-01,-4.798163601535517658e-02,1.033684033828665555e-02,-3.605818598341482828e-02,5.255953910683559133e-02,1.986647280608465904e-01,-3.415889785070529983e-01,9.394194997143489045e-01,8.762542268421356084e-01,-1.504913496603454840e-03,-8.503480700733385272e-03,1.776714635706451717e-01,-6.360773929912734437e-02,3.617834688527899606e-02,8.372618949385556286e-01,-8.578646108996800246e-01,5.108822989301758412e-03,4.429514811175244877e-03
8.072320500095720996e-01,-3.189036028025481195e-02,7.522413893499856341e-01,-3.601435384892996000e-02,2.393540450106184086e-03,6.063709965579892891e-02,9.975071034738324238e-01,-3.573482759483797566e-01,4.084610065988988903e-02,-7.173232520699376891e-02,1.325514544059636757e+00,1.239616805884412032e-01,-1.648974522032038981e-01,-2.332954052199721351e-01,1.301935077790091488e-01,-2.622080224106618229e-01,4.044162821279237430e-01,-2.531519966683040690e-01,-1.583229406873963296e-01,-4.511326844147159343e-02,1.165420769352224807e-02,-3.525459742868957552e-02,5.977944137128491514e-02,2.030202092769190780e-01,-3.282542904679819351e-01,9.235707414381058022e-01,8.648381792134612889e-01,-1.668793235642895834e-03,-8.346045548983242399e-03,1.689006819454969277e-01,-6.514763586047996047e-02,3.938411763641537500e-02,8.399337702858834520e-01,-8.626553790293323143e-01,5.214900567950079939e-03,4.274816690327536313e-03
8.135846128925701137e-01,-3.237060675572377838e-02,7.513812926230079015e-01,-3.698859685151383025e-02,1.394465628840243013e-03,6.032724534164447122e-02,9.974921165794020661e-01,-3.772708556903994759e-01,3.946102434200866177e-02,-7.218447990732709818e-02,1.327213578681676109e+00,1.065837359495624553e-01,-1.599850566584274103e-01,-2.201533855793645633e-01,1.347813139495296630e-01,-2.636172762115265300e-01,4.008627418333740589e-01,-2.574046597662965064e-01,-1.626877703466802771e-01,-4.182374355710168773e-02,1.328927551184306416e-02,-3.443267617613113285e-02,6.711465169142614984e-02,2.068268515943250119e-01,-3.143597393524454331e-01,9.075732496510912073e-01,8.531232898994559610e-01,-1.790799525871321785e-03,-8.206094474621271687e-03,1.600784093716825507e-01,-6.683171028925617707e-02,4.238727865827054964e-02,8.425245798378651063e-01,-8.672872664811133170e-01,5.295662198922139637e-03,4.085157097047317082e-03
8.198911474254924059e-01,-3.275793484396592042e-02,7.503639218913851217e-01,-3.784202212793313924e-02,5.079725887582471058e-04,5.963734219469456893e-02,9.975024364587142811e-01,-3.966237440224478772e-01,3.858404688234517987e-02,-7.324783161833796352e-02,1.324939575674893177e+00,8.647427912624611190e-02,-1.542253371119448047e-01,-2.086009281743024801e-01,1.391265599615961190e-01,-2.642065746727470521e-01,3.993024706990546124e-01,-2.618891329158404835e-01,-1.673312650159014259e-01,-3.833153679764205596e-02,1.524453456241526075e-02,-3.332153498643623118e-02,7.410428576137029211e-02,2.099347792369155308e-01,-3.001650409405205444e-01,8.913652817582301546e-01,8.411750360079363054e-01,-1.895969948254992276e-03,-8.105692284444587087e-03,1.512209006661287269e-01,-6.867204039842787766e-02,4.510083197467479321e-02,8.449807358703874671e-01,-8.716594203164439447e-01,5.370420200589916954e-03,3.873292722574888779e-03
8.262436917092312871e-01,-3.304697333406943216e-02,7.495645974395549471e-01,-3.856243679858020051e-02,-3.000012490289761949e-04,5.880989075663871357e-02,9.975240574625749979e-01,-4.158133545954782462e-01,3.664075512163393611e-02,-7.527780097448140417e-02,1.319739367451447709e+00,6.538235833069470926e-02,-1.474876346580492603e-01,-1.962754258015869391e-01,1.436891003887756646e-01,-2.638325773911907035e-01,3.967188920101187843e-01,-2.668138588813897538e-01,-1.722721842922680102e-01,-3.522779173662805158e-02,1.714818275413667464e-02,-3.202181078733181557e-02,8.088604410587930948e-02,2.122315112639416024e-01,-2.857287088340143555e-01,8.751381394403147107e-01,8.292004680349013279e-01,-1.976720960513462990e-03,-7.938736912252943381e-03,1.428044802902319887e-01,-7.054879212204727412e-02,4.778395244942693770e-02,8.467826520471883889e-01,-8.758362320694128567e-01,5.473557371438090777e-03,3.794624408845300844e-03
8.327762101414503126e-01,-3.324819441152527394e-02,7.493678724809991198e-01,-3.892553213112422139e-02,-9.565042279776587259e-04,5.793010055188892171e-02,9.975610591239839620e-01,-4.353148474565778359e-01,3.190619159349358108e-02,-7.754427752930609374e-02,1.312635350063349193e+00,4.447531283597083024e-02,-1.398220045223620145e-01,-1.810107205526294838e-01,1.485158330118676595e-01,-2.620792637344747100e-01,3.898380951139576167e-01,-2.719440938523942641e-01,-1.777021929152725055e-01,-3.275392801094652306e-02,1.805673770496421526e-02,-3.102661138271481378e-02,8.781440807499851786e-02,2.138256796757651568e-01,-2.711212536199248402e-01,8.589190028580541147e-01,8.172971476244567102e-01,-2.035725824929385600e-03,-7.661988608310326375e-03,1.354173972969155981e-01,-7.217772473110789511e-02,5.066937122658198706e-02,8.474499952918953527e-01,-8.798756207876117230e-01,5.552382666994693655e-03,3.903077273117107511e-03
8.393771572900572409e-01,-3.342339882398880774e-02,7.491602161100251456e-01,-3.899904625566114058e-02,-1.452448864878049667e-03,5.670537450491729137e-02,9.976279192593301426e-01,-4.539017904687663307e-01,2.780577140215281795e-02,-7.843040064301519398e-02,1.302139938301582811e+00,2.297916445241731526e-02,-1.316295237067489909e-01,-1.669171619287544983e-01,1.525940900053469607e-01,-2.593977203903199968e-01,3.843421997857077166e-01,-2.778558426784296653e-01,-1.824291044104893456e-01,-2.913813284482515489e-02,1.818505576178581357e-02,-3.041758178187078943e-02,9.492648302059859822e-02,2.151123083460085295e-01,-2.566856188461265065e-01,8.426789419110792823e-01,8.057320986718348177e-01,-2.206621568371505866e-03,-7.467142813769701327e-03,1.283888312135564869e-01,-7.348322782272752318e-02,5.352811624225879694e-02,8.465811740518316419e-01,-8.833210201288694829e-01,5.609015278949214603e-03,3.868489131595892732e-03
8.458143092456040790e-01,-3.354222119281043829e-02,7.484424473637817377e-01,-4.017773002964918766e-02,-2.122367357788547491e-03,5.512323164739772741e-02,9.976686197827464575e-01,-4.700239246749882693e-01,2.950699427714846210e-02,-7.962416320238549505e-02,1.287138000736698817e+00,3.322626994830442382e-04,-1.231697623916902795e-01,-1.590314072783406973e-01,1.565752723146544567e-01,-2.613952430834351470e-01,3.880588788957373692e-01,-2.840510014037634368e-01,-1.845874691155901803e-01,-2.313935298776655450e-02,2.102162853935083536e-02,-2.927018075322553731e-02,1.019308060301421098e-01,2.154556441375743148e-01,-2.425470554466068185e-01,8.272823679850438428e-01,7.946063925544567530e-01,-2.482766312975594192e-03,-7.429268531908921579e-03,1.201483888302749825e-01,-7.514623621325478009e-02,5.608529508591331841e-02,8.446552969903821095e-01,-8.859981816273311273e-01,5.660932807585760881e-03,3.519796769678560852e-03
8.523270655767849480e-01,-3.364243036491328803e-02,7.476689255260717815e-01,-4.116308549434902209e-02,-2.828083406479307144e-03,5.387800709981786090e-02,9.976947241956243273e-01,-4.852297719030798651e-01,3.102663356653258611e-02,-8.166673844090460710e-02,1.268639894195434881e+00,-2.034776396395634665e-02,-1.160499786895013707e-01,-1.508406147192489499e-01,1.602322468720568938e-01,-2.628021340396112238e-01,3.924215780365201134e-01,-2.911811443515804898e-01,-1.872656209445481001e-01,-1.799517256809256976e-02,2.343416528524023407e-02,-2.814418185951636162e-02,1.089538277781639947e-01,2.154706915072713558e-01,-2.292007153592323931e-01,8.123105449437174608e-01,7.839205268980639074e-01,-2.737423919777926245e-03,-7.362168961152363092e-03,1.121802834207770022e-01,-7.672323926559070084e-02,5.856359890512469885e-02,8.420179075618607900e-01,-8.883105272515479101e-01,5.721848779885859750e-03,3.278735533162749263e-03
8.591335789125786881e-01,-3.368133316738412819e-02,7.476100049374305723e-01,-4.136885238800243336e-02,-3.334730807103183925e-03,5.263999540901508761e-02,9.977507652248732706e-01,-5.014110500422691574e-01,2.904255111587498647e-02,-8.395275549166034135e-02,1.247986186436608635e+00,-3.761198591105442690e-02,-1.108585706312542329e-01,-1.384524033232401030e-01,1.643805767132131557e-01,-2.616928063651350334e-01,3.910163709115384023e-01,-2.991884034782845703e-01,-1.946134843384248192e-01,-1.530748850635686893e-02,2.404803992434955545e-02,-2.763102329131024784e-02,1.156611454670784106e-01,2.147780033834444935e-01,-2.165414602633961016e-01,7.980533222176480201e-01,7.736585495771649557e-01,-2.813223645026540973e-03,-7.111498487463792373e-03,1.061270179200669989e-01,-7.819909636870298053e-02,6.109396009307319075e-02,8.392753574628418756e-01,-8.904817107273325094e-01,5.797704243182830522e-03,3.358945197562815833e-03
8.661304208958170436e-01,-3.369074860862728699e-02,7.477544508087151653e-01,-4.101193611272779121e-02,-3.653093948970181568e-03,5.108229370051490387e-02,9.978453163046765440e-01,-5.178690595734003477e-01,2.741267785316317887e-02,-8.531923126179161154e-02,1.224407607604000470e+00,-5.358438821734318180e-02,-1.064496953795821960e-01,-1.248073533635944421e-01,1.676687472845425908e-01,-2.587180996016678058e-01,3.877965596831190465e-01,-3.075667886876415902e-01,-2.012829465813748830e-01,-1.222413292387888699e-02,2.332623518978404684e-02,-2.762255287432750089e-02,1.221167984300685766e-01,2.139863539952394089e-01,-2.046323472269871990e-01,7.838733700338308408e-01,7.641525495304614113e-01,-2.900532695169117520e-03,-6.946434607358289992e-03,1.011893565063667344e-01,-7.953031079829013528e-02,6.359403639590083257e-02,8.356323944676739002e-01,-8.920533338495892917e-01,5.816509251845835941e-03,3.348377212238998115e-03
8.731404112760233760e-01,-3.360078275957543992e-02,7.477773508278195980e-01,-4.206051112061068298e-02,-4.187438045287717944e-03,4.979162319274869214e-02,9.978648069887631200e-01,-5.333549812415347979e-01,3.187633440269007495e-02,-8.828124695155394053e-02,1.198796505769204268e+00,-6.917939086726528075e-02,-1.023518746686687408e-01,-1.136686025886098211e-01,1.708168183648875460e-01,-2.570904975651048807e-01,3.901661034092511748e-01,-3.190922192098102350e-01,-1.934956924134042799e-01,-7.113970713834467073e-03,2.585275985025758255e-02,-2.714838918627601044e-02,1.280565057728268452e-01,2.125430142778645670e-01,-1.935356235133772473e-01,7.706141561773426352e-01,7.554905236497488907e-01,-3.052395714093113915e-03,-6.962349207305673984e-03,9.574468023819060480e-02,-8.149071803076712861e-02,6.584070267023187095e-02,8.312716975017664378e-01,-8.928620762552758050e-01,5.710385597047086363e-03,3.008965362347777381e-03
8.801927368344033553e-01,-3.351228246726009607e-02,7.478839923926993150e-01,-4.276288005901815459e-02,-4.602794835823706583e-03,4.842801572700251855e-02,9.979002343228018379e-01,-5.469525098491239135e-01,3.600996648441324305e-02,-8.944840982352122993e-02,1.170150878944284489e+00,-8.038111750420059987e-02,-9.979209508543931961e-02,-1.019292141713087352e-01,1.734183488155959518e-01,-2.547143149834624754e-01,3.912694190840511066e-01,-3.292726026553511320e-01,-1.840578185606625838e-01,-1.328486356523984196e-03,2.727477789877448197e-02,-2.700594299918557956e-02,1.344329963567924557e-01,2.116278068638207388e-01,-1.838219303677282312e-01,7.578019937142500551e-01,7.479565731854037614e-01,-3.198986662973880672e-03,-6.948267112011711696e-03,8.967935494808446095e-02,-8.323104486826553294e-02,6.790723476259639957e-02,8.262017318820380485e-01,-8.931857237414121409e-01,5.636988818293195251e-03,2.729484649432564487e-03
8.872458319371986368e-01,-3.337059891478348639e-02,7.486878650523373091e-01,-4.327750827736625422e-02,-4.721884888772210319e-03,4.704227211662886238e-02,9.979438201758603633e-01,-5.584367513704218133e-01,3.731204178788215947e-02,-8.886987920112988937e-02,1.139653799249480182e+00,-8.784287910602905924e-02,-9.700357068144094264e-02,-8.931506582167600405e-02,1.764079870687492446e-01,-2.502138725023149712e-01,3.886386648288906454e-01,-3.274164608707609281e-01,-1.757823483179244417e-01,3.103483951186011662e-03,2.788572514373732075e-02,-2.745924854881898539e-02,1.411117032338631005e-01,2.104180893886988257e-01,-1.755914610443312651e-01,7.467412691302318661e-01,7.416106665055260949e-01,-3.204048157741518771e-03,-6.811064183740054775e-03,8.314602020161780682e-02,-8.509675545531034113e-02,6.963327151639876755e-02,8.208036090563736176e-01,-8.931745685932205303e-01,5.666855266081924011e-03,2.631961987055726586e-03
8.942367494845880893e-01,-3.330785321493361789e-02,7.501212473080288712e-01,-4.324426049338245259e-02,-4.685398866390242008e-03,4.526888924058033309e-02,9.980274087612860390e-01,-5.670715489991648983e-01,3.547099071778306995e-02,-8.592302461065229324e-02,1.108055950287178293e+00,-9.323700226413260406e-02,-9.240775356443174660e-02,-7.891076395143828415e-02,1.790975599984926669e-01,-2.425084027905806405e-01,3.871250968185118713e-01,-3.169451420181025880e-01,-1.719919774374785160e-01,7.987209209539328919e-03,2.608207083730635159e-02,-2.802297724070540799e-02,1.473251283584193494e-01,2.093560424542559306e-01,-1.687248317898907835e-01,7.362489089518838847e-01,7.364944903211734228e-01,-2.987592665985458907e-03,-6.611722223798345739e-03,7.702663023725346558e-02,-8.670547269103459631e-02,7.135040727497021784e-02,8.153186574892428151e-01,-8.925098947431171492e-01,5.570262791827663637e-03,2.706881353370223665e-03
9.010963721062672516e-01,-3.339162128865307000e-02,7.520790019955707617e-01,-4.301508023639971645e-02,-4.784592775410294839e-03,4.351843014018352829e-02,9.981147012154281128e-01,-5.727989270134467015e-01,3.056493464420764056e-02,-8.102761676167725968e-02,1.073386360082139834e+00,-9.647484317532949161e-02,-8.699162021862502647e-02,-7.254996198339457025e-02,1.824321554435485437e-01,-2.307748694000554546e-01,3.900914554132339229e-01,-3.010137101281857852e-01,-1.769379771883110852e-01,1.392198240395957701e-02,2.203244846376563315e-02,-2.791956891922210346e-02,1.520896322529148026e-01,2.082978328736666274e-01,-1.630080830179855833e-01,7.255520007838889285e-01,7.325098277811156189e-01,-2.600078828045858468e-03,-6.331929071599825057e-03,7.220045202448717447e-02,-8.817504858925401257e-02,7.326610969081920333e-02,8.099677928835108398e-01,-8.911177333837921877e-01,5.223183285410070743e-03,2.960432612933560931e-03
9.078825805845867070e-01,-3.350697078741679547e-02,7.540146586900438042e-01,-4.387887793191463937e-02,-4.935395600327610079e-03,4.272931100013164368e-02,9.981104607823515495e-01,-5.767577914726814692e-01,2.772964228557876776e-02,-7.648930342650468728e-02,1.034410922836268565e+00,-9.650793773750389326e-02,-8.224520062807223753e-02,-6.580827101979491722e-02,1.879138574116016314e-01,-2.197998433847962729e-01,3.921629714769701014e-01,-2.834288268737821803e-01,-1.831358405902734632e-01,1.800829993453157210e-02,1.977690237737742343e-02,-2.718752136193156033e-02,1.552943901536661953e-01,2.065379622498919876e-01,-1.586217737654450899e-01,7.167909072066790399e-01,7.296855551110088545e-01,-2.307191330514990479e-03,-6.032193903331103425e-03,6.836681293761509570e-02,-8.979377144103253827e-02,7.534032588085612381e-02,8.047879979609247059e-01,-8.895609613269299665e-01,4.913600220458121115e-03,2.991193934370747504e-03
9.145902246494289622e-01,-3.350544104833250852e-02,7.551311259877505622e-01,-4.531564638621046054e-02,-4.749938844423797803e-03,4.094042902974810022e-02,9.981220325053279385e-01,-5.789170033619763789e-01,3.061833607373184649e-02,-7.314294440515024809e-02,9.928441809579672261e-01,-9.480648628471952111e-02,-7.687831267428521520e-02,-5.786190173086544486e-02,1.875986350298434469e-01,-2.213321119947391225e-01,3.870580095864045722e-01,-2.958071047104945950e-01,-1.790164188160194014e-01,2.178697183299686119e-02,1.961320566918376557e-02,-2.631370735395392041e-02,1.580416894093386593e-01,2.041569504973484162e-01,-1.553910600060508518e-01,7.102938877435110987e-01,7.279027433153151261e-01,-2.120330212790020111e-03,-5.768577715092366824e-03,6.426507499109376798e-02,-9.129023414725388752e-02,7.780388622008546640e-02,7.995901982851414402e-01,-8.880989368722786992e-01,4.750162980804432077e-03,2.741309019706547959e-03
9.212327334359101672e-01,-3.342958646973027276e-02,7.557631399102344716e-01,-4.624637790111019164e-02,-4.412866361777559830e-03,3.913291848958341812e-02,9.981535021388184825e-01,-5.788620490864568868e-01,3.339734545413790973e-02,-6.976097682382374765e-02,9.484978918391496761e-01,-9.313229724434392287e-02,-7.128597959728230626e-02,-5.037706867493291218e-02,1.863053852105428509e-01,-2.209852959496699243e-01,3.833413408056050020e-01,-3.057656651972784356e-01,-1.704311740694532951e-01,2.434908480583074589e-02,1.925663051742206727e-02,-2.507764624728376496e-02,1.600488843475232348e-01,2.019230620805397280e-01,-1.532373461458324260e-01,7.053214099851804475e-01,7.271642139318379439e-01,-1.785610916618608031e-03,-5.414090784821521014e-03,6.002866802439554145e-02,-9.248775628247175862e-02,8.048791177342701220e-02,7.940310747677634673e-01,-8.861504080633927360e-01,4.416940342033235344e-03,2.593376818416850884e-03
9.277841947537156519e-01,-3.307626870907576927e-02,7.563555595587470037e-01,-4.625943923104443301e-02,-4.095064882879653756e-03,3.775776131482029563e-02,9.982072160559285479e-01,-5.764661741962840980e-01,3.241978564914904659e-02,-6.380793532768100351e-02,9.015607263303248020e-01,-9.295494170028766046e-02,-6.537299693938569689e-02,-4.426332946734850421e-02,1.822301294058911170e-01,-2.171429237323719841e-01,3.802718789570421198e-01,-3.031769148428933858e-01,-1.577570027719904511e-01,2.598206809823901814e-02,1.859844917077682624e-02,-2.345434519405100587e-02,1.608986699870501580e-01,1.992576241503107581e-01,-1.520121313418674736e-01,7.017032613626708049e-01,7.273774297828362601e-01,-1.188928688608113359e-03,-4.872951490114854449e-03,5.575682092753156405e-02,-9.449135632285657338e-02,8.327905653747576242e-02,7.876887386095053900e-01,-8.835294575308280107e-01,3.727631478339286063e-03,2.705457236711868510e-03
9.344756489750641881e-01,-3.249563679608397093e-02,7.567156811633176661e-01,-4.612678861158929500e-02,-3.842076892415565749e-03,3.641522602452543222e-02,9.982642381309253521e-01,-5.722941088357411665e-01,3.088452714206994104e-02,-5.648460525410103905e-02,8.521619173206739228e-01,-7.876396817434450082e-02,-6.551659238397777862e-02,-3.837661878046652597e-02,1.787358529657332717e-01,-2.101700426319208503e-01,3.780295437217290888e-01,-2.939341109187306178e-01,-1.507832925557704429e-01,2.813962083050092211e-02,1.925602135815642629e-02,-2.332909491548904035e-02,1.622233571515823980e-01,1.966402008713726834e-01,-1.518170291296156993e-01,6.984840889684544862e-01,7.285222305534361231e-01,-7.792261349080464817e-04,-4.549461887132962012e-03,5.170440901726091470e-02,-9.718999321614207876e-02,8.594602890361745240e-02,7.814149447013235550e-01,-8.808658069251439349e-01,3.245715931242407551e-03,2.807662188159401953e-03
9.415175901548142878e-01,-3.178997374571607137e-02,7.567245550738715965e-01,-4.619046105540053349e-02,-3.686129399019058041e-03,3.489879101281466445e-02,9.983160533088347721e-01,-5.666260210620394089e-01,3.081971543194867921e-02,-4.879705335903324059e-02,8.033510016147391575e-01,-5.304430457082590783e-02,-7.089746530893263621e-02,-3.133274263856748731e-02,1.772969201183479115e-01,-2.012749810520410576e-01,3.764767048707645669e-01,-2.850125605568155640e-01,-1.506226774649724043e-01,3.179750079764724624e-02,2.170086931520272266e-02,-2.641679473417749696e-02,1.654124130815561311e-01,1.947369365503386907e-01,-1.525502417630242857e-01,6.953680503279977554e-01,7.305014899015220831e-01,-8.023581048012220400e-04,-4.552188270866107736e-03,4.799504823878239512e-02,-1.000696280769760027e-01,8.833462131555218366e-02,7.762747345102888330e-01,-8.784011178066079006e-01,3.310127783914400788e-03,2.805540709961040508e-03
9.485696201089299784e-01,-3.104695110184199983e-02,7.569964057952504044e-01,-4.642867460074133479e-02,-3.613651662143539493e-03,3.340965032244611749e-02,9.983562064522938373e-01,-5.538642429166286130e-01,3.164421832227157921e-02,-4.415240076607575281e-02,7.511946172403489719e-01,-3.453415488180168469e-02,-7.432240899189186678e-02,-2.442919333557515282e-02,1.753453053484150259e-01,-1.939243727311959486e-01,3.766040241299301039e-01,-2.742708741872572076e-01,-1.425200103793893835e-01,3.570934276834422660e-02,2.494409353095751111e-02,-2.977801593731403337e-02,1.688684238198000231e-01,1.931637663826005491e-01,-1.537899070862523143e-01,6.925042026997305644e-01,7.327833160857066819e-01,-1.110879312442063921e-03,-4.665275959071693568e-03,4.369327861378517058e-02,-1.032582398562065518e-01,9.033124399961353634e-02,7.723280605447397917e-01,-8.760142631263798663e-01,3.655817216994013043e-03,2.920335575975631370e-03
9.552405028965104128e-01,-3.031546648772952268e-02,7.581624674399128905e-01,-4.735631159422209330e-02,-3.030079254760732234e-03,3.210391596518383933e-02,9.983574194403531665e-01,-5.319795512167905249e-01,3.239613119852791795e-02,-4.947852949393707900e-02,6.875431532091214049e-01,-4.183185261801090904e-02,-7.177426451491730752e-02,-2.007222770784952703e-02,1.715768369920767089e-01,-1.918576970412478322e-01,3.794052543569269575e-01,-2.669175373566355369e-01,-1.085573982001167281e-01,3.882166112516471229e-02,2.918952220532760461e-02,-3.163193874546115641e-02,1.709327869747596651e-01,1.911860543405169144e-01,-1.553718301943783076e-01,6.899768320460867299e-01,7.351521696905386483e-01,-1.578973626355803170e-03,-4.806667536746841128e-03,3.824878295962572811e-02,-1.072887070402383375e-01,9.184143390219857983e-02,7.691937165987163816e-01,-8.736441698051774507e-01,4.142672975968614106e-03,3.216719450361571215e-03
9.615928304567299412e-01,-2.994712897004367380e-02,7.602393306661929806e-01,-4.851161168664650664e-02,-2.099819379737086125e-03,3.051851757788931821e-02,9.983540626325835277e-01,-5.155515669998743666e-01,3.639935920391607072e-02,-5.121507791254957531e-02,6.344724459265470573e-01,-4.278251270939232437e-02,-7.142060931873854546e-02,-1.626001248606285740e-02,1.697106897062281017e-01,-1.905057713859968915e-01,3.802601491954832880e-01,-2.456354913422054420e-01,-7.946771652618372928e-02,3.994182990592410470e-02,3.128708826389800524e-02,-3.253492578543501490e-02,1.730014777091163358e-01,1.896419244415661065e-01,-1.568242125242525487e-01,6.881661132837844086e-01,7.381327881335079111e-01,-1.596691880615457200e-03,-4.479818163975505044e-03,3.454441867702227886e-02,-1.101680441830009544e-01,9.406587584792934498e-02,7.658392395167614719e-01,-8.714268195831713637e-01,4.048409325721267875e-03,3.292543247133597646e-03
9.676206064296720699e-01,-3.048849382359118676e-02,7.631858785148779578e-01,-4.756108951776026605e-02,-1.806001812809426106e-03,2.883000063085297549e-02,9.984505775873885325e-01,-5.148845580949289458e-01,4.258887914112344242e-02,-3.971265809925468571e-02,6.047678332397735668e-01,-2.454827475082182325e-02,-7.326500260847894352e-02,-9.893684828436347112e-03,1.704420325381798829e-01,-1.799706425069561300e-01,3.780598500515939819e-01,-2.389650586931490739e-01,-8.755088370476560300e-02,3.711346552120604186e-02,2.361505142050124989e-02,-3.062732752547717152e-02,1.755258509977100367e-01,1.907529662582327090e-01,-1.577480549258065412e-01,6.871354985484069422e-01,7.418345242020598640e-01,-8.996946237822162377e-04,-3.614823965240802732e-03,3.487760151423469068e-02,-1.086581799148754746e-01,9.775582399495109931e-02,7.618526361008337577e-01,-8.693914401666374969e-01,3.048338321456626771e-03,2.959822561803641776e-03
9.729937126765841882e-01,-3.120242304553626569e-02,7.660677576446977000e-01,-4.680988919839966511e-02,-1.633614700048451095e-03,2.689283283586249573e-02,9.985404053508840638e-01,-5.189113209392001158e-01,5.263712063135707331e-02,-2.665978124833087368e-02,5.772347041586292082e-01,1.088382322580961487e-02,-7.496569965234520239e-02,-1.280370244480268788e-03,1.725344546281706026e-01,-1.704098491579367491e-01,3.711130869243577379e-01,-2.282624381885191289e-01,-1.015032334103334322e-01,3.582358953136820234e-02,1.558556153830571549e-02,-2.314132123254493065e-02,1.760778615469750230e-01,1.912715810188366783e-01,-1.584220075007483353e-01,6.868392384298922515e-01,7.457325307383112500e-01,-3.048424350671588871e-04,-2.041861364832620995e-03,3.436192640180373709e-02,-1.062038993519905938e-01,1.014794366057891334e-01,7.583564407351818248e-01,-8.670247385149412178e-01,1.671669237591522170e-03,1.994434654299763899e-03
9.768194560517141634e-01,-3.152610472588186080e-02,7.677999104045661882e-01,-4.750819533284585117e-02,8.705079535698608418e-05,2.686532286038175246e-02,9.985094983153556258e-01,-5.310659157820964982e-01,5.828602430776935045e-02,-2.663665445776602567e-02,5.220378313489110189e-01,-2.395819420544904876e-02,-6.326650386026733131e-02,5.453364201531970407e-03,1.747419231315225918e-01,-1.625847828661700079e-01,3.616929368903942787e-01,-2.620872915685197868e-01,-8.455797893571115331e-02,3.760898102517000463e-02,1.370219380622230559e-02,-7.098887895763336675e-03,1.704368247384089596e-01,1.892428211822230200e-01,-1.593461451740220691e-01,6.858042862415643093e-01,7.496212747934671849e-01,-2.290225023146103206e-04,1.961328759707459297e-04,2.712756190649646265e-02,-1.054713609898825788e-01,1.036806485291492108e-01,7.550039804466128768e-01,-8.641766338537758552e-01,4.086112993380059018e-04,2.663425481311833785e-04
9.808836601572118452e-01,-3.150668717488897680e-02,7.685419371348690687e-01,-4.857157185842390923e-02,1.699740165859955042e-03,2.678119385204033934e-02,9.984591533690451159e-01,-5.406126394676401548e-01,6.164197676640165158e-02,-2.780229031218727637e-02,4.602856601645051171e-01,-5.091799806921392529e-02,-5.459685194198080765e-02,1.387479085462809021e-02,1.774074742779314928e-01,-1.561327103282032225e-01,3.516888911530334783e-01,-2.897992815409261569e-01,-7.074506112709597061e-02,4.112637433932500586e-02,1.484564403572393755e-02,7.003376090848511398e-03,1.660072127180476365e-01,1.867251530226716472e-01,-1.608750938193223290e-01,6.842996933916799529e-01,7.538835176683278405e-01,-2.678366103199726492e-04,1.581485195618666110e-03,1.895555907834595849e-02,-1.061967900349427701e-01,1.058350133096366968e-01,7.511788915550204893e-01,-8.612592105203229487e-01,-2.627740091107872268e-04,-7.821839091999903491e-04
9.870102018741178096e-01,-3.121514073976216705e-02,7.685002116658520288e-01,-4.853432846979679333e-02,2.357110802825153513e-03,2.520162157342063433e-02,9.985007292549530344e-01,-5.364567336621082205e-01,6.236158553616968914e-02,-2.133328508579418123e-02,4.073960336812276206e-01,-4.146102054106554774e-02,-5.355926450315633136e-02,2.639320398964419695e-02,1.794298323829832120e-01,-1.515041834404683985e-01,3.435412802212508554e-01,-2.900099185473654639e-01,-7.034714085250860782e-02,4.442338516603119847e-02,1.466973663505992051e-02,6.816077597026936816e-03,1.694808119047421513e-01,1.857258508508854156e-01,-1.632477448500604944e-01,6.840727698294147840e-01,7.586098638473541822e-01,-2.527686054524358027e-04,1.575592037876934887e-03,1.591371075010374406e-02,-1.075761428083932547e-01,1.086820471057393656e-01,7.476257731073113755e-01,-8.584302123614083735e-01,-2.653262485379976644e-04,-7.613037822724549961e-04
9.936500870056604873e-01,-3.118682511862404597e-02,7.674722881042802536e-01,-4.757946232424028338e-02,3.290576904742798826e-03,2.281806057423325582e-02,9.986013734119338903e-01,-5.317490052579852966e-01,5.904574448538809500e-02,-1.876983905963373889e-02,3.609284636239561972e-01,-4.118724412612430330e-02,-5.727387940460205995e-02,3.861431411193291807e-02,1.815127066364685127e-01,-1.475210520478106857e-01,3.378248395157271156e-01,-2.846921472971120082e-01,-7.031299500838657235e-02,4.904855924186123095e-02,1.072308073789413410e-02,2.588584595641443831e-03,1.767488918566472167e-01,1.871516208424507666e-01,-1.665726107125039823e-01,6.906675853713898361e-01,7.637162002525018645e-01,7.508276397353154212e-04,-6.145171591008177781e-04,1.137096986973979221e-02,-1.069511765245299284e-01,1.139943857308795272e-01,7.463596103740699483e-01,-8.556010850439855764e-01,1.993509971932051739e-04,1.480721942299233380e-04
1.000468748917217265e+00,-3.134486865248584803e-02,7.653849602474236402e-01,-4.669957970933238944e-02,4.181135534155069888e-03,2.027628858061268288e-02,9.986944174681323672e-01,-5.280719048353124112e-01,5.546832552956711127e-02,-1.660008483835001547e-02,3.202409390028592706e-01,-4.247467402390048274e-02,-6.169335274376014366e-02,5.007719304670774085e-02,1.859481345660130847e-01,-1.427037920548518968e-01,3.375847770908124157e-01,-2.806269735550481759e-01,-7.099482864515661851e-02,5.478202606779587064e-02,5.795478258996742196e-03,-2.902796897001261485e-03,1.856843570338346516e-01,1.895910024822032580e-01,-1.700230713370019242e-01,6.996075300342960990e-01,7.691058662164522719e-01,1.885439204074384166e-03,-2.919093970304553493e-03,6.496541409791985709e-03,-1.052903764009611720e-01,1.198482250291319079e-01,7.458365871844956363e-01,-8.530339138236463503e-01,5.947303828518128808e-04,1.232773412224037182e-03
1.007204823816054029e+00,-3.159514501979673179e-02,7.621938522975877373e-01,-4.660161937806694965e-02,4.783999115214089722e-03,1.833226269679287534e-02,9.987338637335890779e-01,-5.266286244454125853e-01,5.338145096036216869e-02,-1.372735267026688882e-02,2.845041231834525286e-01,-4.254167785034398963e-02,-6.559705858355419084e-02,6.098581877583360983e-02,1.937519539855176443e-01,-1.370431944480816622e-01,3.435398907754255715e-01,-2.805798120639538262e-01,-7.261554027686932533e-02,6.112196589432952742e-02,2.017191743290932919e-03,-7.423531010911139753e-03,1.941210679763788471e-01,1.919238346558153341e-01,-1.732483735835029237e-01,7.076868261666571236e-01,7.746940353323522599e-01,2.548880726720208212e-03,-4.455731167596517495e-03,2.369491352942214996e-03,-1.036202403295058139e-01,1.251165224143303834e-01,7.453364602573319120e-01,-8.507671206663406371e-01,7.852944508826920425e-04,2.127823616520627993e-03
1.013796602428975957e+00,-3.168308348694989091e-02,7.580781064223328647e-01,-4.649017976996841495e-02,5.326549886074840104e-03,1.646365118547390635e-02,9.987688357140400708e-01,-5.276605739542981066e-01,5.098815906471855508e-02,-1.250216593592317141e-02,2.550134020881950070e-01,-4.250924429324640097e-02,-6.824360721074060332e-02,7.177514963473211052e-02,1.989007072794510000e-01,-1.326559198811279594e-01,3.488850715324915419e-01,-2.783587352134684889e-01,-6.857355985714987112e-02,6.685647006988812424e-02,-9.397285075687777239e-04,-1.076650278685628570e-02,2.019412617872469173e-01,1.937614769588099084e-01,-1.765410814028010311e-01,7.153592916117822442e-01,7.800101315300792537e-01,3.161738660158358409e-03,-5.723240879845681653e-03,-1.433713164896125054e-03,-1.025593303354649377e-01,1.303606594685437492e-01,7.447137105944954261e-01,-8.491014604671152100e-01,9.149020294645494964e-04,2.869336687589818958e-03
1.020215323537356555e+00,-3.151363070832782776e-02,7.533385969518079373e-01,-4.585041059512450640e-02,5.973211877131640729e-03,1.462914470403001328e-02,9.988233320829855710e-01,-5.310192672441248485e-01,4.765618265360475891e-02,-1.224471411728534666e-02,2.335126920651706961e-01,-3.918622583040529128e-02,-6.901716839915109092e-02,8.273217278981871703e-02,2.010715101179890718e-01,-1.269834437699741136e-01,3.531077351135532005e-01,-2.814709299083092420e-01,-5.999386672768159540e-02,7.043173768556533487e-02,-3.307054508421307468e-03,-1.267248196027095410e-02,2.087012069505826406e-01,1.951089684751739495e-01,-1.802129544383783977e-01,7.232423813362881537e-01,7.849597617040903197e-01,3.866187930337348921e-03,-6.996336047812057833e-03,-4.903509303223106686e-03,-1.020087558291661173e-01,1.356120533992795918e-01,7.441593998357181050e-01,-8.480731332683358881e-01,1.041499168562296917e-03,3.435889166946414289e-03
1.026511208487203897e+00,-3.125174961385261685e-02,7.488162130325672905e-01,-4.508415124931355183e-02,6.609494854093491724e-03,1.273794884612608307e-02,9.988801121972026298e-01,-5.353387868437371466e-01,4.431704738933518739e-02,-1.247849116845815495e-02,2.206320513378643433e-01,-3.514215972965131080e-02,-6.778717929539257447e-02,9.313867430741616660e-02,2.026623235922895838e-01,-1.214144316976593641e-01,3.566317782984014251e-01,-2.859213262486748341e-01,-5.593999461944641760e-02,7.311989966749812830e-02,-5.155461114223651442e-03,-1.357404292990724640e-02,2.142705680755343511e-01,1.962775844789421409e-01,-1.838656626726041521e-01,7.311123375805896885e-01,7.899376147489445277e-01,4.478363890679354017e-03,-7.999991370387784378e-03,-7.368254489420815803e-03,-1.015264506798796568e-01,1.407372312512725765e-01,7.438366691912258188e-01,-8.477678557390708747e-01,1.019992281465564128e-03,3.864515952174548200e-03
1.032755265751930107e+00,-3.101147967421797463e-02,7.452971540585141552e-01,-4.451751063749059129e-02,7.141728000904244526e-03,1.092533111492883027e-02,9.989233324474061648e-01,-5.393475730812973268e-01,4.133826159051785104e-02,-1.406251934956074569e-02,2.146942059160477922e-01,-3.266897042319689970e-02,-6.587243777150236790e-02,1.025889228374856632e-01,2.042863274372350713e-01,-1.171812351238321198e-01,3.598969605139109573e-01,-2.889125961360501371e-01,-5.621423075965677196e-02,7.559312723023207947e-02,-6.559864930269500641e-03,-1.399539048585730049e-02,2.186759484672636811e-01,1.974977558351759532e-01,-1.872213248474843550e-01,7.387054962062861163e-01,7.950466520727713648e-01,4.949616570909722707e-03,-8.650475748969013029e-03,-8.216669608219526189e-03,-1.009293980636981475e-01,1.458161977508720675e-01,7.438448017705567850e-01,-8.481323396608334564e-01,8.251487317137698105e-04,4.197800297795270009e-03
1.039057566114821807e+00,-3.071335286298857228e-02,7.426535323726384252e-01,-4.418709868194749951e-02,7.561994106376982577e-03,9.180775169879936901e-03,9.989524395365582121e-01,-5.433801704164649138e-01,3.912423409025005128e-02,-1.626613012688154711e-02,2.147592484182841988e-01,-3.033646404572405003e-02,-6.434243130822893397e-02,1.110281570251403921e-01,2.056544895651356841e-01,-1.141846173719785751e-01,3.636614598801912734e-01,-2.901740692378470543e-01,-5.851427277020842393e-02,7.752586975708150585e-02,-7.233522264999522368e-03,-1.463832811644507834e-02,2.227762653269596826e-01,1.984539433091154770e-01,-1.903886484215324137e-01,7.462875421063352999e-01,8.000769553115868460e-01,5.348920793212804531e-03,-9.253254097669480829e-03,-7.726619201364849816e-03,-1.005401138821635648e-01,1.510995619833470638e-01,7.440073085755900539e-01,-8.491787434067799012e-01,6.359244860564923149e-04,4.433725520901051799e-03
1.045525762946722947e+00,-3.028275048000480391e-02,7.407521197102757693e-01,-4.410970580079088404e-02,7.772365209429497011e-03,7.508922048577847813e-03,9.989682378749021874e-01,-5.474775797003339495e-01,3.773455491061027123e-02,-1.853629273137080355e-02,2.202369035309477141e-01,-2.734007675794878495e-02,-6.313517330592914589e-02,1.187838856062098242e-01,2.065650615231842679e-01,-1.122708887511045528e-01,3.683709313105243410e-01,-2.895368997338851336e-01,-6.090585624569708895e-02,7.872105199292275812e-02,-6.947936168069938218e-03,-1.591459006499119228e-02,2.272364776784977780e-01,1.988852173027627901e-01,-1.935158683376637656e-01,7.541044466735862262e-01,8.049746670488256983e-01,5.720257879122203279e-03,-9.927101419537523452e-03,-6.146245946567219405e-03,-1.006116394499523281e-01,1.565997608834248933e-01,7.441735232588603255e-01,-8.508392761702114893e-01,4.864835008886192209e-04,4.578548528089680485e-03
1.052189897511985883e+00,-2.970253026047029593e-02,7.394103724910087161e-01,-4.387895390939573759e-02,7.822508307486559370e-03,5.826785870526397619e-03,9.989892363454249136e-01,-5.513950428546556815e-01,3.568219877290677855e-02,-2.099497039806541565e-02,2.299366158452422482e-01,-2.327236440479767826e-02,-6.076274065013886200e-02,1.261357524514909179e-01,2.063084834972326864e-01,-1.103632045512733112e-01,3.739485809613293799e-01,-2.875281736789769838e-01,-6.294205476530970178e-02,7.989975586942106578e-02,-6.745703532070237290e-03,-1.724872302839683055e-02,2.314858941320731833e-01,1.989872536022450622e-01,-1.962979572133135842e-01,7.618217739127166599e-01,8.097505266721639616e-01,6.060913549231561510e-03,-1.047088419143076855e-02,-3.836630050949340828e-03,-1.008916071825831373e-01,1.619305636539563331e-01,7.444039172584840935e-01,-8.530298422289541715e-01,2.111254824349637180e-04,4.715963513186162068e-03
1.059010490197941134e+00,-2.897893702217232276e-02,7.385246236447834400e-01,-4.307609946995970968e-02,7.878391857919943633e-03,4.190408645229861360e-03,9.990319419676093604e-01,-5.559836890518421448e-01,3.075517648025657275e-02,-2.353941266134091173e-02,2.429876036815139528e-01,-1.371819270451487237e-02,-4.894789918171738030e-02,1.329022313301610470e-01,2.041749003926483785e-01,-1.077735227254245781e-01,3.802565143855238250e-01,-2.830732170581671259e-01,-6.428767181562458632e-02,8.140346352300188715e-02,-7.742909441240141723e-03,-1.810278214545131895e-02,2.347687032644871497e-01,1.989983173326914934e-01,-1.984712158617442657e-01,7.693908569263523400e-01,8.144131231251801051e-01,6.394466518395734017e-03,-1.080105071602976280e-02,-1.364815150275158328e-03,-1.010665773610437551e-01,1.669423893084887311e-01,7.449066072592332999e-01,-8.556491484877732923e-01,-1.839999004133871453e-04,4.856237558079437924e-03
1.066058809713249067e+00,-2.812360613718372510e-02,7.380205604763333538e-01,-4.203035229428835756e-02,7.864848210181525634e-03,2.586327069089127025e-03,9.990819671057424856e-01,-5.595887372729980713e-01,2.450629551587930888e-02,-2.651327453044150309e-02,2.573078388650443249e-01,-2.075074840164684562e-04,-3.378618173164230770e-02,1.397166157889038751e-01,2.009776243341411250e-01,-1.047954517134202651e-01,3.868947396689055296e-01,-2.776060918550687928e-01,-6.542784263459426597e-02,8.304854975756031932e-02,-9.127850091807748756e-03,-1.867221209972788273e-02,2.375429640866763004e-01,1.986722595224194865e-01,-1.998580773444215974e-01,7.772117981670697562e-01,8.189202268617687963e-01,6.797851628123087117e-03,-1.106311678016947374e-02,1.495982829030456564e-03,-1.011052060605202030e-01,1.719496297207587787e-01,7.455725095112117895e-01,-8.584254558163840754e-01,-5.162787271909074311e-04,5.010654635458552768e-03
1.073375359989361177e+00,-2.714949184196729925e-02,7.378299174822835482e-01,-4.096240159253124874e-02,7.845073741051500696e-03,1.230194942801588528e-03,9.991291323418470816e-01,-5.615837684752446046e-01,1.792505743988712791e-02,-2.933579525691297138e-02,2.713793875919068288e-01,1.633716936623637664e-02,-1.890914520204600019e-02,1.467044991317115188e-01,1.973111714417619400e-01,-1.018821157673531347e-01,3.935782085445183043e-01,-2.709086245304943019e-01,-6.667462506715508830e-02,8.435763983878440120e-02,-1.035977252060167261e-02,-1.931485743204595928e-02,2.401013191306350381e-01,1.978676039191431257e-01,-2.004943355379864289e-01,7.855346849005424570e-01,8.232488969985478633e-01,7.322856446786149727e-03,-1.132370962365504378e-02,5.004731456313032609e-03,-1.009732572919746357e-01,1.770071137620365109e-01,7.463307484434461569e-01,-8.612504187007714584e-01,-7.602988637490604119e-04,5.170328633422884533e-03
1.080878798360748849e+00,-2.609376511320682032e-02,7.380098159533131641e-01,-3.975379953776843334e-02,7.812784042385619021e-03,-8.638848826794838509e-05,9.991789571267235548e-01,-5.612892188188679521e-01,1.209457365750625166e-02,-3.111271998503208416e-02,2.843002490546896466e-01,3.358866393999014599e-02,-5.972876818198543866e-03,1.531218027878707977e-01,1.928464297983812914e-01,-9.910885720327260173e-02,4.012123167734677476e-01,-2.628717878883460313e-01,-6.731691080708510078e-02,8.568332974323866758e-02,-1.162632526192982664e-02,-1.998422345835346864e-02,2.424339775506005323e-01,1.964758922994969681e-01,-2.002435871706229054e-01,7.940098172473747384e-01,8.271277324132210174e-01,7.834231719923191034e-03,-1.148958756020721471e-02,9.086553155037329146e-03,-1.007722426861536041e-01,1.816582044531235840e-01,7.474839537022540670e-01,-8.639853638906683786e-01,-1.118048624759622250e-03,5.326582161628640871e-03
1.088484877603265177e+00,-2.498186054696161298e-02,7.385946771596397786e-01,-3.834154487627267072e-02,7.762667871995577312e-03,-1.230037053993901161e-03,9.992337834225057946e-01,-5.587576666556877125e-01,7.470846511158511088e-03,-3.099178286474915320e-02,2.954822784006692626e-01,5.061929168861044326e-02,3.305245990517732130e-03,1.585630620345569175e-01,1.874527528845466307e-01,-9.679856484176072029e-02,4.102427106520733502e-01,-2.533662231299495526e-01,-6.679054810110744700e-02,8.680700723183618073e-02,-1.296235140289411780e-02,-2.061342052916973269e-02,2.444196683687126781e-01,1.944028376827179327e-01,-1.991642989510508110e-01,8.023999246757720361e-01,8.305105373348421471e-01,8.281436249214426532e-03,-1.153870413718811883e-02,1.377186708126170930e-02,-1.007157708456581924e-01,1.856599715923306915e-01,7.490886597191067642e-01,-8.665482822553944864e-01,-1.585484219909508857e-03,5.470257017347528866e-03
1.096143700447791192e+00,-2.386249071114431367e-02,7.395391792510742635e-01,-3.659145381015400239e-02,7.649646725757569890e-03,-2.164811208681820080e-03,9.992986485043335865e-01,-5.543967515128906953e-01,3.084833781969615295e-03,-2.970055934410025661e-02,3.055815678735223084e-01,6.570003114553098211e-02,8.511267028496950771e-03,1.626713460957439072e-01,1.809695102623941898e-01,-9.481198100800197759e-02,4.213383707773967202e-01,-2.425342764269987350e-01,-6.509124207237955428e-02,8.773529770298248154e-02,-1.484028477614109456e-02,-2.115117756013506004e-02,2.460618265760040613e-01,1.918978252140012830e-01,-1.972146120899292698e-01,8.107567923690719436e-01,8.333454229742602859e-01,8.748733175963025258e-03,-1.157879563976058936e-02,1.929872180426735889e-02,-1.004772868024683685e-01,1.890171424700895497e-01,7.512580343945522987e-01,-8.685191160386872555e-01,-2.002188121550488222e-03,5.628833262248446670e-03
1.103827010489195404e+00,-2.276458400572066096e-02,7.407869373137517810e-01,-3.450162486319117289e-02,7.407692903162009165e-03,-2.905655953940068474e-03,9.993729639784786345e-01,-5.484072864608228182e-01,-1.460288573831939989e-03,-2.768641399932181626e-02,3.149630257767084274e-01,7.780945421331715572e-02,9.833909609888826994e-03,1.654409364099650448e-01,1.734637145536551406e-01,-9.305400755382703393e-02,4.347683741402486590e-01,-2.304195628384434202e-01,-6.218841340409380497e-02,8.853029530079277454e-02,-1.736295632109377193e-02,-2.156775701656845484e-02,2.474334383105338264e-01,1.891106416941789048e-01,-1.944197567883291788e-01,8.191302794006484200e-01,8.356593973956871757e-01,9.270699051878151381e-03,-1.162424130379251068e-02,2.583729390336940088e-02,-9.988051107055374855e-02,1.917642021029666299e-01,7.540588391434651649e-01,-8.698114609673059938e-01,-2.317672215949801232e-03,5.818406784683074519e-03
1.111571544766732034e+00,-2.161977647035347866e-02,7.422828741934586194e-01,-3.229233320129636792e-02,7.125406750822957554e-03,-3.414051900659026938e-03,9.994472362484532191e-01,-5.413241844628544630e-01,-6.033868354590268997e-03,-2.492904567343497482e-02,3.238742779383029236e-01,8.695868662142833272e-02,8.893393029747242301e-03,1.667164078512144432e-01,1.652057862870396354e-01,-9.198893012743869502e-02,4.504861985327492380e-01,-2.166039011674095460e-01,-5.762365401888371041e-02,8.913652582604143781e-02,-1.986037712145503897e-02,-2.206350844524987420e-02,2.484561663547772414e-01,1.858037016815924647e-01,-1.908197375314561184e-01,8.276811373416037565e-01,8.373847894791239810e-01,9.749693838242432312e-03,-1.156115338849582168e-02,3.299928035933047399e-02,-9.910897443565656884e-02,1.934570732305464502e-01,7.575799128321182296e-01,-8.702982673596150187e-01,-2.682478701690586137e-03,6.000877556774944672e-03
1.119400032863566263e+00,-2.038259377906145517e-02,7.439646631985562530e-01,-3.007997541890984269e-02,6.834661249699227129e-03,-3.691440774985972357e-03,9.995173113805505549e-01,-5.334252169825780543e-01,-1.066194790699285383e-02,-2.148978014515963431e-02,3.324511898326492076e-01,9.330976932551592051e-02,6.963155839379306898e-03,1.663925087563389027e-01,1.563266643463568917e-01,-9.179375200439121585e-02,4.685570626903778346e-01,-2.008156603488062131e-01,-5.111104075361052462e-02,8.956611409251050149e-02,-2.197251468412530703e-02,-2.265663194318499885e-02,2.490394604197379846e-01,1.819083006741355202e-01,-1.865241728650384179e-01,8.364168476864503043e-01,8.385577881603042405e-01,1.017526780658766124e-02,-1.138499939601194180e-02,4.043640361969995378e-02,-9.830321090475402368e-02,1.939622738991200468e-01,7.618134349084371149e-01,-8.699845921125749504e-01,-3.087059375602741688e-03,6.158092559633483211e-03
1.127257992333509762e+00,-1.909480751991500525e-02,7.456795463459485740e-01,-2.766756588202749431e-02,6.514181812764597776e-03,-3.811661492439003245e-03,9.995886596682203029e-01,-5.247840708539466270e-01,-1.588824519320986006e-02,-1.708805439929234060e-02,3.407310749168560027e-01,9.617779762451966752e-02,6.269241686635704941e-03,1.640741960263238375e-01,1.466423783607350706e-01,-9.174478710129511938e-02,4.897850386745583040e-01,-1.835874596023130134e-01,-4.307465779502171743e-02,8.985795573051778840e-02,-2.431811270911185888e-02,-2.310597190661857134e-02,2.489869098670928482e-01,1.778377804167938503e-01,-1.817355299771017674e-01,8.451131784677682335e-01,8.392133613664115588e-01,1.062731823632702237e-02,-1.124185138728539014e-02,4.809538918134693974e-02,-9.727456874196514780e-02,1.935196657664093045e-01,7.666953481610181420e-01,-8.686816439329093642e-01,-3.438115472453382240e-03,6.349005900156777689e-03
1.135125865792093958e+00,-1.777734749360908653e-02,7.472838725360168022e-01,-2.503179601920194411e-02,6.148325854965859018e-03,-3.813342686757982460e-03,9.996604752088517065e-01,-5.152634074555610955e-01,-2.198669728612390878e-02,-1.178705128862017268e-02,3.485833441422821477e-01,9.462739093929350975e-02,8.902141949926455772e-03,1.597237259908394769e-01,1.362810563614734738e-01,-9.140882991216134346e-02,5.144758116416450200e-01,-1.652848131003178955e-01,-3.390270208445340244e-02,8.999406977177225320e-02,-2.705762486446201820e-02,-2.333427584507544172e-02,2.482285172783770255e-01,1.738044536727170464e-01,-1.765971931680543339e-01,8.536498316406804232e-01,8.394515367605247524e-01,1.110234750210274506e-02,-1.115156666902030261e-02,5.601352051615469257e-02,-9.597103838709955537e-02,1.923064797401927983e-01,7.721225256431322181e-01,-8.664375334714768950e-01,-3.729196102010690853e-03,6.587318275718630212e-03
1.143065745255281929e+00,-1.639225901361728369e-02,7.487810440965366743e-01,-2.230769040614210066e-02,5.835281562535397926e-03,-3.735665417514543764e-03,9.997271433954956210e-01,-5.046136332613259112e-01,-2.893545866892163754e-02,-6.309607489624744457e-03,3.553030343077772102e-01,8.917927833556048289e-02,1.418328470056874624e-02,1.527104993026221214e-01,1.254252441757255365e-01,-9.102344558957775611e-02,5.431419389130673903e-01,-1.452730114538344774e-01,-2.394635134968006035e-02,8.998403100785312692e-02,-2.982387576405280336e-02,-2.374210820739609124e-02,2.469958028906117375e-01,1.696558942523211932e-01,-1.714144746638487926e-01,8.619873758221702209e-01,8.395313181106989209e-01,1.150551678885043325e-02,-1.098195818983074314e-02,6.415766645610351815e-02,-9.454427582391342066e-02,1.901817924379377023e-01,7.781595707058176492e-01,-8.633547172031592609e-01,-4.040022127565079044e-03,6.807412536646282632e-03
1.151104086286744765e+00,-1.491708363714713131e-02,7.501735020357966910e-01,-1.956824550850884067e-02,5.587922643317281765e-03,-3.590415498119561670e-03,9.997864611029706472e-01,-4.927270051285358443e-01,-3.670640455094501681e-02,-1.149555990450849829e-03,3.604672529298343919e-01,8.080554849514229310e-02,2.121675484335524414e-02,1.426977766718737217e-01,1.141506160565916028e-01,-9.077726173141575927e-02,5.761030735612804321e-01,-1.229248246824439922e-01,-1.341661977809257764e-02,8.979566050303976199e-02,-3.241290715628841745e-02,-2.434226893949702208e-02,2.453357927564248642e-01,1.653161958117488062e-01,-1.663694622585387140e-01,8.700498683517025045e-01,8.395587793375129948e-01,1.180760877908863457e-02,-1.071811474106075524e-02,7.238307969228126304e-02,-9.311210190892890703e-02,1.871871196005568949e-01,7.847452012824505108e-01,-8.595430612564980422e-01,-4.361526912482407460e-03,6.986010042312647272e-03
1.159153487862153664e+00,-1.336980320273114045e-02,7.514386566449188232e-01,-1.677415541710084931e-02,5.346358421618160363e-03,-3.629666002470031700e-03,9.998383980129101900e-01,-4.795364801364808138e-01,-4.476567655463994239e-02,4.089474976699329981e-03,3.638354710457160079e-01,7.030110025337771296e-02,2.935967240501290501e-02,1.294638881928625584e-01,1.023144730432421073e-01,-9.028692005211534644e-02,6.136233557910685255e-01,-9.796455666556318220e-02,-1.967135396899192396e-03,8.971442801740830975e-02,-3.492629060186731860e-02,-2.435471180432982607e-02,2.428749810863733427e-01,1.610350587245788778e-01,-1.615724725172340837e-01,8.775546343506067659e-01,8.396181650310050593e-01,1.212923525154819757e-02,-1.044020061131799640e-02,8.018984000197545980e-02,-9.162484653069313811e-02,1.838703143532590956e-01,7.915220308573801544e-01,-8.550586770856176688e-01,-4.669589718649507122e-03,7.150606894711599403e-03
1.167174162678665361e+00,-1.175589318974684314e-02,7.525580872394712628e-01,-1.389782888076180993e-02,5.101894795302629355e-03,-3.888956634704255570e-03,9.998828416560573418e-01,-4.654260835189243384e-01,-5.295408717964091710e-02,9.553629446200648592e-03,3.656787360133438858e-01,5.873704255307138355e-02,3.793511305541021755e-02,1.131829984205233730e-01,8.990394724013026084e-02,-8.924957957224577410e-02,6.553067245546001507e-01,-7.009129204765297827e-02,1.078439633472090368e-02,8.966032462481787757e-02,-3.741983754320237637e-02,-2.336077104221945255e-02,2.393874533667961491e-01,1.569737912773858934e-01,-1.570891159058730169e-01,8.843708083875423398e-01,8.397796788222966491e-01,1.247234110189093456e-02,-1.015623022506716849e-02,8.730086165028924650e-02,-9.006882084229189678e-02,1.805720560055777690e-01,7.982604428345524417e-01,-8.500770260433544445e-01,-5.006905360339101302e-03,7.298968715941469600e-03
1.175308437909864390e+00,-1.001644484666271498e-02,7.535287553198325439e-01,-1.091921334623665620e-02,4.953495303438202983e-03,-4.213661160718692317e-03,9.999192361004966001e-01,-4.515515137251456812e-01,-6.163434259391664671e-02,1.489159971055623553e-02,3.673904287676062475e-01,4.736032449896901420e-02,4.568892104570659862e-02,9.499657861288834937e-02,7.702225174231627780e-02,-8.716916527172946516e-02,6.993118504924346057e-01,-3.905442945530214482e-02,2.545658163117223149e-02,8.927627818830290163e-02,-3.981684328166119891e-02,-2.215253942658652192e-02,2.353740787480351204e-01,1.530588044684064730e-01,-1.532348294182600545e-01,8.904580626109465102e-01,8.402804726311392525e-01,1.275697501938241780e-02,-9.785299100478190779e-03,9.407191679619707203e-02,-8.890815329409039458e-02,1.776599037556832739e-01,8.050338403816100774e-01,-8.451229092325404091e-01,-5.403599387862275533e-03,7.373798696823669931e-03
1.183598863429039527e+00,-8.124477456642624495e-03,7.543316109179382112e-01,-7.776200885046206067e-03,4.915023552154377043e-03,-4.711735163561895680e-03,9.999465849709301413e-01,-4.383143031255270494e-01,-7.071127946166777534e-02,2.034821224480654056e-02,3.695954183975823093e-01,3.654573929649577307e-02,5.201318233081202169e-02,7.521081370692177248e-02,6.328201507425511296e-02,-8.452306985795009220e-02,7.448039683954719159e-01,-4.516408830721824197e-03,4.198253368694193632e-02,8.873301882854220390e-02,-4.216500180202000653e-02,-2.104356994013211954e-02,2.310736091478900467e-01,1.492074821420163733e-01,-1.500929015347591267e-01,8.957614104336520944e-01,8.411683373777616435e-01,1.295192149971177882e-02,-9.325380006296180024e-03,1.005290595889137828e-01,-8.845945827434723019e-02,1.753202768184058957e-01,8.118347930885826402e-01,-8.403951150872136511e-01,-5.849260092664823954e-03,7.393882549374698569e-03
1.191829937092209635e+00,-6.200651604824261587e-03,7.548193616690853647e-01,-4.495483997987992364e-03,4.877753762179265311e-03,-5.567325395343701924e-03,9.999624835489636654e-01,-4.248288805435304072e-01,-7.920560811015178726e-02,2.670688628557975342e-02,3.708811389489817811e-01,2.589150184614513045e-02,5.706572887283998391e-02,5.359925823608011064e-02,4.848395228049025285e-02,-8.234859725527142460e-02,7.923770740924499512e-01,3.240471665844587429e-02,6.022079444552256439e-02,8.856363829661940967e-02,-4.454251157931505417e-02,-1.959832849271730265e-02,2.263646456253709527e-01,1.455337073724814745e-01,-1.476630054087468003e-01,8.998657752744835259e-01,8.424641120649817294e-01,1.313720822715941892e-02,-8.859505225936615061e-03,1.061676648383790417e-01,-8.882204356643894072e-02,1.740582509688308188e-01,8.181954884758868562e-01,-8.360931028534328568e-01,-6.243598484863697312e-03,7.442953291058815486e-03
1.199869457450802868e+00,-4.378285442876741346e-03,7.549547477887065261e-01,-1.104008260344017467e-03,4.794574512596600814e-03,-6.572820792407242305e-03,9.999662950559060626e-01,-4.110391569468594963e-01,-8.712076735041372755e-02,3.379673700153893595e-02,3.709152606162361976e-01,1.553043369479072990e-02,6.103203895934020823e-02,3.098609251991543342e-02,3.378128165504624275e-02,-8.076452664240381385e-02,8.421720763920864661e-01,6.793147444158792458e-02,8.049651350391932858e-02,8.857295862160541322e-02,-4.712837080598972911e-02,-1.774716819180986380e-02,2.211692010812545683e-01,1.422446586861600970e-01,-1.459231055625566653e-01,9.027942583625067074e-01,8.441372082605840266e-01,1.331048876616220539e-02,-8.402745826476147595e-03,1.108594974297924529e-01,-8.982527125378818311e-02,1.740891872027931775e-01,8.239922318304222504e-01,-8.323519617019710104e-01,-6.612575088209754481e-03,7.521451401387022756e-03
1.207693596887466025e+00,-2.646584347776190227e-03,7.549009381399602869e-01,2.272651270512150538e-03,4.797304036240368844e-03,-7.694685539001830735e-03,9.999563054177130761e-01,-3.976995496806444708e-01,-9.457689099981758662e-02,4.111233406838957216e-02,3.702125460199212070e-01,6.182137803795900374e-03,6.401329566781960301e-02,7.330254078532372902e-03,1.938677313903880428e-02,-7.948813105651819644e-02,8.922254780724016010e-01,1.037994720178933156e-01,1.023976557609163618e-01,8.852262429596452487e-02,-4.960657643950980300e-02,-1.594857173273926329e-02,2.156625659161708342e-01,1.392349273114741603e-01,-1.449202057624476847e-01,9.047195860298766767e-01,8.461516320564144156e-01,1.347134250990844780e-02,-7.929987917425636648e-03,1.149622063255241466e-01,-9.172505188195820280e-02,1.758448282245620997e-01,8.289488371814918155e-01,-8.296334672817556877e-01,-7.005615268199289793e-03,7.588905799655190111e-03
1.215264782801072085e+00,-1.014101814086034586e-03,7.548044982013530912e-01,5.663734185439759164e-03,4.896446418764128020e-03,-9.008874417108641078e-03,9.999313912010573402e-01,-3.850339904878994357e-01,-1.018321462520629384e-01,4.842867086621798628e-02,3.692498725469446352e-01,-2.916956861695985462e-03,6.631344076409904920e-02,-1.751273222053081891e-02,5.322255527132011346e-03,-7.839484506437413569e-02,9.409280545127819417e-01,1.395902700576573396e-01,1.255898556266295263e-01,8.839675157694629193e-02,-5.204378259443886989e-02,-1.425681004631865895e-02,2.099116336019711537e-01,1.365230430422551544e-01,-1.445757635980784994e-01,9.057403971263621179e-01,8.484370497806981160e-01,1.361192416337742538e-02,-7.442770165607254934e-03,1.185668924975497446e-01,-9.452496525991214982e-02,1.794065005209470598e-01,8.330024303903232896e-01,-8.280414955830887047e-01,-7.450023325248517417e-03,7.640914240157044811e-03
1.222600130848874089e+00,5.374250495913009129e-04,7.547104209367653249e-01,9.106234523506407871e-03,4.992165048516398161e-03,-1.037946707435783919e-02,9.998921915371734581e-01,-3.726928599658942409e-01,-1.092843199106518087e-01,5.561766499892700777e-02,3.680253898036424109e-01,-1.220563787832529973e-02,6.878536678806919380e-02,-4.324899039026928321e-02,-8.678219742227263195e-03,-7.740113151053851226e-02,9.876541502448537013e-01,1.736348114785209451e-01,1.479818234939603849e-01,8.800745536395361557e-02,-5.447056715119612258e-02,-1.253376757924781933e-02,2.038962803328719930e-01,1.341050513796594179e-01,-1.447563748231538994e-01,9.058898569514172161e-01,8.508596525611273886e-01,1.373315773214657011e-02,-6.977939148998785375e-03,1.216854329989234124e-01,-9.827040148769433658e-02,1.848010316916503804e-01,8.360850221609986699e-01,-8.277412883936253740e-01,-7.819376167644241649e-03,7.680542217990275408e-03
1.229729561334342192e+00,2.022628802344429017e-03,7.546518703153171082e-01,1.254321832496661966e-02,5.034533750131966849e-03,-1.166269368933174448e-02,9.998406386619218544e-01,-3.604332107745311653e-01,-1.169698575848392291e-01,6.248360178862860659e-02,3.664258731223600796e-01,-2.165743747215723158e-02,7.152893122763963329e-02,-6.960518158836298541e-02,-2.266435851963587156e-02,-7.651456233233948356e-02,1.032347820568032093e+00,2.053620969139722252e-01,1.686135901827386929e-01,8.723389121742938790e-02,-5.675294706223667912e-02,-1.081336440180137581e-02,1.975946985450705018e-01,1.319506918570147735e-01,-1.453603495571083870e-01,9.052593397570281031e-01,8.533511498128616424e-01,1.383363814102436112e-02,-6.545248701872095204e-03,1.244988315155194647e-01,-1.030119160439351422e-01,1.918876283805493188e-01,8.380781876388083695e-01,-8.286734394492728528e-01,-8.116550003415837211e-03,7.710417622864747418e-03
1.236684879791576597e+00,3.424143046675164753e-03,7.546699401497859450e-01,1.585631328135949855e-02,5.054397513917194794e-03,-1.281601151702127170e-02,9.997793657821162361e-01,-3.482716156940491303e-01,-1.246568789891075585e-01,6.880030149660745775e-02,3.644755011341075934e-01,-3.126341026864599970e-02,7.445570657313915763e-02,-9.630684956448638812e-02,-3.606475397700834029e-02,-7.573639086204041193e-02,1.074441264465523682e+00,2.323856704760456360e-01,1.860191537489451208e-01,8.624672755876182373e-02,-5.881078940699814572e-02,-9.291640962110905150e-03,1.909245688964343324e-01,1.300614602043084211e-01,-1.462613418096389561e-01,9.040293917915624977e-01,8.558339933477426831e-01,1.392650396432400413e-02,-6.145164859600722035e-03,1.274442564906270448e-01,-1.087888500500663880e-01,2.005508153285517903e-01,8.386940445982224990e-01,-8.307880207384660265e-01,-8.407749960090622407e-03,7.737601524105655777e-03
1.243489902150616278e+00,4.731228755212663756e-03,7.547746246610425036e-01,1.897519682440377067e-02,5.057032370849517261e-03,-1.382084415094424201e-02,9.997116347207483100e-01,-3.361785286775029191e-01,-1.322055751948090219e-01,7.444863847848916250e-02,3.621815985210034561e-01,-4.096709178656215977e-02,7.766347557894566489e-02,-1.231674065813770924e-01,-4.854355142648895949e-02,-7.509448518841364828e-02,1.113647703979018244e+00,2.536547180620595809e-01,1.998375759333584079e-01,8.516453519470304490e-02,-6.061675540797209494e-02,-8.048046516871541767e-03,1.838770623529456805e-01,1.284345187010418887e-01,-1.473493395591019550e-01,9.023819838718477593e-01,8.583149170529060790e-01,1.400668367657299448e-02,-5.765179281521909567e-03,1.307336855698116307e-01,-1.155248655967742594e-01,2.104684787693388293e-01,8.378293377523376995e-01,-8.338781127723432496e-01,-8.729747700047764056e-03,7.758089563874219149e-03
1.250143448598194817e+00,5.944775533944863383e-03,7.549079340893105616e-01,2.194007785578497988e-02,4.997765962968319167e-03,-1.459839212127137138e-02,9.996401928195310926e-01,-3.242970848701234310e-01,-1.397324753894589044e-01,7.943094834719226227e-02,3.598592523812392807e-01,-5.070427944432833595e-02,8.127496206435674830e-02,-1.499946937587515461e-01,-6.006009333274898998e-02,-7.440666519850808180e-02,1.149534514576405542e+00,2.671834106318032864e-01,2.093707486892799619e-01,8.390778890719131911e-02,-6.225673889350286788e-02,-6.865371224591756104e-03,1.764400258392579690e-01,1.270688657772173769e-01,-1.485350788100492647e-01,9.007454055670964799e-01,8.609000539840968580e-01,1.401838118579241434e-02,-5.389804252894443877e-03,1.342516771770757567e-01,-1.228767116461591258e-01,2.209116842009527237e-01,8.353910744217459827e-01,-8.375543228120398975e-01,-9.011276789638995172e-03,7.765914948686606332e-03
1.256651976627573220e+00,7.060665494751341281e-03,7.550293570293507006e-01,2.479937443564908181e-02,4.864070934405021092e-03,-1.514007762976634849e-02,9.995659607504198130e-01,-3.127018116768906508e-01,-1.473049113768566121e-01,8.380527257382017203e-02,3.576854023223738355e-01,-6.043767668858328335e-02,8.533745453223974542e-02,-1.767801158271356254e-01,-7.057915921396595849e-02,-7.349616733904175414e-02,1.182006399343648484e+00,2.727245920696638737e-01,2.150663470039711755e-01,8.249323477417248862e-02,-6.385855090600107975e-02,-5.652774613489760028e-03,1.686912469303820938e-01,1.259919644213229606e-01,-1.498242402322499944e-01,8.993057720611165040e-01,8.635286410596393347e-01,1.399333456465742809e-02,-5.036572069180301689e-03,1.379469545725720836e-01,-1.305642423893090542e-01,2.314413421716166597e-01,8.313677549417181067e-01,-8.415965678057737431e-01,-9.228168723107103844e-03,7.747553640893327896e-03
1.263064899351180603e+00,8.063357851895987943e-03,7.551525865391994774e-01,2.752194829847093294e-02,4.669491647350304010e-03,-1.545456829351938254e-02,9.994908176308935355e-01,-3.012659578223746415e-01,-1.548064088842965869e-01,8.750373159714069926e-02,3.556189557920841904e-01,-7.021593769131295737e-02,8.970336208073073636e-02,-2.033766767858769253e-01,-7.971014086489346118e-02,-7.236308487334479345e-02,1.211065161448032779e+00,2.699957411270809127e-01,2.180392593095062115e-01,8.094566104181685762e-02,-6.540629240390236077e-02,-4.612392086333198284e-03,1.608066376415857868e-01,1.252339248012934447e-01,-1.513972520410198641e-01,8.980275236829668994e-01,8.659272743443326981e-01,1.400297758586145115e-02,-4.749929415354214521e-03,1.421827862239727069e-01,-1.383060716477073904e-01,2.416241371400007776e-01,8.256599127036252650e-01,-8.458052502910637926e-01,-9.407061809321094065e-03,7.737673161468614121e-03
1.269414269795797523e+00,8.949861117287894602e-03,7.552635335493843582e-01,3.012172787081758910e-02,4.419116371883851681e-03,-1.558367412663406656e-02,9.994149798863745104e-01,-2.899442158750646925e-01,-1.621954248672154708e-01,9.056374570098948973e-02,3.536970052822816513e-01,-8.007334402241546301e-02,9.424302100658921155e-02,-2.296868854618809297e-01,-8.751099536225512288e-02,-7.110710304823594785e-02,1.236831150330840901e+00,2.598543876159981059e-01,2.189396658440914967e-01,7.929579960002401673e-02,-6.693709301842362680e-02,-3.833517799067397147e-03,1.528861468040533522e-01,1.247653166611785297e-01,-1.533047535645805093e-01,8.968987474092112722e-01,8.680917516760876529e-01,1.404464518124169323e-02,-4.514052244361400207e-03,1.471284086785750733e-01,-1.458595110642505743e-01,2.511052328430195546e-01,8.183460334472120179e-01,-8.499681698822723064e-01,-9.581512301607364446e-03,7.736388866205431460e-03
1.275690125333945879e+00,9.745115075677223543e-03,7.552858022035883190e-01,3.265758713445808537e-02,4.101820518591958384e-03,-1.550716250979801078e-02,9.993378579538005901e-01,-2.790155454268566926e-01,-1.695722962982670057e-01,9.308199406226877470e-02,3.523390731371482398e-01,-9.003506978002856487e-02,9.884663673739137180e-02,-2.555441905132074254e-01,-9.482010047345566794e-02,-6.989953598657917822e-02,1.259275171379950597e+00,2.437134533917310608e-01,2.182592711524730389e-01,7.743086558838033207e-02,-6.847644484555633071e-02,-3.142233191802802292e-03,1.447432790954491233e-01,1.244782773411008958e-01,-1.555875403775275612e-01,8.959812511941028790e-01,8.701965716515898119e-01,1.406548145793806714e-02,-4.248051027929560658e-03,1.527398689224860329e-01,-1.529260188560124245e-01,2.591569070895964888e-01,8.095663741546287318e-01,-8.536559608503597740e-01,-9.812025038983788680e-03,7.760763626162434786e-03
1.281887153455702144e+00,1.045956950886161793e-02,7.551889088529309957e-01,3.515315062505856153e-02,3.718536720764428760e-03,-1.521523901549566918e-02,9.992591880926039449e-01,-2.685880686594170896e-01,-1.769685105165471617e-01,9.510433366282092238e-02,3.517295051277182782e-01,-1.001112374459295629e-01,1.034620215313765829e-01,-2.808684003165337062e-01,-1.021003105321751647e-01,-6.877752343251056222e-02,1.278394053472075020e+00,2.230288307863325936e-01,2.160627421501609413e-01,7.532017264944322610e-02,-7.004896780432699754e-02,-2.447087568629298295e-03,1.361840307306957654e-01,1.242995724665512530e-01,-1.582797373482166536e-01,8.953244697857094536e-01,8.722907595992729357e-01,1.406880878095706847e-02,-3.968894713833616070e-03,1.589637083137012685e-01,-1.592883062482263468e-01,2.654522460841485798e-01,7.995573865936638214e-01,-8.565943916857332585e-01,-1.006261151362013335e-02,7.787307235971263619e-03
1.288027272499750575e+00,1.107957416628882127e-02,7.550438024546792803e-01,3.750164203703053312e-02,3.271555094322564725e-03,-1.469198069788109698e-02,9.991832011573075212e-01,-2.583344677022141322e-01,-1.841888630594227527e-01,9.643968746388090207e-02,3.515269491529602330e-01,-1.102635526198711552e-01,1.081675379494509148e-01,-3.055279928107247911e-01,-1.091504618801105719e-01,-6.806758084647114571e-02,1.293856803456788995e+00,1.997801672578993215e-01,2.118449650725179045e-01,7.308816374512830394e-02,-7.153306673734044496e-02,-1.853397884482563263e-03,1.270116625526336585e-01,1.241808763531300625e-01,-1.614855349032114640e-01,8.950440635772486386e-01,8.743606187438609512e-01,1.411287514904503715e-02,-3.783046143704574260e-03,1.658758969024745900e-01,-1.647400077530783991e-01,2.696657084130189008e-01,7.886221385038113540e-01,-8.582839871922602892e-01,-1.026751393300645403e-02,7.806106292988211105e-03
1.294127038791945683e+00,1.159823313230191541e-02,7.548937315300352502e-01,3.964722702107092989e-02,2.768262414395916519e-03,-1.394603520040615247e-02,9.991125773479851979e-01,-2.480320973561915832e-01,-1.911079631778990484e-01,9.699193953884149844e-02,3.514617126468266850e-01,-1.204440875501451291e-01,1.129677675513006546e-01,-3.294687515102740494e-01,-1.159419127171373715e-01,-6.790818040140057799e-02,1.305560519842158262e+00,1.751261214491793561e-01,2.057254976637271360e-01,7.080760509280968618e-02,-7.287076743110552923e-02,-1.441924268037082573e-03,1.171406229504781821e-01,1.240379203106020123e-01,-1.651821244689534174e-01,8.951832628216227494e-01,8.765242002687734235e-01,1.417078681316066673e-02,-3.671935083795501657e-03,1.734252878635343664e-01,-1.691156399441163805e-01,2.716987090601536980e-01,7.770321927737583456e-01,-8.585953030763839866e-01,-1.041147754186668231e-02,7.828903627075169472e-03
1.300186852440812890e+00,1.202568846693499380e-02,7.547373389327757254e-01,4.161543845792985835e-02,2.190661580816018542e-03,-1.299586351705347802e-02,9.990467604158004278e-01,-2.375855603593429455e-01,-1.977449282589577029e-01,9.678993706801831964e-02,3.514450958634140476e-01,-1.305971429079537671e-01,1.177101879506765314e-01,-3.525921274649185810e-01,-1.227593833657956296e-01,-6.814102801072026427e-02,1.313182101636136023e+00,1.502650953140801660e-01,1.980541638659866766e-01,6.847855835461194585e-02,-7.404644081093397778e-02,-1.149189096046477525e-03,1.065160602958031277e-01,1.237141380479733488e-01,-1.692757567375789141e-01,8.958815157547894703e-01,8.791055175966734359e-01,1.413016102542349536e-02,-3.495407184043401901e-03,1.813617004485796602e-01,-1.721548737170081611e-01,2.712910152123082508e-01,7.650407155839876738e-01,-8.573685548580499693e-01,-1.057523392339028770e-02,7.909238970526560886e-03
1.306210314347204804e+00,1.236054790324022865e-02,7.545813610237532831e-01,4.341782134198421406e-02,1.555218809495934615e-03,-1.186228417446221275e-02,9.989853654075891987e-01,-2.269573560996661077e-01,-2.040877950934959495e-01,9.586931585605239226e-02,3.513683697507272718e-01,-1.406845039525781438e-01,1.223375735546699816e-01,-3.749043534493185503e-01,-1.295525844094644885e-01,-6.856056281393675678e-02,1.316691235786276559e+00,1.256051485123758082e-01,1.895191975215979319e-01,6.610471434490888809e-02,-7.507513276912010369e-02,-9.705114224882304547e-04,9.512130326629555932e-02,1.231626848593884022e-01,-1.737605638150793996e-01,8.971263461803262729e-01,8.821110772072945361e-01,1.400885104819083772e-02,-3.281343258234451117e-03,1.895123869604582179e-01,-1.737259838279043012e-01,2.685819797973860168e-01,7.528568088969103123e-01,-8.546521365804569115e-01,-1.072185357787397431e-02,8.036062056065235853e-03
1.312212031623023023e+00,1.258051933962535743e-02,7.544604504702013825e-01,4.503060476801871298e-02,9.013683621585668552e-04,-1.058972459110871754e-02,9.989290715072750571e-01,-2.160520430688886717e-01,-2.100452187466348153e-01,9.424707195692234862e-02,3.510004544305239116e-01,-1.506955376366129473e-01,1.269743952231215112e-01,-3.963709201407014660e-01,-1.356496461802932652e-01,-6.903596754303463479e-02,1.316048475434959286e+00,1.013293877987791330e-01,1.813940675296726868e-01,6.374105449409607493e-02,-7.600282108384251445e-02,-9.214371733747692876e-04,8.293844242901010633e-02,1.225040068500547058e-01,-1.787070588117203596e-01,8.988427239004865843e-01,8.853906925355767843e-01,1.391824641842707815e-02,-3.187775699754397118e-03,1.978640725341956896e-01,-1.737913566676675681e-01,2.639037932221389715e-01,7.407934732148955259e-01,-8.504746737730378703e-01,-1.075808990663037340e-02,8.173743144122008406e-03
1.318204479998594580e+00,1.268383921025725489e-02,7.543680606969772606e-01,4.645300647006897488e-02,2.646406735939675647e-04,-9.227035157784115385e-03,9.988778253507295535e-01,-2.049317336703673220e-01,-2.155761849769278482e-01,9.198365122562746077e-02,3.503404392518540411e-01,-1.606957046575304693e-01,1.316736828797004377e-01,-4.170583780899809190e-01,-1.407747738119681791e-01,-6.949184978174820226e-02,1.311427643222932593e+00,7.756545344193535585e-02,1.737712968166266747e-01,6.136797669386519910e-02,-7.683290169687788385e-02,-9.784862384494051688e-04,7.006213431905529421e-02,1.217841176303169487e-01,-1.840658653467112660e-01,9.008900757685901484e-01,8.889117704309513757e-01,1.384978008306317517e-02,-3.196384070078200652e-03,2.063640245544688945e-01,-1.724769673225601818e-01,2.575038665816067884e-01,7.289613975358827380e-01,-8.449651884044383499e-01,-1.072184155208664481e-02,8.325327257463840600e-03
1.324192646798633799e+00,1.270349309812146207e-02,7.542316109738997909e-01,4.771463298402171815e-02,-3.587663777342352213e-04,-7.793903723571773273e-03,9.988305172612873539e-01,-1.939010391103669628e-01,-2.207330033433525240e-01,8.917777545652857962e-02,3.498773850848831413e-01,-1.709384481322547278e-01,1.363170170929359493e-01,-4.370747121943597269e-01,-1.451584823630679977e-01,-6.964783093765716804e-02,1.302963563794269586e+00,5.460901935218766268e-02,1.661192502568478169e-01,5.879345598390048333e-02,-7.746113315366663643e-02,-9.648318226660798766e-04,5.670001470759390011e-02,1.209505377399162918e-01,-1.897110090169792929e-01,9.030964301479303957e-01,8.927291006841193699e-01,1.371063825753561852e-02,-3.152741802777102309e-03,2.148209828540683097e-01,-1.701478154513687557e-01,2.494190612424758979e-01,7.173062637084146598e-01,-8.382203350373969020e-01,-1.079054497846115325e-02,8.495037896861037247e-03
1.330190100784961915e+00,1.265084268951898253e-02,7.540217597466695176e-01,4.885448564730857091e-02,-9.645170904419070237e-04,-6.314997295916219625e-03,9.987854773413915588e-01,-1.830532326996271164e-01,-2.255623761567866203e-01,8.592359437302464487e-02,3.497826859604017402e-01,-1.814964350685911443e-01,1.407849280828230853e-01,-4.564295427936456151e-01,-1.489709835519975323e-01,-6.941584462141889289e-02,1.290785607095515708e+00,3.232924968593112180e-02,1.582518709880010310e-01,5.597132189032286848e-02,-7.791519553885065119e-02,-8.473691096875507608e-04,4.304955786851054345e-02,1.200856172410203065e-01,-1.956261532371621481e-01,9.052860282950255799e-01,8.967346807753197035e-01,1.352636705143363781e-02,-3.078462918513854944e-03,2.231356769686035635e-01,-1.670944162425616331e-01,2.399194002579045359e-01,7.059338648949533557e-01,-8.304205691025545732e-01,-1.091857003268449644e-02,8.662100745239797658e-03
1.336228229191783745e+00,1.250328779010878230e-02,7.537886638789904614e-01,4.985557955524932278e-02,-1.523356843689564625e-03,-4.791370896766928601e-03,9.987437826269890406e-01,-1.722300430725287601e-01,-2.299666470826289832e-01,8.220525793415568716e-02,3.497696089332255620e-01,-1.920885994837817079e-01,1.449768380775515453e-01,-4.748629476665951477e-01,-1.521630331308736483e-01,-6.921426777686268128e-02,1.274791733054883913e+00,1.033686398081083702e-02,1.500827682021148579e-01,5.301667211647551753e-02,-7.829291756180456474e-02,-9.110109715377732661e-04,2.938825789341387856e-02,1.194308779705836043e-01,-2.018777056664545766e-01,9.072277584261565497e-01,9.006861316686416430e-01,1.342167801384522817e-02,-3.129700932319197555e-03,2.313848076134337184e-01,-1.634906778708949959e-01,2.295229460868774274e-01,6.952376744051173008e-01,-8.217769682505124962e-01,-1.089889470350916337e-02,8.809858205624616564e-03
1.342304346751089561e+00,1.225561867266243207e-02,7.535580029287276549e-01,5.069171622137303573e-02,-2.018722188630246543e-03,-3.248251286805106317e-03,9.987070258743724338e-01,-1.614589481340502619e-01,-2.338083398119506773e-01,7.806876760548633887e-02,3.497459736930356722e-01,-2.023436449288855965e-01,1.486566634553148081e-01,-4.924554728161111838e-01,-1.547790735722646138e-01,-6.923990844980600079e-02,1.255204406178982435e+00,-1.090796745689887742e-02,1.414962381957137194e-01,5.003364803571537511e-02,-7.856046793012291807e-02,-1.303870104004976015e-03,1.600812239656221325e-02,1.190617669909967979e-01,-2.083703538357243590e-01,9.088943306550389956e-01,9.045583806747740097e-01,1.335367426576843271e-02,-3.261819845929865222e-03,2.395010174817928106e-01,-1.595395019777456347e-01,2.185849984198617035e-01,6.853965732189568616e-01,-8.125615956433926979e-01,-1.075789210124705395e-02,8.953427512551558401e-03
1.348357336317783428e+00,1.192910302177898826e-02,7.533255617286260808e-01,5.132275304321419485e-02,-2.493194435818566791e-03,-1.690350792626997426e-03,9.986775530422977720e-01,-1.509780170059980275e-01,-2.369173011258121075e-01,7.359803347502133497e-02,3.499497602076807046e-01,-2.117224068507207457e-01,1.513413695375534773e-01,-5.096612797609567647e-01,-1.570734032384852041e-01,-6.938324554826158508e-02,1.232423420080877241e+00,-3.005191802359532746e-02,1.322582549942751817e-01,4.701320524153182467e-02,-7.846535488778520750e-02,-1.879885007953695187e-03,3.270011322578066874e-03,1.188317223667907929e-01,-2.149077289368012678e-01,9.104747588308280681e-01,9.084309643775382304e-01,1.318413593048699435e-02,-3.303183381213178112e-03,2.470979081084531126e-01,-1.554683352366793836e-01,2.073760197072027078e-01,6.764097792122224506e-01,-8.031389177260567225e-01,-1.071538977582333144e-02,9.090741433410752873e-03
1.354350661599581729e+00,1.152484127068833727e-02,7.531029616223839929e-01,5.177034881692616636e-02,-2.962667641110295052e-03,-1.316096123324555535e-04,9.986546130984085279e-01,-1.407418307507834199e-01,-2.393421283136251132e-01,6.884600795090288494e-02,3.502642479540588605e-01,-2.199790116943422524e-01,1.530047159612484275e-01,-5.266546578823660951e-01,-1.589714874226884900e-01,-6.955876310277329944e-02,1.205988473253892579e+00,-4.745623400876931852e-02,1.227698576613326792e-01,4.402702850197313250e-02,-7.801900648615703315e-02,-2.437412824119102300e-03,-8.707341498439161859e-03,1.187474898234229387e-01,-2.214476608208061359e-01,9.118638756151197233e-01,9.122013875528256488e-01,1.293247063337417228e-02,-3.286588604584277616e-03,2.538575428319229665e-01,-1.513600804525908616e-01,1.962006081608245467e-01,6.683287164244063883e-01,-7.937691659661846311e-01,-1.071662185382661094e-02,9.208884754435379266e-03
1.360306308937704545e+00,1.103368337428250676e-02,7.529430440066273711e-01,5.206655990821097008e-02,-3.313035043900974634e-03,1.374219658162691322e-03,9.986371756841689873e-01,-1.304581461311845603e-01,-2.413156433898187847e-01,6.375655966512137895e-02,3.500337664924723091e-01,-2.274103532006639117e-01,1.544932640652592615e-01,-5.430293369964273031e-01,-1.599497283896369471e-01,-7.008041707923706731e-02,1.176001062663808439e+00,-6.396345945750282758e-02,1.135118655543708027e-01,4.125038705539390421e-02,-7.741231655617124285e-02,-2.919415945524069921e-03,-2.012347218872918841e-02,1.189030933277446245e-01,-2.280360121723223610e-01,9.126127913218723409e-01,9.156210167826737134e-01,1.268331406790452164e-02,-3.359389049807235978e-03,2.595538497800362610e-01,-1.472269118304924129e-01,1.855144399800628952e-01,6.614285601672075243e-01,-7.847572205075139529e-01,-1.050469285345193536e-02,9.284908290927157068e-03
1.366260478868443151e+00,1.047780320784285832e-02,7.528697579452664490e-01,5.221212071357861362e-02,-3.482263653357594354e-03,2.841238352850321280e-03,9.986259037572886577e-01,-1.199249010957886274e-01,-2.429769657324409304e-01,5.821594281904307611e-02,3.488940957118215058e-01,-2.343829802229835946e-01,1.562668987438078916e-01,-5.579718384850579360e-01,-1.599859843269259285e-01,-7.104002093383178507e-02,1.143436377522993652e+00,-7.914091400438025281e-02,1.042153138498180670e-01,3.870120974750123483e-02,-7.664728192440747878e-02,-3.274945431951585637e-03,-3.114070900938697983e-02,1.191602163566507916e-01,-2.345598051641679671e-01,9.126604822297840203e-01,9.186402555239829848e-01,1.241663362194324154e-02,-3.477352519662978841e-03,2.641257197002038759e-01,-1.432151342461272792e-01,1.755878152931005798e-01,6.558790778263213772e-01,-7.763441389611733801e-01,-1.015608049806380163e-02,9.318904952348057436e-03
1.372249282270383564e+00,9.893964894240225155e-03,7.528416310789001198e-01,5.228736386200609487e-02,-3.503329484187522880e-03,4.312105791901004945e-03,9.986165983023419512e-01,-1.090022777919752855e-01,-2.445518963790251632e-01,5.219772866601953693e-02,3.468583175682099506e-01,-2.413420139614147197e-01,1.582315122434528043e-01,-5.704038236371579140e-01,-1.594407419870478571e-01,-7.181420412181348245e-02,1.107542681775354865e+00,-9.148782263376217805e-02,9.514864477762567663e-02,3.627485135987779802e-02,-7.582142955432816245e-02,-3.338401366774467523e-03,-4.185323048936221563e-02,1.192644464584348141e-01,-2.407655660491602456e-01,9.121951136058508158e-01,9.212600924366294297e-01,1.208637189563504209e-02,-3.503795761466596895e-03,2.675832333122887818e-01,-1.395551496614545750e-01,1.666983733793447886e-01,6.518230510141009848e-01,-7.688567129825727431e-01,-9.977254696194400377e-03,9.292037298479733504e-03
1.378293825838722952e+00,9.309217019318898750e-03,7.527650148776956485e-01,5.232535684993130931e-02,-3.327265798095522219e-03,5.706052444762269200e-03,9.986082451583974118e-01,-9.818948074958870620e-02,-2.460537004049319354e-01,4.587353704519797626e-02,3.445782898252346960e-01,-2.487693656345075777e-01,1.601063112950137923e-01,-5.802301087048116202e-01,-1.588792458719377743e-01,-7.228547046903059659e-02,1.068319531325902183e+00,-1.016843538899768473e-01,8.662084087584187575e-02,3.381764599051324122e-02,-7.499189960212464257e-02,-3.241618890203044456e-03,-5.222304246363609903e-02,1.191413368553153190e-01,-2.465944392631068960e-01,9.112209464791857227e-01,9.233303156486198926e-01,1.176382708068161170e-02,-3.474413603907076670e-03,2.700275121477210827e-01,-1.363724359526983232e-01,1.590660256796425920e-01,6.491298369273938995e-01,-7.624898297782672918e-01,-9.937664991765782913e-03,9.231859724104871795e-03
1.384410044788012106e+00,8.711721460235338083e-03,7.525224765732694276e-01,5.243168674465795154e-02,-3.038371399780621582e-03,6.854444800385542033e-03,9.985963664618581204e-01,-8.820966575857348835e-02,-2.470622604217980189e-01,4.022723035564273325e-02,3.438366202106398206e-01,-2.582667137313817696e-01,1.610949158906331002e-01,-5.879185969207286755e-01,-1.594760628987693385e-01,-7.267737932624648844e-02,1.027066106020852798e+00,-1.098434475235179758e-01,7.919440050716161639e-02,3.088998557709458914e-02,-7.453161652891221456e-02,-3.065167287094428678e-03,-6.205522565293117992e-02,1.190313646323282043e-01,-2.520316546434568372e-01,9.097170601187463124e-01,9.245537970739403644e-01,1.158795984539470400e-02,-3.523605365490957344e-03,2.715356367396015158e-01,-1.335152757256479472e-01,1.529599474139055615e-01,6.477495211386313789e-01,-7.574995018794737911e-01,-9.792274445375991412e-03,9.159701308972059003e-03
1.390594711834997277e+00,8.113046053490283877e-03,7.521184496348625181e-01,5.245927404870115440e-02,-2.680881973751310030e-03,7.765620246438589142e-03,9.985892712123008996e-01,-7.874291266996714944e-02,-2.477551279065919598e-01,3.467183079947630531e-02,3.439845413065463209e-01,-2.685169028833350180e-01,1.613094670264571540e-01,-5.937419927020345378e-01,-1.607568890963841091e-01,-7.330967240289248954e-02,9.839582341548406275e-01,-1.157691251900692664e-01,7.279472986987195471e-02,2.759788843096708591e-02,-7.404124867891585804e-02,-2.763765234050828256e-03,-7.134116999469683473e-02,1.188099962550122485e-01,-2.571378723338920702e-01,9.077835333779042948e-01,9.250028252494073566e-01,1.147943772623945778e-02,-3.596018010816656469e-03,2.722587645694574121e-01,-1.311366525478511180e-01,1.482813257787574945e-01,6.474282405657642014e-01,-7.539151598919360264e-01,-9.598800253169319924e-03,9.072940163907462080e-03
1.396813095798921767e+00,7.484227300102948982e-03,7.517912190312645571e-01,5.239721040031552340e-02,-2.180971718702043923e-03,8.698595393976032292e-03,9.985860315161403378e-01,-6.874120163341508605e-02,-2.483502120439598781e-01,2.862250971279713119e-02,3.428541258946352088e-01,-2.781285153610604244e-01,1.616097835341639144e-01,-5.980870581203410197e-01,-1.614003121738460667e-01,-7.493467422032104586e-02,9.385021201068971530e-01,-1.190569643499915925e-01,6.703562981291315281e-02,2.466125774488848663e-02,-7.332496950141488556e-02,-2.183242500188465034e-03,-8.009078590929791241e-02,1.182690341106640425e-01,-2.619936309863974966e-01,9.054478368032543578e-01,9.248881617329576255e-01,1.120251696804704447e-02,-3.517729127155554136e-03,2.721057405347627189e-01,-1.293882974542229225e-01,1.447275908271320188e-01,6.480986926090029909e-01,-7.517521860997652405e-01,-9.551430622129737993e-03,8.936079660564462054e-03
1.403072854231618205e+00,6.804031132601241066e-03,7.515897710310113222e-01,5.228228974820600672e-02,-1.504706447020350609e-03,9.675603876620506721e-03,9.985843383144037411e-01,-5.784726141864565685e-02,-2.489059622380725700e-01,2.197985384934702385e-02,3.396210533317767233e-01,-2.865217296410482728e-01,1.621700063985410389e-01,-6.016226882866946291e-01,-1.610372371625162224e-01,-7.801276135791865296e-02,8.905875004965673192e-01,-1.197068597668590334e-01,6.234471035002956546e-02,2.226606069312082187e-02,-7.239134348554032705e-02,-1.399335414575252415e-03,-8.817265349861228008e-02,1.174133732372695249e-01,-2.666593732780120352e-01,9.026608340579889145e-01,9.241756418545131746e-01,1.079834277806317709e-02,-3.338811137317565427e-03,2.711126986769790137e-01,-1.283060690504935486e-01,1.422857263668484140e-01,6.495137206995187373e-01,-7.509590518752073951e-01,-9.553724821415070928e-03,8.771919245829035497e-03
1.409445834811676068e+00,6.061701700236201557e-03,7.513630026762965208e-01,5.219696957966492301e-02,-7.837761335301356505e-04,1.047694571331476976e-02,9.985815418232965035e-01,-4.606694989510980165e-02,-2.492785549116237898e-01,1.531999290389000207e-02,3.349325816435291814e-01,-2.941932446076547247e-01,1.623327165841410014e-01,-6.048333558559803036e-01,-1.602476024906634433e-01,-8.158170239965958914e-02,8.412549306223415790e-01,-1.186752143835974604e-01,5.876354554031262833e-02,1.980958611931969010e-02,-7.149306204551003630e-02,-5.831740497134716176e-04,-9.543898106648109059e-02,1.164903511215597820e-01,-2.711560725680060013e-01,8.995995963803122830e-01,9.226908640188350441e-01,1.047698075731283603e-02,-3.230534680813480428e-03,2.694970305213368889e-01,-1.276988243306128035e-01,1.411528354739469138e-01,6.515515895362054000e-01,-7.515161265234695520e-01,-9.357811623160412762e-03,8.618996635624332978e-03
1.415961196479282647e+00,5.248623219368492993e-03,7.510546225609481263e-01,5.210868912148131776e-02,-7.723588194328011346e-05,1.114365814766579525e-02,9.985792394375857528e-01,-3.350067908313858478e-02,-2.493278671301836225e-01,8.753413195050498141e-03,3.292371265820100978e-01,-3.014707461179181314e-01,1.620005143860950847e-01,-6.077312136975503432e-01,-1.591111217184853766e-01,-8.515302731229740241e-02,7.907858779067566957e-01,-1.160406062542999606e-01,5.629714053956647729e-02,1.709251648952850311e-02,-7.061066215144687352e-02,3.060281684276334579e-04,-1.022277014410053753e-01,1.155391402430229753e-01,-2.754921229290562823e-01,8.963694982742915762e-01,9.205681697892900139e-01,1.023637314737568457e-02,-3.174420292457576231e-03,2.674654600504413615e-01,-1.274492477827703085e-01,1.411484507050246584e-01,6.541454104251628321e-01,-7.532797339882938426e-01,-9.093753595894127004e-03,8.451269229647440789e-03
1.422586905178433891e+00,4.354604544900445712e-03,7.507093689484671817e-01,5.191493755642453273e-02,7.201059689944783702e-04,1.188511333153869504e-02,9.985804914830987977e-01,-2.051208337941018423e-02,-2.490314369948369577e-01,1.916916339037704007e-03,3.226200162514501479e-01,-3.083709147510042548e-01,1.618682459873949930e-01,-6.101220993214421240e-01,-1.571405727152091203e-01,-8.918562497235414666e-02,7.384860268671677996e-01,-1.120395063276198033e-01,5.513441428351187334e-02,1.460003870521497417e-02,-6.955772837724781554e-02,1.465801410449887703e-03,-1.093227781105007845e-01,1.144288971080516804e-01,-2.796474570496232936e-01,8.927382108615155021e-01,9.180560396859430705e-01,9.954276914014237310e-03,-3.038844602256400747e-03,2.650678817118548025e-01,-1.275881737622198420e-01,1.419215873702114605e-01,6.571939109381053079e-01,-7.560852952824923534e-01,-9.073051468215981991e-03,8.213557675265098848e-03
1.429365552155058117e+00,3.384295259284412355e-03,7.503430828927679652e-01,5.164750482106517104e-02,1.629552614294776545e-03,1.269658245233758719e-02,9.985833348289296918e-01,-6.834996161827843961e-03,-2.485812022016787026e-01,-5.267120081855859032e-03,3.147262303875779654e-01,-3.149456294229046605e-01,1.627452534969270059e-01,-6.120238533204470643e-01,-1.540906429538169975e-01,-9.349978450757169546e-02,6.848702757119962126e-01,-1.069733306335971662e-01,5.551985540425907750e-02,1.257440286861074771e-02,-6.835298976330993204e-02,2.774155786872209255e-03,-1.166507811609457101e-01,1.132037238758714509e-01,-2.837597194076856288e-01,8.886539621478541928e-01,9.152356195080598722e-01,9.645956587064229495e-03,-2.912259099937119719e-03,2.623880299505840230e-01,-1.280494193330027342e-01,1.432603602170146040e-01,6.606489810485933756e-01,-7.596720964006010712e-01,-9.137983481569973698e-03,7.945536235222263113e-03
1.436426578768793538e+00,2.367344018371058539e-03,7.499421532147187985e-01,5.141885152386030389e-02,2.571231608570828057e-03,1.338217627488542082e-02,9.985842016746160343e-01,8.392009440945319074e-03,-2.483728738528494517e-01,-1.267227005819294983e-02,3.049001016855611423e-01,-3.214036769198078125e-01,1.657611650084612753e-01,-6.135009235530036742e-01,-1.498653206108195857e-01,-9.728118542802786928e-02,6.311030483782787970e-01,-1.008251715255749914e-01,5.791941828908363926e-02,1.093173870269612685e-02,-6.705972394673687109e-02,3.723402561492193674e-03,-1.232128777063144220e-01,1.120125322603866130e-01,-2.880858268716881554e-01,8.844363360681678499e-01,9.121216917102378252e-01,9.401492458771977881e-03,-3.018838401468483274e-03,2.596418944883953639e-01,-1.286768941629733987e-01,1.449669031800464858e-01,6.645471346119555811e-01,-7.637480548343329456e-01,-8.889383418354416047e-03,7.720314497545940902e-03
1.443728608089672516e+00,1.338075708849594675e-03,7.494611125802137508e-01,5.107011801142208318e-02,3.578266629364456469e-03,1.408642649760014944e-02,9.985893107993677464e-01,2.391313568264635467e-02,-2.478407177686659524e-01,-2.022335190029503696e-02,2.945743817979029067e-01,-3.273504063155959209e-01,1.695816321721059783e-01,-6.143866501012533732e-01,-1.448361383035871863e-01,-1.012054539560362093e-01,5.769888020909129667e-01,-9.465826348684183711e-02,6.224785141619766649e-02,9.193375263352548260e-03,-6.511791318091851577e-02,4.102873857326477976e-03,-1.286959927324859143e-01,1.106899521905877204e-01,-2.927346103680685263e-01,8.803179809319071625e-01,9.088649701550464144e-01,9.169427085318775442e-03,-3.198949696299367533e-03,2.569905290126163755e-01,-1.295880561562415267e-01,1.466991288888492839e-01,6.684948513868678166e-01,-7.681417370557196422e-01,-8.491148859817426037e-03,7.512749204260910259e-03
1.451046339400928309e+00,3.005214027382817343e-04,7.489263781819819332e-01,5.069454639306376215e-02,4.576240010324013861e-03,1.491403953783152284e-02,9.985922888325527991e-01,3.670537670734345254e-02,-2.463303493734312344e-01,-2.670299724201621525e-02,2.875014889819413333e-01,-3.309559509356538309e-01,1.685985416401520609e-01,-6.141874390150635632e-01,-1.401484041744852083e-01,-1.059768820735272621e-01,5.221670414684074224e-01,-8.874187781007267239e-02,6.778282702458880704e-02,7.044066435633612386e-03,-6.257970221162154068e-02,4.589033651244791776e-03,-1.333760675655399075e-01,1.090567414934002083e-01,-2.976430290288896718e-01,8.764370747714297361e-01,9.056629070579768070e-01,8.834215475800034217e-03,-3.090135099195778258e-03,2.541436102960338839e-01,-1.308193620284223702e-01,1.480886065179886912e-01,6.722443488040162896e-01,-7.727368692861943389e-01,-8.364495195848850595e-03,7.251721695303094649e-03
1.458365375177589573e+00,-7.686945032485299756e-04,7.485268919773876428e-01,5.107642208424668234e-02,5.330147313763682060e-03,1.542115468641631210e-02,9.985614536045454015e-01,4.696440581351088439e-02,-2.454756535915983418e-01,-2.814491992200188197e-02,2.843752912790210585e-01,-3.311990482937931524e-01,1.630870322666632677e-01,-6.119238556062281953e-01,-1.369429379073523190e-01,-1.100330410135934717e-01,4.674028737167557068e-01,-8.271251300019717700e-02,7.349923916761350040e-02,4.964998344483814718e-03,-6.132478384101328756e-02,5.834150536898572229e-03,-1.371591506827192497e-01,1.074795056696616347e-01,-3.026162355863413755e-01,8.730104951237210864e-01,9.024195632127367528e-01,8.460009806730488940e-03,-2.802885136992048967e-03,2.507853356146819146e-01,-1.318106457179323010e-01,1.490954941048163729e-01,6.764560289987925357e-01,-7.773989011405774141e-01,-8.317294369276827248e-03,6.982996863674545071e-03
1.465807917043796538e+00,-1.785606343378470101e-03,7.480917107577567116e-01,5.109379627821655778e-02,6.351361679994273375e-03,1.559416506490323220e-02,9.985519046111815955e-01,5.764104475917590509e-02,-2.439676198764181014e-01,-2.956824806724946825e-02,2.803950810063189913e-01,-3.313763641769710278e-01,1.591604362263274730e-01,-6.072110741063397876e-01,-1.329909609003771531e-01,-1.141438580867027153e-01,4.130822905667398404e-01,-7.714333297384223798e-02,7.887398780770865647e-02,3.008804428747508322e-03,-5.907238980947987494e-02,6.465177182712362504e-03,-1.402540424112386774e-01,1.056963531120650862e-01,-3.077275115920261039e-01,8.696757566932518113e-01,8.989393167485971725e-01,8.206287102080210213e-03,-2.720929274775352180e-03,2.478719571414875755e-01,-1.331135252095446142e-01,1.497583527879757792e-01,6.799723448838957962e-01,-7.819589599341104647e-01,-8.017433387249091326e-03,6.808817315392862862e-03
1.473361674507671193e+00,-2.780933891732142310e-03,7.475322973857172482e-01,5.087586720800931633e-02,7.726197275812464633e-03,1.595897371907134890e-02,9.985475768181113487e-01,6.866143372937645595e-02,-2.421491373440730621e-01,-3.166293795317413895e-02,2.753945696000296706e-01,-3.322375675643406412e-01,1.573379930300391194e-01,-5.995092428383118621e-01,-1.290637429697774341e-01,-1.175386713329298616e-01,3.628418148205254656e-01,-7.533440686367878780e-02,8.595989023941161267e-02,7.201428127722501148e-04,-5.651357231078959348e-02,6.200753348669414342e-03,-1.430137046314176041e-01,1.040109542198188186e-01,-3.130073271799047596e-01,8.662515108494441840e-01,8.954323407220838860e-01,7.998962922791100563e-03,-2.788346948659032546e-03,2.458147014389704121e-01,-1.343227176099907882e-01,1.498743205214377594e-01,6.828570911920148756e-01,-7.862007360831477776e-01,-7.665978898482694003e-03,6.661236856851280100e-03
1.480755155218582253e+00,-3.777724664804419513e-03,7.469008256421697522e-01,5.088563169583736057e-02,9.104891885506944185e-03,1.646375041895542166e-02,9.985272368652051700e-01,7.836129441432858334e-02,-2.407305835132722283e-01,-3.446570492941416347e-02,2.720377605070590232e-01,-3.333649790951166980e-01,1.554616454472904086e-01,-5.905883888632533774e-01,-1.256564057904168141e-01,-1.191175066373736657e-01,3.199929489083792600e-01,-7.667143790091553168e-02,9.413727574947026999e-02,-1.088873149625643223e-03,-5.482387951325519426e-02,6.328145028134992897e-03,-1.459146372679958892e-01,1.025664517510125051e-01,-3.181625378267676219e-01,8.627427837875991656e-01,8.922346259186355599e-01,7.765497272317918760e-03,-2.717462854142485822e-03,2.439382559659978855e-01,-1.350251634948133606e-01,1.492431511344465001e-01,6.857731256243596585e-01,-7.898925533772910290e-01,-7.597871993092798065e-03,6.495121038472881532e-03
1.487869098426747083e+00,-4.722488465638365052e-03,7.463414829401885386e-01,5.125267204297807855e-02,1.035168471847829931e-02,1.666985664891655963e-02,9.984929254187275838e-01,8.658088067860733594e-02,-2.400319663638218748e-01,-3.714109925317996691e-02,2.707726465187130227e-01,-3.343317731039198160e-01,1.529066680900897923e-01,-5.821930173313788481e-01,-1.226104735242575100e-01,-1.187232609378292558e-01,2.849528302519457323e-01,-7.821069037359494602e-02,1.023622579554512579e-01,-1.944005060807566399e-03,-5.411429364530899455e-02,7.160774741747042219e-03,-1.485515611705749972e-01,1.012600919402767002e-01,-3.230197266412096480e-01,8.593867910353706341e-01,8.891591943385172003e-01,7.530029348997659480e-03,-2.539306794287739602e-03,2.417699093333792459e-01,-1.352881158531176742e-01,1.479528361240101120e-01,6.888990333050515336e-01,-7.930286169667978280e-01,-7.587392838434224920e-03,6.352887068458046294e-03
1.494798415235392142e+00,-5.522799823685285020e-03,7.458870887937590899e-01,5.161326080255748683e-02,1.156750980592147031e-02,1.677602087617280358e-02,9.984592275850723286e-01,9.449003922884444129e-02,-2.395134103659022629e-01,-3.932106649899340389e-02,2.698751826165299295e-01,-3.351916619300870370e-01,1.504897409935221364e-01,-5.749689331628617950e-01,-1.199529633752340618e-01,-1.168442743977634729e-01,2.575775391665289238e-01,-8.072139649984216847e-02,1.121058106618521844e-01,-3.022424226484981928e-03,-5.325100962600967658e-02,7.669191123203625803e-03,-1.500086399403036397e-01,9.978829353015247761e-02,-3.278564679803178672e-01,8.564580758612110323e-01,8.858713379748529571e-01,7.296598506456051202e-03,-2.511753139182306121e-03,2.399149914912573345e-01,-1.355647114211353255e-01,1.460427121544537188e-01,6.913838228402848785e-01,-7.956641548908685024e-01,-7.287775163587270275e-03,6.239107236000831537e-03
1.501564384896167947e+00,-6.176292061257412230e-03,7.454067693359370805e-01,5.193049207694987873e-02,1.271764868523301423e-02,1.687925954837312878e-02,9.984270509164219209e-01,1.023160814186781231e-01,-2.391342697745797719e-01,-4.073743987695694485e-02,2.692668841994497742e-01,-3.363714188812484407e-01,1.484964857878426359e-01,-5.693775435620495040e-01,-1.176053293333578775e-01,-1.135884692529385565e-01,2.374913101407176708e-01,-8.375962420968476041e-02,1.227820838470945475e-01,-4.547655610877858121e-03,-5.217071915102646645e-02,7.627839322092409141e-03,-1.503733889950239488e-01,9.808000384257457849e-02,-3.325692490607973784e-01,8.540582131545891853e-01,8.824366317861690456e-01,7.055600257024523606e-03,-2.580104293051459566e-03,2.385760937662029790e-01,-1.359205251877028953e-01,1.434917091729797090e-01,6.931696005266869687e-01,-7.978671255053717548e-01,-6.895887603375163051e-03,6.125020372099472012e-03
1.508139920047842031e+00,-6.748288855167990097e-03,7.446375383508621049e-01,5.244663621909362305e-02,1.365287449461242801e-02,1.691808293725070855e-02,9.983870615162193651e-01,1.100359955289459124e-01,-2.390220630414150449e-01,-4.013054786827052745e-02,2.704262868553842236e-01,-3.398575449180438746e-01,1.472327341623276276e-01,-5.659775762030804236e-01,-1.154972369810206706e-01,-1.085817399194090593e-01,2.244020443141294396e-01,-8.549488627883750080e-02,1.326362903677748561e-01,-5.920632755191918874e-03,-5.167368138454705995e-02,7.446730464777860659e-03,-1.504132629202174221e-01,9.625963074410347209e-02,-3.367635430951635978e-01,8.520865458234069267e-01,8.790301335927048765e-01,6.825384194220479421e-03,-2.542028935696801720e-03,2.375823601460253787e-01,-1.361731052519050689e-01,1.403866805401962625e-01,6.947520516838991966e-01,-7.997050348673502285e-01,-6.744706659103035656e-03,6.025833341861047687e-03
1.514560486733660838e+00,-7.278496638720211021e-03,7.436525635184321192e-01,5.305571694219419349e-02,1.439363616462398937e-02,1.691764587692775809e-02,9.983444833301247101e-01,1.171891369605421729e-01,-2.391690672083494063e-01,-4.041305355912487574e-02,2.730514021896919274e-01,-3.442072324386866722e-01,1.455482464448157598e-01,-5.640780146619128743e-01,-1.132685701130322353e-01,-1.024679668796878718e-01,2.167552208117325130e-01,-8.567373923798722590e-02,1.399771525380315573e-01,-7.042503799054574548e-03,-5.155646965721743386e-02,7.016748093757298535e-03,-1.500359244840472062e-01,9.439618074171408912e-02,-3.404276806309797232e-01,8.505842303548921679e-01,8.756623755793316866e-01,6.652356031202077274e-03,-2.484639494677533603e-03,2.367960254264896425e-01,-1.362750072212355890e-01,1.369416686096512348e-01,6.962837107492810818e-01,-8.011166457872965774e-01,-6.670397532187739842e-03,6.015952369413470925e-03
1.520934766002063565e+00,-7.800798299292765331e-03,7.428293419266295272e-01,5.352563878248129542e-02,1.510490118175068439e-02,1.690806107002544925e-02,9.983090530612600544e-01,1.233288368052742057e-01,-2.390187523253255730e-01,-4.330420092130873866e-02,2.772446752771867695e-01,-3.482718507067873448e-01,1.430373165424266846e-01,-5.622073395105517957e-01,-1.104997534805561288e-01,-9.612888417125098339e-02,2.121721028750845894e-01,-8.527892369906654724e-02,1.445045919985331884e-01,-8.046511783099528914e-03,-5.119132304572961145e-02,5.762029820505615817e-03,-1.484054828299981033e-01,9.258893120290018208e-02,-3.437991999816588096e-01,8.497520698696222619e-01,8.722989751398755320e-01,6.561834141341454062e-03,-2.609491903665962613e-03,2.361829653422289899e-01,-1.361364340346325197e-01,1.333618956009098300e-01,6.977258654993740983e-01,-8.020166019406720359e-01,-6.377978817376318832e-03,6.164077724162772727e-03
1.527365592118543169e+00,-8.352595435833970461e-03,7.423028455394817815e-01,5.381475232515089968e-02,1.578936505761039527e-02,1.684148883303885486e-02,9.982840440661903125e-01,1.288886114101150948e-01,-2.385217119117962747e-01,-4.722115248728929460e-02,2.822768694778032827e-01,-3.509812784860725787e-01,1.404784339423169326e-01,-5.604300930688893567e-01,-1.071273931606054469e-01,-8.938136549818523346e-02,2.103306584689655090e-01,-8.357388259950609966e-02,1.476994787623810701e-01,-8.917054011791193668e-03,-5.047343111984443909e-02,3.732125804546174239e-03,-1.455804665799830533e-01,9.083657101278723445e-02,-3.468137244858045531e-01,8.496023613328960167e-01,8.689503862106267018e-01,6.469272394594578236e-03,-2.810724643852139260e-03,2.359017564918804433e-01,-1.356663334707837176e-01,1.296746857205220982e-01,6.991257691846823885e-01,-8.026373921548893842e-01,-6.000914759915044507e-03,6.355792833003501112e-03
1.533977527250326656e+00,-8.995638654569013820e-03,7.420008484021120010e-01,5.397728395099462423e-02,1.632209262885781290e-02,1.685379180299571150e-02,9.982664834497305684e-01,1.349007703940378611e-01,-2.376834844484950193e-01,-4.940901921237988298e-02,2.872669587071938757e-01,-3.518358318154567455e-01,1.388178468879917304e-01,-5.594580090593901378e-01,-1.033372107429119252e-01,-8.201256503051365665e-02,2.121895737445599062e-01,-7.929029258368718025e-02,1.495753926946730150e-01,-9.960313182022463227e-03,-4.965226800127601342e-02,1.350050478404540366e-03,-1.423108763382177622e-01,8.910957116550367874e-02,-3.493047936579570800e-01,8.499785020861554408e-01,8.656349075176201779e-01,6.266627022599963875e-03,-2.892448656708379237e-03,2.363803255935785219e-01,-1.347320415678566197e-01,1.258608385415065922e-01,7.006424689669638051e-01,-8.032592699082847787e-01,-5.779485658978303353e-03,6.436413946779489213e-03
1.540786592308129643e+00,-9.765755881007320144e-03,7.418875357808660809e-01,5.392454582698963383e-02,1.673269330485957496e-02,1.692289485460317031e-02,9.982613765752225143e-01,1.414381353065890523e-01,-2.361332187161566121e-01,-4.981643862182418697e-02,2.920285380797171260e-01,-3.507583659802153697e-01,1.378721449799146237e-01,-5.599202002170211578e-01,-9.891284257026369819e-02,-7.484547477125240433e-02,2.182192900843699657e-01,-7.095626860749762455e-02,1.463378706439915355e-01,-1.121470369239818514e-02,-4.862967469658861092e-02,-1.225081747708398712e-03,-1.388547273537963367e-01,8.739550337168375260e-02,-3.512054389700403623e-01,8.510180434794542004e-01,8.623663787467188424e-01,6.042318790395951461e-03,-2.988714098679345899e-03,2.374390884478639330e-01,-1.333612498385189360e-01,1.220761118401636203e-01,7.023916774186385048e-01,-8.038838042469593770e-01,-5.585392428540390461e-03,6.468773669234466166e-03
1.547723355316492411e+00,-1.068555401415207870e-02,7.419352592529024903e-01,5.360797009062340940e-02,1.710176532403737820e-02,1.680175126083811171e-02,9.982742190000366556e-01,1.481377534447858857e-01,-2.336319369134266799e-01,-5.049774046767195601e-02,2.966902557385560080e-01,-3.478798014840958630e-01,1.365214463389185784e-01,-5.622128233253210761e-01,-9.346649971194956330e-02,-6.856210839681384228e-02,2.284652149879989047e-01,-5.851229690366763214e-02,1.350207475483222175e-01,-1.234119021204674663e-02,-4.740665978437832995e-02,-3.887249402525583784e-03,-1.350356751479498407e-01,8.580951646311948955e-02,-3.525002101098145268e-01,8.529794135790463860e-01,8.591537256635899400e-01,5.941340318161824827e-03,-3.322961833304496730e-03,2.384344338555023923e-01,-1.315932792190750433e-01,1.185095453441973590e-01,7.043887719719723606e-01,-8.044451346256155100e-01,-5.207441384896214012e-03,6.574741299502473435e-03
1.554764251526638663e+00,-1.172592844861500977e-02,7.420354028655117284e-01,5.310210682586830044e-02,1.739975870367061264e-02,1.665322735732891954e-02,9.982985949435635442e-01,1.549162033228875524e-01,-2.303768990395877181e-01,-5.187616754245563677e-02,3.015562149290253458e-01,-3.436334461734830148e-01,1.342955364750301750e-01,-5.651917117971601012e-01,-8.791978580445078406e-02,-6.327920624954078144e-02,2.418220381988827605e-01,-4.508606460246878528e-02,1.208571341701538959e-01,-1.349292925919167406e-02,-4.614925607292311160e-02,-6.694432546621763638e-03,-1.306050428576062961e-01,8.436797921694275115e-02,-3.533535346060698301e-01,8.558569489016648602e-01,8.561733706473458883e-01,5.874585876129930634e-03,-3.756645501663044302e-03,2.393991906556168781e-01,-1.294526097517277319e-01,1.150155198081188046e-01,7.066104132261478155e-01,-8.050212491883862453e-01,-4.760127606435059569e-03,6.749253214133912188e-03
1.561850953903732186e+00,-1.279819329527506072e-02,7.420703791832649054e-01,5.237511177058742917e-02,1.765535847178603332e-02,1.656474763044236617e-02,9.983339800126852515e-01,1.616130119337777504e-01,-2.265195461383653630e-01,-5.277809646353935624e-02,3.069027816461156188e-01,-3.389219665670928361e-01,1.313900753549113731e-01,-5.680467165093466830e-01,-8.298204036048495436e-02,-5.971167320462997946e-02,2.567249110902461440e-01,-3.096853102952934478e-02,1.060983642622540246e-01,-1.458524730650257936e-02,-4.464702376219272656e-02,-9.842290289243490337e-03,-1.253642812708007370e-01,8.287922412246809256e-02,-3.538927757683271169e-01,8.595345127588795986e-01,8.535985788260043172e-01,5.699579100480061528e-03,-4.047491108395782217e-03,2.404727718301250539e-01,-1.271188713841550355e-01,1.113508150383672735e-01,7.091723748048762710e-01,-8.057048120016919723e-01,-4.409546157423724529e-03,6.951123627353181580e-03
1.568969867498678283e+00,-1.388839428757098274e-02,7.420566438304688761e-01,5.150154677909186962e-02,1.782600023663742997e-02,1.649208079932210427e-02,9.983776017448675599e-01,1.683571882910620543e-01,-2.222601924418509400e-01,-5.308330986157983739e-02,3.126300390433368603e-01,-3.337713322892771339e-01,1.281164814119464257e-01,-5.702666285734585561e-01,-7.874938773066707254e-02,-5.785664833983658606e-02,2.722868644955241391e-01,-1.609063997853145064e-02,9.134440357325998572e-02,-1.556960922890875641e-02,-4.303419957853323735e-02,-1.318909628393340368e-02,-1.192870597793757592e-01,8.136097632245938016e-02,-3.540947632640937259e-01,8.640702053277649064e-01,8.514073296378800171e-01,5.450701689355497669e-03,-4.296004940543662019e-03,2.416001526600780602e-01,-1.246337578502130228e-01,1.075625070284029067e-01,7.121200007246090147e-01,-8.064760257946276267e-01,-4.028273716217597999e-03,7.155387398055560767e-03
1.576157421095904176e+00,-1.503445330472043609e-02,7.421097230047927207e-01,5.061133623379167334e-02,1.784635608332545142e-02,1.640891021358227217e-02,9.984241322628275572e-01,1.752812630710172126e-01,-2.178188220404915498e-01,-5.336506266945750115e-02,3.185881623296158982e-01,-3.274951980829305387e-01,1.248072665116161106e-01,-5.713912414628895542e-01,-7.487870759380006735e-02,-5.694389087440412944e-02,2.879495985289825533e-01,-7.407218560765965049e-04,7.698800739101448187e-02,-1.659928164105712450e-02,-4.162541755697239665e-02,-1.648795433780125830e-02,-1.124278113212086455e-01,7.994973734778838825e-02,-3.539012318585184613e-01,8.696482713669188014e-01,8.495281996625110299e-01,5.228806401987253286e-03,-4.678345529348701577e-03,2.427111178202500386e-01,-1.219441420897685591e-01,1.037818508436531006e-01,7.154368429555137965e-01,-8.072933103294908097e-01,-3.451183197667288816e-03,7.350037270410040950e-03
1.583413408698079561e+00,-1.625317295504433851e-02,7.424012263312796955e-01,4.963516374482633553e-02,1.779816594364799082e-02,1.621462464468809844e-02,9.984771713748386013e-01,1.821462243640409318e-01,-2.129593989982867530e-01,-5.328774210576916331e-02,3.245990055666450047e-01,-3.194911994176118375e-01,1.209173984765580523e-01,-5.708786265511008873e-01,-7.084548991602999946e-02,-5.661832757516128967e-02,3.027284623979005218e-01,1.389436570289099768e-02,6.366836123099348099e-02,-1.742824101798739686e-02,-4.034019306008047173e-02,-1.964325278475142697e-02,-1.048615684829797695e-01,7.863516304925419198e-02,-3.531923814006114326e-01,8.762179709965258745e-01,8.480597709502505355e-01,5.043752291182467332e-03,-5.105183770102579045e-03,2.438342360935059350e-01,-1.190441482225344239e-01,1.000454145216935764e-01,7.191750674628886175e-01,-8.081745780805825730e-01,-2.845969495224222583e-03,7.546652166646928943e-03
1.590705759699716726e+00,-1.756041951135147577e-02,7.431289739253693627e-01,4.844619178886284960e-02,1.784440641214739276e-02,1.584853579427716180e-02,9.985406089346160474e-01,1.884534477703664335e-01,-2.072445507863943659e-01,-5.208234186952021699e-02,3.304733538514837976e-01,-3.090904833382386308e-01,1.154488165811509703e-01,-5.682785976273656559e-01,-6.622341694607510043e-02,-5.678331449608483433e-02,3.155146368110510746e-01,2.618754940700893444e-02,5.210121343766020707e-02,-1.771666775238833758e-02,-3.905357027751410470e-02,-2.261474391016475571e-02,-9.673135926716278088e-02,7.742143216789597326e-02,-3.518621514571387832e-01,8.835345227628720322e-01,8.470960302705810019e-01,4.870730178282826200e-03,-5.437457749176958025e-03,2.450487704523036658e-01,-1.158839805190632066e-01,9.639081009548683410e-02,7.233732349090483682e-01,-8.091432434071771373e-01,-2.424794177567836384e-03,7.764562124776625690e-03
1.597906918782671326e+00,-1.890213923585491382e-02,7.441314214945171646e-01,4.705885830128482550e-02,1.793583012962976161e-02,1.560503260054975187e-02,9.986091591861533390e-01,1.936043314814643312e-01,-2.008640712318229549e-01,-5.031625626986761107e-02,3.373194575013536145e-01,-2.971563878569904449e-01,1.088632533650321782e-01,-5.645519416194650919e-01,-6.162355865985272990e-02,-5.779271292346076921e-02,3.274389559963521434e-01,3.511526947509106822e-02,4.196600903149627637e-02,-1.831728965975714871e-02,-3.776466306782353538e-02,-2.544711798868255770e-02,-8.826338637574404622e-02,7.624845658228121548e-02,-3.499818116089699616e-01,8.915883782858060602e-01,8.465155309844657472e-01,4.731649856392770165e-03,-5.716171019129388971e-03,2.462102555540221227e-01,-1.125743784372552209e-01,9.271318666237328421e-02,7.278939697605257830e-01,-8.101451701290899310e-01,-2.076390015811549559e-03,7.977718340404085090e-03
1.604926000090206584e+00,-2.014800394024608005e-02,7.450318872015588845e-01,4.565446253043985853e-02,1.779777801350521799e-02,1.521357655526026434e-02,9.986828606906376082e-01,1.991739646503258021e-01,-1.953199185903464474e-01,-4.984692535597461810e-02,3.489073963102523046e-01,-2.892034928509096825e-01,1.010301954452624412e-01,-5.610259047963042089e-01,-5.771464802144164047e-02,-6.004290003534590303e-02,3.405961936757705422e-01,4.025989871889165683e-02,3.188040157796756535e-02,-1.952873405829643264e-02,-3.663816888743993277e-02,-2.832807997811068526e-02,-7.921231858869820508e-02,7.493160381763876166e-02,-3.476829608488377632e-01,9.005014654295997456e-01,8.461741111045743002e-01,4.658172139756872228e-03,-6.003581617819982695e-03,2.471507248018571523e-01,-1.094169110063699241e-01,8.890006597487556950e-02,7.327002666125242980e-01,-8.111302362697481172e-01,-1.632835916145204637e-03,8.163428432046428498e-03
1.611782059090954178e+00,-2.131694422630663055e-02,7.458557898244591033e-01,4.416870417929306264e-02,1.750066766730332471e-02,1.445996575355918377e-02,9.987661195659003344e-01,2.049554616401118301e-01,-1.903036650872812763e-01,-5.019498240212242474e-02,3.648786585899682078e-01,-2.846157777077911732e-01,9.313255199926530337e-02,-5.573728790253109633e-01,-5.371581161641024449e-02,-6.312585654001633129e-02,3.543025476479257363e-01,4.126561954643829383e-02,2.115054387426892890e-02,-2.081782988007536278e-02,-3.563625008314741383e-02,-3.138715982308706853e-02,-6.953557047153155479e-02,7.350309324535141131e-02,-3.449556871398484770e-01,9.100526909343683579e-01,8.460029367327379646e-01,4.608863449947372265e-03,-6.313430157302214740e-03,2.479525714364091693e-01,-1.063584454878750418e-01,8.497748628106574498e-02,7.379427258337749596e-01,-8.120963350717874674e-01,-1.160905093483083957e-03,8.338842728339417379e-03
1.618460000934166310e+00,-2.252506302702201452e-02,7.468382283190314608e-01,4.226010130455012948e-02,1.729607530703226176e-02,1.383485487116249170e-02,9.988611020416520159e-01,2.079164374610278088e-01,-1.839484874801940728e-01,-5.012461761187980702e-02,3.820744537758682391e-01,-2.745886344946258384e-01,8.521899327604091912e-02,-5.525911543237777002e-01,-4.834154664130516782e-02,-6.634265212518307420e-02,3.666609772999009365e-01,3.791369458557121430e-02,1.032023055362834944e-02,-2.219001025247750031e-02,-3.433710686755052366e-02,-3.432394214693618856e-02,-5.989885682101560999e-02,7.211091248930204256e-02,-3.417373692016103526e-01,9.198178018947594792e-01,8.459648286431683539e-01,4.529226178127384282e-03,-6.650101418646426829e-03,2.487292170639405220e-01,-1.031784180279699814e-01,8.098785225915765273e-02,7.435376788138924331e-01,-8.130444813940189697e-01,-7.686015171111399823e-04,8.519610994750530589e-03
1.624958331735562256e+00,-2.379342065551733748e-02,7.478468174949466363e-01,3.990228061799994119e-02,1.711865365373283279e-02,1.347616091432898323e-02,9.989660418580686985e-01,2.079368651610533636e-01,-1.759633869981854504e-01,-5.009507983432340272e-02,4.012177514549816748e-01,-2.560514121644821839e-01,7.703114382070244681e-02,-5.469538650546660330e-01,-4.172048564524407505e-02,-6.981695631198517327e-02,3.779845603774077967e-01,3.087054540769722244e-02,-6.135143233350001668e-04,-2.373954476245866696e-02,-3.275656744515054869e-02,-3.693073443926490895e-02,-5.053201505118033732e-02,7.089285046003970803e-02,-3.382326984415838789e-01,9.297524656234974483e-01,8.460300351006606601e-01,4.463557017575538188e-03,-6.973762904227199730e-03,2.494138758184069049e-01,-9.986542084294425248e-02,7.689136112030657555e-02,7.492093563534264478e-01,-8.138712952552574764e-01,-4.194007765445951770e-04,8.677512829127003238e-03
1.631311288693217953e+00,-2.507671712183234120e-02,7.485866631925334191e-01,3.734799815188869637e-02,1.678956182887899468e-02,1.306484855816185571e-02,9.990758466601986632e-01,2.068147736946055748e-01,-1.675588390223488322e-01,-5.128856932429604748e-02,4.227301239400798050e-01,-2.364344699678372075e-01,6.682272555188215057e-02,-5.413440262188266017e-01,-3.472758477111718978e-02,-7.383208782085520783e-02,3.895398562625845829e-01,2.151829035448150559e-02,-1.193547145436860656e-02,-2.529336606361009751e-02,-3.131720555335018585e-02,-3.929589485273609489e-02,-4.114214978304508996e-02,6.991562842010590195e-02,-3.346599609420786714e-01,9.400960113042794442e-01,8.461774475485825953e-01,4.471362893015533475e-03,-7.245206603502943495e-03,2.497603356190951085e-01,-9.652186997747662367e-02,7.261697397377153695e-02,7.548857579087279168e-01,-8.144984758900777333e-01,-5.108599158010023161e-05,8.779051319779978060e-03
1.637537965040221755e+00,-2.639168283668100537e-02,7.491419843594997463e-01,3.453380857239169571e-02,1.642062486012571543e-02,1.279889846011725459e-02,9.991866529046992129e-01,2.036303118835787740e-01,-1.581805603125242266e-01,-5.311050561926436431e-02,4.462252087471245687e-01,-2.136609580443944445e-01,5.260376920409013529e-02,-5.354477035866317403e-01,-2.750112130191758111e-02,-7.863504900900757100e-02,4.006062379478556035e-01,1.059305181785545787e-02,-2.327513070822437996e-02,-2.697463647831731953e-02,-2.977704216597619122e-02,-4.144052325286069760e-02,-3.193792465078529319e-02,6.923602629567285338e-02,-3.313759155923609590e-01,9.506817273180978578e-01,8.465216203024045205e-01,4.465322040717620115e-03,-7.503842749017953714e-03,2.496757874454713921e-01,-9.312853925185524129e-02,6.813897056112709627e-02,7.604188183185468519e-01,-8.149771396189064987e-01,3.414307990587844605e-04,8.832261322181577529e-03
1.643663134496037070e+00,-2.779029976747539668e-02,7.498101698077219712e-01,3.137179102610559295e-02,1.614778918715005507e-02,1.291976102825691253e-02,9.992937963199785001e-01,1.965271931575115205e-01,-1.473742933316892212e-01,-5.470944210894338605e-02,4.724978077426522649e-01,-1.854028253740028775e-01,3.470896066033041932e-02,-5.284161026522984361e-01,-1.982679891067539238e-02,-8.423326205980886938e-02,4.098270408153389943e-01,-1.904188876416806767e-03,-3.401957566631972490e-02,-2.867792086231812573e-02,-2.789372084851674677e-02,-4.308218350969415106e-02,-2.335927291863516483e-02,6.894802969153185357e-02,-3.286050018095622582e-01,9.611258816528113202e-01,8.471543885197825308e-01,4.322757389759887547e-03,-7.784462938484809635e-03,2.490795970079903443e-01,-8.954466957435959495e-02,6.351370802084654876e-02,7.657004954218321613e-01,-8.153700918310778922e-01,7.376073088606489034e-04,8.860878256566220509e-03
1.649766519064744585e+00,-2.928301939623829953e-02,7.506053865276823833e-01,2.802359768173430174e-02,1.589619801304345548e-02,1.337144814393966680e-02,9.993914114280932903e-01,1.860460973141967733e-01,-1.361212256080968908e-01,-5.635723918190646553e-02,5.025903344069716505e-01,-1.552453907845055825e-01,1.544618343787830181e-02,-5.201193484428819902e-01,-1.203908514466621102e-02,-9.055266927432653601e-02,4.171375724069188440e-01,-1.512126068556422440e-02,-4.402353955887633452e-02,-3.027327709391072069e-02,-2.594975156881223349e-02,-4.424488431823830892e-02,-1.525343010736144797e-02,6.925408768379003044e-02,-3.267404766411367567e-01,9.711374111984844015e-01,8.485051063675933536e-01,4.118182445944782583e-03,-8.028921965714416048e-03,2.479844862506662972e-01,-8.572892224864231414e-02,5.874295604921439540e-02,7.707392929934266945e-01,-8.156212699070427563e-01,1.117951357384419208e-03,8.831456570846121790e-03
1.655935806717526937e+00,-3.086784398561817633e-02,7.513831295402743082e-01,2.463968452977241541e-02,1.558503637061817854e-02,1.409176396158787550e-02,9.994755698745471095e-01,1.734692290027656514e-01,-1.249360303755738949e-01,-5.848473229978620042e-02,5.360736997112977020e-01,-1.246925693102437088e-01,-4.768424417045731556e-03,-5.108789038653037684e-01,-4.556371174581705027e-03,-9.761498511781699361e-02,4.230601640105694505e-01,-2.787412071778021597e-02,-5.338416482912932554e-02,-3.184343255432864339e-02,-2.419454014600018812e-02,-4.527563553099592936e-02,-7.261844433850679278e-03,7.031564477667760771e-02,-3.260767972201876197e-01,9.805980554569608820e-01,8.508664235651770547e-01,3.917190923571814594e-03,-8.192896730205748157e-03,2.464711923517708680e-01,-8.171564626410732224e-02,5.377997723966057575e-02,7.755374978314413248e-01,-8.156817024831242158e-01,1.476936331997489703e-03,8.705122862688796301e-03
1.662103120745665796e+00,-3.251338290595716385e-02,7.520565984894703737e-01,2.122155568729464092e-02,1.526699202392412837e-02,1.514762725993311007e-02,9.995434527408734171e-01,1.581880231357404298e-01,-1.138476957467374484e-01,-6.076608092890219831e-02,5.736092289695847724e-01,-9.376264004438987498e-02,-2.575677271245241720e-02,-5.010973102543846425e-01,2.603958624313052611e-03,-1.054098903579400170e-01,4.278621753369251657e-01,-4.024069709914805670e-02,-6.238768564598118349e-02,-3.352962357000584953e-02,-2.258227375043714638e-02,-4.620701983181915024e-02,2.666664200280301905e-04,7.220599481279967036e-02,-3.268306933109275669e-01,9.894240749331661977e-01,8.544009313411751183e-01,3.724265164131847911e-03,-8.329963208286477599e-03,2.446289605306324610e-01,-7.764278509833402731e-02,4.870878950129219759e-02,7.801152469351566587e-01,-8.156372446481291449e-01,1.775985463642501452e-03,8.540031559089812652e-03
1.668144706323663184e+00,-3.416988708907069128e-02,7.525669568118610320e-01,1.771252063858688372e-02,1.496141749390804063e-02,1.658019663403427491e-02,9.995936619660635847e-01,1.395876745627496196e-01,-1.028244209620154254e-01,-6.279012882449980237e-02,6.158445821106227624e-01,-6.237725672318700926e-02,-4.679574351150695560e-02,-4.910245755166426362e-01,9.642322005616725880e-03,-1.138281508920595958e-01,4.316786873446999961e-01,-5.272525303920581885e-02,-7.129993881417953649e-02,-3.537205038618264352e-02,-2.095445925381761096e-02,-4.676908829237965554e-02,6.753960313979486332e-03,7.491928614781966089e-02,-3.290418604888435961e-01,9.975078057393605979e-01,8.591274961036299285e-01,3.513547400407267349e-03,-8.489191603310851028e-03,2.425653098394545681e-01,-7.368678147408470880e-02,4.365745712285771379e-02,7.845245792167526711e-01,-8.155689618759803805e-01,1.979051129948862335e-03,8.402473559503418135e-03
1.674091076699498748e+00,-3.584635947483866270e-02,7.528400183979940818e-01,1.410078506472087212e-02,1.466537810605691126e-02,1.844183995957720396e-02,9.996229254496268313e-01,1.183329762414111197e-01,-9.170083979826569587e-02,-6.475563225804578660e-02,6.618942797391533794e-01,-3.038540592079726210e-02,-6.798060624529975171e-02,-4.809818324183426919e-01,1.655626556372116753e-02,-1.229074093563000819e-01,4.349103739965549664e-01,-6.463388524450472405e-02,-8.025425516023337869e-02,-3.735743988461507487e-02,-1.922785640712614680e-02,-4.688963361621586307e-02,1.185251280682412048e-02,7.856841139999420909e-02,-3.329237897798550949e-01,1.004890619243083094e+00,8.651041854579885060e-01,3.268098401337004959e-03,-8.664133818124124947e-03,2.407646691183205345e-01,-6.998387620752730132e-02,3.866803843471115082e-02,7.886682720488650267e-01,-8.154132150493151876e-01,2.165594650841712841e-03,8.227807412235808165e-03
1.680018944862058827e+00,-3.758056859640431652e-02,7.528010389855795959e-01,1.039037454610579683e-02,1.439853012917385183e-02,2.084548342990499847e-02,9.996250238301781499e-01,9.494989947368011329e-02,-8.018998566971122233e-02,-6.676628614968897757e-02,7.108186820414601481e-01,2.582157518640992855e-03,-8.968418984302505004e-02,-4.713540554385840520e-01,2.322927244307161632e-02,-1.328148330344427475e-01,4.380518145164886135e-01,-7.485226236647074538e-02,-8.938607063209134951e-02,-3.957890929986292855e-02,-1.734244489630595160e-02,-4.656267447105031515e-02,1.528545019054856902e-02,8.327354318202197236e-02,-3.385365199123553381e-01,1.011644261551773782e+00,8.723056664316882758e-01,2.969078729900412675e-03,-8.845645016171273592e-03,2.397212927459743681e-01,-6.664180572873092123e-02,3.371408443586287190e-02,7.925111808335255636e-01,-8.151165695400719446e-01,2.405942939344112800e-03,7.951643472196470719e-03
1.686150186696038222e+00,-3.941446463299474318e-02,7.526445604619335095e-01,6.664791895973564209e-03,1.413379639734870484e-02,2.350914225078409164e-02,9.996014888839521717e-01,7.089311384281407613e-02,-6.814022511337951282e-02,-6.861253014236524950e-02,7.599782865138842158e-01,3.803146110125157214e-02,-1.125651186158439093e-01,-4.616910618644062270e-01,2.960159677870279060e-02,-1.434397740838148083e-01,4.411082889789192385e-01,-8.338060334107760818e-02,-9.813932782134122956e-02,-4.169102571464770868e-02,-1.524212221346646183e-02,-4.611652862265502167e-02,1.746335682901266340e-02,8.896460638897051021e-02,-3.456322176897129173e-01,1.018029626517069186e+00,8.804326979112151452e-01,2.635221184509391364e-03,-9.002151525025120504e-03,2.397258351165101053e-01,-6.377004888195290933e-02,2.902820167407110449e-02,7.962657048531965875e-01,-8.147773106707894009e-01,2.688314445560163659e-03,7.686792728351715329e-03
1.692711771163186718e+00,-4.140121417799887821e-02,7.526785472587474990e-01,2.977430576160237236e-03,1.389172920261396750e-02,2.629175888998273522e-02,9.995533425897711322e-01,4.636093511596238448e-02,-5.524160628856499000e-02,-7.012977453055040111e-02,8.075129054779000004e-01,7.852027876310513355e-02,-1.379227841178178315e-01,-4.514148790269387201e-01,3.541783677864026453e-02,-1.548594317412219090e-01,4.438664726688817397e-01,-9.048654139491196791e-02,-1.048762422101707781e-01,-4.366524245423031303e-02,-1.276341980868370661e-02,-4.596070231355217639e-02,1.882891890558124545e-02,9.552840406408488749e-02,-3.539460224993098425e-01,1.024318142223929584e+00,8.892201802537240685e-01,2.300932004051431824e-03,-9.128356781300143302e-03,2.408903589511937615e-01,-6.139185162933884221e-02,2.476511513335409934e-02,8.001165269849758177e-01,-8.144758575512371923e-01,2.991838323077200545e-03,7.532408268200319577e-03
1.699426640598554528e+00,-4.344568649477732053e-02,7.527712108179085426e-01,-7.708048539567712238e-04,1.371574857649794470e-02,2.954998981249503179e-02,9.994689000679035651e-01,2.014740122142095677e-02,-4.181995162996813425e-02,-7.167903431396431546e-02,8.546536208298424198e-01,1.239529822837035500e-01,-1.636029576295631449e-01,-4.405474519062153038e-01,4.082765591241363512e-02,-1.672167696537356085e-01,4.459839782263407271e-01,-9.743081617651522253e-02,-1.107940044546032315e-01,-4.620136407052689853e-02,-9.723440682454734946e-03,-4.561079240904038212e-02,1.916002624793401027e-02,1.027103263792454729e-01,-3.628609716059459922e-01,1.029750124699640113e+00,8.981674565949332445e-01,1.952065763541594974e-03,-9.281801027615653801e-03,2.421860450909760487e-01,-5.956439562216712946e-02,2.099414912300073127e-02,8.036901853273830110e-01,-8.144090116403547297e-01,3.287908522913903127e-03,7.322717805664556191e-03
1.705966664468641980e+00,-4.537610479328134383e-02,7.527186496838074170e-01,-4.451282794627013477e-03,1.353329632660804638e-02,3.297164476781192649e-02,9.993547451297380979e-01,-6.386273998805806762e-03,-2.963851784959104646e-02,-7.294101258806467980e-02,9.039101197314521885e-01,1.632822754477805949e-01,-1.845319004613519276e-01,-4.294395660325329156e-01,4.587716460709020949e-02,-1.797716702577617509e-01,4.473489015994660534e-01,-1.043030173593266635e-01,-1.158599610783362932e-01,-4.888615739378283226e-02,-6.531624803652645930e-03,-4.455792747635772821e-02,1.857085525454037211e-02,1.102307459825082603e-01,-3.718161272731795863e-01,1.033735584129495289e+00,9.069469534067245986e-01,1.571439516281954250e-03,-9.418195054705959246e-03,2.423431688485166990e-01,-5.828352762618909527e-02,1.778845497949228111e-02,8.069593632407968675e-01,-8.146961007993765991e-01,3.540338576902473354e-03,6.936647021960774991e-03
1.712406714930414520e+00,-4.723218421666910971e-02,7.527095368977523293e-01,-7.685625557114267661e-03,1.320447767676042466e-02,3.613008859450234089e-02,9.992302985934889969e-01,-3.272164860838314843e-02,-1.930743803596714908e-02,-7.260809978574687962e-02,9.554171822320604024e-01,1.865457436972285110e-01,-1.973347174966181006e-01,-4.176146692304541497e-01,5.064430443833205231e-02,-1.913007096054497591e-01,4.479198545061595649e-01,-1.120017697817553420e-01,-1.201413291225292695e-01,-5.097090348186854997e-02,-4.372206099799045773e-03,-4.325793580513365849e-02,1.803063341927970201e-02,1.181975122925207067e-01,-3.801191756141761857e-01,1.036161163021863452e+00,9.150086328643758371e-01,1.216641780553597528e-03,-9.484985730557962680e-03,2.413430295002991777e-01,-5.705619465585747702e-02,1.534308249452703832e-02,8.104355732112442645e-01,-8.154489860245850430e-01,3.761565875001629446e-03,6.554774274222190285e-03
1.718820889329383039e+00,-4.903921873891545213e-02,7.528374511335774733e-01,-1.090826287814186842e-02,1.285572888914314829e-02,3.944156948237141636e-02,9.990796280974223453e-01,-5.948713796812741400e-02,-8.775475865838119546e-03,-7.213254451396659828e-02,1.002937286173021247e+00,2.111621992439475792e-01,-2.065291847570900341e-01,-4.049557484654638384e-01,5.604683162155112836e-02,-2.019836141395122964e-01,4.474769961268957874e-01,-1.219174289955328727e-01,-1.237121734779112331e-01,-5.276853274199759525e-02,-2.399727641255073284e-03,-4.253773538915583963e-02,1.794816597430174548e-02,1.263016377558817960e-01,-3.874951610303710159e-01,1.036897423722481504e+00,9.220745899674956947e-01,9.374534231443270704e-04,-9.481315930810101447e-03,2.398724318776672693e-01,-5.598248227506422842e-02,1.371966750124251413e-02,8.134443342759473117e-01,-8.166787566239549490e-01,3.906159590407147844e-03,6.313084011170448304e-03
1.725220331841302635e+00,-5.079212992614400013e-02,7.530257879891893991e-01,-1.400445879192476623e-02,1.242574209346108613e-02,4.278903248288790095e-02,9.989086919065980341e-01,-8.648721170413345427e-02,1.567387605419382976e-03,-7.159106915648172365e-02,1.047633137856328167e+00,2.326348297499715445e-01,-2.118995777459439789e-01,-3.911831439609191330e-01,6.197697535522076612e-02,-2.117401414660409487e-01,4.453209006390797531e-01,-1.321536018964412362e-01,-1.269169351128543177e-01,-5.432585248576941861e-02,-7.731221752146418425e-04,-4.224483514174890569e-02,1.840884806465073464e-02,1.344509717178393460e-01,-3.933114939497887041e-01,1.035861134532749528e+00,9.274943316676741434e-01,6.845758394986507008e-04,-9.481242355702910671e-03,2.377770598397017376e-01,-5.517849667500188127e-02,1.297534065963208867e-02,8.159712073276161881e-01,-8.184705273532298930e-01,3.999475075231408508e-03,6.123900861491515975e-03
1.731564447936617013e+00,-5.245851540769856658e-02,7.531824687338123381e-01,-1.689333145640121991e-02,1.189421069080168376e-02,4.597898810750608578e-02,9.987287298145364201e-01,-1.137081855928951946e-01,1.089585681297632579e-02,-7.102086725987516447e-02,1.090296524193405947e+00,2.434642423874261719e-01,-2.127923075738104297e-01,-3.765445947154320017e-01,6.829884943899577898e-02,-2.205058854197432250e-01,4.413755911409085186e-01,-1.412756587485378690e-01,-1.301768637193112532e-01,-5.574714296575559308e-02,5.661775266079659575e-04,-4.201347925936543826e-02,1.922251665589507288e-02,1.425030869350342178e-01,-3.972217258246728555e-01,1.033218605582369998e+00,9.309904880338695232e-01,4.531618607656235395e-04,-9.509593254008691030e-03,2.346014295709855646e-01,-5.486286394976807451e-02,1.303020550511356859e-02,8.182065795058223179e-01,-8.208392173554405202e-01,4.082810154823900313e-03,5.910222459008138488e-03
1.737861015008315357e+00,-5.401712636841880105e-02,7.533343800464963325e-01,-1.953470688512350117e-02,1.124584503940460195e-02,4.890820172922285408e-02,9.985489041603701210e-01,-1.407909533762191634e-01,1.885292015416810754e-02,-7.017575930970913756e-02,1.130172734141960733e+00,2.462979173556030521e-01,-2.110202683255808509e-01,-3.615891189006978368e-01,7.460026372930567140e-02,-2.283610938568303161e-01,4.368094002440671697e-01,-1.505439718308446695e-01,-1.333963450495226355e-01,-5.658820738464660077e-02,1.616746114965547567e-03,-4.173883905596784821e-02,2.040015330599534438e-02,1.503353812918832577e-01,-3.989678574909313880e-01,1.028906836318556506e+00,9.322641014776643642e-01,2.271589533590532509e-04,-9.510726014862396632e-03,2.305630779119676732e-01,-5.495753234568007822e-02,1.376020476408008550e-02,8.202937301504343859e-01,-8.237116696414559236e-01,4.177910451992173681e-03,5.684651338701209207e-03
1.744131605020089015e+00,-5.543988638156077675e-02,7.535692665317568206e-01,-2.206369860827080143e-02,1.046821915594828636e-02,5.159165113248512929e-02,9.983696383360722848e-01,-1.674485495715714034e-01,2.553854918823532730e-02,-6.899122551361852596e-02,1.166714629214958832e+00,2.441931026453157960e-01,-2.079253002449404919e-01,-3.466751182325945035e-01,8.064202862319534704e-02,-2.357761717951866454e-01,4.328877926892680805e-01,-1.624891938232708444e-01,-1.364225780277997513e-01,-5.645026281609998031e-02,2.742394536390793756e-03,-4.139830420079182449e-02,2.197655208802231849e-02,1.577633593929832767e-01,-3.985264295769202492e-01,1.022954878190435402e+00,9.313130877819427722e-01,1.140349956726881774e-05,-9.418333122607766908e-03,2.260315679006165701e-01,-5.538485015150288598e-02,1.506608947140922368e-02,8.224209372801525308e-01,-8.270048252822518320e-01,4.301374510175558219e-03,5.475085533352672118e-03
1.750386987228134572e+00,-5.675755445932317150e-02,7.537212658984627778e-01,-2.437803989761827897e-02,9.600645139655524657e-03,5.404193651783480851e-02,9.981948747018564161e-01,-1.937023282076005548e-01,3.101842710689040744e-02,-6.833140131532644546e-02,1.199997871579132847e+00,2.363432062340246054e-01,-2.038763085091676863e-01,-3.318273016342359050e-01,8.681397378644145624e-02,-2.421208711082815934e-01,4.288705931379664382e-01,-1.744567767276579140e-01,-1.392471520685558684e-01,-5.607599617991464863e-02,3.804996957542388855e-03,-4.099737496333542841e-02,2.415573010903811213e-02,1.648561913185920824e-01,-3.958194964223054058e-01,1.015290617787077077e+00,9.280678872981148464e-01,-2.346654465211398639e-04,-9.319195240491620277e-03,2.210120128823394037e-01,-5.608514476618807476e-02,1.700356968772883531e-02,8.244537157219047341e-01,-8.307255457919048292e-01,4.450103630834166546e-03,5.300199506840465660e-03
1.756588335980817428e+00,-5.797650931846549949e-02,7.536042679145729117e-01,-2.655996274474002605e-02,8.694933857717196055e-03,5.601120550694687478e-02,9.980389327886294293e-01,-2.197141722693173593e-01,3.604129525437624326e-02,-6.905912221734665513e-02,1.230274554687619259e+00,2.223041333938776953e-01,-1.990262256940642238e-01,-3.176681956780408878e-01,9.381538412370259150e-02,-2.468015359348401661e-01,4.248782762202177321e-01,-1.848696338817494289e-01,-1.420242090808095936e-01,-5.599082388719295311e-02,5.201638570644828014e-03,-4.038393348154567519e-02,2.695259388137262804e-02,1.714591657031961924e-01,-3.909047944924423645e-01,1.006127065182991442e+00,9.226551698698602921e-01,-5.015142216739549045e-04,-9.254007158886112458e-03,2.152056199931313141e-01,-5.719972414128796784e-02,1.953068713816528273e-02,8.263073168023239434e-01,-8.348537935288316003e-01,4.605379867102867529e-03,5.156240050406095399e-03
1.762771048513582794e+00,-5.910082381972357052e-02,7.533934402209141457e-01,-2.848718452912142249e-02,7.724427259037490098e-03,5.746415275157446684e-02,9.979111607200649159e-01,-2.450073574483286887e-01,4.007532123214628539e-02,-6.988912012909631599e-02,1.256548120293181858e+00,2.062332357972417596e-01,-1.934784725208555933e-01,-3.038198798149057134e-01,1.009171163932121029e-01,-2.501240959707469735e-01,4.211311568657525872e-01,-1.950207828060807891e-01,-1.447546511775404110e-01,-5.552886217779687272e-02,6.398204417350084397e-03,-3.955850814050324016e-02,3.045890107206261285e-02,1.776507149103578043e-01,-3.839776865754732649e-01,9.954378087327060420e-01,9.155609854284352256e-01,-7.427952869895737944e-04,-9.157196959782157655e-03,2.087434350732051414e-01,-5.845870637749830262e-02,2.253262398647084067e-02,8.280845312974700612e-01,-8.392495162747436455e-01,4.726826849312744210e-03,4.989608253879183712e-03
1.768997367756702577e+00,-6.011279245593123544e-02,7.534010403325377414e-01,-3.030937838304128759e-02,6.695492599232012905e-03,5.867360412168630412e-02,9.977945464199374781e-01,-2.693262495759072839e-01,4.266200212674143427e-02,-6.976246538798744345e-02,1.278325172054634695e+00,1.907498568841996256e-01,-1.873443519215500785e-01,-2.896112231042679008e-01,1.074341701316329500e-01,-2.533560320701193080e-01,4.179346501285417514e-01,-2.085282192929124867e-01,-1.474351907504469483e-01,-5.418705735696342091e-02,7.384881725387492518e-03,-3.869648056459441127e-02,3.475431717574416907e-02,1.833580561342185999e-01,-3.753087250365018668e-01,9.833738557740520081e-01,9.071787690906419899e-01,-9.253179953669323681e-04,-8.969946811462084502e-03,2.018996143821877032e-01,-5.969538610809930340e-02,2.593707319802722108e-02,8.299423550226883162e-01,-8.438108308843861316e-01,4.791307741825162787e-03,4.780917162498398397e-03
1.775277073403386918e+00,-6.102234945412037675e-02,7.534585921586340884e-01,-3.196897571897422408e-02,5.637338512535348782e-03,5.969254971042389779e-02,9.976888315076214431e-01,-2.926820675472439071e-01,4.360297546552287934e-02,-6.952241899580288709e-02,1.295924298342324921e+00,1.747102708864312071e-01,-1.811027528036409096e-01,-2.751473529025513787e-01,1.134379269608110918e-01,-2.563610017937863472e-01,4.147868699050900054e-01,-2.231241414561671577e-01,-1.499209527282067689e-01,-5.237030577170736362e-02,8.159815288171784128e-03,-3.787347247342952306e-02,3.992979970883085011e-02,1.887597830273788080e-01,-3.652202175401217943e-01,9.698649446698214271e-01,8.976973871385351966e-01,-1.101066171383805956e-03,-8.783870515948541749e-03,1.945545193442692333e-01,-6.088623690432477809e-02,2.947013636584529944e-02,8.320444553261328036e-01,-8.484546063536823057e-01,4.848603239038396656e-03,4.611477110336790163e-03
1.781568799307049034e+00,-6.182551451323932412e-02,7.533080068099986537e-01,-3.352941996186051266e-02,4.563833968217026298e-03,6.032986621817119227e-02,9.976047597413661983e-01,-3.151792057984665330e-01,4.338568476830255427e-02,-7.023750834626298067e-02,1.309840420741951617e+00,1.572372211271229614e-01,-1.749962755158379069e-01,-2.612123521666993020e-01,1.195090751183310873e-01,-2.585846967412916975e-01,4.120281531268439323e-01,-2.367872829927319400e-01,-1.521345212462305863e-01,-5.034785394436160078e-02,9.176407853989425323e-03,-3.697065571710522747e-02,4.591148655052074146e-02,1.938828086100799208e-01,-3.539488898450969812e-01,9.550192711264019474e-01,8.872778067642920208e-01,-1.298871676075473870e-03,-8.643709833307517895e-03,1.863554082698775094e-01,-6.219272884109744437e-02,3.288748690651099177e-02,8.345650838812309624e-01,-8.531338107209425203e-01,4.968919020061966438e-03,4.523096285446644507e-03
1.787885664735822999e+00,-6.252186628771461141e-02,7.528994158365938105e-01,-3.489054709485867739e-02,3.475950079244393386e-03,6.061545046399297032e-02,9.975451541957963686e-01,-3.367252997986158736e-01,4.235371401001718911e-02,-7.122374720491396471e-02,1.319731429557581492e+00,1.400057184306856828e-01,-1.695257201137553293e-01,-2.473659673027288619e-01,1.252209560587610737e-01,-2.603684398201306371e-01,4.087554956706964115e-01,-2.472070009121896672e-01,-1.547071582905063802e-01,-4.798163601535517658e-02,1.033684033828665555e-02,-3.605818598341482828e-02,5.255953910683559133e-02,1.986647280608465904e-01,-3.415889785070529983e-01,9.394194997143489045e-01,8.762542268421356084e-01,-1.504913496603454840e-03,-8.503480700733385272e-03,1.776714635706451717e-01,-6.360773929912734437e-02,3.617834688527899606e-02,8.372618949385556286e-01,-8.578646108996800246e-01,5.108822989301758412e-03,4.429514811175244877e-03
1.794242251883690020e+00,-6.310550102001692696e-02,7.522413893499856341e-01,-3.601435384892996000e-02,2.393540450106184086e-03,6.063709965579892891e-02,9.975071034738324238e-01,-3.573482759483797566e-01,4.084610065988988903e-02,-7.173232520699376891e-02,1.325514544059636757e+00,1.239616805884412032e-01,-1.648974522032038981e-01,-2.332954052199721351e-01,1.301935077790091488e-01,-2.622080224106618229e-01,4.044162821279237430e-01,-2.531519966683040690e-01,-1.583229406873963296e-01,-4.511326844147159343e-02,1.165420769352224807e-02,-3.525459742868957552e-02,5.977944137128491514e-02,2.030202092769190780e-01,-3.282542904679819351e-01,9.235707414381058022e-01,8.648381792134612889e-01,-1.668793235642895834e-03,-8.346045548983242399e-03,1.689006819454969277e-01,-6.514763586047996047e-02,3.938411763641537500e-02,8.399337702858834520e-01,-8.626553790293323143e-01,5.214900567950079939e-03,4.274816690327536313e-03
1.800594814766688145e+00,-6.358574749548588645e-02,7.513812926230079015e-01,-3.698859685151383025e-02,1.394465628840243013e-03,6.032724534164447122e-02,9.974921165794020661e-01,-3.772708556903994759e-01,3.946102434200866177e-02,-7.218447990732709818e-02,1.327213578681676109e+00,1.065837359495624553e-01,-1.599850566584274103e-01,-2.201533855793645633e-01,1.347813139495296630e-01,-2.636172762115265300e-01,4.008627418333740589e-01,-2.574046597662965064e-01,-1.626877703466802771e-01,-4.182374355710168773e-02,1.328927551184306416e-02,-3.443267617613113285e-02,6.711465169142614984e-02,2.068268515943250119e-01,-3.143597393524454331e-01,9.075732496510912073e-01,8.531232898994559610e-01,-1.790799525871321785e-03,-8.206094474621271687e-03,1.600784093716825507e-01,-6.683171028925617707e-02,4.238727865827054964e-02,8.425245798378651063e-01,-8.672872664811133170e-01,5.295662198922139637e-03,4.085157097047317082e-03
1.806901349299610438e+00,-6.397307558372802849e-02,7.503639218913851217e-01,-3.784202212793313924e-02,5.079725887582471058e-04,5.963734219469456893e-02,9.975024364587142811e-01,-3.966237440224478772e-01,3.858404688234517987e-02,-7.324783161833796352e-02,1.324939575674893177e+00,8.647427912624611190e-02,-1.542253371119448047e-01,-2.086009281743024801e-01,1.391265599615961190e-01,-2.642065746727470521e-01,3.993024706990546124e-01,-2.618891329158404835e-01,-1.673312650159014259e-01,-3.833153679764205596e-02,1.524453456241526075e-02,-3.332153498643623118e-02,7.410428576137029211e-02,2.099347792369155308e-01,-3.001650409405205444e-01,8.913652817582301546e-01,8.411750360079363054e-01,-1.895969948254992276e-03,-8.105692284444587087e-03,1.512209006661287269e-01,-6.867204039842787766e-02,4.510083197467479321e-02,8.449807358703874671e-01,-8.716594203164439447e-01,5.370420200589916954e-03,3.873292722574888779e-03
1.813253893583349097e+00,-6.426211407383154717e-02,7.495645974395549471e-01,-3.856243679858020051e-02,-3.000012490289761949e-04,5.880989075663871357e-02,9.975240574625749979e-01,-4.158133545954782462e-01,3.664075512163393611e-02,-7.527780097448140417e-02,1.319739367451447709e+00,6.538235833069470926e-02,-1.474876346580492603e-01,-1.962754258015869391e-01,1.436891003887756646e-01,-2.638325773911907035e-01,3.967188920101187843e-01,-2.668138588813897538e-01,-1.722721842922680102e-01,-3.522779173662805158e-02,1.714818275413667464e-02,-3.202181078733181557e-02,8.088604410587930948e-02,2.122315112639416024e-01,-2.857287088340143555e-01,8.751381394403147107e-01,8.292004680349013279e-01,-1.976720960513462990e-03,-7.938736912252943381e-03,1.428044802902319887e-01,-7.054879212204727412e-02,4.778395244942693770e-02,8.467826520471883889e-01,-8.758362320694128567e-01,5.473557371438090777e-03,3.794624408845300844e-03
1.819786412015568233e+00,-6.446333515128738201e-02,7.493678724809991198e-01,-3.892553213112422139e-02,-9.565042279776587259e-04,5.793010055188892171e-02,9.975610591239839620e-01,-4.353148474565778359e-01,3.190619159349358108e-02,-7.754427752930609374e-02,1.312635350063349193e+00,4.447531283597083024e-02,-1.398220045223620145e-01,-1.810107205526294838e-01,1.485158330118676595e-01,-2.620792637344747100e-01,3.898380951139576167e-01,-2.719440938523942641e-01,-1.777021929152725055e-01,-3.275392801094652306e-02,1.805673770496421526e-02,-3.102661138271481378e-02,8.781440807499851786e-02,2.138256796757651568e-01,-2.711212536199248402e-01,8.589190028580541147e-01,8.172971476244567102e-01,-2.035725824929385600e-03,-7.661988608310326375e-03,1.354173972969155981e-01,-7.217772473110789511e-02,5.066937122658198706e-02,8.474499952918953527e-01,-8.798756207876117230e-01,5.552382666994693655e-03,3.903077273117107511e-03
1.826387359164175272e+00,-6.463853956375091581e-02,7.491602161100251456e-01,-3.899904625566114058e-02,-1.452448864878049667e-03,5.670537450491729137e-02,9.976279192593301426e-01,-4.539017904687663307e-01,2.780577140215281795e-02,-7.843040064301519398e-02,1.302139938301582811e+00,2.297916445241731526e-02,-1.316295237067489909e-01,-1.669171619287544983e-01,1.525940900053469607e-01,-2.593977203903199968e-01,3.843421997857077166e-01,-2.778558426784296653e-01,-1.824291044104893456e-01,-2.913813284482515489e-02,1.818505576178581357e-02,-3.041758178187078943e-02,9.492648302059859822e-02,2.151123083460085295e-01,-2.566856188461265065e-01,8.426789419110792823e-01,8.057320986718348177e-01,-2.206621568371505866e-03,-7.467142813769701327e-03,1.283888312135564869e-01,-7.348322782272752318e-02,5.352811624225879694e-02,8.465811740518316419e-01,-8.833210201288694829e-01,5.609015278949214603e-03,3.868489131595892732e-03
1.832824511119722111e+00,-6.475736193257254636e-02,7.484424473637817377e-01,-4.017773002964918766e-02,-2.122367357788547491e-03,5.512323164739772741e-02,9.976686197827464575e-01,-4.700239246749882693e-01,2.950699427714846210e-02,-7.962416320238549505e-02,1.287138000736698817e+00,3.322626994830442382e-04,-1.231697623916902795e-01,-1.590314072783406973e-01,1.565752723146544567e-01,-2.613952430834351470e-01,3.880588788957373692e-01,-2.840510014037634368e-01,-1.845874691155901803e-01,-2.313935298776655450e-02,2.102162853935083536e-02,-2.927018075322553731e-02,1.019308060301421098e-01,2.154556441375743148e-01,-2.425470554466068185e-01,8.272823679850438428e-01,7.946063925544567530e-01,-2.482766312975594192e-03,-7.429268531908921579e-03,1.201483888302749825e-01,-7.514623621325478009e-02,5.608529508591331841e-02,8.446552969903821095e-01,-8.859981816273311273e-01,5.660932807585760881e-03,3.519796769678560852e-03
1.839337267450902758e+00,-6.485757110467539610e-02,7.476689255260717815e-01,-4.116308549434902209e-02,-2.828083406479307144e-03,5.387800709981786090e-02,9.976947241956243273e-01,-4.852297719030798651e-01,3.102663356653258611e-02,-8.166673844090460710e-02,1.268639894195434881e+00,-2.034776396395634665e-02,-1.160499786895013707e-01,-1.508406147192489499e-01,1.602322468720568938e-01,-2.628021340396112238e-01,3.924215780365201134e-01,-2.911811443515804898e-01,-1.872656209445481001e-01,-1.799517256809256976e-02,2.343416528524023407e-02,-2.814418185951636162e-02,1.089538277781639947e-01,2.154706915072713558e-01,-2.292007153592323931e-01,8.123105449437174608e-01,7.839205268980639074e-01,-2.737423919777926245e-03,-7.362168961152363092e-03,1.121802834207770022e-01,-7.672323926559070084e-02,5.856359890512469885e-02,8.420179075618607900e-01,-8.883105272515479101e-01,5.721848779885859750e-03,3.278735533162749263e-03
1.846143780786696720e+00,-6.489647390714624320e-02,7.476100049374305723e-01,-4.136885238800243336e-02,-3.334730807103183925e-03,5.263999540901508761e-02,9.977507652248732706e-01,-5.014110500422691574e-01,2.904255111587498647e-02,-8.395275549166034135e-02,1.247986186436608635e+00,-3.761198591105442690e-02,-1.108585706312542329e-01,-1.384524033232401030e-01,1.643805767132131557e-01,-2.616928063651350334e-01,3.910163709115384023e-01,-2.991884034782845703e-01,-1.946134843384248192e-01,-1.530748850635686893e-02,2.404803992434955545e-02,-2.763102329131024784e-02,1.156611454670784106e-01,2.147780033834444935e-01,-2.165414602633961016e-01,7.980533222176480201e-01,7.736585495771649557e-01,-2.813223645026540973e-03,-7.111498487463792373e-03,1.061270179200669989e-01,-7.819909636870298053e-02,6.109396009307319075e-02,8.392753574628418756e-01,-8.904817107273325094e-01,5.797704243182830522e-03,3.358945197562815833e-03
1.853140622769934964e+00,-6.490588934838939505e-02,7.477544508087151653e-01,-4.101193611272779121e-02,-3.653093948970181568e-03,5.108229370051490387e-02,9.978453163046765440e-01,-5.178690595734003477e-01,2.741267785316317887e-02,-8.531923126179161154e-02,1.224407607604000470e+00,-5.358438821734318180e-02,-1.064496953795821960e-01,-1.248073533635944421e-01,1.676687472845425908e-01,-2.587180996016678058e-01,3.877965596831190465e-01,-3.075667886876415902e-01,-2.012829465813748830e-01,-1.222413292387888699e-02,2.332623518978404684e-02,-2.762255287432750089e-02,1.221167984300685766e-01,2.139863539952394089e-01,-2.046323472269871990e-01,7.838733700338308408e-01,7.641525495304614113e-01,-2.900532695169117520e-03,-6.946434607358289992e-03,1.011893565063667344e-01,-7.953031079829013528e-02,6.359403639590083257e-02,8.356323944676739002e-01,-8.920533338495892917e-01,5.816509251845835941e-03,3.348377212238998115e-03
1.860150613150141297e+00,-6.481592349933755492e-02,7.477773508278195980e-01,-4.206051112061068298e-02,-4.187438045287717944e-03,4.979162319274869214e-02,9.978648069887631200e-01,-5.333549812415347979e-01,3.187633440269007495e-02,-8.828124695155394053e-02,1.198796505769204268e+00,-6.917939086726528075e-02,-1.023518746686687408e-01,-1.136686025886098211e-01,1.708168183648875460e-01,-2.570904975651048807e-01,3.901661034092511748e-01,-3.190922192098102350e-01,-1.934956924134042799e-01,-7.113970713834467073e-03,2.585275985025758255e-02,-2.714838918627601044e-02,1.280565057728268452e-01,2.125430142778645670e-01,-1.935356235133772473e-01,7.706141561773426352e-01,7.554905236497488907e-01,-3.052395714093113915e-03,-6.962349207305673984e-03,9.574468023819060480e-02,-8.149071803076712861e-02,6.584070267023187095e-02,8.312716975017664378e-01,-8.928620762552758050e-01,5.710385597047086363e-03,3.008965362347777381e-03
1.867202938708521387e+00,-6.472742320702221108e-02,7.478839923926993150e-01,-4.276288005901815459e-02,-4.602794835823706583e-03,4.842801572700251855e-02,9.979002343228018379e-01,-5.469525098491239135e-01,3.600996648441324305e-02,-8.944840982352122993e-02,1.170150878944284489e+00,-8.038111750420059987e-02,-9.979209508543931961e-02,-1.019292141713087352e-01,1.734183488155959518e-01,-2.547143149834624754e-01,3.912694190840511066e-01,-3.292726026553511320e-01,-1.840578185606625838e-01,-1.328486356523984196e-03,2.727477789877448197e-02,-2.700594299918557956e-02,1.344329963567924557e-01,2.116278068638207388e-01,-1.838219303677282312e-01,7.578019937142500551e-01,7.479565731854037614e-01,-3.198986662973880672e-03,-6.948267112011711696e-03,8.967935494808446095e-02,-8.323104486826553294e-02,6.790723476259639957e-02,8.262017318820380485e-01,-8.931857237414121409e-01,5.636988818293195251e-03,2.729484649432564487e-03
1.874256033811316557e+00,-6.458573965454560140e-02,7.486878650523373091e-01,-4.327750827736625422e-02,-4.721884888772210319e-03,4.704227211662886238e-02,9.979438201758603633e-01,-5.584367513704218133e-01,3.731204178788215947e-02,-8.886987920112988937e-02,1.139653799249480182e+00,-8.784287910602905924e-02,-9.700357068144094264e-02,-8.931506582167600405e-02,1.764079870687492446e-01,-2.502138725023149712e-01,3.886386648288906454e-01,-3.274164608707609281e-01,-1.757823483179244417e-01,3.103483951186011662e-03,2.788572514373732075e-02,-2.745924854881898539e-02,1.411117032338631005e-01,2.104180893886988257e-01,-1.755914610443312651e-01,7.467412691302318661e-01,7.416106665055260949e-01,-3.204048157741518771e-03,-6.811064183740054775e-03,8.314602020161780682e-02,-8.509675545531034113e-02,6.963327151639876755e-02,8.208036090563736176e-01,-8.931745685932205303e-01,5.666855266081924011e-03,2.631961987055726586e-03
1.881246951358706010e+00,-6.452299395469572596e-02,7.501212473080288712e-01,-4.324426049338245259e-02,-4.685398866390242008e-03,4.526888924058033309e-02,9.980274087612860390e-01,-5.670715489991648983e-01,3.547099071778306995e-02,-8.592302461065229324e-02,1.108055950287178293e+00,-9.323700226413260406e-02,-9.240775356443174660e-02,-7.891076395143828415e-02,1.790975599984926669e-01,-2.425084027905806405e-01,3.871250968185118713e-01,-3.169451420181025880e-01,-1.719919774374785160e-01,7.987209209539328919e-03,2.608207083730635159e-02,-2.802297724070540799e-02,1.473251283584193494e-01,2.093560424542559306e-01,-1.687248317898907835e-01,7.362489089518838847e-01,7.364944903211734228e-01,-2.987592665985458907e-03,-6.611722223798345739e-03,7.702663023725346558e-02,-8.670547269103459631e-02,7.135040727497021784e-02,8.153186574892428151e-01,-8.925098947431171492e-01,5.570262791827663637e-03,2.706881353370223665e-03
1.888106573980385061e+00,-6.460676202841518501e-02,7.520790019955707617e-01,-4.301508023639971645e-02,-4.784592775410294839e-03,4.351843014018352829e-02,9.981147012154281128e-01,-5.727989270134467015e-01,3.056493464420764056e-02,-8.102761676167725968e-02,1.073386360082139834e+00,-9.647484317532949161e-02,-8.699162021862502647e-02,-7.254996198339457025e-02,1.824321554435485437e-01,-2.307748694000554546e-01,3.900914554132339229e-01,-3.010137101281857852e-01,-1.769379771883110852e-01,1.392198240395957701e-02,2.203244846376563315e-02,-2.791956891922210346e-02,1.520896322529148026e-01,2.082978328736666274e-01,-1.630080830179855833e-01,7.255520007838889285e-01,7.325098277811156189e-01,-2.600078828045858468e-03,-6.331929071599825057e-03,7.220045202448717447e-02,-8.817504858925401257e-02,7.326610969081920333e-02,8.099677928835108398e-01,-8.911177333837921877e-01,5.223183285410070743e-03,2.960432612933560931e-03
1.894892782458704517e+00,-6.472211152717891047e-02,7.540146586900438042e-01,-4.387887793191463937e-02,-4.935395600327610079e-03,4.272931100013164368e-02,9.981104607823515495e-01,-5.767577914726814692e-01,2.772964228557876776e-02,-7.648930342650468728e-02,1.034410922836268565e+00,-9.650793773750389326e-02,-8.224520062807223753e-02,-6.580827101979491722e-02,1.879138574116016314e-01,-2.197998433847962729e-01,3.921629714769701014e-01,-2.834288268737821803e-01,-1.831358405902734632e-01,1.800829993453157210e-02,1.977690237737742343e-02,-2.718752136193156033e-02,1.552943901536661953e-01,2.065379622498919876e-01,-1.586217737654450899e-01,7.167909072066790399e-01,7.296855551110088545e-01,-2.307191330514990479e-03,-6.032193903331103425e-03,6.836681293761509570e-02,-8.979377144103253827e-02,7.534032588085612381e-02,8.047879979609247059e-01,-8.895609613269299665e-01,4.913600220458121115e-03,2.991193934370747504e-03
1.901600426523546883e+00,-6.472058178809461659e-02,7.551311259877505622e-01,-4.531564638621046054e-02,-4.749938844423797803e-03,4.094042902974810022e-02,9.981220325053279385e-01,-5.789170033619763789e-01,3.061833607373184649e-02,-7.314294440515024809e-02,9.928441809579672261e-01,-9.480648628471952111e-02,-7.687831267428521520e-02,-5.786190173086544486e-02,1.875986350298434469e-01,-2.213321119947391225e-01,3.870580095864045722e-01,-2.958071047104945950e-01,-1.790164188160194014e-01,2.178697183299686119e-02,1.961320566918376557e-02,-2.631370735395392041e-02,1.580416894093386593e-01,2.041569504973484162e-01,-1.553910600060508518e-01,7.102938877435110987e-01,7.279027433153151261e-01,-2.120330212790020111e-03,-5.768577715092366824e-03,6.426507499109376798e-02,-9.129023414725388752e-02,7.780388622008546640e-02,7.995901982851414402e-01,-8.880989368722786992e-01,4.750162980804432077e-03,2.741309019706547959e-03
1.908242935310028088e+00,-6.464472720949238083e-02,7.557631399102344716e-01,-4.624637790111019164e-02,-4.412866361777559830e-03,3.913291848958341812e-02,9.981535021388184825e-01,-5.788620490864568868e-01,3.339734545413790973e-02,-6.976097682382374765e-02,9.484978918391496761e-01,-9.313229724434392287e-02,-7.128597959728230626e-02,-5.037706867493291218e-02,1.863053852105428509e-01,-2.209852959496699243e-01,3.833413408056050020e-01,-3.057656651972784356e-01,-1.704311740694532951e-01,2.434908480583074589e-02,1.925663051742206727e-02,-2.507764624728376496e-02,1.600488843475232348e-01,2.019230620805397280e-01,-1.532373461458324260e-01,7.053214099851804475e-01,7.271642139318379439e-01,-1.785610916618608031e-03,-5.414090784821521014e-03,6.002866802439554145e-02,-9.248775628247175862e-02,8.048791177342701220e-02,7.940310747677634673e-01,-8.861504080633927360e-01,4.416940342033235344e-03,2.593376818416850884e-03
1.914794396627833573e+00,-6.429140944883787734e-02,7.563555595587470037e-01,-4.625943923104443301e-02,-4.095064882879653756e-03,3.775776131482029563e-02,9.982072160559285479e-01,-5.764661741962840980e-01,3.241978564914904659e-02,-6.380793532768100351e-02,9.015607263303248020e-01,-9.295494170028766046e-02,-6.537299693938569689e-02,-4.426332946734850421e-02,1.822301294058911170e-01,-2.171429237323719841e-01,3.802718789570421198e-01,-3.031769148428933858e-01,-1.577570027719904511e-01,2.598206809823901814e-02,1.859844917077682624e-02,-2.345434519405100587e-02,1.608986699870501580e-01,1.992576241503107581e-01,-1.520121313418674736e-01,7.017032613626708049e-01,7.273774297828362601e-01,-1.188928688608113359e-03,-4.872951490114854449e-03,5.575682092753156405e-02,-9.449135632285657338e-02,8.327905653747576242e-02,7.876887386095053900e-01,-8.835294575308280107e-01,3.727631478339286063e-03,2.705457236711868510e-03
1.921485850849182109e+00,-6.371077753584608594e-02,7.567156811633176661e-01,-4.612678861158929500e-02,-3.842076892415565749e-03,3.641522602452543222e-02,9.982642381309253521e-01,-5.722941088357411665e-01,3.088452714206994104e-02,-5.648460525410103905e-02,8.521619173206739228e-01,-7.876396817434450082e-02,-6.551659238397777862e-02,-3.837661878046652597e-02,1.787358529657332717e-01,-2.101700426319208503e-01,3.780295437217290888e-01,-2.939341109187306178e-01,-1.507832925557704429e-01,2.813962083050092211e-02,1.925602135815642629e-02,-2.332909491548904035e-02,1.622233571515823980e-01,1.966402008713726834e-01,-1.518170291296156993e-01,6.984840889684544862e-01,7.285222305534361231e-01,-7.792261349080464817e-04,-4.549461887132962012e-03,5.170440901726091470e-02,-9.718999321614207876e-02,8.594602890361745240e-02,7.814149447013235550e-01,-8.808658069251439349e-01,3.245715931242407551e-03,2.807662188159401953e-03
1.928527792028932097e+00,-6.300511448547818638e-02,7.567245550738715965e-01,-4.619046105540053349e-02,-3.686129399019058041e-03,3.489879101281466445e-02,9.983160533088347721e-01,-5.666260210620394089e-01,3.081971543194867921e-02,-4.879705335903324059e-02,8.033510016147391575e-01,-5.304430457082590783e-02,-7.089746530893263621e-02,-3.133274263856748731e-02,1.772969201183479115e-01,-2.012749810520410576e-01,3.764767048707645669e-01,-2.850125605568155640e-01,-1.506226774649724043e-01,3.179750079764724624e-02,2.170086931520272266e-02,-2.641679473417749696e-02,1.654124130815561311e-01,1.947369365503386907e-01,-1.525502417630242857e-01,6.953680503279977554e-01,7.305014899015220831e-01,-8.023581048012220400e-04,-4.552188270866107736e-03,4.799504823878239512e-02,-1.000696280769760027e-01,8.833462131555218366e-02,7.762747345102888330e-01,-8.784011178066079006e-01,3.310127783914400788e-03,2.805540709961040508e-03
1.935579821983048010e+00,-6.226209184160411136e-02,7.569964057952504044e-01,-4.642867460074133479e-02,-3.613651662143539493e-03,3.340965032244611749e-02,9.983562064522938373e-01,-5.538642429166286130e-01,3.164421832227157921e-02,-4.415240076607575281e-02,7.511946172403489719e-01,-3.453415488180168469e-02,-7.432240899189186678e-02,-2.442919333557515282e-02,1.753453053484150259e-01,-1.939243727311959486e-01,3.766040241299301039e-01,-2.742708741872572076e-01,-1.425200103793893835e-01,3.570934276834422660e-02,2.494409353095751111e-02,-2.977801593731403337e-02,1.688684238198000231e-01,1.931637663826005491e-01,-1.537899070862523143e-01,6.925042026997305644e-01,7.327833160857066819e-01,-1.110879312442063921e-03,-4.665275959071693568e-03,4.369327861378517058e-02,-1.032582398562065518e-01,9.033124399961353634e-02,7.723280605447397917e-01,-8.760142631263798663e-01,3.655817216994013043e-03,2.920335575975631370e-03
1.942250704770628333e+00,-6.153060722749163769e-02,7.581624674399128905e-01,-4.735631159422209330e-02,-3.030079254760732234e-03,3.210391596518383933e-02,9.983574194403531665e-01,-5.319795512167905249e-01,3.239613119852791795e-02,-4.947852949393707900e-02,6.875431532091214049e-01,-4.183185261801090904e-02,-7.177426451491730752e-02,-2.007222770784952703e-02,1.715768369920767089e-01,-1.918576970412478322e-01,3.794052543569269575e-01,-2.669175373566355369e-01,-1.085573982001167281e-01,3.882166112516471229e-02,2.918952220532760461e-02,-3.163193874546115641e-02,1.709327869747596651e-01,1.911860543405169144e-01,-1.553718301943783076e-01,6.899768320460867299e-01,7.351521696905386483e-01,-1.578973626355803170e-03,-4.806667536746841128e-03,3.824878295962572811e-02,-1.072887070402383375e-01,9.184143390219857983e-02,7.691937165987163816e-01,-8.736441698051774507e-01,4.142672975968614106e-03,3.216719450361571215e-03
1.948603032330847862e+00,-6.116226970980578881e-02,7.602393306661929806e-01,-4.851161168664650664e-02,-2.099819379737086125e-03,3.051851757788931821e-02,9.983540626325835277e-01,-5.155515669998743666e-01,3.639935920391607072e-02,-5.121507791254957531e-02,6.344724459265470573e-01,-4.278251270939232437e-02,-7.142060931873854546e-02,-1.626001248606285740e-02,1.697106897062281017e-01,-1.905057713859968915e-01,3.802601491954832880e-01,-2.456354913422054420e-01,-7.946771652618372928e-02,3.994182990592410470e-02,3.128708826389800524e-02,-3.253492578543501490e-02,1.730014777091163358e-01,1.896419244415661065e-01,-1.568242125242525487e-01,6.881661132837844086e-01,7.381327881335079111e-01,-1.596691880615457200e-03,-4.479818163975505044e-03,3.454441867702227886e-02,-1.101680441830009544e-01,9.406587584792934498e-02,7.658392395167614719e-01,-8.714268195831713637e-01,4.048409325721267875e-03,3.292543247133597646e-03
1.954630808303789991e+00,-6.170363456335330177e-02,7.631858785148779578e-01,-4.756108951776026605e-02,-1.806001812809426106e-03,2.883000063085297549e-02,9.984505775873885325e-01,-5.148845580949289458e-01,4.258887914112344242e-02,-3.971265809925468571e-02,6.047678332397735668e-01,-2.454827475082182325e-02,-7.326500260847894352e-02,-9.893684828436347112e-03,1.704420325381798829e-01,-1.799706425069561300e-01,3.780598500515939819e-01,-2.389650586931490739e-01,-8.755088370476560300e-02,3.711346552120604186e-02,2.361505142050124989e-02,-3.062732752547717152e-02,1.755258509977100367e-01,1.907529662582327090e-01,-1.577480549258065412e-01,6.871354985484069422e-01,7.418345242020598640e-01,-8.996946237822162377e-04,-3.614823965240802732e-03,3.487760151423469068e-02,-1.086581799148754746e-01,9.775582399495109931e-02,7.618526361008337577e-01,-8.693914401666374969e-01,3.048338321456626771e-03,2.959822561803641776e-03
1.960003914550702220e+00,-6.241756378529837723e-02,7.660677576446977000e-01,-4.680988919839966511e-02,-1.633614700048451095e-03,2.689283283586249573e-02,9.985404053508840638e-01,-5.189113209392001158e-01,5.263712063135707331e-02,-2.665978124833087368e-02,5.772347041586292082e-01,1.088382322580961487e-02,-7.496569965234520239e-02,-1.280370244480268788e-03,1.725344546281706026e-01,-1.704098491579367491e-01,3.711130869243577379e-01,-2.282624381885191289e-01,-1.015032334103334322e-01,3.582358953136820234e-02,1.558556153830571549e-02,-2.314132123254493065e-02,1.760778615469750230e-01,1.912715810188366783e-01,-1.584220075007483353e-01,6.868392384298922515e-01,7.457325307383112500e-01,-3.048424350671588871e-04,-2.041861364832620995e-03,3.436192640180373709e-02,-1.062038993519905938e-01,1.014794366057891334e-01,7.583564407351818248e-01,-8.670247385149412178e-01,1.671669237591522170e-03,1.994434654299763899e-03
1.963829657925832084e+00,-6.274124546564396887e-02,7.677999104045661882e-01,-4.750819533284585117e-02,8.705079535698608418e-05,2.686532286038175246e-02,9.985094983153556258e-01,-5.310659157820964982e-01,5.828602430776935045e-02,-2.663665445776602567e-02,5.220378313489110189e-01,-2.395819420544904876e-02,-6.326650386026733131e-02,5.453364201531970407e-03,1.747419231315225918e-01,-1.625847828661700079e-01,3.616929368903942787e-01,-2.620872915685197868e-01,-8.455797893571115331e-02,3.760898102517000463e-02,1.370219380622230559e-02,-7.098887895763336675e-03,1.704368247384089596e-01,1.892428211822230200e-01,-1.593461451740220691e-01,6.858042862415643093e-01,7.496212747934671849e-01,-2.290225023146103206e-04,1.961328759707459297e-04,2.712756190649646265e-02,-1.054713609898825788e-01,1.036806485291492108e-01,7.550039804466128768e-01,-8.641766338537758552e-01,4.086112993380059018e-04,2.663425481311833785e-04
1.967893862031329766e+00,-6.272182791465108487e-02,7.685419371348690687e-01,-4.857157185842390923e-02,1.699740165859955042e-03,2.678119385204033934e-02,9.984591533690451159e-01,-5.406126394676401548e-01,6.164197676640165158e-02,-2.780229031218727637e-02,4.602856601645051171e-01,-5.091799806921392529e-02,-5.459685194198080765e-02,1.387479085462809021e-02,1.774074742779314928e-01,-1.561327103282032225e-01,3.516888911530334783e-01,-2.897992815409261569e-01,-7.074506112709597061e-02,4.112637433932500586e-02,1.484564403572393755e-02,7.003376090848511398e-03,1.660072127180476365e-01,1.867251530226716472e-01,-1.608750938193223290e-01,6.842996933916799529e-01,7.538835176683278405e-01,-2.678366103199726492e-04,1.581485195618666110e-03,1.895555907834595849e-02,-1.061967900349427701e-01,1.058350133096366968e-01,7.511788915550204893e-01,-8.612592105203229487e-01,-2.627740091107872268e-04,-7.821839091999903491e-04
1.974020403748235841e+00,-6.243028147952427859e-02,7.685002116658520288e-01,-4.853432846979679333e-02,2.357110802825153513e-03,2.520162157342063433e-02,9.985007292549530344e-01,-5.364567336621082205e-01,6.236158553616968914e-02,-2.133328508579418123e-02,4.073960336812276206e-01,-4.146102054106554774e-02,-5.355926450315633136e-02,2.639320398964419695e-02,1.794298323829832120e-01,-1.515041834404683985e-01,3.435412802212508554e-01,-2.900099185473654639e-01,-7.034714085250860782e-02,4.442338516603119847e-02,1.466973663505992051e-02,6.816077597026936816e-03,1.694808119047421513e-01,1.857258508508854156e-01,-1.632477448500604944e-01,6.840727698294147840e-01,7.586098638473541822e-01,-2.527686054524358027e-04,1.575592037876934887e-03,1.591371075010374406e-02,-1.075761428083932547e-01,1.086820471057393656e-01,7.476257731073113755e-01,-8.584302123614083735e-01,-2.653262485379976644e-04,-7.613037822724549961e-04
1.980660288879778408e+00,-6.240196585838615750e-02,7.674722881042802536e-01,-4.757946232424028338e-02,3.290576904742798826e-03,2.281806057423325582e-02,9.986013734119338903e-01,-5.317490052579852966e-01,5.904574448538809500e-02,-1.876983905963373889e-02,3.609284636239561972e-01,-4.118724412612430330e-02,-5.727387940460205995e-02,3.861431411193291807e-02,1.815127066364685127e-01,-1.475210520478106857e-01,3.378248395157271156e-01,-2.846921472971120082e-01,-7.031299500838657235e-02,4.904855924186123095e-02,1.072308073789413410e-02,2.588584595641443831e-03,1.767488918566472167e-01,1.871516208424507666e-01,-1.665726107125039823e-01,6.906675853713898361e-01,7.637162002525018645e-01,7.508276397353154212e-04,-6.145171591008177781e-04,1.137096986973979221e-02,-1.069511765245299284e-01,1.139943857308795272e-01,7.463596103740699483e-01,-8.556010850439855764e-01,1.993509971932051739e-04,1.480721942299233380e-04
1.987478950791335075e+00,-6.256000939224795609e-02,7.653849602474236402e-01,-4.669957970933238944e-02,4.181135534155069888e-03,2.027628858061268288e-02,9.986944174681323672e-01,-5.280719048353124112e-01,5.546832552956711127e-02,-1.660008483835001547e-02,3.202409390028592706e-01,-4.247467402390048274e-02,-6.169335274376014366e-02,5.007719304670774085e-02,1.859481345660130847e-01,-1.427037920548518968e-01,3.375847770908124157e-01,-2.806269735550481759e-01,-7.099482864515661851e-02,5.478202606779587064e-02,5.795478258996742196e-03,-2.902796897001261485e-03,1.856843570338346516e-01,1.895910024822032580e-01,-1.700230713370019242e-01,6.996075300342960990e-01,7.691058662164522719e-01,1.885439204074384166e-03,-2.919093970304553493e-03,6.496541409791985709e-03,-1.052903764009611720e-01,1.198482250291319079e-01,7.458365871844956363e-01,-8.530339138236463503e-01,5.947303828518128808e-04,1.232773412224037182e-03
1.994215025690172061e+00,-6.281028575955883986e-02,7.621938522975877373e-01,-4.660161937806694965e-02,4.783999115214089722e-03,1.833226269679287534e-02,9.987338637335890779e-01,-5.266286244454125853e-01,5.338145096036216869e-02,-1.372735267026688882e-02,2.845041231834525286e-01,-4.254167785034398963e-02,-6.559705858355419084e-02,6.098581877583360983e-02,1.937519539855176443e-01,-1.370431944480816622e-01,3.435398907754255715e-01,-2.805798120639538262e-01,-7.261554027686932533e-02,6.112196589432952742e-02,2.017191743290932919e-03,-7.423531010911139753e-03,1.941210679763788471e-01,1.919238346558153341e-01,-1.732483735835029237e-01,7.076868261666571236e-01,7.746940353323522599e-01,2.548880726720208212e-03,-4.455731167596517495e-03,2.369491352942214996e-03,-1.036202403295058139e-01,1.251165224143303834e-01,7.453364602573319120e-01,-8.507671206663406371e-01,7.852944508826920425e-04,2.127823616520627993e-03
2.000806804303093767e+00,-6.289822422671199897e-02,7.580781064223328647e-01,-4.649017976996841495e-02,5.326549886074840104e-03,1.646365118547390635e-02,9.987688357140400708e-01,-5.276605739542981066e-01,5.098815906471855508e-02,-1.250216593592317141e-02,2.550134020881950070e-01,-4.250924429324640097e-02,-6.824360721074060332e-02,7.177514963473211052e-02,1.989007072794510000e-01,-1.326559198811279594e-01,3.488850715324915419e-01,-2.783587352134684889e-01,-6.857355985714987112e-02,6.685647006988812424e-02,-9.397285075687777239e-04,-1.076650278685628570e-02,2.019412617872469173e-01,1.937614769588099084e-01,-1.765410814028010311e-01,7.153592916117822442e-01,7.800101315300792537e-01,3.161738660158358409e-03,-5.723240879845681653e-03,-1.433713164896125054e-03,-1.025593303354649377e-01,1.303606594685437492e-01,7.447137105944954261e-01,-8.491014604671152100e-01,9.149020294645494964e-04,2.869336687589818958e-03
2.007225525411474365e+00,-6.272877144808994276e-02,7.533385969518079373e-01,-4.585041059512450640e-02,5.973211877131640729e-03,1.462914470403001328e-02,9.988233320829855710e-01,-5.310192672441248485e-01,4.765618265360475891e-02,-1.224471411728534666e-02,2.335126920651706961e-01,-3.918622583040529128e-02,-6.901716839915109092e-02,8.273217278981871703e-02,2.010715101179890718e-01,-1.269834437699741136e-01,3.531077351135532005e-01,-2.814709299083092420e-01,-5.999386672768159540e-02,7.043173768556533487e-02,-3.307054508421307468e-03,-1.267248196027095410e-02,2.087012069505826406e-01,1.951089684751739495e-01,-1.802129544383783977e-01,7.232423813362881537e-01,7.849597617040903197e-01,3.866187930337348921e-03,-6.996336047812057833e-03,-4.903509303223106686e-03,-1.020087558291661173e-01,1.356120533992795918e-01,7.441593998357181050e-01,-8.480731332683358881e-01,1.041499168562296917e-03,3.435889166946414289e-03
2.013521410361321706e+00,-6.246689035361473186e-02,7.488162130325672905e-01,-4.508415124931355183e-02,6.609494854093491724e-03,1.273794884612608307e-02,9.988801121972026298e-01,-5.353387868437371466e-01,4.431704738933518739e-02,-1.247849116845815495e-02,2.206320513378643433e-01,-3.514215972965131080e-02,-6.778717929539257447e-02,9.313867430741616660e-02,2.026623235922895838e-01,-1.214144316976593641e-01,3.566317782984014251e-01,-2.859213262486748341e-01,-5.593999461944641760e-02,7.311989966749812830e-02,-5.155461114223651442e-03,-1.357404292990724640e-02,2.142705680755343511e-01,1.962775844789421409e-01,-1.838656626726041521e-01,7.311123375805896885e-01,7.899376147489445277e-01,4.478363890679354017e-03,-7.999991370387784378e-03,-7.368254489420815803e-03,-1.015264506798796568e-01,1.407372312512725765e-01,7.438366691912258188e-01,-8.477678557390708747e-01,1.019992281465564128e-03,3.864515952174548200e-03
2.019765467626048139e+00,-6.222662041398008964e-02,7.452971540585141552e-01,-4.451751063749059129e-02,7.141728000904244526e-03,1.092533111492883027e-02,9.989233324474061648e-01,-5.393475730812973268e-01,4.133826159051785104e-02,-1.406251934956074569e-02,2.146942059160477922e-01,-3.266897042319689970e-02,-6.587243777150236790e-02,1.025889228374856632e-01,2.042863274372350713e-01,-1.171812351238321198e-01,3.598969605139109573e-01,-2.889125961360501371e-01,-5.621423075965677196e-02,7.559312723023207947e-02,-6.559864930269500641e-03,-1.399539048585730049e-02,2.186759484672636811e-01,1.974977558351759532e-01,-1.872213248474843550e-01,7.387054962062861163e-01,7.950466520727713648e-01,4.949616570909722707e-03,-8.650475748969013029e-03,-8.216669608219526189e-03,-1.009293980636981475e-01,1.458161977508720675e-01,7.438448017705567850e-01,-8.481323396608334564e-01,8.251487317137698105e-04,4.197800297795270009e-03
2.026067767988939838e+00,-6.192849360275068382e-02,7.426535323726384252e-01,-4.418709868194749951e-02,7.561994106376982577e-03,9.180775169879936901e-03,9.989524395365582121e-01,-5.433801704164649138e-01,3.912423409025005128e-02,-1.626613012688154711e-02,2.147592484182841988e-01,-3.033646404572405003e-02,-6.434243130822893397e-02,1.110281570251403921e-01,2.056544895651356841e-01,-1.141846173719785751e-01,3.636614598801912734e-01,-2.901740692378470543e-01,-5.851427277020842393e-02,7.752586975708150585e-02,-7.233522264999522368e-03,-1.463832811644507834e-02,2.227762653269596826e-01,1.984539433091154770e-01,-1.903886484215324137e-01,7.462875421063352999e-01,8.000769553115868460e-01,5.348920793212804531e-03,-9.253254097669480829e-03,-7.726619201364849816e-03,-1.005401138821635648e-01,1.510995619833470638e-01,7.440073085755900539e-01,-8.491787434067799012e-01,6.359244860564923149e-04,4.433725520901051799e-03
2.032535964820840757e+00,-6.149789121976691891e-02,7.407521197102757693e-01,-4.410970580079088404e-02,7.772365209429497011e-03,7.508922048577847813e-03,9.989682378749021874e-01,-5.474775797003339495e-01,3.773455491061027123e-02,-1.853629273137080355e-02,2.202369035309477141e-01,-2.734007675794878495e-02,-6.313517330592914589e-02,1.187838856062098242e-01,2.065650615231842679e-01,-1.122708887511045528e-01,3.683709313105243410e-01,-2.895368997338851336e-01,-6.090585624569708895e-02,7.872105199292275812e-02,-6.947936168069938218e-03,-1.591459006499119228e-02,2.272364776784977780e-01,1.988852173027627901e-01,-1.935158683376637656e-01,7.541044466735862262e-01,8.049746670488256983e-01,5.720257879122203279e-03,-9.927101419537523452e-03,-6.146245946567219405e-03,-1.006116394499523281e-01,1.565997608834248933e-01,7.441735232588603255e-01,-8.508392761702114893e-01,4.864835008886192209e-04,4.578548528089680485e-03
2.039200099386103915e+00,-6.091767100023241094e-02,7.394103724910087161e-01,-4.387895390939573759e-02,7.822508307486559370e-03,5.826785870526397619e-03,9.989892363454249136e-01,-5.513950428546556815e-01,3.568219877290677855e-02,-2.099497039806541565e-02,2.299366158452422482e-01,-2.327236440479767826e-02,-6.076274065013886200e-02,1.261357524514909179e-01,2.063084834972326864e-01,-1.103632045512733112e-01,3.739485809613293799e-01,-2.875281736789769838e-01,-6.294205476530970178e-02,7.989975586942106578e-02,-6.745703532070237290e-03,-1.724872302839683055e-02,2.314858941320731833e-01,1.989872536022450622e-01,-1.962979572133135842e-01,7.618217739127166599e-01,8.097505266721639616e-01,6.060913549231561510e-03,-1.047088419143076855e-02,-3.836630050949340828e-03,-1.008916071825831373e-01,1.619305636539563331e-01,7.444039172584840935e-01,-8.530298422289541715e-01,2.111254824349637180e-04,4.715963513186162068e-03
2.046020692072059166e+00,-6.019407776193443083e-02,7.385246236447834400e-01,-4.307609946995970968e-02,7.878391857919943633e-03,4.190408645229861360e-03,9.990319419676093604e-01,-5.559836890518421448e-01,3.075517648025657275e-02,-2.353941266134091173e-02,2.429876036815139528e-01,-1.371819270451487237e-02,-4.894789918171738030e-02,1.329022313301610470e-01,2.041749003926483785e-01,-1.077735227254245781e-01,3.802565143855238250e-01,-2.830732170581671259e-01,-6.428767181562458632e-02,8.140346352300188715e-02,-7.742909441240141723e-03,-1.810278214545131895e-02,2.347687032644871497e-01,1.989983173326914934e-01,-1.984712158617442657e-01,7.693908569263523400e-01,8.144131231251801051e-01,6.394466518395734017e-03,-1.080105071602976280e-02,-1.364815150275158328e-03,-1.010665773610437551e-01,1.669423893084887311e-01,7.449066072592332999e-01,-8.556491484877732923e-01,-1.839999004133871453e-04,4.856237558079437924e-03
2.053069011587366877e+00,-5.933874687694583316e-02,7.380205604763333538e-01,-4.203035229428835756e-02,7.864848210181525634e-03,2.586327069089127025e-03,9.990819671057424856e-01,-5.595887372729980713e-01,2.450629551587930888e-02,-2.651327453044150309e-02,2.573078388650443249e-01,-2.075074840164684562e-04,-3.378618173164230770e-02,1.397166157889038751e-01,2.009776243341411250e-01,-1.047954517134202651e-01,3.868947396689055296e-01,-2.776060918550687928e-01,-6.542784263459426597e-02,8.304854975756031932e-02,-9.127850091807748756e-03,-1.867221209972788273e-02,2.375429640866763004e-01,1.986722595224194865e-01,-1.998580773444215974e-01,7.772117981670697562e-01,8.189202268617687963e-01,6.797851628123087117e-03,-1.106311678016947374e-02,1.495982829030456564e-03,-1.011052060605202030e-01,1.719496297207587787e-01,7.455725095112117895e-01,-8.584254558163840754e-01,-5.162787271909074311e-04,5.010654635458552768e-03
2.060385561863478987e+00,-5.836463258172941426e-02,7.378299174822835482e-01,-4.096240159253124874e-02,7.845073741051500696e-03,1.230194942801588528e-03,9.991291323418470816e-01,-5.615837684752446046e-01,1.792505743988712791e-02,-2.933579525691297138e-02,2.713793875919068288e-01,1.633716936623637664e-02,-1.890914520204600019e-02,1.467044991317115188e-01,1.973111714417619400e-01,-1.018821157673531347e-01,3.935782085445183043e-01,-2.709086245304943019e-01,-6.667462506715508830e-02,8.435763983878440120e-02,-1.035977252060167261e-02,-1.931485743204595928e-02,2.401013191306350381e-01,1.978676039191431257e-01,-2.004943355379864289e-01,7.855346849005424570e-01,8.232488969985478633e-01,7.322856446786149727e-03,-1.132370962365504378e-02,5.004731456313032609e-03,-1.009732572919746357e-01,1.770071137620365109e-01,7.463307484434461569e-01,-8.612504187007714584e-01,-7.602988637490604119e-04,5.170328633422884533e-03
2.067889000234866881e+00,-5.730890585296893186e-02,7.380098159533131641e-01,-3.975379953776843334e-02,7.812784042385619021e-03,-8.638848826794838509e-05,9.991789571267235548e-01,-5.612892188188679521e-01,1.209457365750625166e-02,-3.111271998503208416e-02,2.843002490546896466e-01,3.358866393999014599e-02,-5.972876818198543866e-03,1.531218027878707977e-01,1.928464297983812914e-01,-9.910885720327260173e-02,4.012123167734677476e-01,-2.628717878883460313e-01,-6.731691080708510078e-02,8.568332974323866758e-02,-1.162632526192982664e-02,-1.998422345835346864e-02,2.424339775506005323e-01,1.964758922994969681e-01,-2.002435871706229054e-01,7.940098172473747384e-01,8.271277324132210174e-01,7.834231719923191034e-03,-1.148958756020721471e-02,9.086553155037329146e-03,-1.007722426861536041e-01,1.816582044531235840e-01,7.474839537022540670e-01,-8.639853638906683786e-01,-1.118048624759622250e-03,5.326582161628640871e-03
2.075495079477382987e+00,-5.619700128672372452e-02,7.385946771596397786e-01,-3.834154487627267072e-02,7.762667871995577312e-03,-1.230037053993901161e-03,9.992337834225057946e-01,-5.587576666556877125e-01,7.470846511158511088e-03,-3.099178286474915320e-02,2.954822784006692626e-01,5.061929168861044326e-02,3.305245990517732130e-03,1.585630620345569175e-01,1.874527528845466307e-01,-9.679856484176072029e-02,4.102427106520733502e-01,-2.533662231299495526e-01,-6.679054810110744700e-02,8.680700723183618073e-02,-1.296235140289411780e-02,-2.061342052916973269e-02,2.444196683687126781e-01,1.944028376827179327e-01,-1.991642989510508110e-01,8.023999246757720361e-01,8.305105373348421471e-01,8.281436249214426532e-03,-1.153870413718811883e-02,1.377186708126170930e-02,-1.007157708456581924e-01,1.856599715923306915e-01,7.490886597191067642e-01,-8.665482822553944864e-01,-1.585484219909508857e-03,5.470257017347528866e-03
2.083153902321909001e+00,-5.507763145090642520e-02,7.395391792510742635e-01,-3.659145381015400239e-02,7.649646725757569890e-03,-2.164811208681820080e-03,9.992986485043335865e-01,-5.543967515128906953e-01,3.084833781969615295e-03,-2.970055934410025661e-02,3.055815678735223084e-01,6.570003114553098211e-02,8.511267028496950771e-03,1.626713460957439072e-01,1.809695102623941898e-01,-9.481198100800197759e-02,4.213383707773967202e-01,-2.425342764269987350e-01,-6.509124207237955428e-02,8.773529770298248154e-02,-1.484028477614109456e-02,-2.115117756013506004e-02,2.460618265760040613e-01,1.918978252140012830e-01,-1.972146120899292698e-01,8.107567923690719436e-01,8.333454229742602859e-01,8.748733175963025258e-03,-1.157879563976058936e-02,1.929872180426735889e-02,-1.004772868024683685e-01,1.890171424700895497e-01,7.512580343945522987e-01,-8.685191160386872555e-01,-2.002188121550488222e-03,5.628833262248446670e-03
2.090837212363313213e+00,-5.397972474548277250e-02,7.407869373137517810e-01,-3.450162486319117289e-02,7.407692903162009165e-03,-2.905655953940068474e-03,9.993729639784786345e-01,-5.484072864608228182e-01,-1.460288573831939989e-03,-2.768641399932181626e-02,3.149630257767084274e-01,7.780945421331715572e-02,9.833909609888826994e-03,1.654409364099650448e-01,1.734637145536551406e-01,-9.305400755382703393e-02,4.347683741402486590e-01,-2.304195628384434202e-01,-6.218841340409380497e-02,8.853029530079277454e-02,-1.736295632109377193e-02,-2.156775701656845484e-02,2.474334383105338264e-01,1.891106416941789048e-01,-1.944197567883291788e-01,8.191302794006484200e-01,8.356593973956871757e-01,9.270699051878151381e-03,-1.162424130379251068e-02,2.583729390336940088e-02,-9.988051107055374855e-02,1.917642021029666299e-01,7.540588391434651649e-01,-8.698114609673059938e-01,-2.317672215949801232e-03,5.818406784683074519e-03
2.098581746640849843e+00,-5.283491721011558673e-02,7.422828741934586194e-01,-3.229233320129636792e-02,7.125406750822957554e-03,-3.414051900659026938e-03,9.994472362484532191e-01,-5.413241844628544630e-01,-6.033868354590268997e-03,-2.492904567343497482e-02,3.238742779383029236e-01,8.695868662142833272e-02,8.893393029747242301e-03,1.667164078512144432e-01,1.652057862870396354e-01,-9.198893012743869502e-02,4.504861985327492380e-01,-2.166039011674095460e-01,-5.762365401888371041e-02,8.913652582604143781e-02,-1.986037712145503897e-02,-2.206350844524987420e-02,2.484561663547772414e-01,1.858037016815924647e-01,-1.908197375314561184e-01,8.276811373416037565e-01,8.373847894791239810e-01,9.749693838242432312e-03,-1.156115338849582168e-02,3.299928035933047399e-02,-9.910897443565656884e-02,1.934570732305464502e-01,7.575799128321182296e-01,-8.702982673596150187e-01,-2.682478701690586137e-03,6.000877556774944672e-03
2.106410234737684295e+00,-5.159773451882356671e-02,7.439646631985562530e-01,-3.007997541890984269e-02,6.834661249699227129e-03,-3.691440774985972357e-03,9.995173113805505549e-01,-5.334252169825780543e-01,-1.066194790699285383e-02,-2.148978014515963431e-02,3.324511898326492076e-01,9.330976932551592051e-02,6.963155839379306898e-03,1.663925087563389027e-01,1.563266643463568917e-01,-9.179375200439121585e-02,4.685570626903778346e-01,-2.008156603488062131e-01,-5.111104075361052462e-02,8.956611409251050149e-02,-2.197251468412530703e-02,-2.265663194318499885e-02,2.490394604197379846e-01,1.819083006741355202e-01,-1.865241728650384179e-01,8.364168476864503043e-01,8.385577881603042405e-01,1.017526780658766124e-02,-1.138499939601194180e-02,4.043640361969995378e-02,-9.830321090475402368e-02,1.939622738991200468e-01,7.618134349084371149e-01,-8.699845921125749504e-01,-3.087059375602741688e-03,6.158092559633483211e-03
2.114268194207627793e+00,-5.030994825967712025e-02,7.456795463459485740e-01,-2.766756588202749431e-02,6.514181812764597776e-03,-3.811661492439003245e-03,9.995886596682203029e-01,-5.247840708539466270e-01,-1.588824519320986006e-02,-1.708805439929234060e-02,3.407310749168560027e-01,9.617779762451966752e-02,6.269241686635704941e-03,1.640741960263238375e-01,1.466423783607350706e-01,-9.174478710129511938e-02,4.897850386745583040e-01,-1.835874596023130134e-01,-4.307465779502171743e-02,8.985795573051778840e-02,-2.431811270911185888e-02,-2.310597190661857134e-02,2.489869098670928482e-01,1.778377804167938503e-01,-1.817355299771017674e-01,8.451131784677682335e-01,8.392133613664115588e-01,1.062731823632702237e-02,-1.124185138728539014e-02,4.809538918134693974e-02,-9.727456874196514780e-02,1.935196657664093045e-01,7.666953481610181420e-01,-8.686816439329093642e-01,-3.438115472453382240e-03,6.349005900156777689e-03
2.122136067666211989e+00,-4.899248823337119807e-02,7.472838725360168022e-01,-2.503179601920194411e-02,6.148325854965859018e-03,-3.813342686757982460e-03,9.996604752088517065e-01,-5.152634074555610955e-01,-2.198669728612390878e-02,-1.178705128862017268e-02,3.485833441422821477e-01,9.462739093929350975e-02,8.902141949926455772e-03,1.597237259908394769e-01,1.362810563614734738e-01,-9.140882991216134346e-02,5.144758116416450200e-01,-1.652848131003178955e-01,-3.390270208445340244e-02,8.999406977177225320e-02,-2.705762486446201820e-02,-2.333427584507544172e-02,2.482285172783770255e-01,1.738044536727170464e-01,-1.765971931680543339e-01,8.536498316406804232e-01,8.394515367605247524e-01,1.110234750210274506e-02,-1.115156666902030261e-02,5.601352051615469257e-02,-9.597103838709955537e-02,1.923064797401927983e-01,7.721225256431322181e-01,-8.664375334714768950e-01,-3.729196102010690853e-03,6.587318275718630212e-03
2.130075947129399960e+00,-4.760739975337939522e-02,7.487810440965366743e-01,-2.230769040614210066e-02,5.835281562535397926e-03,-3.735665417514543764e-03,9.997271433954956210e-01,-5.046136332613259112e-01,-2.893545866892163754e-02,-6.309607489624744457e-03,3.553030343077772102e-01,8.917927833556048289e-02,1.418328470056874624e-02,1.527104993026221214e-01,1.254252441757255365e-01,-9.102344558957775611e-02,5.431419389130673903e-01,-1.452730114538344774e-01,-2.394635134968006035e-02,8.998403100785312692e-02,-2.982387576405280336e-02,-2.374210820739609124e-02,2.469958028906117375e-01,1.696558942523211932e-01,-1.714144746638487926e-01,8.619873758221702209e-01,8.395313181106989209e-01,1.150551678885043325e-02,-1.098195818983074314e-02,6.415766645610351815e-02,-9.454427582391342066e-02,1.901817924379377023e-01,7.781595707058176492e-01,-8.633547172031592609e-01,-4.040022127565079044e-03,6.807412536646282632e-03
2.138114288160862575e+00,-4.613222437690923938e-02,7.501735020357966910e-01,-1.956824550850884067e-02,5.587922643317281765e-03,-3.590415498119561670e-03,9.997864611029706472e-01,-4.927270051285358443e-01,-3.670640455094501681e-02,-1.149555990450849829e-03,3.604672529298343919e-01,8.080554849514229310e-02,2.121675484335524414e-02,1.426977766718737217e-01,1.141506160565916028e-01,-9.077726173141575927e-02,5.761030735612804321e-01,-1.229248246824439922e-01,-1.341661977809257764e-02,8.979566050303976199e-02,-3.241290715628841745e-02,-2.434226893949702208e-02,2.453357927564248642e-01,1.653161958117488062e-01,-1.663694622585387140e-01,8.700498683517025045e-01,8.395587793375129948e-01,1.180760877908863457e-02,-1.071811474106075524e-02,7.238307969228126304e-02,-9.311210190892890703e-02,1.871871196005568949e-01,7.847452012824505108e-01,-8.595430612564980422e-01,-4.361526912482407460e-03,6.986010042312647272e-03
2.146163689736271696e+00,-4.458494394249325199e-02,7.514386566449188232e-01,-1.677415541710084931e-02,5.346358421618160363e-03,-3.629666002470031700e-03,9.998383980129101900e-01,-4.795364801364808138e-01,-4.476567655463994239e-02,4.089474976699329981e-03,3.638354710457160079e-01,7.030110025337771296e-02,2.935967240501290501e-02,1.294638881928625584e-01,1.023144730432421073e-01,-9.028692005211534644e-02,6.136233557910685255e-01,-9.796455666556318220e-02,-1.967135396899192396e-03,8.971442801740830975e-02,-3.492629060186731860e-02,-2.435471180432982607e-02,2.428749810863733427e-01,1.610350587245788778e-01,-1.615724725172340837e-01,8.775546343506067659e-01,8.396181650310050593e-01,1.212923525154819757e-02,-1.044020061131799640e-02,8.018984000197545980e-02,-9.162484653069313811e-02,1.838703143532590956e-01,7.915220308573801544e-01,-8.550586770856176688e-01,-4.669589718649507122e-03,7.150606894711599403e-03
2.154184364552783393e+00,-4.297103392950895467e-02,7.525580872394712628e-01,-1.389782888076180993e-02,5.101894795302629355e-03,-3.888956634704255570e-03,9.998828416560573418e-01,-4.654260835189243384e-01,-5.295408717964091710e-02,9.553629446200648592e-03,3.656787360133438858e-01,5.873704255307138355e-02,3.793511305541021755e-02,1.131829984205233730e-01,8.990394724013026084e-02,-8.924957957224577410e-02,6.553067245546001507e-01,-7.009129204765297827e-02,1.078439633472090368e-02,8.966032462481787757e-02,-3.741983754320237637e-02,-2.336077104221945255e-02,2.393874533667961491e-01,1.569737912773858934e-01,-1.570891159058730169e-01,8.843708083875423398e-01,8.397796788222966491e-01,1.247234110189093456e-02,-1.015623022506716849e-02,8.730086165028924650e-02,-9.006882084229189678e-02,1.805720560055777690e-01,7.982604428345524417e-01,-8.500770260433544445e-01,-5.006905360339101302e-03,7.298968715941469600e-03
2.162318639783982199e+00,-4.123158558642482652e-02,7.535287553198325439e-01,-1.091921334623665620e-02,4.953495303438202983e-03,-4.213661160718692317e-03,9.999192361004966001e-01,-4.515515137251456812e-01,-6.163434259391664671e-02,1.489159971055623553e-02,3.673904287676062475e-01,4.736032449896901420e-02,4.568892104570659862e-02,9.499657861288834937e-02,7.702225174231627780e-02,-8.716916527172946516e-02,6.993118504924346057e-01,-3.905442945530214482e-02,2.545658163117223149e-02,8.927627818830290163e-02,-3.981684328166119891e-02,-2.215253942658652192e-02,2.353740787480351204e-01,1.530588044684064730e-01,-1.532348294182600545e-01,8.904580626109465102e-01,8.402804726311392525e-01,1.275697501938241780e-02,-9.785299100478190779e-03,9.407191679619707203e-02,-8.890815329409039458e-02,1.776599037556832739e-01,8.050338403816100774e-01,-8.451229092325404091e-01,-5.403599387862275533e-03,7.373798696823669931e-03
2.170609065303157337e+00,-3.933961819640473256e-02,7.543316109179382112e-01,-7.776200885046206067e-03,4.915023552154377043e-03,-4.711735163561895680e-03,9.999465849709301413e-01,-4.383143031255270494e-01,-7.071127946166777534e-02,2.034821224480654056e-02,3.695954183975823093e-01,3.654573929649577307e-02,5.201318233081202169e-02,7.521081370692177248e-02,6.328201507425511296e-02,-8.452306985795009220e-02,7.448039683954719159e-01,-4.516408830721824197e-03,4.198253368694193632e-02,8.873301882854220390e-02,-4.216500180202000653e-02,-2.104356994013211954e-02,2.310736091478900467e-01,1.492074821420163733e-01,-1.500929015347591267e-01,8.957614104336520944e-01,8.411683373777616435e-01,1.295192149971177882e-02,-9.325380006296180024e-03,1.005290595889137828e-01,-8.845945827434723019e-02,1.753202768184058957e-01,8.118347930885826402e-01,-8.403951150872136511e-01,-5.849260092664823954e-03,7.393882549374698569e-03
2.178840138966327444e+00,-3.741579234458637659e-02,7.548193616690853647e-01,-4.495483997987992364e-03,4.877753762179265311e-03,-5.567325395343701924e-03,9.999624835489636654e-01,-4.248288805435304072e-01,-7.920560811015178726e-02,2.670688628557975342e-02,3.708811389489817811e-01,2.589150184614513045e-02,5.706572887283998391e-02,5.359925823608011064e-02,4.848395228049025285e-02,-8.234859725527142460e-02,7.923770740924499512e-01,3.240471665844587429e-02,6.022079444552256439e-02,8.856363829661940967e-02,-4.454251157931505417e-02,-1.959832849271730265e-02,2.263646456253709527e-01,1.455337073724814745e-01,-1.476630054087468003e-01,8.998657752744835259e-01,8.424641120649817294e-01,1.313720822715941892e-02,-8.859505225936615061e-03,1.061676648383790417e-01,-8.882204356643894072e-02,1.740582509688308188e-01,8.181954884758868562e-01,-8.360931028534328568e-01,-6.243598484863697312e-03,7.442953291058815486e-03
2.186879659324920677e+00,-3.559342618263885288e-02,7.549547477887065261e-01,-1.104008260344017467e-03,4.794574512596600814e-03,-6.572820792407242305e-03,9.999662950559060626e-01,-4.110391569468594963e-01,-8.712076735041372755e-02,3.379673700153893595e-02,3.709152606162361976e-01,1.553043369479072990e-02,6.103203895934020823e-02,3.098609251991543342e-02,3.378128165504624275e-02,-8.076452664240381385e-02,8.421720763920864661e-01,6.793147444158792458e-02,8.049651350391932858e-02,8.857295862160541322e-02,-4.712837080598972911e-02,-1.774716819180986380e-02,2.211692010812545683e-01,1.422446586861600970e-01,-1.459231055625566653e-01,9.027942583625067074e-01,8.441372082605840266e-01,1.331048876616220539e-02,-8.402745826476147595e-03,1.108594974297924529e-01,-8.982527125378818311e-02,1.740891872027931775e-01,8.239922318304222504e-01,-8.323519617019710104e-01,-6.612575088209754481e-03,7.521451401387022756e-03
2.194703798761584057e+00,-3.386172508753830523e-02,7.549009381399602869e-01,2.272651270512150538e-03,4.797304036240368844e-03,-7.694685539001830735e-03,9.999563054177130761e-01,-3.976995496806444708e-01,-9.457689099981758662e-02,4.111233406838957216e-02,3.702125460199212070e-01,6.182137803795900374e-03,6.401329566781960301e-02,7.330254078532372902e-03,1.938677313903880428e-02,-7.948813105651819644e-02,8.922254780724016010e-01,1.037994720178933156e-01,1.023976557609163618e-01,8.852262429596452487e-02,-4.960657643950980300e-02,-1.594857173273926329e-02,2.156625659161708342e-01,1.392349273114741603e-01,-1.449202057624476847e-01,9.047195860298766767e-01,8.461516320564144156e-01,1.347134250990844780e-02,-7.929987917425636648e-03,1.149622063255241466e-01,-9.172505188195820280e-02,1.758448282245620997e-01,8.289488371814918155e-01,-8.296334672817556877e-01,-7.005615268199289793e-03,7.588905799655190111e-03
2.202274984675189895e+00,-3.222924255384814612e-02,7.548044982013530912e-01,5.663734185439759164e-03,4.896446418764128020e-03,-9.008874417108641078e-03,9.999313912010573402e-01,-3.850339904878994357e-01,-1.018321462520629384e-01,4.842867086621798628e-02,3.692498725469446352e-01,-2.916956861695985462e-03,6.631344076409904920e-02,-1.751273222053081891e-02,5.322255527132011346e-03,-7.839484506437413569e-02,9.409280545127819417e-01,1.395902700576573396e-01,1.255898556266295263e-01,8.839675157694629193e-02,-5.204378259443886989e-02,-1.425681004631865895e-02,2.099116336019711537e-01,1.365230430422551544e-01,-1.445757635980784994e-01,9.057403971263621179e-01,8.484370497806981160e-01,1.361192416337742538e-02,-7.442770165607254934e-03,1.185668924975497446e-01,-9.452496525991214982e-02,1.794065005209470598e-01,8.330024303903232896e-01,-8.280414955830887047e-01,-7.450023325248517417e-03,7.640914240157044811e-03
2.209610332722991899e+00,-3.067771569017081063e-02,7.547104209367653249e-01,9.106234523506407871e-03,4.992165048516398161e-03,-1.037946707435783919e-02,9.998921915371734581e-01,-3.726928599658942409e-01,-1.092843199106518087e-01,5.561766499892700777e-02,3.680253898036424109e-01,-1.220563787832529973e-02,6.878536678806919380e-02,-4.324899039026928321e-02,-8.678219742227263195e-03,-7.740113151053851226e-02,9.876541502448537013e-01,1.736348114785209451e-01,1.479818234939603849e-01,8.800745536395361557e-02,-5.447056715119612258e-02,-1.253376757924781933e-02,2.038962803328719930e-01,1.341050513796594179e-01,-1.447563748231538994e-01,9.058898569514172161e-01,8.508596525611273886e-01,1.373315773214657011e-02,-6.977939148998785375e-03,1.216854329989234124e-01,-9.827040148769433658e-02,1.848010316916503804e-01,8.360850221609986699e-01,-8.277412883936253740e-01,-7.819376167644241649e-03,7.680542217990275408e-03
2.216739763208460001e+00,-2.919251193741768252e-02,7.546518703153171082e-01,1.254321832496661966e-02,5.034533750131966849e-03,-1.166269368933174448e-02,9.998406386619218544e-01,-3.604332107745311653e-01,-1.169698575848392291e-01,6.248360178862860659e-02,3.664258731223600796e-01,-2.165743747215723158e-02,7.152893122763963329e-02,-6.960518158836298541e-02,-2.266435851963587156e-02,-7.651456233233948356e-02,1.032347820568032093e+00,2.053620969139722252e-01,1.686135901827386929e-01,8.723389121742938790e-02,-5.675294706223667912e-02,-1.081336440180137581e-02,1.975946985450705018e-01,1.319506918570147735e-01,-1.453603495571083870e-01,9.052593397570281031e-01,8.533511498128616424e-01,1.383363814102436112e-02,-6.545248701872095204e-03,1.244988315155194647e-01,-1.030119160439351422e-01,1.918876283805493188e-01,8.380781876388083695e-01,-8.286734394492728528e-01,-8.116550003415837211e-03,7.710417622864747418e-03
2.223695081665694406e+00,-2.779099769308694678e-02,7.546699401497859450e-01,1.585631328135949855e-02,5.054397513917194794e-03,-1.281601151702127170e-02,9.997793657821162361e-01,-3.482716156940491303e-01,-1.246568789891075585e-01,6.880030149660745775e-02,3.644755011341075934e-01,-3.126341026864599970e-02,7.445570657313915763e-02,-9.630684956448638812e-02,-3.606475397700834029e-02,-7.573639086204041193e-02,1.074441264465523682e+00,2.323856704760456360e-01,1.860191537489451208e-01,8.624672755876182373e-02,-5.881078940699814572e-02,-9.291640962110905150e-03,1.909245688964343324e-01,1.300614602043084211e-01,-1.462613418096389561e-01,9.040293917915624977e-01,8.558339933477426831e-01,1.392650396432400413e-02,-6.145164859600722035e-03,1.274442564906270448e-01,-1.087888500500663880e-01,2.005508153285517903e-01,8.386940445982224990e-01,-8.307880207384660265e-01,-8.407749960090622407e-03,7.737601524105655777e-03
2.230500104024734309e+00,-2.648391198454944778e-02,7.547746246610425036e-01,1.897519682440377067e-02,5.057032370849517261e-03,-1.382084415094424201e-02,9.997116347207483100e-01,-3.361785286775029191e-01,-1.322055751948090219e-01,7.444863847848916250e-02,3.621815985210034561e-01,-4.096709178656215977e-02,7.766347557894566489e-02,-1.231674065813770924e-01,-4.854355142648895949e-02,-7.509448518841364828e-02,1.113647703979018244e+00,2.536547180620595809e-01,1.998375759333584079e-01,8.516453519470304490e-02,-6.061675540797209494e-02,-8.048046516871541767e-03,1.838770623529456805e-01,1.284345187010418887e-01,-1.473493395591019550e-01,9.023819838718477593e-01,8.583149170529060790e-01,1.400668367657299448e-02,-5.765179281521909567e-03,1.307336855698116307e-01,-1.155248655967742594e-01,2.104684787693388293e-01,8.378293377523376995e-01,-8.338781127723432496e-01,-8.729747700047764056e-03,7.758089563874219149e-03
2.237153650472312627e+00,-2.527036520581724816e-02,7.549079340893105616e-01,2.194007785578497988e-02,4.997765962968319167e-03,-1.459839212127137138e-02,9.996401928195310926e-01,-3.242970848701234310e-01,-1.397324753894589044e-01,7.943094834719226227e-02,3.598592523812392807e-01,-5.070427944432833595e-02,8.127496206435674830e-02,-1.499946937587515461e-01,-6.006009333274898998e-02,-7.440666519850808180e-02,1.149534514576405542e+00,2.671834106318032864e-01,2.093707486892799619e-01,8.390778890719131911e-02,-6.225673889350286788e-02,-6.865371224591756104e-03,1.764400258392579690e-01,1.270688657772173769e-01,-1.485350788100492647e-01,9.007454055670964799e-01,8.609000539840968580e-01,1.401838118579241434e-02,-5.389804252894443877e-03,1.342516771770757567e-01,-1.228767116461591258e-01,2.209116842009527237e-01,8.353910744217459827e-01,-8.375543228120398975e-01,-9.011276789638995172e-03,7.765914948686606332e-03
2.243662178501691251e+00,-2.415447524501077026e-02,7.550293570293507006e-01,2.479937443564908181e-02,4.864070934405021092e-03,-1.514007762976634849e-02,9.995659607504198130e-01,-3.127018116768906508e-01,-1.473049113768566121e-01,8.380527257382017203e-02,3.576854023223738355e-01,-6.043767668858328335e-02,8.533745453223974542e-02,-1.767801158271356254e-01,-7.057915921396595849e-02,-7.349616733904175414e-02,1.182006399343648484e+00,2.727245920696638737e-01,2.150663470039711755e-01,8.249323477417248862e-02,-6.385855090600107975e-02,-5.652774613489760028e-03,1.686912469303820938e-01,1.259919644213229606e-01,-1.498242402322499944e-01,8.993057720611165040e-01,8.635286410596393347e-01,1.399333456465742809e-02,-5.036572069180301689e-03,1.379469545725720836e-01,-1.305642423893090542e-01,2.314413421716166597e-01,8.313677549417181067e-01,-8.415965678057737431e-01,-9.228168723107103844e-03,7.747553640893327896e-03
2.250075101225298635e+00,-2.315178288786612359e-02,7.551525865391994774e-01,2.752194829847093294e-02,4.669491647350304010e-03,-1.545456829351938254e-02,9.994908176308935355e-01,-3.012659578223746415e-01,-1.548064088842965869e-01,8.750373159714069926e-02,3.556189557920841904e-01,-7.021593769131295737e-02,8.970336208073073636e-02,-2.033766767858769253e-01,-7.971014086489346118e-02,-7.236308487334479345e-02,1.211065161448032779e+00,2.699957411270809127e-01,2.180392593095062115e-01,8.094566104181685762e-02,-6.540629240390236077e-02,-4.612392086333198284e-03,1.608066376415857868e-01,1.252339248012934447e-01,-1.513972520410198641e-01,8.980275236829668994e-01,8.659272743443326981e-01,1.400297758586145115e-02,-4.749929415354214521e-03,1.421827862239727069e-01,-1.383060716477073904e-01,2.416241371400007776e-01,8.256599127036252650e-01,-8.458052502910637926e-01,-9.407061809321094065e-03,7.737673161468614121e-03
2.256424471669915555e+00,-2.226527962247421694e-02,7.552635335493843582e-01,3.012172787081758910e-02,4.419116371883851681e-03,-1.558367412663406656e-02,9.994149798863745104e-01,-2.899442158750646925e-01,-1.621954248672154708e-01,9.056374570098948973e-02,3.536970052822816513e-01,-8.007334402241546301e-02,9.424302100658921155e-02,-2.296868854618809297e-01,-8.751099536225512288e-02,-7.110710304823594785e-02,1.236831150330840901e+00,2.598543876159981059e-01,2.189396658440914967e-01,7.929579960002401673e-02,-6.693709301842362680e-02,-3.833517799067397147e-03,1.528861468040533522e-01,1.247653166611785297e-01,-1.533047535645805093e-01,8.968987474092112722e-01,8.680917516760876529e-01,1.404464518124169323e-02,-4.514052244361400207e-03,1.471284086785750733e-01,-1.458595110642505743e-01,2.511052328430195546e-01,8.183460334472120179e-01,-8.499681698822723064e-01,-9.581512301607364446e-03,7.736388866205431460e-03
2.262700327208063911e+00,-2.147002566408488800e-02,7.552858022035883190e-01,3.265758713445808537e-02,4.101820518591958384e-03,-1.550716250979801078e-02,9.993378579538005901e-01,-2.790155454268566926e-01,-1.695722962982670057e-01,9.308199406226877470e-02,3.523390731371482398e-01,-9.003506978002856487e-02,9.884663673739137180e-02,-2.555441905132074254e-01,-9.482010047345566794e-02,-6.989953598657917822e-02,1.259275171379950597e+00,2.437134533917310608e-01,2.182592711524730389e-01,7.743086558838033207e-02,-6.847644484555633071e-02,-3.142233191802802292e-03,1.447432790954491233e-01,1.244782773411008958e-01,-1.555875403775275612e-01,8.959812511941028790e-01,8.701965716515898119e-01,1.406548145793806714e-02,-4.248051027929560658e-03,1.527398689224860329e-01,-1.529260188560124245e-01,2.591569070895964888e-01,8.095663741546287318e-01,-8.536559608503597740e-01,-9.812025038983788680e-03,7.760763626162434786e-03
2.268897355329820176e+00,-2.075557123090049361e-02,7.551889088529309957e-01,3.515315062505856153e-02,3.718536720764428760e-03,-1.521523901549566918e-02,9.992591880926039449e-01,-2.685880686594170896e-01,-1.769685105165471617e-01,9.510433366282092238e-02,3.517295051277182782e-01,-1.001112374459295629e-01,1.034620215313765829e-01,-2.808684003165337062e-01,-1.021003105321751647e-01,-6.877752343251056222e-02,1.278394053472075020e+00,2.230288307863325936e-01,2.160627421501609413e-01,7.532017264944322610e-02,-7.004896780432699754e-02,-2.447087568629298295e-03,1.361840307306957654e-01,1.242995724665512530e-01,-1.582797373482166536e-01,8.953244697857094536e-01,8.722907595992729357e-01,1.406880878095706847e-02,-3.968894713833616070e-03,1.589637083137012685e-01,-1.592883062482263468e-01,2.654522460841485798e-01,7.995573865936638214e-01,-8.565943916857332585e-01,-1.006261151362013335e-02,7.787307235971263619e-03
2.275037474373868385e+00,-2.013556657347329026e-02,7.550438024546792803e-01,3.750164203703053312e-02,3.271555094322564725e-03,-1.469198069788109698e-02,9.991832011573075212e-01,-2.583344677022141322e-01,-1.841888630594227527e-01,9.643968746388090207e-02,3.515269491529602330e-01,-1.102635526198711552e-01,1.081675379494509148e-01,-3.055279928107247911e-01,-1.091504618801105719e-01,-6.806758084647114571e-02,1.293856803456788995e+00,1.997801672578993215e-01,2.118449650725179045e-01,7.308816374512830394e-02,-7.153306673734044496e-02,-1.853397884482563263e-03,1.270116625526336585e-01,1.241808763531300625e-01,-1.614855349032114640e-01,8.950440635772486386e-01,8.743606187438609512e-01,1.411287514904503715e-02,-3.783046143704574260e-03,1.658758969024745900e-01,-1.647400077530783991e-01,2.696657084130189008e-01,7.886221385038113540e-01,-8.582839871922602892e-01,-1.026751393300645403e-02,7.806106292988211105e-03
2.281137240666063715e+00,-1.961690760746019613e-02,7.548937315300352502e-01,3.964722702107092989e-02,2.768262414395916519e-03,-1.394603520040615247e-02,9.991125773479851979e-01,-2.480320973561915832e-01,-1.911079631778990484e-01,9.699193953884149844e-02,3.514617126468266850e-01,-1.204440875501451291e-01,1.129677675513006546e-01,-3.294687515102740494e-01,-1.159419127171373715e-01,-6.790818040140057799e-02,1.305560519842158262e+00,1.751261214491793561e-01,2.057254976637271360e-01,7.080760509280968618e-02,-7.287076743110552923e-02,-1.441924268037082573e-03,1.171406229504781821e-01,1.240379203106020123e-01,-1.651821244689534174e-01,8.951832628216227494e-01,8.765242002687734235e-01,1.417078681316066673e-02,-3.671935083795501657e-03,1.734252878635343664e-01,-1.691156399441163805e-01,2.716987090601536980e-01,7.770321927737583456e-01,-8.585953030763839866e-01,-1.041147754186668231e-02,7.828903627075169472e-03
2.287197054314930700e+00,-1.918945227282711774e-02,7.547373389327757254e-01,4.161543845792985835e-02,2.190661580816018542e-03,-1.299586351705347802e-02,9.990467604158004278e-01,-2.375855603593429455e-01,-1.977449282589577029e-01,9.678993706801831964e-02,3.514450958634140476e-01,-1.305971429079537671e-01,1.177101879506765314e-01,-3.525921274649185810e-01,-1.227593833657956296e-01,-6.814102801072026427e-02,1.313182101636136023e+00,1.502650953140801660e-01,1.980541638659866766e-01,6.847855835461194585e-02,-7.404644081093397778e-02,-1.149189096046477525e-03,1.065160602958031277e-01,1.237141380479733488e-01,-1.692757567375789141e-01,8.958815157547894703e-01,8.791055175966734359e-01,1.413016102542349536e-02,-3.495407184043401901e-03,1.813617004485796602e-01,-1.721548737170081611e-01,2.712910152123082508e-01,7.650407155839876738e-01,-8.573685548580499693e-01,-1.057523392339028770e-02,7.909238970526560886e-03
2.293220516221322836e+00,-1.885459283652188289e-02,7.545813610237532831e-01,4.341782134198421406e-02,1.555218809495934615e-03,-1.186228417446221275e-02,9.989853654075891987e-01,-2.269573560996661077e-01,-2.040877950934959495e-01,9.586931585605239226e-02,3.513683697507272718e-01,-1.406845039525781438e-01,1.223375735546699816e-01,-3.749043534493185503e-01,-1.295525844094644885e-01,-6.856056281393675678e-02,1.316691235786276559e+00,1.256051485123758082e-01,1.895191975215979319e-01,6.610471434490888809e-02,-7.507513276912010369e-02,-9.705114224882304547e-04,9.512130326629555932e-02,1.231626848593884022e-01,-1.737605638150793996e-01,8.971263461803262729e-01,8.821110772072945361e-01,1.400885104819083772e-02,-3.281343258234451117e-03,1.895123869604582179e-01,-1.737259838279043012e-01,2.685819797973860168e-01,7.528568088969103123e-01,-8.546521365804569115e-01,-1.072185357787397431e-02,8.036062056065235853e-03
2.299222233497141055e+00,-1.863462140013675411e-02,7.544604504702013825e-01,4.503060476801871298e-02,9.013683621585668552e-04,-1.058972459110871754e-02,9.989290715072750571e-01,-2.160520430688886717e-01,-2.100452187466348153e-01,9.424707195692234862e-02,3.510004544305239116e-01,-1.506955376366129473e-01,1.269743952231215112e-01,-3.963709201407014660e-01,-1.356496461802932652e-01,-6.903596754303463479e-02,1.316048475434959286e+00,1.013293877987791330e-01,1.813940675296726868e-01,6.374105449409607493e-02,-7.600282108384251445e-02,-9.214371733747692876e-04,8.293844242901010633e-02,1.225040068500547058e-01,-1.787070588117203596e-01,8.988427239004865843e-01,8.853906925355767843e-01,1.391824641842707815e-02,-3.187775699754397118e-03,1.978640725341956896e-01,-1.737913566676675681e-01,2.639037932221389715e-01,7.407934732148955259e-01,-8.504746737730378703e-01,-1.075808990663037340e-02,8.173743144122008406e-03
2.305214681872712390e+00,-1.853130152950485665e-02,7.543680606969772606e-01,4.645300647006897488e-02,2.646406735939675647e-04,-9.227035157784115385e-03,9.988778253507295535e-01,-2.049317336703673220e-01,-2.155761849769278482e-01,9.198365122562746077e-02,3.503404392518540411e-01,-1.606957046575304693e-01,1.316736828797004377e-01,-4.170583780899809190e-01,-1.407747738119681791e-01,-6.949184978174820226e-02,1.311427643222932593e+00,7.756545344193535585e-02,1.737712968166266747e-01,6.136797669386519910e-02,-7.683290169687788385e-02,-9.784862384494051688e-04,7.006213431905529421e-02,1.217841176303169487e-01,-1.840658653467112660e-01,9.008900757685901484e-01,8.889117704309513757e-01,1.384978008306317517e-02,-3.196384070078200652e-03,2.063640245544688945e-01,-1.724769673225601818e-01,2.575038665816067884e-01,7.289613975358827380e-01,-8.449651884044383499e-01,-1.072184155208664481e-02,8.325327257463840600e-03
2.311202848672751387e+00,-1.851164764164064946e-02,7.542316109738997909e-01,4.771463298402171815e-02,-3.587663777342352213e-04,-7.793903723571773273e-03,9.988305172612873539e-01,-1.939010391103669628e-01,-2.207330033433525240e-01,8.917777545652857962e-02,3.498773850848831413e-01,-1.709384481322547278e-01,1.363170170929359493e-01,-4.370747121943597269e-01,-1.451584823630679977e-01,-6.964783093765716804e-02,1.302963563794269586e+00,5.460901935218766268e-02,1.661192502568478169e-01,5.879345598390048333e-02,-7.746113315366663643e-02,-9.648318226660798766e-04,5.670001470759390011e-02,1.209505377399162918e-01,-1.897110090169792929e-01,9.030964301479303957e-01,8.927291006841193699e-01,1.371063825753561852e-02,-3.152741802777102309e-03,2.148209828540683097e-01,-1.701478154513687557e-01,2.494190612424758979e-01,7.173062637084146598e-01,-8.382203350373969020e-01,-1.079054497846115325e-02,8.495037896861037247e-03
2.317200302659079725e+00,-1.856429805024312901e-02,7.540217597466695176e-01,4.885448564730857091e-02,-9.645170904419070237e-04,-6.314997295916219625e-03,9.987854773413915588e-01,-1.830532326996271164e-01,-2.255623761567866203e-01,8.592359437302464487e-02,3.497826859604017402e-01,-1.814964350685911443e-01,1.407849280828230853e-01,-4.564295427936456151e-01,-1.489709835519975323e-01,-6.941584462141889289e-02,1.290785607095515708e+00,3.232924968593112180e-02,1.582518709880010310e-01,5.597132189032286848e-02,-7.791519553885065119e-02,-8.473691096875507608e-04,4.304955786851054345e-02,1.200856172410203065e-01,-1.956261532371621481e-01,9.052860282950255799e-01,8.967346807753197035e-01,1.352636705143363781e-02,-3.078462918513854944e-03,2.231356769686035635e-01,-1.670944162425616331e-01,2.399194002579045359e-01,7.059338648949533557e-01,-8.304205691025545732e-01,-1.091857003268449644e-02,8.662100745239797658e-03
2.323238431065901555e+00,-1.871185294965332924e-02,7.537886638789904614e-01,4.985557955524932278e-02,-1.523356843689564625e-03,-4.791370896766928601e-03,9.987437826269890406e-01,-1.722300430725287601e-01,-2.299666470826289832e-01,8.220525793415568716e-02,3.497696089332255620e-01,-1.920885994837817079e-01,1.449768380775515453e-01,-4.748629476665951477e-01,-1.521630331308736483e-01,-6.921426777686268128e-02,1.274791733054883913e+00,1.033686398081083702e-02,1.500827682021148579e-01,5.301667211647551753e-02,-7.829291756180456474e-02,-9.110109715377732661e-04,2.938825789341387856e-02,1.194308779705836043e-01,-2.018777056664545766e-01,9.072277584261565497e-01,9.006861316686416430e-01,1.342167801384522817e-02,-3.129700932319197555e-03,2.313848076134337184e-01,-1.634906778708949959e-01,2.295229460868774274e-01,6.952376744051173008e-01,-8.217769682505124962e-01,-1.089889470350916337e-02,8.809858205624616564e-03
2.329314548625207593e+00,-1.895952206709967947e-02,7.535580029287276549e-01,5.069171622137303573e-02,-2.018722188630246543e-03,-3.248251286805106317e-03,9.987070258743724338e-01,-1.614589481340502619e-01,-2.338083398119506773e-01,7.806876760548633887e-02,3.497459736930356722e-01,-2.023436449288855965e-01,1.486566634553148081e-01,-4.924554728161111838e-01,-1.547790735722646138e-01,-6.923990844980600079e-02,1.255204406178982435e+00,-1.090796745689887742e-02,1.414962381957137194e-01,5.003364803571537511e-02,-7.856046793012291807e-02,-1.303870104004976015e-03,1.600812239656221325e-02,1.190617669909967979e-01,-2.083703538357243590e-01,9.088943306550389956e-01,9.045583806747740097e-01,1.335367426576843271e-02,-3.261819845929865222e-03,2.395010174817928106e-01,-1.595395019777456347e-01,2.185849984198617035e-01,6.853965732189568616e-01,-8.125615956433926979e-01,-1.075789210124705395e-02,8.953427512551558401e-03
2.335367538191901460e+00,-1.928603771798312327e-02,7.533255617286260808e-01,5.132275304321419485e-02,-2.493194435818566791e-03,-1.690350792626997426e-03,9.986775530422977720e-01,-1.509780170059980275e-01,-2.369173011258121075e-01,7.359803347502133497e-02,3.499497602076807046e-01,-2.117224068507207457e-01,1.513413695375534773e-01,-5.096612797609567647e-01,-1.570734032384852041e-01,-6.938324554826158508e-02,1.232423420080877241e+00,-3.005191802359532746e-02,1.322582549942751817e-01,4.701320524153182467e-02,-7.846535488778520750e-02,-1.879885007953695187e-03,3.270011322578066874e-03,1.188317223667907929e-01,-2.149077289368012678e-01,9.104747588308280681e-01,9.084309643775382304e-01,1.318413593048699435e-02,-3.303183381213178112e-03,2.470979081084531126e-01,-1.554683352366793836e-01,2.073760197072027078e-01,6.764097792122224506e-01,-8.031389177260567225e-01,-1.071538977582333144e-02,9.090741433410752873e-03
2.341360863473699538e+00,-1.969029946907377426e-02,7.531029616223839929e-01,5.177034881692616636e-02,-2.962667641110295052e-03,-1.316096123324555535e-04,9.986546130984085279e-01,-1.407418307507834199e-01,-2.393421283136251132e-01,6.884600795090288494e-02,3.502642479540588605e-01,-2.199790116943422524e-01,1.530047159612484275e-01,-5.266546578823660951e-01,-1.589714874226884900e-01,-6.955876310277329944e-02,1.205988473253892579e+00,-4.745623400876931852e-02,1.227698576613326792e-01,4.402702850197313250e-02,-7.801900648615703315e-02,-2.437412824119102300e-03,-8.707341498439161859e-03,1.187474898234229387e-01,-2.214476608208061359e-01,9.118638756151197233e-01,9.122013875528256488e-01,1.293247063337417228e-02,-3.286588604584277616e-03,2.538575428319229665e-01,-1.513600804525908616e-01,1.962006081608245467e-01,6.683287164244063883e-01,-7.937691659661846311e-01,-1.071662185382661094e-02,9.208884754435379266e-03
2.347316510811822354e+00,-2.018145736547960478e-02,7.529430440066273711e-01,5.206655990821097008e-02,-3.313035043900974634e-03,1.374219658162691322e-03,9.986371756841689873e-01,-1.304581461311845603e-01,-2.413156433898187847e-01,6.375655966512137895e-02,3.500337664924723091e-01,-2.274103532006639117e-01,1.544932640652592615e-01,-5.430293369964273031e-01,-1.599497283896369471e-01,-7.008041707923706731e-02,1.176001062663808439e+00,-6.396345945750282758e-02,1.135118655543708027e-01,4.125038705539390421e-02,-7.741231655617124285e-02,-2.919415945524069921e-03,-2.012347218872918841e-02,1.189030933277446245e-01,-2.280360121723223610e-01,9.126127913218723409e-01,9.156210167826737134e-01,1.268331406790452164e-02,-3.359389049807235978e-03,2.595538497800362610e-01,-1.472269118304924129e-01,1.855144399800628952e-01,6.614285601672075243e-01,-7.847572205075139529e-01,-1.050469285345193536e-02,9.284908290927157068e-03
2.353270680742561183e+00,-2.073733753191925322e-02,7.528697579452664490e-01,5.221212071357861362e-02,-3.482263653357594354e-03,2.841238352850321280e-03,9.986259037572886577e-01,-1.199249010957886274e-01,-2.429769657324409304e-01,5.821594281904307611e-02,3.488940957118215058e-01,-2.343829802229835946e-01,1.562668987438078916e-01,-5.579718384850579360e-01,-1.599859843269259285e-01,-7.104002093383178507e-02,1.143436377522993652e+00,-7.914091400438025281e-02,1.042153138498180670e-01,3.870120974750123483e-02,-7.664728192440747878e-02,-3.274945431951585637e-03,-3.114070900938697983e-02,1.191602163566507916e-01,-2.345598051641679671e-01,9.126604822297840203e-01,9.186402555239829848e-01,1.241663362194324154e-02,-3.477352519662978841e-03,2.641257197002038759e-01,-1.432151342461272792e-01,1.755878152931005798e-01,6.558790778263213772e-01,-7.763441389611733801e-01,-1.015608049806380163e-02,9.318904952348057436e-03
2.359259484144501595e+00,-2.132117584552188638e-02,7.528416310789001198e-01,5.228736386200609487e-02,-3.503329484187522880e-03,4.312105791901004945e-03,9.986165983023419512e-01,-1.090022777919752855e-01,-2.445518963790251632e-01,5.219772866601953693e-02,3.468583175682099506e-01,-2.413420139614147197e-01,1.582315122434528043e-01,-5.704038236371579140e-01,-1.594407419870478571e-01,-7.181420412181348245e-02,1.107542681775354865e+00,-9.148782263376217805e-02,9.514864477762567663e-02,3.627485135987779802e-02,-7.582142955432816245e-02,-3.338401366774467523e-03,-4.185323048936221563e-02,1.192644464584348141e-01,-2.407655660491602456e-01,9.121951136058508158e-01,9.212600924366294297e-01,1.208637189563504209e-02,-3.503795761466596895e-03,2.675832333122887818e-01,-1.395551496614545750e-01,1.666983733793447886e-01,6.518230510141009848e-01,-7.688567129825727431e-01,-9.977254696194400377e-03,9.292037298479733504e-03
2.365304027712840984e+00,-2.190592372044321279e-02,7.527650148776956485e-01,5.232535684993130931e-02,-3.327265798095522219e-03,5.706052444762269200e-03,9.986082451583974118e-01,-9.818948074958870620e-02,-2.460537004049319354e-01,4.587353704519797626e-02,3.445782898252346960e-01,-2.487693656345075777e-01,1.601063112950137923e-01,-5.802301087048116202e-01,-1.588792458719377743e-01,-7.228547046903059659e-02,1.068319531325902183e+00,-1.016843538899768473e-01,8.662084087584187575e-02,3.381764599051324122e-02,-7.499189960212464257e-02,-3.241618890203044456e-03,-5.222304246363609903e-02,1.191413368553153190e-01,-2.465944392631068960e-01,9.112209464791857227e-01,9.233303156486198926e-01,1.176382708068161170e-02,-3.474413603907076670e-03,2.700275121477210827e-01,-1.363724359526983232e-01,1.590660256796425920e-01,6.491298369273938995e-01,-7.624898297782672918e-01,-9.937664991765782913e-03,9.231859724104871795e-03
2.371420246662129916e+00,-2.250341927952677346e-02,7.525224765732694276e-01,5.243168674465795154e-02,-3.038371399780621582e-03,6.854444800385542033e-03,9.985963664618581204e-01,-8.820966575857348835e-02,-2.470622604217980189e-01,4.022723035564273325e-02,3.438366202106398206e-01,-2.582667137313817696e-01,1.610949158906331002e-01,-5.879185969207286755e-01,-1.594760628987693385e-01,-7.267737932624648844e-02,1.027066106020852798e+00,-1.098434475235179758e-01,7.919440050716161639e-02,3.088998557709458914e-02,-7.453161652891221456e-02,-3.065167287094428678e-03,-6.205522565293117992e-02,1.190313646323282043e-01,-2.520316546434568372e-01,9.097170601187463124e-01,9.245537970739403644e-01,1.158795984539470400e-02,-3.523605365490957344e-03,2.715356367396015158e-01,-1.335152757256479472e-01,1.529599474139055615e-01,6.477495211386313789e-01,-7.574995018794737911e-01,-9.792274445375991412e-03,9.159701308972059003e-03
2.377604913709115309e+00,-2.310209468627182766e-02,7.521184496348625181e-01,5.245927404870115440e-02,-2.680881973751310030e-03,7.765620246438589142e-03,9.985892712123008996e-01,-7.874291266996714944e-02,-2.477551279065919598e-01,3.467183079947630531e-02,3.439845413065463209e-01,-2.685169028833350180e-01,1.613094670264571540e-01,-5.937419927020345378e-01,-1.607568890963841091e-01,-7.330967240289248954e-02,9.839582341548406275e-01,-1.157691251900692664e-01,7.279472986987195471e-02,2.759788843096708591e-02,-7.404124867891585804e-02,-2.763765234050828256e-03,-7.134116999469683473e-02,1.188099962550122485e-01,-2.571378723338920702e-01,9.077835333779042948e-01,9.250028252494073566e-01,1.147943772623945778e-02,-3.596018010816656469e-03,2.722587645694574121e-01,-1.311366525478511180e-01,1.482813257787574945e-01,6.474282405657642014e-01,-7.539151598919360264e-01,-9.598800253169319924e-03,9.072940163907462080e-03
2.383823297673039576e+00,-2.373091343965916256e-02,7.517912190312645571e-01,5.239721040031552340e-02,-2.180971718702043923e-03,8.698595393976032292e-03,9.985860315161403378e-01,-6.874120163341508605e-02,-2.483502120439598781e-01,2.862250971279713119e-02,3.428541258946352088e-01,-2.781285153610604244e-01,1.616097835341639144e-01,-5.980870581203410197e-01,-1.614003121738460667e-01,-7.493467422032104586e-02,9.385021201068971530e-01,-1.190569643499915925e-01,6.703562981291315281e-02,2.466125774488848663e-02,-7.332496950141488556e-02,-2.183242500188465034e-03,-8.009078590929791241e-02,1.182690341106640425e-01,-2.619936309863974966e-01,9.054478368032543578e-01,9.248881617329576255e-01,1.120251696804704447e-02,-3.517729127155554136e-03,2.721057405347627189e-01,-1.293882974542229225e-01,1.447275908271320188e-01,6.480986926090029909e-01,-7.517521860997652405e-01,-9.551430622129737993e-03,8.936079660564462054e-03
2.390083056105736237e+00,-2.441110960716087047e-02,7.515897710310113222e-01,5.228228974820600672e-02,-1.504706447020350609e-03,9.675603876620506721e-03,9.985843383144037411e-01,-5.784726141864565685e-02,-2.489059622380725700e-01,2.197985384934702385e-02,3.396210533317767233e-01,-2.865217296410482728e-01,1.621700063985410389e-01,-6.016226882866946291e-01,-1.610372371625162224e-01,-7.801276135791865296e-02,8.905875004965673192e-01,-1.197068597668590334e-01,6.234471035002956546e-02,2.226606069312082187e-02,-7.239134348554032705e-02,-1.399335414575252415e-03,-8.817265349861228008e-02,1.174133732372695249e-01,-2.666593732780120352e-01,9.026608340579889145e-01,9.241756418545131746e-01,1.079834277806317709e-02,-3.338811137317565427e-03,2.711126986769790137e-01,-1.283060690504935486e-01,1.422857263668484140e-01,6.495137206995187373e-01,-7.509590518752073951e-01,-9.553724821415070928e-03,8.771919245829035497e-03
2.396456036685793656e+00,-2.515343903952590998e-02,7.513630026762965208e-01,5.219696957966492301e-02,-7.837761335301356505e-04,1.047694571331476976e-02,9.985815418232965035e-01,-4.606694989510980165e-02,-2.492785549116237898e-01,1.531999290389000207e-02,3.349325816435291814e-01,-2.941932446076547247e-01,1.623327165841410014e-01,-6.048333558559803036e-01,-1.602476024906634433e-01,-8.158170239965958914e-02,8.412549306223415790e-01,-1.186752143835974604e-01,5.876354554031262833e-02,1.980958611931969010e-02,-7.149306204551003630e-02,-5.831740497134716176e-04,-9.543898106648109059e-02,1.164903511215597820e-01,-2.711560725680060013e-01,8.995995963803122830e-01,9.226908640188350441e-01,1.047698075731283603e-02,-3.230534680813480428e-03,2.694970305213368889e-01,-1.276988243306128035e-01,1.411528354739469138e-01,6.515515895362054000e-01,-7.515161265234695520e-01,-9.357811623160412762e-03,8.618996635624332978e-03
2.402971398353400456e+00,-2.596651752039361855e-02,7.510546225609481263e-01,5.210868912148131776e-02,-7.723588194328011346e-05,1.114365814766579525e-02,9.985792394375857528e-01,-3.350067908313858478e-02,-2.493278671301836225e-01,8.753413195050498141e-03,3.292371265820100978e-01,-3.014707461179181314e-01,1.620005143860950847e-01,-6.077312136975503432e-01,-1.591111217184853766e-01,-8.515302731229740241e-02,7.907858779067566957e-01,-1.160406062542999606e-01,5.629714053956647729e-02,1.709251648952850311e-02,-7.061066215144687352e-02,3.060281684276334579e-04,-1.022277014410053753e-01,1.155391402430229753e-01,-2.754921229290562823e-01,8.963694982742915762e-01,9.205681697892900139e-01,1.023637314737568457e-02,-3.174420292457576231e-03,2.674654600504413615e-01,-1.274492477827703085e-01,1.411484507050246584e-01,6.541454104251628321e-01,-7.532797339882938426e-01,-9.093753595894127004e-03,8.451269229647440789e-03
2.409597107052551923e+00,-2.686053619486166583e-02,7.507093689484671817e-01,5.191493755642453273e-02,7.201059689944783702e-04,1.188511333153869504e-02,9.985804914830987977e-01,-2.051208337941018423e-02,-2.490314369948369577e-01,1.916916339037704007e-03,3.226200162514501479e-01,-3.083709147510042548e-01,1.618682459873949930e-01,-6.101220993214421240e-01,-1.571405727152091203e-01,-8.918562497235414666e-02,7.384860268671677996e-01,-1.120395063276198033e-01,5.513441428351187334e-02,1.460003870521497417e-02,-6.955772837724781554e-02,1.465801410449887703e-03,-1.093227781105007845e-01,1.144288971080516804e-01,-2.796474570496232936e-01,8.927382108615155021e-01,9.180560396859430705e-01,9.954276914014237310e-03,-3.038844602256400747e-03,2.650678817118548025e-01,-1.275881737622198420e-01,1.419215873702114605e-01,6.571939109381053079e-01,-7.560852952824923534e-01,-9.073051468215981991e-03,8.213557675265098848e-03
2.416375754029175926e+00,-2.783084548047769918e-02,7.503430828927679652e-01,5.164750482106517104e-02,1.629552614294776545e-03,1.269658245233758719e-02,9.985833348289296918e-01,-6.834996161827843961e-03,-2.485812022016787026e-01,-5.267120081855859032e-03,3.147262303875779654e-01,-3.149456294229046605e-01,1.627452534969270059e-01,-6.120238533204470643e-01,-1.540906429538169975e-01,-9.349978450757169546e-02,6.848702757119962126e-01,-1.069733306335971662e-01,5.551985540425907750e-02,1.257440286861074771e-02,-6.835298976330993204e-02,2.774155786872209255e-03,-1.166507811609457101e-01,1.132037238758714509e-01,-2.837597194076856288e-01,8.886539621478541928e-01,9.152356195080598722e-01,9.645956587064229495e-03,-2.912259099937119719e-03,2.623880299505840230e-01,-1.280494193330027342e-01,1.432603602170146040e-01,6.606489810485933756e-01,-7.596720964006010712e-01,-9.137983481569973698e-03,7.945536235222263113e-03
2.423436780642911348e+00,-2.884779672139105300e-02,7.499421532147187985e-01,5.141885152386030389e-02,2.571231608570828057e-03,1.338217627488542082e-02,9.985842016746160343e-01,8.392009440945319074e-03,-2.483728738528494517e-01,-1.267227005819294983e-02,3.049001016855611423e-01,-3.214036769198078125e-01,1.657611650084612753e-01,-6.135009235530036742e-01,-1.498653206108195857e-01,-9.728118542802786928e-02,6.311030483782787970e-01,-1.008251715255749914e-01,5.791941828908363926e-02,1.093173870269612685e-02,-6.705972394673687109e-02,3.723402561492193674e-03,-1.232128777063144220e-01,1.120125322603866130e-01,-2.880858268716881554e-01,8.844363360681678499e-01,9.121216917102378252e-01,9.401492458771977881e-03,-3.018838401468483274e-03,2.596418944883953639e-01,-1.286768941629733987e-01,1.449669031800464858e-01,6.645471346119555811e-01,-7.637480548343329456e-01,-8.889383418354416047e-03,7.720314497545940902e-03
2.430738809963790548e+00,-2.987706503091251686e-02,7.494611125802137508e-01,5.107011801142208318e-02,3.578266629364456469e-03,1.408642649760014944e-02,9.985893107993677464e-01,2.391313568264635467e-02,-2.478407177686659524e-01,-2.022335190029503696e-02,2.945743817979029067e-01,-3.273504063155959209e-01,1.695816321721059783e-01,-6.143866501012533732e-01,-1.448361383035871863e-01,-1.012054539560362093e-01,5.769888020909129667e-01,-9.465826348684183711e-02,6.224785141619766649e-02,9.193375263352548260e-03,-6.511791318091851577e-02,4.102873857326477976e-03,-1.286959927324859143e-01,1.106899521905877204e-01,-2.927346103680685263e-01,8.803179809319071625e-01,9.088649701550464144e-01,9.169427085318775442e-03,-3.198949696299367533e-03,2.569905290126163755e-01,-1.295880561562415267e-01,1.466991288888492839e-01,6.684948513868678166e-01,-7.681417370557196422e-01,-8.491148859817426037e-03,7.512749204260910259e-03
2.438056541275046118e+00,-3.091461933702382980e-02,7.489263781819819332e-01,5.069454639306376215e-02,4.576240010324013861e-03,1.491403953783152284e-02,9.985922888325527991e-01,3.670537670734345254e-02,-2.463303493734312344e-01,-2.670299724201621525e-02,2.875014889819413333e-01,-3.309559509356538309e-01,1.685985416401520609e-01,-6.141874390150635632e-01,-1.401484041744852083e-01,-1.059768820735272621e-01,5.221670414684074224e-01,-8.874187781007267239e-02,6.778282702458880704e-02,7.044066435633612386e-03,-6.257970221162154068e-02,4.589033651244791776e-03,-1.333760675655399075e-01,1.090567414934002083e-01,-2.976430290288896718e-01,8.764370747714297361e-01,9.056629070579768070e-01,8.834215475800034217e-03,-3.090135099195778258e-03,2.541436102960338839e-01,-1.308193620284223702e-01,1.480886065179886912e-01,6.722443488040162896e-01,-7.727368692861943389e-01,-8.364495195848850595e-03,7.251721695303094649e-03
2.445375577051707605e+00,-3.198383524301064151e-02,7.485268919773876428e-01,5.107642208424668234e-02,5.330147313763682060e-03,1.542115468641631210e-02,9.985614536045454015e-01,4.696440581351088439e-02,-2.454756535915983418e-01,-2.814491992200188197e-02,2.843752912790210585e-01,-3.311990482937931524e-01,1.630870322666632677e-01,-6.119238556062281953e-01,-1.369429379073523190e-01,-1.100330410135934717e-01,4.674028737167557068e-01,-8.271251300019717700e-02,7.349923916761350040e-02,4.964998344483814718e-03,-6.132478384101328756e-02,5.834150536898572229e-03,-1.371591506827192497e-01,1.074795056696616347e-01,-3.026162355863413755e-01,8.730104951237210864e-01,9.024195632127367528e-01,8.460009806730488940e-03,-2.802885136992048967e-03,2.507853356146819146e-01,-1.318106457179323010e-01,1.490954941048163729e-01,6.764560289987925357e-01,-7.773989011405774141e-01,-8.317294369276827248e-03,6.982996863674545071e-03
2.452818118917914347e+00,-3.300074708314058164e-02,7.480917107577567116e-01,5.109379627821655778e-02,6.351361679994273375e-03,1.559416506490323220e-02,9.985519046111815955e-01,5.764104475917590509e-02,-2.439676198764181014e-01,-2.956824806724946825e-02,2.803950810063189913e-01,-3.313763641769710278e-01,1.591604362263274730e-01,-6.072110741063397876e-01,-1.329909609003771531e-01,-1.141438580867027153e-01,4.130822905667398404e-01,-7.714333297384223798e-02,7.887398780770865647e-02,3.008804428747508322e-03,-5.907238980947987494e-02,6.465177182712362504e-03,-1.402540424112386774e-01,1.056963531120650862e-01,-3.077275115920261039e-01,8.696757566932518113e-01,8.989393167485971725e-01,8.206287102080210213e-03,-2.720929274775352180e-03,2.478719571414875755e-01,-1.331135252095446142e-01,1.497583527879757792e-01,6.799723448838957962e-01,-7.819589599341104647e-01,-8.017433387249091326e-03,6.808817315392862862e-03
2.460371876381789225e+00,-3.399607463149425385e-02,7.475322973857172482e-01,5.087586720800931633e-02,7.726197275812464633e-03,1.595897371907134890e-02,9.985475768181113487e-01,6.866143372937645595e-02,-2.421491373440730621e-01,-3.166293795317413895e-02,2.753945696000296706e-01,-3.322375675643406412e-01,1.573379930300391194e-01,-5.995092428383118621e-01,-1.290637429697774341e-01,-1.175386713329298616e-01,3.628418148205254656e-01,-7.533440686367878780e-02,8.595989023941161267e-02,7.201428127722501148e-04,-5.651357231078959348e-02,6.200753348669414342e-03,-1.430137046314176041e-01,1.040109542198188186e-01,-3.130073271799047596e-01,8.662515108494441840e-01,8.954323407220838860e-01,7.998962922791100563e-03,-2.788346948659032546e-03,2.458147014389704121e-01,-1.343227176099907882e-01,1.498743205214377594e-01,6.828570911920148756e-01,-7.862007360831477776e-01,-7.665978898482694003e-03,6.661236856851280100e-03
2.467765357092700285e+00,-3.499286540456653105e-02,7.469008256421697522e-01,5.088563169583736057e-02,9.104891885506944185e-03,1.646375041895542166e-02,9.985272368652051700e-01,7.836129441432858334e-02,-2.407305835132722283e-01,-3.446570492941416347e-02,2.720377605070590232e-01,-3.333649790951166980e-01,1.554616454472904086e-01,-5.905883888632533774e-01,-1.256564057904168141e-01,-1.191175066373736657e-01,3.199929489083792600e-01,-7.667143790091553168e-02,9.413727574947026999e-02,-1.088873149625643223e-03,-5.482387951325519426e-02,6.328145028134992897e-03,-1.459146372679958892e-01,1.025664517510125051e-01,-3.181625378267676219e-01,8.627427837875991656e-01,8.922346259186355599e-01,7.765497272317918760e-03,-2.717462854142485822e-03,2.439382559659978855e-01,-1.350251634948133606e-01,1.492431511344465001e-01,6.857731256243596585e-01,-7.898925533772910290e-01,-7.597871993092798065e-03,6.495121038472881532e-03
2.474879300300864671e+00,-3.593762920540047312e-02,7.463414829401885386e-01,5.125267204297807855e-02,1.035168471847829931e-02,1.666985664891655963e-02,9.984929254187275838e-01,8.658088067860733594e-02,-2.400319663638218748e-01,-3.714109925317996691e-02,2.707726465187130227e-01,-3.343317731039198160e-01,1.529066680900897923e-01,-5.821930173313788481e-01,-1.226104735242575100e-01,-1.187232609378292558e-01,2.849528302519457323e-01,-7.821069037359494602e-02,1.023622579554512579e-01,-1.944005060807566399e-03,-5.411429364530899455e-02,7.160774741747042219e-03,-1.485515611705749972e-01,1.012600919402767002e-01,-3.230197266412096480e-01,8.593867910353706341e-01,8.891591943385172003e-01,7.530029348997659480e-03,-2.539306794287739602e-03,2.417699093333792459e-01,-1.352881158531176742e-01,1.479528361240101120e-01,6.888990333050515336e-01,-7.930286169667978280e-01,-7.587392838434224920e-03,6.352887068458046294e-03
2.481808617109510173e+00,-3.673794056344739656e-02,7.458870887937590899e-01,5.161326080255748683e-02,1.156750980592147031e-02,1.677602087617280358e-02,9.984592275850723286e-01,9.449003922884444129e-02,-2.395134103659022629e-01,-3.932106649899340389e-02,2.698751826165299295e-01,-3.351916619300870370e-01,1.504897409935221364e-01,-5.749689331628617950e-01,-1.199529633752340618e-01,-1.168442743977634729e-01,2.575775391665289238e-01,-8.072139649984216847e-02,1.121058106618521844e-01,-3.022424226484981928e-03,-5.325100962600967658e-02,7.669191123203625803e-03,-1.500086399403036397e-01,9.978829353015247761e-02,-3.278564679803178672e-01,8.564580758612110323e-01,8.858713379748529571e-01,7.296598506456051202e-03,-2.511753139182306121e-03,2.399149914912573345e-01,-1.355647114211353255e-01,1.460427121544537188e-01,6.913838228402848785e-01,-7.956641548908685024e-01,-7.287775163587270275e-03,6.239107236000831537e-03
2.488574586770285979e+00,-3.739143280101952377e-02,7.454067693359370805e-01,5.193049207694987873e-02,1.271764868523301423e-02,1.687925954837312878e-02,9.984270509164219209e-01,1.023160814186781231e-01,-2.391342697745797719e-01,-4.073743987695694485e-02,2.692668841994497742e-01,-3.363714188812484407e-01,1.484964857878426359e-01,-5.693775435620495040e-01,-1.176053293333578775e-01,-1.135884692529385565e-01,2.374913101407176708e-01,-8.375962420968476041e-02,1.227820838470945475e-01,-4.547655610877858121e-03,-5.217071915102646645e-02,7.627839322092409141e-03,-1.503733889950239488e-01,9.808000384257457849e-02,-3.325692490607973784e-01,8.540582131545891853e-01,8.824366317861690456e-01,7.055600257024523606e-03,-2.580104293051459566e-03,2.385760937662029790e-01,-1.359205251877028953e-01,1.434917091729797090e-01,6.931696005266869687e-01,-7.978671255053717548e-01,-6.895887603375163051e-03,6.125020372099472012e-03
2.495150121921959840e+00,-3.796342959493009817e-02,7.446375383508621049e-01,5.244663621909362305e-02,1.365287449461242801e-02,1.691808293725070855e-02,9.983870615162193651e-01,1.100359955289459124e-01,-2.390220630414150449e-01,-4.013054786827052745e-02,2.704262868553842236e-01,-3.398575449180438746e-01,1.472327341623276276e-01,-5.659775762030804236e-01,-1.154972369810206706e-01,-1.085817399194090593e-01,2.244020443141294396e-01,-8.549488627883750080e-02,1.326362903677748561e-01,-5.920632755191918874e-03,-5.167368138454705995e-02,7.446730464777860659e-03,-1.504132629202174221e-01,9.625963074410347209e-02,-3.367635430951635978e-01,8.520865458234069267e-01,8.790301335927048765e-01,6.825384194220479421e-03,-2.542028935696801720e-03,2.375823601460253787e-01,-1.361731052519050689e-01,1.403866805401962625e-01,6.947520516838991966e-01,-7.997050348673502285e-01,-6.744706659103035656e-03,6.025833341861047687e-03
2.501570688607778870e+00,-3.849363737848232603e-02,7.436525635184321192e-01,5.305571694219419349e-02,1.439363616462398937e-02,1.691764587692775809e-02,9.983444833301247101e-01,1.171891369605421729e-01,-2.391690672083494063e-01,-4.041305355912487574e-02,2.730514021896919274e-01,-3.442072324386866722e-01,1.455482464448157598e-01,-5.640780146619128743e-01,-1.132685701130322353e-01,-1.024679668796878718e-01,2.167552208117325130e-01,-8.567373923798722590e-02,1.399771525380315573e-01,-7.042503799054574548e-03,-5.155646965721743386e-02,7.016748093757298535e-03,-1.500359244840472062e-01,9.439618074171408912e-02,-3.404276806309797232e-01,8.505842303548921679e-01,8.756623755793316866e-01,6.652356031202077274e-03,-2.484639494677533603e-03,2.367960254264896425e-01,-1.362750072212355890e-01,1.369416686096512348e-01,6.962837107492810818e-01,-8.011166457872965774e-01,-6.670397532187739842e-03,6.015952369413470925e-03
2.507944967876181597e+00,-3.901593903905487687e-02,7.428293419266295272e-01,5.352563878248129542e-02,1.510490118175068439e-02,1.690806107002544925e-02,9.983090530612600544e-01,1.233288368052742057e-01,-2.390187523253255730e-01,-4.330420092130873866e-02,2.772446752771867695e-01,-3.482718507067873448e-01,1.430373165424266846e-01,-5.622073395105517957e-01,-1.104997534805561288e-01,-9.612888417125098339e-02,2.121721028750845894e-01,-8.527892369906654724e-02,1.445045919985331884e-01,-8.046511783099528914e-03,-5.119132304572961145e-02,5.762029820505615817e-03,-1.484054828299981033e-01,9.258893120290018208e-02,-3.437991999816588096e-01,8.497520698696222619e-01,8.722989751398755320e-01,6.561834141341454062e-03,-2.609491903665962613e-03,2.361829653422289899e-01,-1.361364340346325197e-01,1.333618956009098300e-01,6.977258654993740983e-01,-8.020166019406720359e-01,-6.377978817376318832e-03,6.164077724162772727e-03
2.514375793992661201e+00,-3.956773617559608547e-02,7.423028455394817815e-01,5.381475232515089968e-02,1.578936505761039527e-02,1.684148883303885486e-02,9.982840440661903125e-01,1.288886114101150948e-01,-2.385217119117962747e-01,-4.722115248728929460e-02,2.822768694778032827e-01,-3.509812784860725787e-01,1.404784339423169326e-01,-5.604300930688893567e-01,-1.071273931606054469e-01,-8.938136549818523346e-02,2.103306584689655090e-01,-8.357388259950609966e-02,1.476994787623810701e-01,-8.917054011791193668e-03,-5.047343111984443909e-02,3.732125804546174239e-03,-1.455804665799830533e-01,9.083657101278723445e-02,-3.468137244858045531e-01,8.496023613328960167e-01,8.689503862106267018e-01,6.469272394594578236e-03,-2.810724643852139260e-03,2.359017564918804433e-01,-1.356663334707837176e-01,1.296746857205220982e-01,6.991257691846823885e-01,-8.026373921548893842e-01,-6.000914759915044507e-03,6.355792833003501112e-03
2.520987729124444687e+00,-4.021077939433112536e-02,7.420008484021120010e-01,5.397728395099462423e-02,1.632209262885781290e-02,1.685379180299571150e-02,9.982664834497305684e-01,1.349007703940378611e-01,-2.376834844484950193e-01,-4.940901921237988298e-02,2.872669587071938757e-01,-3.518358318154567455e-01,1.388178468879917304e-01,-5.594580090593901378e-01,-1.033372107429119252e-01,-8.201256503051365665e-02,2.121895737445599062e-01,-7.929029258368718025e-02,1.495753926946730150e-01,-9.960313182022463227e-03,-4.965226800127601342e-02,1.350050478404540366e-03,-1.423108763382177622e-01,8.910957116550367874e-02,-3.493047936579570800e-01,8.499785020861554408e-01,8.656349075176201779e-01,6.266627022599963875e-03,-2.892448656708379237e-03,2.363803255935785219e-01,-1.347320415678566197e-01,1.258608385415065922e-01,7.006424689669638051e-01,-8.032592699082847787e-01,-5.779485658978303353e-03,6.436413946779489213e-03
2.527796794182247453e+00,-4.098089662076943168e-02,7.418875357808660809e-01,5.392454582698963383e-02,1.673269330485957496e-02,1.692289485460317031e-02,9.982613765752225143e-01,1.414381353065890523e-01,-2.361332187161566121e-01,-4.981643862182418697e-02,2.920285380797171260e-01,-3.507583659802153697e-01,1.378721449799146237e-01,-5.599202002170211578e-01,-9.891284257026369819e-02,-7.484547477125240433e-02,2.182192900843699657e-01,-7.095626860749762455e-02,1.463378706439915355e-01,-1.121470369239818514e-02,-4.862967469658861092e-02,-1.225081747708398712e-03,-1.388547273537963367e-01,8.739550337168375260e-02,-3.512054389700403623e-01,8.510180434794542004e-01,8.623663787467188424e-01,6.042318790395951461e-03,-2.988714098679345899e-03,2.374390884478639330e-01,-1.333612498385189360e-01,1.220761118401636203e-01,7.023916774186385048e-01,-8.038838042469593770e-01,-5.585392428540390461e-03,6.468773669234466166e-03
2.534733557190610220e+00,-4.190069475391419024e-02,7.419352592529024903e-01,5.360797009062340940e-02,1.710176532403737820e-02,1.680175126083811171e-02,9.982742190000366556e-01,1.481377534447858857e-01,-2.336319369134266799e-01,-5.049774046767195601e-02,2.966902557385560080e-01,-3.478798014840958630e-01,1.365214463389185784e-01,-5.622128233253210761e-01,-9.346649971194956330e-02,-6.856210839681384228e-02,2.284652149879989047e-01,-5.851229690366763214e-02,1.350207475483222175e-01,-1.234119021204674663e-02,-4.740665978437832995e-02,-3.887249402525583784e-03,-1.350356751479498407e-01,8.580951646311948955e-02,-3.525002101098145268e-01,8.529794135790463860e-01,8.591537256635899400e-01,5.941340318161824827e-03,-3.322961833304496730e-03,2.384344338555023923e-01,-1.315932792190750433e-01,1.185095453441973590e-01,7.043887719719723606e-01,-8.044451346256155100e-01,-5.207441384896214012e-03,6.574741299502473435e-03
2.541774453400756695e+00,-4.294106918837711784e-02,7.420354028655117284e-01,5.310210682586830044e-02,1.739975870367061264e-02,1.665322735732891954e-02,9.982985949435635442e-01,1.549162033228875524e-01,-2.303768990395877181e-01,-5.187616754245563677e-02,3.015562149290253458e-01,-3.436334461734830148e-01,1.342955364750301750e-01,-5.651917117971601012e-01,-8.791978580445078406e-02,-6.327920624954078144e-02,2.418220381988827605e-01,-4.508606460246878528e-02,1.208571341701538959e-01,-1.349292925919167406e-02,-4.614925607292311160e-02,-6.694432546621763638e-03,-1.306050428576062961e-01,8.436797921694275115e-02,-3.533535346060698301e-01,8.558569489016648602e-01,8.561733706473458883e-01,5.874585876129930634e-03,-3.756645501663044302e-03,2.393991906556168781e-01,-1.294526097517277319e-01,1.150155198081188046e-01,7.066104132261478155e-01,-8.050212491883862453e-01,-4.760127606435059569e-03,6.749253214133912188e-03
2.548861155777850218e+00,-4.401333403503716879e-02,7.420703791832649054e-01,5.237511177058742917e-02,1.765535847178603332e-02,1.656474763044236617e-02,9.983339800126852515e-01,1.616130119337777504e-01,-2.265195461383653630e-01,-5.277809646353935624e-02,3.069027816461156188e-01,-3.389219665670928361e-01,1.313900753549113731e-01,-5.680467165093466830e-01,-8.298204036048495436e-02,-5.971167320462997946e-02,2.567249110902461440e-01,-3.096853102952934478e-02,1.060983642622540246e-01,-1.458524730650257936e-02,-4.464702376219272656e-02,-9.842290289243490337e-03,-1.253642812708007370e-01,8.287922412246809256e-02,-3.538927757683271169e-01,8.595345127588795986e-01,8.535985788260043172e-01,5.699579100480061528e-03,-4.047491108395782217e-03,2.404727718301250539e-01,-1.271188713841550355e-01,1.113508150383672735e-01,7.091723748048762710e-01,-8.057048120016919723e-01,-4.409546157423724529e-03,6.951123627353181580e-03
2.555980069372796315e+00,-4.510353502733309428e-02,7.420566438304688761e-01,5.150154677909186962e-02,1.782600023663742997e-02,1.649208079932210427e-02,9.983776017448675599e-01,1.683571882910620543e-01,-2.222601924418509400e-01,-5.308330986157983739e-02,3.126300390433368603e-01,-3.337713322892771339e-01,1.281164814119464257e-01,-5.702666285734585561e-01,-7.874938773066707254e-02,-5.785664833983658606e-02,2.722868644955241391e-01,-1.609063997853145064e-02,9.134440357325998572e-02,-1.556960922890875641e-02,-4.303419957853323735e-02,-1.318909628393340368e-02,-1.192870597793757592e-01,8.136097632245938016e-02,-3.540947632640937259e-01,8.640702053277649064e-01,8.514073296378800171e-01,5.450701689355497669e-03,-4.296004940543662019e-03,2.416001526600780602e-01,-1.246337578502130228e-01,1.075625070284029067e-01,7.121200007246090147e-01,-8.064760257946276267e-01,-4.028273716217597999e-03,7.155387398055560767e-03
2.563167622970022208e+00,-4.624959404448254763e-02,7.421097230047927207e-01,5.061133623379167334e-02,1.784635608332545142e-02,1.640891021358227217e-02,9.984241322628275572e-01,1.752812630710172126e-01,-2.178188220404915498e-01,-5.336506266945750115e-02,3.185881623296158982e-01,-3.274951980829305387e-01,1.248072665116161106e-01,-5.713912414628895542e-01,-7.487870759380006735e-02,-5.694389087440412944e-02,2.879495985289825533e-01,-7.407218560765965049e-04,7.698800739101448187e-02,-1.659928164105712450e-02,-4.162541755697239665e-02,-1.648795433780125830e-02,-1.124278113212086455e-01,7.994973734778838825e-02,-3.539012318585184613e-01,8.696482713669188014e-01,8.495281996625110299e-01,5.228806401987253286e-03,-4.678345529348701577e-03,2.427111178202500386e-01,-1.219441420897685591e-01,1.037818508436531006e-01,7.154368429555137965e-01,-8.072933103294908097e-01,-3.451183197667288816e-03,7.350037270410040950e-03
2.570423610572197592e+00,-4.746831369480645352e-02,7.424012263312796955e-01,4.963516374482633553e-02,1.779816594364799082e-02,1.621462464468809844e-02,9.984771713748386013e-01,1.821462243640409318e-01,-2.129593989982867530e-01,-5.328774210576916331e-02,3.245990055666450047e-01,-3.194911994176118375e-01,1.209173984765580523e-01,-5.708786265511008873e-01,-7.084548991602999946e-02,-5.661832757516128967e-02,3.027284623979005218e-01,1.389436570289099768e-02,6.366836123099348099e-02,-1.742824101798739686e-02,-4.034019306008047173e-02,-1.964325278475142697e-02,-1.048615684829797695e-01,7.863516304925419198e-02,-3.531923814006114326e-01,8.762179709965258745e-01,8.480597709502505355e-01,5.043752291182467332e-03,-5.105183770102579045e-03,2.438342360935059350e-01,-1.190441482225344239e-01,1.000454145216935764e-01,7.191750674628886175e-01,-8.081745780805825730e-01,-2.845969495224222583e-03,7.546652166646928943e-03
2.577715961573834313e+00,-4.877556025111358384e-02,7.431289739253693627e-01,4.844619178886284960e-02,1.784440641214739276e-02,1.584853579427716180e-02,9.985406089346160474e-01,1.884534477703664335e-01,-2.072445507863943659e-01,-5.208234186952021699e-02,3.304733538514837976e-01,-3.090904833382386308e-01,1.154488165811509703e-01,-5.682785976273656559e-01,-6.622341694607510043e-02,-5.678331449608483433e-02,3.155146368110510746e-01,2.618754940700893444e-02,5.210121343766020707e-02,-1.771666775238833758e-02,-3.905357027751410470e-02,-2.261474391016475571e-02,-9.673135926716278088e-02,7.742143216789597326e-02,-3.518621514571387832e-01,8.835345227628720322e-01,8.470960302705810019e-01,4.870730178282826200e-03,-5.437457749176958025e-03,2.450487704523036658e-01,-1.158839805190632066e-01,9.639081009548683410e-02,7.233732349090483682e-01,-8.091432434071771373e-01,-2.424794177567836384e-03,7.764562124776625690e-03
2.584917120656789358e+00,-5.011727997561702536e-02,7.441314214945171646e-01,4.705885830128482550e-02,1.793583012962976161e-02,1.560503260054975187e-02,9.986091591861533390e-01,1.936043314814643312e-01,-2.008640712318229549e-01,-5.031625626986761107e-02,3.373194575013536145e-01,-2.971563878569904449e-01,1.088632533650321782e-01,-5.645519416194650919e-01,-6.162355865985272990e-02,-5.779271292346076921e-02,3.274389559963521434e-01,3.511526947509106822e-02,4.196600903149627637e-02,-1.831728965975714871e-02,-3.776466306782353538e-02,-2.544711798868255770e-02,-8.826338637574404622e-02,7.624845658228121548e-02,-3.499818116089699616e-01,8.915883782858060602e-01,8.465155309844657472e-01,4.731649856392770165e-03,-5.716171019129388971e-03,2.462102555540221227e-01,-1.125743784372552209e-01,9.271318666237328421e-02,7.278939697605257830e-01,-8.101451701290899310e-01,-2.076390015811549559e-03,7.977718340404085090e-03
2.591936201964324393e+00,-5.136314468000818811e-02,7.450318872015588845e-01,4.565446253043985853e-02,1.779777801350521799e-02,1.521357655526026434e-02,9.986828606906376082e-01,1.991739646503258021e-01,-1.953199185903464474e-01,-4.984692535597461810e-02,3.489073963102523046e-01,-2.892034928509096825e-01,1.010301954452624412e-01,-5.610259047963042089e-01,-5.771464802144164047e-02,-6.004290003534590303e-02,3.405961936757705422e-01,4.025989871889165683e-02,3.188040157796756535e-02,-1.952873405829643264e-02,-3.663816888743993277e-02,-2.832807997811068526e-02,-7.921231858869820508e-02,7.493160381763876166e-02,-3.476829608488377632e-01,9.005014654295997456e-01,8.461741111045743002e-01,4.658172139756872228e-03,-6.003581617819982695e-03,2.471507248018571523e-01,-1.094169110063699241e-01,8.890006597487556950e-02,7.327002666125242980e-01,-8.111302362697481172e-01,-1.632835916145204637e-03,8.163428432046428498e-03
2.598792260965072209e+00,-5.253208496606873862e-02,7.458557898244591033e-01,4.416870417929306264e-02,1.750066766730332471e-02,1.445996575355918377e-02,9.987661195659003344e-01,2.049554616401118301e-01,-1.903036650872812763e-01,-5.019498240212242474e-02,3.648786585899682078e-01,-2.846157777077911732e-01,9.313255199926530337e-02,-5.573728790253109633e-01,-5.371581161641024449e-02,-6.312585654001633129e-02,3.543025476479257363e-01,4.126561954643829383e-02,2.115054387426892890e-02,-2.081782988007536278e-02,-3.563625008314741383e-02,-3.138715982308706853e-02,-6.953557047153155479e-02,7.350309324535141131e-02,-3.449556871398484770e-01,9.100526909343683579e-01,8.460029367327379646e-01,4.608863449947372265e-03,-6.313430157302214740e-03,2.479525714364091693e-01,-1.063584454878750418e-01,8.497748628106574498e-02,7.379427258337749596e-01,-8.120963350717874674e-01,-1.160905093483083957e-03,8.338842728339417379e-03
2.605470202808284341e+00,-5.374020376678412259e-02,7.468382283190314608e-01,4.226010130455012948e-02,1.729607530703226176e-02,1.383485487116249170e-02,9.988611020416520159e-01,2.079164374610278088e-01,-1.839484874801940728e-01,-5.012461761187980702e-02,3.820744537758682391e-01,-2.745886344946258384e-01,8.521899327604091912e-02,-5.525911543237777002e-01,-4.834154664130516782e-02,-6.634265212518307420e-02,3.666609772999009365e-01,3.791369458557121430e-02,1.032023055362834944e-02,-2.219001025247750031e-02,-3.433710686755052366e-02,-3.432394214693618856e-02,-5.989885682101560999e-02,7.211091248930204256e-02,-3.417373692016103526e-01,9.198178018947594792e-01,8.459648286431683539e-01,4.529226178127384282e-03,-6.650101418646426829e-03,2.487292170639405220e-01,-1.031784180279699814e-01,8.098785225915765273e-02,7.435376788138924331e-01,-8.130444813940189697e-01,-7.686015171111399823e-04,8.519610994750530589e-03
2.611968533609680065e+00,-5.500856139527945249e-02,7.478468174949466363e-01,3.990228061799994119e-02,1.711865365373283279e-02,1.347616091432898323e-02,9.989660418580686985e-01,2.079368651610533636e-01,-1.759633869981854504e-01,-5.009507983432340272e-02,4.012177514549816748e-01,-2.560514121644821839e-01,7.703114382070244681e-02,-5.469538650546660330e-01,-4.172048564524407505e-02,-6.981695631198517327e-02,3.779845603774077967e-01,3.087054540769722244e-02,-6.135143233350001668e-04,-2.373954476245866696e-02,-3.275656744515054869e-02,-3.693073443926490895e-02,-5.053201505118033732e-02,7.089285046003970803e-02,-3.382326984415838789e-01,9.297524656234974483e-01,8.460300351006606601e-01,4.463557017575538188e-03,-6.973762904227199730e-03,2.494138758184069049e-01,-9.986542084294425248e-02,7.689136112030657555e-02,7.492093563534264478e-01,-8.138712952552574764e-01,-4.194007765445951770e-04,8.677512829127003238e-03
2.618321490567335985e+00,-5.629185786159445620e-02,7.485866631925334191e-01,3.734799815188869637e-02,1.678956182887899468e-02,1.306484855816185571e-02,9.990758466601986632e-01,2.068147736946055748e-01,-1.675588390223488322e-01,-5.128856932429604748e-02,4.227301239400798050e-01,-2.364344699678372075e-01,6.682272555188215057e-02,-5.413440262188266017e-01,-3.472758477111718978e-02,-7.383208782085520783e-02,3.895398562625845829e-01,2.151829035448150559e-02,-1.193547145436860656e-02,-2.529336606361009751e-02,-3.131720555335018585e-02,-3.929589485273609489e-02,-4.114214978304508996e-02,6.991562842010590195e-02,-3.346599609420786714e-01,9.400960113042794442e-01,8.461774475485825953e-01,4.471362893015533475e-03,-7.245206603502943495e-03,2.497603356190951085e-01,-9.652186997747662367e-02,7.261697397377153695e-02,7.548857579087279168e-01,-8.144984758900777333e-01,-5.108599158010023161e-05,8.779051319779978060e-03
2.624548166914339564e+00,-5.760682357644311691e-02,7.491419843594997463e-01,3.453380857239169571e-02,1.642062486012571543e-02,1.279889846011725459e-02,9.991866529046992129e-01,2.036303118835787740e-01,-1.581805603125242266e-01,-5.311050561926436431e-02,4.462252087471245687e-01,-2.136609580443944445e-01,5.260376920409013529e-02,-5.354477035866317403e-01,-2.750112130191758111e-02,-7.863504900900757100e-02,4.006062379478556035e-01,1.059305181785545787e-02,-2.327513070822437996e-02,-2.697463647831731953e-02,-2.977704216597619122e-02,-4.144052325286069760e-02,-3.193792465078529319e-02,6.923602629567285338e-02,-3.313759155923609590e-01,9.506817273180978578e-01,8.465216203024045205e-01,4.465322040717620115e-03,-7.503842749017953714e-03,2.496757874454713921e-01,-9.312853925185524129e-02,6.813897056112709627e-02,7.604188183185468519e-01,-8.149771396189064987e-01,3.414307990587844605e-04,8.832261322181577529e-03
2.630673336370155102e+00,-5.900544050723750822e-02,7.498101698077219712e-01,3.137179102610559295e-02,1.614778918715005507e-02,1.291976102825691253e-02,9.992937963199785001e-01,1.965271931575115205e-01,-1.473742933316892212e-01,-5.470944210894338605e-02,4.724978077426522649e-01,-1.854028253740028775e-01,3.470896066033041932e-02,-5.284161026522984361e-01,-1.982679891067539238e-02,-8.423326205980886938e-02,4.098270408153389943e-01,-1.904188876416806767e-03,-3.401957566631972490e-02,-2.867792086231812573e-02,-2.789372084851674677e-02,-4.308218350969415106e-02,-2.335927291863516483e-02,6.894802969153185357e-02,-3.286050018095622582e-01,9.611258816528113202e-01,8.471543885197825308e-01,4.322757389759887547e-03,-7.784462938484809635e-03,2.490795970079903443e-01,-8.954466957435959495e-02,6.351370802084654876e-02,7.657004954218321613e-01,-8.153700918310778922e-01,7.376073088606489034e-04,8.860878256566220509e-03
2.636776720938862617e+00,-6.049816013600040759e-02,7.506053865276823833e-01,2.802359768173430174e-02,1.589619801304345548e-02,1.337144814393966680e-02,9.993914114280932903e-01,1.860460973141967733e-01,-1.361212256080968908e-01,-5.635723918190646553e-02,5.025903344069716505e-01,-1.552453907845055825e-01,1.544618343787830181e-02,-5.201193484428819902e-01,-1.203908514466621102e-02,-9.055266927432653601e-02,4.171375724069188440e-01,-1.512126068556422440e-02,-4.402353955887633452e-02,-3.027327709391072069e-02,-2.594975156881223349e-02,-4.424488431823830892e-02,-1.525343010736144797e-02,6.925408768379003044e-02,-3.267404766411367567e-01,9.711374111984844015e-01,8.485051063675933536e-01,4.118182445944782583e-03,-8.028921965714416048e-03,2.479844862506662972e-01,-8.572892224864231414e-02,5.874295604921439540e-02,7.707392929934266945e-01,-8.156212699070427563e-01,1.117951357384419208e-03,8.831456570846121790e-03
2.642946008591644969e+00,-6.208298472538028440e-02,7.513831295402743082e-01,2.463968452977241541e-02,1.558503637061817854e-02,1.409176396158787550e-02,9.994755698745471095e-01,1.734692290027656514e-01,-1.249360303755738949e-01,-5.848473229978620042e-02,5.360736997112977020e-01,-1.246925693102437088e-01,-4.768424417045731556e-03,-5.108789038653037684e-01,-4.556371174581705027e-03,-9.761498511781699361e-02,4.230601640105694505e-01,-2.787412071778021597e-02,-5.338416482912932554e-02,-3.184343255432864339e-02,-2.419454014600018812e-02,-4.527563553099592936e-02,-7.261844433850679278e-03,7.031564477667760771e-02,-3.260767972201876197e-01,9.805980554569608820e-01,8.508664235651770547e-01,3.917190923571814594e-03,-8.192896730205748157e-03,2.464711923517708680e-01,-8.171564626410732224e-02,5.377997723966057575e-02,7.755374978314413248e-01,-8.156817024831242158e-01,1.476936331997489703e-03,8.705122862688796301e-03
2.649113322619783606e+00,-6.372852364571927886e-02,7.520565984894703737e-01,2.122155568729464092e-02,1.526699202392412837e-02,1.514762725993311007e-02,9.995434527408734171e-01,1.581880231357404298e-01,-1.138476957467374484e-01,-6.076608092890219831e-02,5.736092289695847724e-01,-9.376264004438987498e-02,-2.575677271245241720e-02,-5.010973102543846425e-01,2.603958624313052611e-03,-1.054098903579400170e-01,4.278621753369251657e-01,-4.024069709914805670e-02,-6.238768564598118349e-02,-3.352962357000584953e-02,-2.258227375043714638e-02,-4.620701983181915024e-02,2.666664200280301905e-04,7.220599481279967036e-02,-3.268306933109275669e-01,9.894240749331661977e-01,8.544009313411751183e-01,3.724265164131847911e-03,-8.329963208286477599e-03,2.446289605306324610e-01,-7.764278509833402731e-02,4.870878950129219759e-02,7.801152469351566587e-01,-8.156372446481291449e-01,1.775985463642501452e-03,8.540031559089812652e-03
2.655154908197780994e+00,-6.538502782883280628e-02,7.525669568118610320e-01,1.771252063858688372e-02,1.496141749390804063e-02,1.658019663403427491e-02,9.995936619660635847e-01,1.395876745627496196e-01,-1.028244209620154254e-01,-6.279012882449980237e-02,6.158445821106227624e-01,-6.237725672318700926e-02,-4.679574351150695560e-02,-4.910245755166426362e-01,9.642322005616725880e-03,-1.138281508920595958e-01,4.316786873446999961e-01,-5.272525303920581885e-02,-7.129993881417953649e-02,-3.537205038618264352e-02,-2.095445925381761096e-02,-4.676908829237965554e-02,6.753960313979486332e-03,7.491928614781966089e-02,-3.290418604888435961e-01,9.975078057393605979e-01,8.591274961036299285e-01,3.513547400407267349e-03,-8.489191603310851028e-03,2.425653098394545681e-01,-7.368678147408470880e-02,4.365745712285771379e-02,7.845245792167526711e-01,-8.155689618759803805e-01,1.979051129948862335e-03,8.402473559503418135e-03
2.661101278573616558e+00,-6.706150021460077770e-02,7.528400183979940818e-01,1.410078506472087212e-02,1.466537810605691126e-02,1.844183995957720396e-02,9.996229254496268313e-01,1.183329762414111197e-01,-9.170083979826569587e-02,-6.475563225804578660e-02,6.618942797391533794e-01,-3.038540592079726210e-02,-6.798060624529975171e-02,-4.809818324183426919e-01,1.655626556372116753e-02,-1.229074093563000819e-01,4.349103739965549664e-01,-6.463388524450472405e-02,-8.025425516023337869e-02,-3.735743988461507487e-02,-1.922785640712614680e-02,-4.688963361621586307e-02,1.185251280682412048e-02,7.856841139999420909e-02,-3.329237897798550949e-01,1.004890619243083094e+00,8.651041854579885060e-01,3.268098401337004959e-03,-8.664133818124124947e-03,2.407646691183205345e-01,-6.998387620752730132e-02,3.866803843471115082e-02,7.886682720488650267e-01,-8.154132150493151876e-01,2.165594650841712841e-03,8.227807412235808165e-03
2.667029146736176415e+00,-6.879570933616642459e-02,7.528010389855795959e-01,1.039037454610579683e-02,1.439853012917385183e-02,2.084548342990499847e-02,9.996250238301781499e-01,9.494989947368011329e-02,-8.018998566971122233e-02,-6.676628614968897757e-02,7.108186820414601481e-01,2.582157518640992855e-03,-8.968418984302505004e-02,-4.713540554385840520e-01,2.322927244307161632e-02,-1.328148330344427475e-01,4.380518145164886135e-01,-7.485226236647074538e-02,-8.938607063209134951e-02,-3.957890929986292855e-02,-1.734244489630595160e-02,-4.656267447105031515e-02,1.528545019054856902e-02,8.327354318202197236e-02,-3.385365199123553381e-01,1.011644261551773782e+00,8.723056664316882758e-01,2.969078729900412675e-03,-8.845645016171273592e-03,2.397212927459743681e-01,-6.664180572873092123e-02,3.371408443586287190e-02,7.925111808335255636e-01,-8.151165695400719446e-01,2.405942939344112800e-03,7.951643472196470719e-03
2.673160388570156254e+00,-7.062960537275685124e-02,7.526445604619335095e-01,6.664791895973564209e-03,1.413379639734870484e-02,2.350914225078409164e-02,9.996014888839521717e-01,7.089311384281407613e-02,-6.814022511337951282e-02,-6.861253014236524950e-02,7.599782865138842158e-01,3.803146110125157214e-02,-1.125651186158439093e-01,-4.616910618644062270e-01,2.960159677870279060e-02,-1.434397740838148083e-01,4.411082889789192385e-01,-8.338060334107760818e-02,-9.813932782134122956e-02,-4.169102571464770868e-02,-1.524212221346646183e-02,-4.611652862265502167e-02,1.746335682901266340e-02,8.896460638897051021e-02,-3.456322176897129173e-01,1.018029626517069186e+00,8.804326979112151452e-01,2.635221184509391364e-03,-9.002151525025120504e-03,2.397258351165101053e-01,-6.377004888195290933e-02,2.902820167407110449e-02,7.962657048531965875e-01,-8.147773106707894009e-01,2.688314445560163659e-03,7.686792728351715329e-03
2.679721973037304750e+00,-7.261635491776098628e-02,7.526785472587474990e-01,2.977430576160237236e-03,1.389172920261396750e-02,2.629175888998273522e-02,9.995533425897711322e-01,4.636093511596238448e-02,-5.524160628856499000e-02,-7.012977453055040111e-02,8.075129054779000004e-01,7.852027876310513355e-02,-1.379227841178178315e-01,-4.514148790269387201e-01,3.541783677864026453e-02,-1.548594317412219090e-01,4.438664726688817397e-01,-9.048654139491196791e-02,-1.048762422101707781e-01,-4.366524245423031303e-02,-1.276341980868370661e-02,-4.596070231355217639e-02,1.882891890558124545e-02,9.552840406408488749e-02,-3.539460224993098425e-01,1.024318142223929584e+00,8.892201802537240685e-01,2.300932004051431824e-03,-9.128356781300143302e-03,2.408903589511937615e-01,-6.139185162933884221e-02,2.476511513335409934e-02,8.001165269849758177e-01,-8.144758575512371923e-01,2.991838323077200545e-03,7.532408268200319577e-03
2.686436842472672559e+00,-7.466082723453942860e-02,7.527712108179085426e-01,-7.708048539567712238e-04,1.371574857649794470e-02,2.954998981249503179e-02,9.994689000679035651e-01,2.014740122142095677e-02,-4.181995162996813425e-02,-7.167903431396431546e-02,8.546536208298424198e-01,1.239529822837035500e-01,-1.636029576295631449e-01,-4.405474519062153038e-01,4.082765591241363512e-02,-1.672167696537356085e-01,4.459839782263407271e-01,-9.743081617651522253e-02,-1.107940044546032315e-01,-4.620136407052689853e-02,-9.723440682454734946e-03,-4.561079240904038212e-02,1.916002624793401027e-02,1.027103263792454729e-01,-3.628609716059459922e-01,1.029750124699640113e+00,8.981674565949332445e-01,1.952065763541594974e-03,-9.281801027615653801e-03,2.421860450909760487e-01,-5.956439562216712946e-02,2.099414912300073127e-02,8.036901853273830110e-01,-8.144090116403547297e-01,3.287908522913903127e-03,7.322717805664556191e-03
2.692976866342760012e+00,-7.659124553304345884e-02,7.527186496838074170e-01,-4.451282794627013477e-03,1.353329632660804638e-02,3.297164476781192649e-02,9.993547451297380979e-01,-6.386273998805806762e-03,-2.963851784959104646e-02,-7.294101258806467980e-02,9.039101197314521885e-01,1.632822754477805949e-01,-1.845319004613519276e-01,-4.294395660325329156e-01,4.587716460709020949e-02,-1.797716702577617509e-01,4.473489015994660534e-01,-1.043030173593266635e-01,-1.158599610783362932e-01,-4.888615739378283226e-02,-6.531624803652645930e-03,-4.455792747635772821e-02,1.857085525454037211e-02,1.102307459825082603e-01,-3.718161272731795863e-01,1.033735584129495289e+00,9.069469534067245986e-01,1.571439516281954250e-03,-9.418195054705959246e-03,2.423431688485166990e-01,-5.828352762618909527e-02,1.778845497949228111e-02,8.069593632407968675e-01,-8.146961007993765991e-01,3.540338576902473354e-03,6.936647021960774991e-03
2.699416916804532551e+00,-7.844732495643122472e-02,7.527095368977523293e-01,-7.685625557114267661e-03,1.320447767676042466e-02,3.613008859450234089e-02,9.992302985934889969e-01,-3.272164860838314843e-02,-1.930743803596714908e-02,-7.260809978574687962e-02,9.554171822320604024e-01,1.865457436972285110e-01,-1.973347174966181006e-01,-4.176146692304541497e-01,5.064430443833205231e-02,-1.913007096054497591e-01,4.479198545061595649e-01,-1.120017697817553420e-01,-1.201413291225292695e-01,-5.097090348186854997e-02,-4.372206099799045773e-03,-4.325793580513365849e-02,1.803063341927970201e-02,1.181975122925207067e-01,-3.801191756141761857e-01,1.036161163021863452e+00,9.150086328643758371e-01,1.216641780553597528e-03,-9.484985730557962680e-03,2.413430295002991777e-01,-5.705619465585747702e-02,1.534308249452703832e-02,8.104355732112442645e-01,-8.154489860245850430e-01,3.761565875001629446e-03,6.554774274222190285e-03
2.705831091203500627e+00,-8.025435947867756714e-02,7.528374511335774733e-01,-1.090826287814186842e-02,1.285572888914314829e-02,3.944156948237141636e-02,9.990796280974223453e-01,-5.948713796812741400e-02,-8.775475865838119546e-03,-7.213254451396659828e-02,1.002937286173021247e+00,2.111621992439475792e-01,-2.065291847570900341e-01,-4.049557484654638384e-01,5.604683162155112836e-02,-2.019836141395122964e-01,4.474769961268957874e-01,-1.219174289955328727e-01,-1.237121734779112331e-01,-5.276853274199759525e-02,-2.399727641255073284e-03,-4.253773538915583963e-02,1.794816597430174548e-02,1.263016377558817960e-01,-3.874951610303710159e-01,1.036897423722481504e+00,9.220745899674956947e-01,9.374534231443270704e-04,-9.481315930810101447e-03,2.398724318776672693e-01,-5.598248227506422842e-02,1.371966750124251413e-02,8.134443342759473117e-01,-8.166787566239549490e-01,3.906159590407147844e-03,6.313084011170448304e-03
2.712230533715420666e+00,-8.200727066590611514e-02,7.530257879891893991e-01,-1.400445879192476623e-02,1.242574209346108613e-02,4.278903248288790095e-02,9.989086919065980341e-01,-8.648721170413345427e-02,1.567387605419382976e-03,-7.159106915648172365e-02,1.047633137856328167e+00,2.326348297499715445e-01,-2.118995777459439789e-01,-3.911831439609191330e-01,6.197697535522076612e-02,-2.117401414660409487e-01,4.453209006390797531e-01,-1.321536018964412362e-01,-1.269169351128543177e-01,-5.432585248576941861e-02,-7.731221752146418425e-04,-4.224483514174890569e-02,1.840884806465073464e-02,1.344509717178393460e-01,-3.933114939497887041e-01,1.035861134532749528e+00,9.274943316676741434e-01,6.845758394986507008e-04,-9.481242355702910671e-03,2.377770598397017376e-01,-5.517849667500188127e-02,1.297534065963208867e-02,8.159712073276161881e-01,-8.184705273532298930e-01,3.999475075231408508e-03,6.123900861491515975e-03
2.718574649810734822e+00,-8.367365614746068159e-02,7.531824687338123381e-01,-1.689333145640121991e-02,1.189421069080168376e-02,4.597898810750608578e-02,9.987287298145364201e-01,-1.137081855928951946e-01,1.089585681297632579e-02,-7.102086725987516447e-02,1.090296524193405947e+00,2.434642423874261719e-01,-2.127923075738104297e-01,-3.765445947154320017e-01,6.829884943899577898e-02,-2.205058854197432250e-01,4.413755911409085186e-01,-1.412756587485378690e-01,-1.301768637193112532e-01,-5.574714296575559308e-02,5.661775266079659575e-04,-4.201347925936543826e-02,1.922251665589507288e-02,1.425030869350342178e-01,-3.972217258246728555e-01,1.033218605582369998e+00,9.309904880338695232e-01,4.531618607656235395e-04,-9.509593254008691030e-03,2.346014295709855646e-01,-5.486286394976807451e-02,1.303020550511356859e-02,8.182065795058223179e-01,-8.208392173554405202e-01,4.082810154823900313e-03,5.910222459008138488e-03
2.724871216882433167e+00,-8.523226710818090912e-02,7.533343800464963325e-01,-1.953470688512350117e-02,1.124584503940460195e-02,4.890820172922285408e-02,9.985489041603701210e-01,-1.407909533762191634e-01,1.885292015416810754e-02,-7.017575930970913756e-02,1.130172734141960733e+00,2.462979173556030521e-01,-2.110202683255808509e-01,-3.615891189006978368e-01,7.460026372930567140e-02,-2.283610938568303161e-01,4.368094002440671697e-01,-1.505439718308446695e-01,-1.333963450495226355e-01,-5.658820738464660077e-02,1.616746114965547567e-03,-4.173883905596784821e-02,2.040015330599534438e-02,1.503353812918832577e-01,-3.989678574909313880e-01,1.028906836318556506e+00,9.322641014776643642e-01,2.271589533590532509e-04,-9.510726014862396632e-03,2.305630779119676732e-01,-5.495753234568007822e-02,1.376020476408008550e-02,8.202937301504343859e-01,-8.237116696414559236e-01,4.177910451992173681e-03,5.684651338701209207e-03
2.731141806894207047e+00,-8.665502712132289176e-02,7.535692665317568206e-01,-2.206369860827080143e-02,1.046821915594828636e-02,5.159165113248512929e-02,9.983696383360722848e-01,-1.674485495715714034e-01,2.553854918823532730e-02,-6.899122551361852596e-02,1.166714629214958832e+00,2.441931026453157960e-01,-2.079253002449404919e-01,-3.466751182325945035e-01,8.064202862319534704e-02,-2.357761717951866454e-01,4.328877926892680805e-01,-1.624891938232708444e-01,-1.364225780277997513e-01,-5.645026281609998031e-02,2.742394536390793756e-03,-4.139830420079182449e-02,2.197655208802231849e-02,1.577633593929832767e-01,-3.985264295769202492e-01,1.022954878190435402e+00,9.313130877819427722e-01,1.140349956726881774e-05,-9.418333122607766908e-03,2.260315679006165701e-01,-5.538485015150288598e-02,1.506608947140922368e-02,8.224209372801525308e-01,-8.270048252822518320e-01,4.301374510175558219e-03,5.475085533352672118e-03
2.737397189102252604e+00,-8.797269519908527957e-02,7.537212658984627778e-01,-2.437803989761827897e-02,9.600645139655524657e-03,5.404193651783480851e-02,9.981948747018564161e-01,-1.937023282076005548e-01,3.101842710689040744e-02,-6.833140131532644546e-02,1.199997871579132847e+00,2.363432062340246054e-01,-2.038763085091676863e-01,-3.318273016342359050e-01,8.681397378644145624e-02,-2.421208711082815934e-01,4.288705931379664382e-01,-1.744567767276579140e-01,-1.392471520685558684e-01,-5.607599617991464863e-02,3.804996957542388855e-03,-4.099737496333542841e-02,2.415573010903811213e-02,1.648561913185920824e-01,-3.958194964223054058e-01,1.015290617787077077e+00,9.280678872981148464e-01,-2.346654465211398639e-04,-9.319195240491620277e-03,2.210120128823394037e-01,-5.608514476618807476e-02,1.700356968772883531e-02,8.244537157219047341e-01,-8.307255457919048292e-01,4.450103630834166546e-03,5.300199506840465660e-03
2.743598537854935238e+00,-8.919165005822761449e-02,7.536042679145729117e-01,-2.655996274474002605e-02,8.694933857717196055e-03,5.601120550694687478e-02,9.980389327886294293e-01,-2.197141722693173593e-01,3.604129525437624326e-02,-6.905912221734665513e-02,1.230274554687619259e+00,2.223041333938776953e-01,-1.990262256940642238e-01,-3.176681956780408878e-01,9.381538412370259150e-02,-2.468015359348401661e-01,4.248782762202177321e-01,-1.848696338817494289e-01,-1.420242090808095936e-01,-5.599082388719295311e-02,5.201638570644828014e-03,-4.038393348154567519e-02,2.695259388137262804e-02,1.714591657031961924e-01,-3.909047944924423645e-01,1.006127065182991442e+00,9.226551698698602921e-01,-5.015142216739549045e-04,-9.254007158886112458e-03,2.152056199931313141e-01,-5.719972414128796784e-02,1.953068713816528273e-02,8.263073168023239434e-01,-8.348537935288316003e-01,4.605379867102867529e-03,5.156240050406095399e-03
2.749781250387700382e+00,-9.031596455948567859e-02,7.533934402209141457e-01,-2.848718452912142249e-02,7.724427259037490098e-03,5.746415275157446684e-02,9.979111607200649159e-01,-2.450073574483286887e-01,4.007532123214628539e-02,-6.988912012909631599e-02,1.256548120293181858e+00,2.062332357972417596e-01,-1.934784725208555933e-01,-3.038198798149057134e-01,1.009171163932121029e-01,-2.501240959707469735e-01,4.211311568657525872e-01,-1.950207828060807891e-01,-1.447546511775404110e-01,-5.552886217779687272e-02,6.398204417350084397e-03,-3.955850814050324016e-02,3.045890107206261285e-02,1.776507149103578043e-01,-3.839776865754732649e-01,9.954378087327060420e-01,9.155609854284352256e-01,-7.427952869895737944e-04,-9.157196959782157655e-03,2.087434350732051414e-01,-5.845870637749830262e-02,2.253262398647084067e-02,8.280845312974700612e-01,-8.392495162747436455e-01,4.726826849312744210e-03,4.989608253879183712e-03
2.756007569630820608e+00,-9.132793319569335044e-02,7.534010403325377414e-01,-3.030937838304128759e-02,6.695492599232012905e-03,5.867360412168630412e-02,9.977945464199374781e-01,-2.693262495759072839e-01,4.266200212674143427e-02,-6.976246538798744345e-02,1.278325172054634695e+00,1.907498568841996256e-01,-1.873443519215500785e-01,-2.896112231042679008e-01,1.074341701316329500e-01,-2.533560320701193080e-01,4.179346501285417514e-01,-2.085282192929124867e-01,-1.474351907504469483e-01,-5.418705735696342091e-02,7.384881725387492518e-03,-3.869648056459441127e-02,3.475431717574416907e-02,1.833580561342185999e-01,-3.753087250365018668e-01,9.833738557740520081e-01,9.071787690906419899e-01,-9.253179953669323681e-04,-8.969946811462084502e-03,2.018996143821877032e-01,-5.969538610809930340e-02,2.593707319802722108e-02,8.299423550226883162e-01,-8.438108308843861316e-01,4.791307741825162787e-03,4.780917162498398397e-03
2.762287275277504506e+00,-9.223749019388248482e-02,7.534585921586340884e-01,-3.196897571897422408e-02,5.637338512535348782e-03,5.969254971042389779e-02,9.976888315076214431e-01,-2.926820675472439071e-01,4.360297546552287934e-02,-6.952241899580288709e-02,1.295924298342324921e+00,1.747102708864312071e-01,-1.811027528036409096e-01,-2.751473529025513787e-01,1.134379269608110918e-01,-2.563610017937863472e-01,4.147868699050900054e-01,-2.231241414561671577e-01,-1.499209527282067689e-01,-5.237030577170736362e-02,8.159815288171784128e-03,-3.787347247342952306e-02,3.992979970883085011e-02,1.887597830273788080e-01,-3.652202175401217943e-01,9.698649446698214271e-01,8.976973871385351966e-01,-1.101066171383805956e-03,-8.783870515948541749e-03,1.945545193442692333e-01,-6.088623690432477809e-02,2.947013636584529944e-02,8.320444553261328036e-01,-8.484546063536823057e-01,4.848603239038396656e-03,4.611477110336790163e-03
2.768579001181167065e+00,-9.304065525300143913e-02,7.533080068099986537e-01,-3.352941996186051266e-02,4.563833968217026298e-03,6.032986621817119227e-02,9.976047597413661983e-01,-3.151792057984665330e-01,4.338568476830255427e-02,-7.023750834626298067e-02,1.309840420741951617e+00,1.572372211271229614e-01,-1.749962755158379069e-01,-2.612123521666993020e-01,1.195090751183310873e-01,-2.585846967412916975e-01,4.120281531268439323e-01,-2.367872829927319400e-01,-1.521345212462305863e-01,-5.034785394436160078e-02,9.176407853989425323e-03,-3.697065571710522747e-02,4.591148655052074146e-02,1.938828086100799208e-01,-3.539488898450969812e-01,9.550192711264019474e-01,8.872778067642920208e-01,-1.298871676075473870e-03,-8.643709833307517895e-03,1.863554082698775094e-01,-6.219272884109744437e-02,3.288748690651099177e-02,8.345650838812309624e-01,-8.531338107209425203e-01,4.968919020061966438e-03,4.523096285446644507e-03
2.774895866609941031e+00,-9.373700702747672642e-02,7.528994158365938105e-01,-3.489054709485867739e-02,3.475950079244393386e-03,6.061545046399297032e-02,9.975451541957963686e-01,-3.367252997986158736e-01,4.235371401001718911e-02,-7.122374720491396471e-02,1.319731429557581492e+00,1.400057184306856828e-01,-1.695257201137553293e-01,-2.473659673027288619e-01,1.252209560587610737e-01,-2.603684398201306371e-01,4.087554956706964115e-01,-2.472070009121896672e-01,-1.547071582905063802e-01,-4.798163601535517658e-02,1.033684033828665555e-02,-3.605818598341482828e-02,5.255953910683559133e-02,1.986647280608465904e-01,-3.415889785070529983e-01,9.394194997143489045e-01,8.762542268421356084e-01,-1.504913496603454840e-03,-8.503480700733385272e-03,1.776714635706451717e-01,-6.360773929912734437e-02,3.617834688527899606e-02,8.372618949385556286e-01,-8.578646108996800246e-01,5.108822989301758412e-03,4.429514811175244877e-03
2.781252453757808052e+00,-9.432064175977902809e-02,7.522413893499856341e-01,-3.601435384892996000e-02,2.393540450106184086e-03,6.063709965579892891e-02,9.975071034738324238e-01,-3.573482759483797566e-01,4.084610065988988903e-02,-7.173232520699376891e-02,1.325514544059636757e+00,1.239616805884412032e-01,-1.648974522032038981e-01,-2.332954052199721351e-01,1.301935077790091488e-01,-2.622080224106618229e-01,4.044162821279237430e-01,-2.531519966683040690e-01,-1.583229406873963296e-01,-4.511326844147159343e-02,1.165420769352224807e-02,-3.525459742868957552e-02,5.977944137128491514e-02,2.030202092769190780e-01,-3.282542904679819351e-01,9.235707414381058022e-01,8.648381792134612889e-01,-1.668793235642895834e-03,-8.346045548983242399e-03,1.689006819454969277e-01,-6.514763586047996047e-02,3.938411763641537500e-02,8.399337702858834520e-01,-8.626553790293323143e-01,5.214900567950079939e-03,4.274816690327536313e-03
2.787605016640806177e+00,-9.480088823524800146e-02,7.513812926230079015e-01,-3.698859685151383025e-02,1.394465628840243013e-03,6.032724534164447122e-02,9.974921165794020661e-01,-3.772708556903994759e-01,3.946102434200866177e-02,-7.218447990732709818e-02,1.327213578681676109e+00,1.065837359495624553e-01,-1.599850566584274103e-01,-2.201533855793645633e-01,1.347813139495296630e-01,-2.636172762115265300e-01,4.008627418333740589e-01,-2.574046597662965064e-01,-1.626877703466802771e-01,-4.182374355710168773e-02,1.328927551184306416e-02,-3.443267617613113285e-02,6.711465169142614984e-02,2.068268515943250119e-01,-3.143597393524454331e-01,9.075732496510912073e-01,8.531232898994559610e-01,-1.790799525871321785e-03,-8.206094474621271687e-03,1.600784093716825507e-01,-6.683171028925617707e-02,4.238727865827054964e-02,8.425245798378651063e-01,-8.672872664811133170e-01,5.295662198922139637e-03,4.085157097047317082e-03
2.793911551173728469e+00,-9.518821632349014350e-02,7.503639218913851217e-01,-3.784202212793313924e-02,5.079725887582471058e-04,5.963734219469456893e-02,9.975024364587142811e-01,-3.966237440224478772e-01,3.858404688234517987e-02,-7.324783161833796352e-02,1.324939575674893177e+00,8.647427912624611190e-02,-1.542253371119448047e-01,-2.086009281743024801e-01,1.391265599615961190e-01,-2.642065746727470521e-01,3.993024706990546124e-01,-2.618891329158404835e-01,-1.673312650159014259e-01,-3.833153679764205596e-02,1.524453456241526075e-02,-3.332153498643623118e-02,7.410428576137029211e-02,2.099347792369155308e-01,-3.001650409405205444e-01,8.913652817582301546e-01,8.411750360079363054e-01,-1.895969948254992276e-03,-8.105692284444587087e-03,1.512209006661287269e-01,-6.867204039842787766e-02,4.510083197467479321e-02,8.449807358703874671e-01,-8.716594203164439447e-01,5.370420200589916954e-03,3.873292722574888779e-03
2.800264095457467128e+00,-9.547725481359364830e-02,7.495645974395549471e-01,-3.856243679858020051e-02,-3.000012490289761949e-04,5.880989075663871357e-02,9.975240574625749979e-01,-4.158133545954782462e-01,3.664075512163393611e-02,-7.527780097448140417e-02,1.319739367451447709e+00,6.538235833069470926e-02,-1.474876346580492603e-01,-1.962754258015869391e-01,1.436891003887756646e-01,-2.638325773911907035e-01,3.967188920101187843e-01,-2.668138588813897538e-01,-1.722721842922680102e-01,-3.522779173662805158e-02,1.714818275413667464e-02,-3.202181078733181557e-02,8.088604410587930948e-02,2.122315112639416024e-01,-2.857287088340143555e-01,8.751381394403147107e-01,8.292004680349013279e-01,-1.976720960513462990e-03,-7.938736912252943381e-03,1.428044802902319887e-01,-7.054879212204727412e-02,4.778395244942693770e-02,8.467826520471883889e-01,-8.758362320694128567e-01,5.473557371438090777e-03,3.794624408845300844e-03
2.806796613889686043e+00,-9.567847589104949702e-02,7.493678724809991198e-01,-3.892553213112422139e-02,-9.565042279776587259e-04,5.793010055188892171e-02,9.975610591239839620e-01,-4.353148474565778359e-01,3.190619159349358108e-02,-7.754427752930609374e-02,1.312635350063349193e+00,4.447531283597083024e-02,-1.398220045223620145e-01,-1.810107205526294838e-01,1.485158330118676595e-01,-2.620792637344747100e-01,3.898380951139576167e-01,-2.719440938523942641e-01,-1.777021929152725055e-01,-3.275392801094652306e-02,1.805673770496421526e-02,-3.102661138271481378e-02,8.781440807499851786e-02,2.138256796757651568e-01,-2.711212536199248402e-01,8.589190028580541147e-01,8.172971476244567102e-01,-2.035725824929385600e-03,-7.661988608310326375e-03,1.354173972969155981e-01,-7.217772473110789511e-02,5.066937122658198706e-02,8.474499952918953527e-01,-8.798756207876117230e-01,5.552382666994693655e-03,3.903077273117107511e-03
2.813397561038293304e+00,-9.585368030351303081e-02,7.491602161100251456e-01,-3.899904625566114058e-02,-1.452448864878049667e-03,5.670537450491729137e-02,9.976279192593301426e-01,-4.539017904687663307e-01,2.780577140215281795e-02,-7.843040064301519398e-02,1.302139938301582811e+00,2.297916445241731526e-02,-1.316295237067489909e-01,-1.669171619287544983e-01,1.525940900053469607e-01,-2.593977203903199968e-01,3.843421997857077166e-01,-2.778558426784296653e-01,-1.824291044104893456e-01,-2.913813284482515489e-02,1.818505576178581357e-02,-3.041758178187078943e-02,9.492648302059859822e-02,2.151123083460085295e-01,-2.566856188461265065e-01,8.426789419110792823e-01,8.057320986718348177e-01,-2.206621568371505866e-03,-7.467142813769701327e-03,1.283888312135564869e-01,-7.348322782272752318e-02,5.352811624225879694e-02,8.465811740518316419e-01,-8.833210201288694829e-01,5.609015278949214603e-03,3.868489131595892732e-03
2.819834712993840142e+00,-9.597250267233466137e-02,7.484424473637817377e-01,-4.017773002964918766e-02,-2.122367357788547491e-03,5.512323164739772741e-02,9.976686197827464575e-01,-4.700239246749882693e-01,2.950699427714846210e-02,-7.962416320238549505e-02,1.287138000736698817e+00,3.322626994830442382e-04,-1.231697623916902795e-01,-1.590314072783406973e-01,1.565752723146544567e-01,-2.613952430834351470e-01,3.880588788957373692e-01,-2.840510014037634368e-01,-1.845874691155901803e-01,-2.313935298776655450e-02,2.102162853935083536e-02,-2.927018075322553731e-02,1.019308060301421098e-01,2.154556441375743148e-01,-2.425470554466068185e-01,8.272823679850438428e-01,7.946063925544567530e-01,-2.482766312975594192e-03,-7.429268531908921579e-03,1.201483888302749825e-01,-7.514623621325478009e-02,5.608529508591331841e-02,8.446552969903821095e-01,-8.859981816273311273e-01,5.660932807585760881e-03,3.519796769678560852e-03
2.826347469325020789e+00,-9.607271184443751111e-02,7.476689255260717815e-01,-4.116308549434902209e-02,-2.828083406479307144e-03,5.387800709981786090e-02,9.976947241956243273e-01,-4.852297719030798651e-01,3.102663356653258611e-02,-8.166673844090460710e-02,1.268639894195434881e+00,-2.034776396395634665e-02,-1.160499786895013707e-01,-1.508406147192489499e-01,1.602322468720568938e-01,-2.628021340396112238e-01,3.924215780365201134e-01,-2.911811443515804898e-01,-1.872656209445481001e-01,-1.799517256809256976e-02,2.343416528524023407e-02,-2.814418185951636162e-02,1.089538277781639947e-01,2.154706915072713558e-01,-2.292007153592323931e-01,8.123105449437174608e-01,7.839205268980639074e-01,-2.737423919777926245e-03,-7.362168961152363092e-03,1.121802834207770022e-01,-7.672323926559070084e-02,5.856359890512469885e-02,8.420179075618607900e-01,-8.883105272515479101e-01,5.721848779885859750e-03,3.278735533162749263e-03
2.833153982660814307e+00,-9.611161464690834433e-02,7.476100049374305723e-01,-4.136885238800243336e-02,-3.334730807103183925e-03,5.263999540901508761e-02,9.977507652248732706e-01,-5.014110500422691574e-01,2.904255111587498647e-02,-8.395275549166034135e-02,1.247986186436608635e+00,-3.761198591105442690e-02,-1.108585706312542329e-01,-1.384524033232401030e-01,1.643805767132131557e-01,-2.616928063651350334e-01,3.910163709115384023e-01,-2.991884034782845703e-01,-1.946134843384248192e-01,-1.530748850635686893e-02,2.404803992434955545e-02,-2.763102329131024784e-02,1.156611454670784106e-01,2.147780033834444935e-01,-2.165414602633961016e-01,7.980533222176480201e-01,7.736585495771649557e-01,-2.813223645026540973e-03,-7.111498487463792373e-03,1.061270179200669989e-01,-7.819909636870298053e-02,6.109396009307319075e-02,8.392753574628418756e-01,-8.904817107273325094e-01,5.797704243182830522e-03,3.358945197562815833e-03
2.840150824644052996e+00,-9.612103008815151006e-02,7.477544508087151653e-01,-4.101193611272779121e-02,-3.653093948970181568e-03,5.108229370051490387e-02,9.978453163046765440e-01,-5.178690595734003477e-01,2.741267785316317887e-02,-8.531923126179161154e-02,1.224407607604000470e+00,-5.358438821734318180e-02,-1.064496953795821960e-01,-1.248073533635944421e-01,1.676687472845425908e-01,-2.587180996016678058e-01,3.877965596831190465e-01,-3.075667886876415902e-01,-2.012829465813748830e-01,-1.222413292387888699e-02,2.332623518978404684e-02,-2.762255287432750089e-02,1.221167984300685766e-01,2.139863539952394089e-01,-2.046323472269871990e-01,7.838733700338308408e-01,7.641525495304614113e-01,-2.900532695169117520e-03,-6.946434607358289992e-03,1.011893565063667344e-01,-7.953031079829013528e-02,6.359403639590083257e-02,8.356323944676739002e-01,-8.920533338495892917e-01,5.816509251845835941e-03,3.348377212238998115e-03
2.847160815024259328e+00,-9.603106423909965605e-02,7.477773508278195980e-01,-4.206051112061068298e-02,-4.187438045287717944e-03,4.979162319274869214e-02,9.978648069887631200e-01,-5.333549812415347979e-01,3.187633440269007495e-02,-8.828124695155394053e-02,1.198796505769204268e+00,-6.917939086726528075e-02,-1.023518746686687408e-01,-1.136686025886098211e-01,1.708168183648875460e-01,-2.570904975651048807e-01,3.901661034092511748e-01,-3.190922192098102350e-01,-1.934956924134042799e-01,-7.113970713834467073e-03,2.585275985025758255e-02,-2.714838918627601044e-02,1.280565057728268452e-01,2.125430142778645670e-01,-1.935356235133772473e-01,7.706141561773426352e-01,7.554905236497488907e-01,-3.052395714093113915e-03,-6.962349207305673984e-03,9.574468023819060480e-02,-8.149071803076712861e-02,6.584070267023187095e-02,8.312716975017664378e-01,-8.928620762552758050e-01,5.710385597047086363e-03,3.008965362347777381e-03
2.854213140582639419e+00,-9.594256394678432609e-02,7.478839923926993150e-01,-4.276288005901815459e-02,-4.602794835823706583e-03,4.842801572700251855e-02,9.979002343228018379e-01,-5.469525098491239135e-01,3.600996648441324305e-02,-8.944840982352122993e-02,1.170150878944284489e+00,-8.038111750420059987e-02,-9.979209508543931961e-02,-1.019292141713087352e-01,1.734183488155959518e-01,-2.547143149834624754e-01,3.912694190840511066e-01,-3.292726026553511320e-01,-1.840578185606625838e-01,-1.328486356523984196e-03,2.727477789877448197e-02,-2.700594299918557956e-02,1.344329963567924557e-01,2.116278068638207388e-01,-1.838219303677282312e-01,7.578019937142500551e-01,7.479565731854037614e-01,-3.198986662973880672e-03,-6.948267112011711696e-03,8.967935494808446095e-02,-8.323104486826553294e-02,6.790723476259639957e-02,8.262017318820380485e-01,-8.931857237414121409e-01,5.636988818293195251e-03,2.729484649432564487e-03
2.861266235685434367e+00,-9.580088039430770253e-02,7.486878650523373091e-01,-4.327750827736625422e-02,-4.721884888772210319e-03,4.704227211662886238e-02,9.979438201758603633e-01,-5.584367513704218133e-01,3.731204178788215947e-02,-8.886987920112988937e-02,1.139653799249480182e+00,-8.784287910602905924e-02,-9.700357068144094264e-02,-8.931506582167600405e-02,1.764079870687492446e-01,-2.502138725023149712e-01,3.886386648288906454e-01,-3.274164608707609281e-01,-1.757823483179244417e-01,3.103483951186011662e-03,2.788572514373732075e-02,-2.745924854881898539e-02,1.411117032338631005e-01,2.104180893886988257e-01,-1.755914610443312651e-01,7.467412691302318661e-01,7.416106665055260949e-01,-3.204048157741518771e-03,-6.811064183740054775e-03,8.314602020161780682e-02,-8.509675545531034113e-02,6.963327151639876755e-02,8.208036090563736176e-01,-8.931745685932205303e-01,5.666855266081924011e-03,2.631961987055726586e-03
2.868257153232824042e+00,-9.573813469445784097e-02,7.501212473080288712e-01,-4.324426049338245259e-02,-4.685398866390242008e-03,4.526888924058033309e-02,9.980274087612860390e-01,-5.670715489991648983e-01,3.547099071778306995e-02,-8.592302461065229324e-02,1.108055950287178293e+00,-9.323700226413260406e-02,-9.240775356443174660e-02,-7.891076395143828415e-02,1.790975599984926669e-01,-2.425084027905806405e-01,3.871250968185118713e-01,-3.169451420181025880e-01,-1.719919774374785160e-01,7.987209209539328919e-03,2.608207083730635159e-02,-2.802297724070540799e-02,1.473251283584193494e-01,2.093560424542559306e-01,-1.687248317898907835e-01,7.362489089518838847e-01,7.364944903211734228e-01,-2.987592665985458907e-03,-6.611722223798345739e-03,7.702663023725346558e-02,-8.670547269103459631e-02,7.135040727497021784e-02,8.153186574892428151e-01,-8.925098947431171492e-01,5.570262791827663637e-03,2.706881353370223665e-03
2.875116775854503093e+00,-9.582190276817728614e-02,7.520790019955707617e-01,-4.301508023639971645e-02,-4.784592775410294839e-03,4.351843014018352829e-02,9.981147012154281128e-01,-5.727989270134467015e-01,3.056493464420764056e-02,-8.102761676167725968e-02,1.073386360082139834e+00,-9.647484317532949161e-02,-8.699162021862502647e-02,-7.254996198339457025e-02,1.824321554435485437e-01,-2.307748694000554546e-01,3.900914554132339229e-01,-3.010137101281857852e-01,-1.769379771883110852e-01,1.392198240395957701e-02,2.203244846376563315e-02,-2.791956891922210346e-02,1.520896322529148026e-01,2.082978328736666274e-01,-1.630080830179855833e-01,7.255520007838889285e-01,7.325098277811156189e-01,-2.600078828045858468e-03,-6.331929071599825057e-03,7.220045202448717447e-02,-8.817504858925401257e-02,7.326610969081920333e-02,8.099677928835108398e-01,-8.911177333837921877e-01,5.223183285410070743e-03,2.960432612933560931e-03
2.881902984332822548e+00,-9.593725226694102548e-02,7.540146586900438042e-01,-4.387887793191463937e-02,-4.935395600327610079e-03,4.272931100013164368e-02,9.981104607823515495e-01,-5.767577914726814692e-01,2.772964228557876776e-02,-7.648930342650468728e-02,1.034410922836268565e+00,-9.650793773750389326e-02,-8.224520062807223753e-02,-6.580827101979491722e-02,1.879138574116016314e-01,-2.197998433847962729e-01,3.921629714769701014e-01,-2.834288268737821803e-01,-1.831358405902734632e-01,1.800829993453157210e-02,1.977690237737742343e-02,-2.718752136193156033e-02,1.552943901536661953e-01,2.065379622498919876e-01,-1.586217737654450899e-01,7.167909072066790399e-01,7.296855551110088545e-01,-2.307191330514990479e-03,-6.032193903331103425e-03,6.836681293761509570e-02,-8.979377144103253827e-02,7.534032588085612381e-02,8.047879979609247059e-01,-8.895609613269299665e-01,4.913600220458121115e-03,2.991193934370747504e-03
2.888610628397664915e+00,-9.593572252785673160e-02,7.551311259877505622e-01,-4.531564638621046054e-02,-4.749938844423797803e-03,4.094042902974810022e-02,9.981220325053279385e-01,-5.789170033619763789e-01,3.061833607373184649e-02,-7.314294440515024809e-02,9.928441809579672261e-01,-9.480648628471952111e-02,-7.687831267428521520e-02,-5.786190173086544486e-02,1.875986350298434469e-01,-2.213321119947391225e-01,3.870580095864045722e-01,-2.958071047104945950e-01,-1.790164188160194014e-01,2.178697183299686119e-02,1.961320566918376557e-02,-2.631370735395392041e-02,1.580416894093386593e-01,2.041569504973484162e-01,-1.553910600060508518e-01,7.102938877435110987e-01,7.279027433153151261e-01,-2.120330212790020111e-03,-5.768577715092366824e-03,6.426507499109376798e-02,-9.129023414725388752e-02,7.780388622008546640e-02,7.995901982851414402e-01,-8.880989368722786992e-01,4.750162980804432077e-03,2.741309019706547959e-03
2.895253137184146119e+00,-9.585986794925449583e-02,7.557631399102344716e-01,-4.624637790111019164e-02,-4.412866361777559830e-03,3.913291848958341812e-02,9.981535021388184825e-01,-5.788620490864568868e-01,3.339734545413790973e-02,-6.976097682382374765e-02,9.484978918391496761e-01,-9.313229724434392287e-02,-7.128597959728230626e-02,-5.037706867493291218e-02,1.863053852105428509e-01,-2.209852959496699243e-01,3.833413408056050020e-01,-3.057656651972784356e-01,-1.704311740694532951e-01,2.434908480583074589e-02,1.925663051742206727e-02,-2.507764624728376496e-02,1.600488843475232348e-01,2.019230620805397280e-01,-1.532373461458324260e-01,7.053214099851804475e-01,7.271642139318379439e-01,-1.785610916618608031e-03,-5.414090784821521014e-03,6.002866802439554145e-02,-9.248775628247175862e-02,8.048791177342701220e-02,7.940310747677634673e-01,-8.861504080633927360e-01,4.416940342033235344e-03,2.593376818416850884e-03
2.901804598501951382e+00,-9.550655018859999235e-02,7.563555595587470037e-01,-4.625943923104443301e-02,-4.095064882879653756e-03,3.775776131482029563e-02,9.982072160559285479e-01,-5.764661741962840980e-01,3.241978564914904659e-02,-6.380793532768100351e-02,9.015607263303248020e-01,-9.295494170028766046e-02,-6.537299693938569689e-02,-4.426332946734850421e-02,1.822301294058911170e-01,-2.171429237323719841e-01,3.802718789570421198e-01,-3.031769148428933858e-01,-1.577570027719904511e-01,2.598206809823901814e-02,1.859844917077682624e-02,-2.345434519405100587e-02,1.608986699870501580e-01,1.992576241503107581e-01,-1.520121313418674736e-01,7.017032613626708049e-01,7.273774297828362601e-01,-1.188928688608113359e-03,-4.872951490114854449e-03,5.575682092753156405e-02,-9.449135632285657338e-02,8.327905653747576242e-02,7.876887386095053900e-01,-8.835294575308280107e-01,3.727631478339286063e-03,2.705457236711868510e-03
2.908496052723299918e+00,-9.492591827560820095e-02,7.567156811633176661e-01,-4.612678861158929500e-02,-3.842076892415565749e-03,3.641522602452543222e-02,9.982642381309253521e-01,-5.722941088357411665e-01,3.088452714206994104e-02,-5.648460525410103905e-02,8.521619173206739228e-01,-7.876396817434450082e-02,-6.551659238397777862e-02,-3.837661878046652597e-02,1.787358529657332717e-01,-2.101700426319208503e-01,3.780295437217290888e-01,-2.939341109187306178e-01,-1.507832925557704429e-01,2.813962083050092211e-02,1.925602135815642629e-02,-2.332909491548904035e-02,1.622233571515823980e-01,1.966402008713726834e-01,-1.518170291296156993e-01,6.984840889684544862e-01,7.285222305534361231e-01,-7.792261349080464817e-04,-4.549461887132962012e-03,5.170440901726091470e-02,-9.718999321614207876e-02,8.594602890361745240e-02,7.814149447013235550e-01,-8.808658069251439349e-01,3.245715931242407551e-03,2.807662188159401953e-03
2.915537993903050129e+00,-9.422025522524030139e-02,7.567245550738715965e-01,-4.619046105540053349e-02,-3.686129399019058041e-03,3.489879101281466445e-02,9.983160533088347721e-01,-5.666260210620394089e-01,3.081971543194867921e-02,-4.879705335903324059e-02,8.033510016147391575e-01,-5.304430457082590783e-02,-7.089746530893263621e-02,-3.133274263856748731e-02,1.772969201183479115e-01,-2.012749810520410576e-01,3.764767048707645669e-01,-2.850125605568155640e-01,-1.506226774649724043e-01,3.179750079764724624e-02,2.170086931520272266e-02,-2.641679473417749696e-02,1.654124130815561311e-01,1.947369365503386907e-01,-1.525502417630242857e-01,6.953680503279977554e-01,7.305014899015220831e-01,-8.023581048012220400e-04,-4.552188270866107736e-03,4.799504823878239512e-02,-1.000696280769760027e-01,8.833462131555218366e-02,7.762747345102888330e-01,-8.784011178066079006e-01,3.310127783914400788e-03,2.805540709961040508e-03
2.922590023857165598e+00,-9.347723258136622637e-02,7.569964057952504044e-01,-4.642867460074133479e-02,-3.613651662143539493e-03,3.340965032244611749e-02,9.983562064522938373e-01,-5.538642429166286130e-01,3.164421832227157921e-02,-4.415240076607575281e-02,7.511946172403489719e-01,-3.453415488180168469e-02,-7.432240899189186678e-02,-2.442919333557515282e-02,1.753453053484150259e-01,-1.939243727311959486e-01,3.766040241299301039e-01,-2.742708741872572076e-01,-1.425200103793893835e-01,3.570934276834422660e-02,2.494409353095751111e-02,-2.977801593731403337e-02,1.688684238198000231e-01,1.931637663826005491e-01,-1.537899070862523143e-01,6.925042026997305644e-01,7.327833160857066819e-01,-1.110879312442063921e-03,-4.665275959071693568e-03,4.369327861378517058e-02,-1.032582398562065518e-01,9.033124399961353634e-02,7.723280605447397917e-01,-8.760142631263798663e-01,3.655817216994013043e-03,2.920335575975631370e-03
2.929260906644746143e+00,-9.274574796725373882e-02,7.581624674399128905e-01,-4.735631159422209330e-02,-3.030079254760732234e-03,3.210391596518383933e-02,9.983574194403531665e-01,-5.319795512167905249e-01,3.239613119852791795e-02,-4.947852949393707900e-02,6.875431532091214049e-01,-4.183185261801090904e-02,-7.177426451491730752e-02,-2.007222770784952703e-02,1.715768369920767089e-01,-1.918576970412478322e-01,3.794052543569269575e-01,-2.669175373566355369e-01,-1.085573982001167281e-01,3.882166112516471229e-02,2.918952220532760461e-02,-3.163193874546115641e-02,1.709327869747596651e-01,1.911860543405169144e-01,-1.553718301943783076e-01,6.899768320460867299e-01,7.351521696905386483e-01,-1.578973626355803170e-03,-4.806667536746841128e-03,3.824878295962572811e-02,-1.072887070402383375e-01,9.184143390219857983e-02,7.691937165987163816e-01,-8.736441698051774507e-01,4.142672975968614106e-03,3.216719450361571215e-03
2.935613234204965671e+00,-9.237741044956790382e-02,7.602393306661929806e-01,-4.851161168664650664e-02,-2.099819379737086125e-03,3.051851757788931821e-02,9.983540626325835277e-01,-5.155515669998743666e-01,3.639935920391607072e-02,-5.121507791254957531e-02,6.344724459265470573e-01,-4.278251270939232437e-02,-7.142060931873854546e-02,-1.626001248606285740e-02,1.697106897062281017e-01,-1.905057713859968915e-01,3.802601491954832880e-01,-2.456354913422054420e-01,-7.946771652618372928e-02,3.994182990592410470e-02,3.128708826389800524e-02,-3.253492578543501490e-02,1.730014777091163358e-01,1.896419244415661065e-01,-1.568242125242525487e-01,6.881661132837844086e-01,7.381327881335079111e-01,-1.596691880615457200e-03,-4.479818163975505044e-03,3.454441867702227886e-02,-1.101680441830009544e-01,9.406587584792934498e-02,7.658392395167614719e-01,-8.714268195831713637e-01,4.048409325721267875e-03,3.292543247133597646e-03
2.941641010177908022e+00,-9.291877530311540290e-02,7.631858785148779578e-01,-4.756108951776026605e-02,-1.806001812809426106e-03,2.883000063085297549e-02,9.984505775873885325e-01,-5.148845580949289458e-01,4.258887914112344242e-02,-3.971265809925468571e-02,6.047678332397735668e-01,-2.454827475082182325e-02,-7.326500260847894352e-02,-9.893684828436347112e-03,1.704420325381798829e-01,-1.799706425069561300e-01,3.780598500515939819e-01,-2.389650586931490739e-01,-8.755088370476560300e-02,3.711346552120604186e-02,2.361505142050124989e-02,-3.062732752547717152e-02,1.755258509977100367e-01,1.907529662582327090e-01,-1.577480549258065412e-01,6.871354985484069422e-01,7.418345242020598640e-01,-8.996946237822162377e-04,-3.614823965240802732e-03,3.487760151423469068e-02,-1.086581799148754746e-01,9.775582399495109931e-02,7.618526361008337577e-01,-8.693914401666374969e-01,3.048338321456626771e-03,2.959822561803641776e-03
2.947014116424820251e+00,-9.363270452506049224e-02,7.660677576446977000e-01,-4.680988919839966511e-02,-1.633614700048451095e-03,2.689283283586249573e-02,9.985404053508840638e-01,-5.189113209392001158e-01,5.263712063135707331e-02,-2.665978124833087368e-02,5.772347041586292082e-01,1.088382322580961487e-02,-7.496569965234520239e-02,-1.280370244480268788e-03,1.725344546281706026e-01,-1.704098491579367491e-01,3.711130869243577379e-01,-2.282624381885191289e-01,-1.015032334103334322e-01,3.582358953136820234e-02,1.558556153830571549e-02,-2.314132123254493065e-02,1.760778615469750230e-01,1.912715810188366783e-01,-1.584220075007483353e-01,6.868392384298922515e-01,7.457325307383112500e-01,-3.048424350671588871e-04,-2.041861364832620995e-03,3.436192640180373709e-02,-1.062038993519905938e-01,1.014794366057891334e-01,7.583564407351818248e-01,-8.670247385149412178e-01,1.671669237591522170e-03,1.994434654299763899e-03
2.950839859799950116e+00,-9.395638620540608388e-02,7.677999104045661882e-01,-4.750819533284585117e-02,8.705079535698608418e-05,2.686532286038175246e-02,9.985094983153556258e-01,-5.310659157820964982e-01,5.828602430776935045e-02,-2.663665445776602567e-02,5.220378313489110189e-01,-2.395819420544904876e-02,-6.326650386026733131e-02,5.453364201531970407e-03,1.747419231315225918e-01,-1.625847828661700079e-01,3.616929368903942787e-01,-2.620872915685197868e-01,-8.455797893571115331e-02,3.760898102517000463e-02,1.370219380622230559e-02,-7.098887895763336675e-03,1.704368247384089596e-01,1.892428211822230200e-01,-1.593461451740220691e-01,6.858042862415643093e-01,7.496212747934671849e-01,-2.290225023146103206e-04,1.961328759707459297e-04,2.712756190649646265e-02,-1.054713609898825788e-01,1.036806485291492108e-01,7.550039804466128768e-01,-8.641766338537758552e-01,4.086112993380059018e-04,2.663425481311833785e-04
2.954904063905447575e+00,-9.393696865441319988e-02,7.685419371348690687e-01,-4.857157185842390923e-02,1.699740165859955042e-03,2.678119385204033934e-02,9.984591533690451159e-01,-5.406126394676401548e-01,6.164197676640165158e-02,-2.780229031218727637e-02,4.602856601645051171e-01,-5.091799806921392529e-02,-5.459685194198080765e-02,1.387479085462809021e-02,1.774074742779314928e-01,-1.561327103282032225e-01,3.516888911530334783e-01,-2.897992815409261569e-01,-7.074506112709597061e-02,4.112637433932500586e-02,1.484564403572393755e-02,7.003376090848511398e-03,1.660072127180476365e-01,1.867251530226716472e-01,-1.608750938193223290e-01,6.842996933916799529e-01,7.538835176683278405e-01,-2.678366103199726492e-04,1.581485195618666110e-03,1.895555907834595849e-02,-1.061967900349427701e-01,1.058350133096366968e-01,7.511788915550204893e-01,-8.612592105203229487e-01,-2.627740091107872268e-04,-7.821839091999903491e-04
2.961030605622353651e+00,-9.364542221928638666e-02,7.685002116658522509e-01,-4.853432846979682802e-02,2.357110802824243651e-03,2.520162157342063433e-02,9.985007292549530344e-01,-5.364567336621083316e-01,6.236158553616961975e-02,-2.133328508579419164e-02,4.073960336812276206e-01,-4.146102054106555468e-02,-5.355926450315633136e-02,2.639320398964430797e-02,1.794298323829832120e-01,-1.515041834404683985e-01,3.435412802212509109e-01,-2.900099185473654639e-01,-7.034714085250860782e-02,4.442338516603117765e-02,1.466973663505989275e-02,6.816077597026942020e-03,1.694808119047421513e-01,1.857258508508853878e-01,-1.632477448500604944e-01,6.840727698294147840e-01,7.586098638473541822e-01,-2.527686054524459942e-04,1.575592037876936621e-03,1.591371075010374059e-02,-1.075761428083932547e-01,1.086820471057393794e-01,7.476257731073113755e-01,-8.584302123614083735e-01,-2.653262485380319252e-04,-7.613037822724560803e-04
2.961030605622353651e+00,-9.364542221928638666e-02,7.685002116658522509e-01,-4.853432846979682802e-02,2.357110802824243651e-03,2.520162157342063433e-02,9.985007292549530344e-01,-5.364567336621083316e-01,6.236158553616961975e-02,-2.133328508579419164e-02,4.073960336812276206e-01,-4.146102054106555468e-02,-5.355926450315633136e-02,2.639320398964430797e-02,1.794298323829832120e-01,-1.515041834404683985e-01,3.435412802212509109e-01,-2.900099185473654639e-01,-7.034714085250860782e-02,4.442338516603117765e-02,1.466973663505989275e-02,6.816077597026942020e-03,1.694808119047421513e-01,1.857258508508853878e-01,-1.632477448500604944e-01,6.840727698294147840e-01,7.586098638473541822e-01,-2.527686054524459942e-04,1.575592037876936621e-03,1.591371075010374059e-02,-1.075761428083932547e-01,1.086820471057393794e-01,7.476257731073113755e-01,-8.584302123614083735e-01,-2.653262485380319252e-04,-7.613037822724560803e-04
2.961030605622353651e+00,-9.364542221928638666e-02,7.689177991828756165e-01,-4.754480345580687495e-02,2.487245778770033611e-03,2.468780721302359440e-02,9.985608564275492149e-01,-5.258206778730857289e-01,6.109190011706411988e-02,-2.089844253302288249e-02,3.973018289122229874e-01,-3.887902012186013334e-02,-5.246925910513273311e-02,2.554297533679442123e-02,1.757714276404733489e-01,-1.484128531661731420e-01,3.347492745024498451e-01,-2.823549814341539399e-01,-6.891495430449821880e-02,4.351678546876523723e-02,1.437035425475254730e-02,6.676973972597820967e-03,1.761852851311759560e-01,1.880579763437244534e-01,-1.599161582204674248e-01,6.803365908533043349e-01,7.431280298912856797e-01,-2.476100624840287434e-04,1.543437098328427582e-03,2.575220644908121637e-02,-1.115031603020995160e-01,1.064640461443977504e-01,7.425925940643050005e-01,-8.409112284356653477e-01,-2.599114271392965743e-04,-7.457669703893447539e-04
2.961030605622353651e+00,-9.364542221928638666e-02,7.693353866998990931e-01,-4.655521836123969331e-02,2.617377611677021258e-03,2.417396165557450516e-02,9.986197217564043438e-01,-5.151846220840630153e-01,5.982221469795861307e-02,-2.046359998025156987e-02,3.872076241432182986e-01,-3.629701970265471200e-02,-5.137925370710912792e-02,2.469274668394453795e-02,1.721130228979634857e-01,-1.453215228918778301e-01,3.259572687836488347e-01,-2.747000443209423604e-01,-6.748276775648785752e-02,4.261018577149928988e-02,1.407097187444520184e-02,6.537870348168699046e-03,1.828897583576098163e-01,1.903901018365635467e-01,-1.565845715908743552e-01,6.766004118771937748e-01,7.276461959352172881e-01,-2.424515195156114655e-04,1.511282158779918760e-03,3.559070214805868521e-02,-1.154301777958057634e-01,1.042460451830561352e-01,7.375594150212986255e-01,-8.233922445099223220e-01,-2.544966057405612233e-04,-7.302301585062333190e-04
2.961030605622353651e+00,-9.364542221928638666e-02,7.697529742169225697e-01,-4.556557443659670081e-02,2.747506137102511889e-03,2.366008555040065645e-02,9.986773251671330343e-01,-5.045485662950404127e-01,5.855252927885312014e-02,-2.002875742748026419e-02,3.771134193742136653e-01,-3.371501928344929760e-02,-5.028924830908553661e-02,2.384251803109465814e-02,1.684546181554536226e-01,-1.422301926175825737e-01,3.171652630648478244e-01,-2.670451072077308918e-01,-6.605058120847746850e-02,4.170358607423334946e-02,1.377158949413785985e-02,6.398766723739578860e-03,1.895942315840436487e-01,1.927222273294026123e-01,-1.532529849612812856e-01,6.728642329010832146e-01,7.121643619791488966e-01,-2.372929765471942147e-04,1.479127219231409938e-03,4.542919784703616792e-02,-1.193571952895120386e-01,1.020280442217145200e-01,7.325262359782922506e-01,-8.058732605841792962e-01,-2.490817843418259266e-04,-7.146933466231221010e-04
2.961030605622353651e+00,-9.364542221928638666e-02,7.701705617339460463e-01,-4.457587293245363763e-02,2.877631190607988880e-03,2.314617954686791490e-02,9.987336665869435137e-01,-4.939125105060178655e-01,5.728284385974760640e-02,-1.959391487470895504e-02,3.670192146052090321e-01,-3.113301886424387974e-02,-4.919924291106193837e-02,2.299228937824477487e-02,1.647962134129437595e-01,-1.391388623432873173e-01,3.083732573460467585e-01,-2.593901700945193123e-01,-6.461839466046709335e-02,4.079698637696740904e-02,1.347220711383051439e-02,6.259663099310456939e-03,1.962987048104775090e-01,1.950543528222416778e-01,-1.499213983316882159e-01,6.691280539249727655e-01,6.966825280230803941e-01,-2.321344335787769368e-04,1.446972279682901116e-03,5.526769354601363676e-02,-1.232842127832182999e-01,9.981004326037290486e-02,7.274930569352859866e-01,-7.883542766584362704e-01,-2.436669629430905485e-04,-6.991565347400106661e-04
2.961030605622353651e+00,-9.364542221928638666e-02,7.705881492509694120e-01,-4.358611509945902601e-02,3.007752607759324025e-03,2.263224429437994331e-02,9.987887459446397331e-01,-4.832764547169952629e-01,5.601315844064210653e-02,-1.915907232193763896e-02,3.569250098362043988e-01,-2.855101844503845840e-02,-4.810923751303833318e-02,2.214206072539488812e-02,1.611378086704338963e-01,-1.360475320689920331e-01,2.995812516272456927e-01,-2.517352329813077882e-01,-6.318620811245671820e-02,3.989038667970146862e-02,1.317282473352316893e-02,6.120559474881335886e-03,2.030031780369113137e-01,1.973864783150807711e-01,-1.465898117020951463e-01,6.653918749488622053e-01,6.812006940670118915e-01,-2.269758906103596589e-04,1.414817340134392077e-03,6.510618924499110560e-02,-1.272112302769245473e-01,9.759204229903127581e-02,7.224598778922796116e-01,-7.708352927326932447e-01,-2.382521415443551976e-04,-6.836197228568993397e-04
2.961030605622353651e+00,-9.364542221928638666e-02,7.710057367679927776e-01,-4.259630218833253962e-02,3.137870224126984402e-03,2.211828044237736102e-02,9.988425631706195906e-01,-4.726403989279726048e-01,5.474347302153659972e-02,-1.872422976916632981e-02,3.468308050671997100e-01,-2.596901802583303706e-02,-4.701923211501474187e-02,2.129183207254500484e-02,1.574794039279240332e-01,-1.329562017946967489e-01,2.907892459084446268e-01,-2.440802958680962365e-01,-6.175402156444632917e-02,3.898378698243552126e-02,1.287344235321582347e-02,5.981455850452213965e-03,2.097076512633451739e-01,1.997186038079198089e-01,-1.432582250725020490e-01,6.616556959727517562e-01,6.657188601109435000e-01,-2.218173476419424081e-04,1.382662400585883038e-03,7.494468494396859526e-02,-1.311382477706308225e-01,9.537404133768966064e-02,7.174266988492732366e-01,-7.533163088069502189e-01,-2.328373201456198467e-04,-6.680829109737880132e-04
2.961030605622353651e+00,-9.364542221928638666e-02,7.714233242850162542e-01,-4.160643544986349779e-02,3.267983875286238800e-03,2.160428864033693205e-02,9.988951181968768189e-01,-4.620043431389500022e-01,5.347378760243110679e-02,-1.828938721639502413e-02,3.367366002981950768e-01,-2.338701760662762266e-02,-4.592922671699114362e-02,2.044160341969512157e-02,1.538209991854141978e-01,-1.298648715204014925e-01,2.819972401896436720e-01,-2.364253587548847124e-01,-6.032183501643595402e-02,3.807718728516958084e-02,1.257405997290847975e-02,5.842352226023093779e-03,2.164121244897789786e-01,2.020507293007589023e-01,-1.399266384429090071e-01,6.579195169966411960e-01,6.502370261548751085e-01,-2.166588046735251573e-04,1.350507461037374433e-03,8.478318064294605716e-02,-1.350652652643370699e-01,9.315604037634804546e-02,7.123935198062669727e-01,-7.357973248812071931e-01,-2.274224987468845228e-04,-6.525460990906766868e-04
2.961030605622353651e+00,-9.364542221928638666e-02,7.718409118020397308e-01,-4.061651613490917939e-02,3.398093396817366760e-03,2.109026953777072555e-02,9.989464109569987649e-01,-4.513682873499273995e-01,5.220410218332560692e-02,-1.785454466362371151e-02,3.266423955291904990e-01,-2.080501718742220479e-02,-4.483922131896754537e-02,1.959137476684524176e-02,1.501625944429043347e-01,-1.267735412461062083e-01,2.732052344708426062e-01,-2.287704216416731606e-01,-5.888964846842557194e-02,3.717058758790364043e-02,1.227467759260113603e-02,5.703248601593971859e-03,2.231165977162128111e-01,2.043828547935979956e-01,-1.365950518133159375e-01,6.541833380205307469e-01,6.347551921988066059e-01,-2.115002617051078794e-04,1.318352521488865394e-03,9.462167634192353294e-02,-1.389922827580433451e-01,9.093803941500643029e-02,7.073603407632604867e-01,-7.182783409554641674e-01,-2.220076773481491719e-04,-6.370092872075653603e-04
2.961030605622353651e+00,-9.364542221928638666e-02,7.722584993190630964e-01,-3.962654549439335872e-02,3.528198624305868038e-03,2.057622378422532816e-02,9.989964413861693870e-01,-4.407322315609047969e-01,5.093441676422010012e-02,-1.741970211085240236e-02,3.165481907601858658e-01,-1.822301676821678346e-02,-4.374921592094394712e-02,1.874114611399535502e-02,1.465041897003944438e-01,-1.236822109718109380e-01,2.644132287520415958e-01,-2.211154845284616088e-01,-5.745746192041518985e-02,3.626398789063770001e-02,1.197529521229379057e-02,5.564144977164850805e-03,2.298210709426466436e-01,2.067149802864370611e-01,-1.332634651837228679e-01,6.504471590444201867e-01,6.192733582427381034e-01,-2.063417187366906015e-04,1.286197581940356355e-03,1.044601720409010087e-01,-1.429193002517495925e-01,8.872003845366480124e-02,7.023271617202542227e-01,-7.007593570297211416e-01,-2.165928559494138209e-04,-6.214724753244539254e-04
2.961030605622353651e+00,-9.364542221928638666e-02,7.726760868360864620e-01,-3.863652477930463319e-02,3.658299393342666003e-03,2.006215202928099059e-02,9.990452094211668133e-01,-4.300961757718821388e-01,4.966473134511460025e-02,-1.698485955808108974e-02,3.064539859911811770e-01,-1.564101634901136212e-02,-4.265921052292034887e-02,1.789091746114546827e-02,1.428457849578845806e-01,-1.205908806975156677e-01,2.556212230332405300e-01,-2.134605474152500570e-01,-5.602527537240480776e-02,3.535738819337175265e-02,1.167591283198644511e-02,5.425041352735729752e-03,2.365255441690804483e-01,2.090471057792760989e-01,-1.299318785541297705e-01,6.467109800683097376e-01,6.037915242866696008e-01,-2.011831757682733506e-04,1.254042642391847533e-03,1.142986677398784706e-01,-1.468463177454558399e-01,8.650203749232317219e-02,6.972939826772478478e-01,-6.832403731039781158e-01,-2.111780345506784700e-04,-6.059356634413425990e-04
2.961030605622353651e+00,-9.364542221928638666e-02,7.730936743531098276e-01,-3.764645524069488991e-02,3.788395539524320142e-03,1.954805492255082960e-02,9.990927150003647839e-01,-4.194601199828594806e-01,4.839504592600908650e-02,-1.655001700530978059e-02,2.963597812221765437e-01,-1.305901592980594078e-02,-4.156920512489674369e-02,1.704068880829558499e-02,1.391873802153747175e-01,-1.174995504232203836e-01,2.468292173144394919e-01,-2.058056103020385330e-01,-5.459308882439443261e-02,3.445078849610581223e-02,1.137653045167909965e-02,5.285937728306607832e-03,2.432300173955143086e-01,2.113792312721151645e-01,-1.266002919245367009e-01,6.429748010921991774e-01,5.883096903306012093e-01,-1.960246327998560727e-04,1.221887702843338494e-03,1.241371634388559464e-01,-1.507733352391620874e-01,8.428403653098155701e-02,6.922608036342414728e-01,-6.657213891782350901e-01,-2.057632131519431190e-04,-5.903988515582312725e-04
2.961030605622353651e+00,-9.364542221928638666e-02,7.735112618701334153e-01,-3.665633812967772354e-02,3.918486898453231622e-03,1.903393311367999191e-02,9.991389580637324297e-01,-4.088240641938368780e-01,4.712536050690358663e-02,-1.611517445253847144e-02,2.862655764531718550e-01,-1.047701551060051944e-02,-4.047919972687314544e-02,1.619046015544570172e-02,1.355289754728648544e-01,-1.144082201489251133e-01,2.380372115956384538e-01,-1.981506731888269535e-01,-5.316090227638404359e-02,3.354418879883986487e-02,1.107714807137175420e-02,5.146834103877486778e-03,2.499344906219481410e-01,2.137113567649542578e-01,-1.232687052949436313e-01,6.392386221160886173e-01,5.728278563745327068e-01,-1.908660898314387948e-04,1.189732763294829672e-03,1.339756591378334361e-01,-1.547003527328683625e-01,8.206603556963992796e-02,6.872276245912349868e-01,-6.482024052524919533e-01,-2.003483917532077681e-04,-5.748620396751198377e-04
2.961030605622353651e+00,-9.364542221928638666e-02,7.739288493871567809e-01,-3.566617469742681956e-02,4.048573305737849723e-03,1.851978725234484577e-02,9.991839385528340500e-01,-3.981880084048143309e-01,4.585567508779808676e-02,-1.568033189976716230e-02,2.761713716841672772e-01,-7.895015091395108514e-03,-3.938919432884954719e-02,1.534023150259582191e-02,1.318705707303550190e-01,-1.113168898746298568e-01,2.292452058768374157e-01,-1.904957360756154572e-01,-5.172871572837367538e-02,3.263758910157393139e-02,1.077776569106441221e-02,5.007730479448365725e-03,2.566389638483819735e-01,2.160434822577933234e-01,-1.199371186653505755e-01,6.355024431399781681e-01,5.573460224184643153e-01,-1.857075468630215440e-04,1.157577823746320849e-03,1.438141548368108980e-01,-1.586273702265746377e-01,7.984803460829832666e-02,6.821944455482287228e-01,-6.306834213267490385e-01,-1.949335703544724443e-04,-5.593252277920086196e-04
2.961030605622353651e+00,-9.364542221928638666e-02,7.743464369041801465e-01,-3.467596619517439999e-02,4.178654596992881741e-03,1.800561798825214138e-02,9.992276564108292236e-01,-3.875519526157916728e-01,4.458598966869258690e-02,-1.524548934699585141e-02,2.660771669151625884e-01,-5.313014672189683707e-03,-3.829918893082594894e-02,1.449000284974593517e-02,1.282121659878451558e-01,-1.082255596003345727e-01,2.204532001580363498e-01,-1.828407989624039054e-01,-5.029652918036328635e-02,3.173098940430798404e-02,1.047838331075706675e-02,4.868626855019244672e-03,2.633434370748157782e-01,2.183756077506324167e-01,-1.166055320357574920e-01,6.317662641638677190e-01,5.418641884623958127e-01,-1.805490038946042932e-04,1.125422884197811810e-03,1.536526505357883599e-01,-1.625543877202808851e-01,7.763003364695669761e-02,6.771612665052224589e-01,-6.131644374010060128e-01,-1.895187489557370933e-04,-5.437884159088971847e-04
2.961030605622353651e+00,-9.364542221928638666e-02,7.747640244212037341e-01,-3.368571387420968982e-02,4.308730607839500286e-03,1.749142597113822681e-02,9.992701115824740299e-01,-3.769158968267691256e-01,4.331630424958709397e-02,-1.481064679422454226e-02,2.559829621461579552e-01,-2.731014252984272778e-03,-3.720918353280235763e-02,1.363977419689605536e-02,1.245537612453353205e-01,-1.051342293260393163e-01,2.116611944392353672e-01,-1.751858618491923814e-01,-4.886434263235291814e-02,3.082438970704204709e-02,1.017900093044972303e-02,4.729523230590123618e-03,2.700479103012496385e-01,2.207077332434714823e-01,-1.132739454061644363e-01,6.280300851877572699e-01,5.263823545063274212e-01,-1.753904609261870424e-04,1.093267944649303205e-03,1.634911462347658218e-01,-1.664814052139871325e-01,7.541203268561509632e-02,6.721280874622161949e-01,-5.956454534752629870e-01,-1.841039275570017695e-04,-5.282516040257859667e-04
2.961030605622353651e+00,-9.364542221928638666e-02,7.751816119382270998e-01,-3.269541898587719625e-02,4.438801173905549714e-03,1.697721185076816325e-02,9.993113040141186065e-01,-3.662798410377464675e-01,4.204661883048158716e-02,-1.437580424145323311e-02,2.458887573771533219e-01,-1.490138337788514400e-04,-3.611917813477875244e-02,1.278954554404616861e-02,1.208953565028254434e-01,-1.020428990517440321e-01,2.028691887204343292e-01,-1.675309247359808573e-01,-4.743215608434254299e-02,2.991779000977610320e-02,9.879618550142377567e-03,4.590419606161002565e-03,2.767523835276834987e-01,2.230398587363106033e-01,-1.099423587765713667e-01,6.242939062116467097e-01,5.109005205502590297e-01,-1.702319179577697645e-04,1.061113005100794166e-03,1.733296419337433114e-01,-1.704084227076934077e-01,7.319403172427346727e-02,6.670949084192097089e-01,-5.781264695495199613e-01,-1.786891061582664185e-04,-5.127147921426745318e-04
2.961030605622353651e+00,-9.364542221928638666e-02,7.755991994552504654e-01,-3.170508278157529308e-02,4.568866130825754296e-03,1.646297627693497564e-02,9.993512336537102581e-01,-3.556437852487238094e-01,4.077693341137608729e-02,-1.394096168868192223e-02,2.357945526081486887e-01,2.432986585426573367e-03,-3.502917273675516113e-02,1.193931689119628187e-02,1.172369517603155803e-01,-9.895156877744876178e-02,1.940771830016332911e-01,-1.598759876227693055e-01,-4.599996953633215396e-02,2.901119031251015931e-02,9.580236169835032109e-03,4.451315981731880644e-03,2.834568567541173589e-01,2.253719842291496689e-01,-1.066107721469782971e-01,6.205577272355362606e-01,4.954186865941905271e-01,-1.650733749893525137e-04,1.028958065552285127e-03,1.831681376327208011e-01,-1.743354402013996829e-01,7.097603076293185209e-02,6.620617293762034450e-01,-5.606074856237769355e-01,-1.732742847595310676e-04,-4.971779802595632054e-04
2.961030605622353651e+00,-9.364542221928638666e-02,7.760167869722738310e-01,-3.071470651275453462e-02,4.698925314241927248e-03,1.594871989945878879e-02,9.993899004507909023e-01,-3.450077294597012068e-01,3.950724799227057354e-02,-1.350611913591061135e-02,2.257003478391439999e-01,5.014987004631987766e-03,-3.393916733873156288e-02,1.108908823834640206e-02,1.135785470178057172e-01,-9.586023850315347761e-02,1.852851772828322252e-01,-1.522210505095577537e-01,-4.456778298832177881e-02,2.810459061524421542e-02,9.280853789527688386e-03,4.312212357302759591e-03,2.901613299805511637e-01,2.277041097219887067e-01,-1.032791855173852136e-01,6.168215482594257004e-01,4.799368526381220801e-01,-1.599148320209352358e-04,9.968031260037763051e-04,1.930066333316982630e-01,-1.782624576951059303e-01,6.875802980159022304e-02,6.570285503331969590e-01,-5.430885016980339097e-01,-1.678594633607957166e-04,-4.816411683764518247e-04
2.961030605622353651e+00,-9.364542221928638666e-02,7.764343744892973076e-01,-2.972429143091611173e-02,4.828978559803178902e-03,1.543444336818601895e-02,9.994273043564991799e-01,-3.343716736706786041e-01,3.823756257316507368e-02,-1.307127658313930046e-02,2.156061430701393666e-01,7.596987423837412573e-03,-3.284916194070795770e-02,1.023885958549651531e-02,1.099201422752958540e-01,-9.276890822885820731e-02,1.764931715640311594e-01,-1.445661133963462297e-01,-4.313559644031138979e-02,2.719799091797827154e-02,8.981471409220342927e-03,4.173108732873637670e-03,2.968658032069849684e-01,2.300362352148278000e-01,-9.994759888779214396e-02,6.130853692833151403e-01,4.644550186820535775e-01,-1.547562890525179579e-04,9.646481864552673745e-04,2.028451290306757526e-01,-1.821894751888121777e-01,6.654002884024860787e-02,6.519953712901906950e-01,-5.255695177722908840e-01,-1.624446419620603657e-04,-4.661043564933404441e-04
2.961030605622353651e+00,-9.364542221928638666e-02,7.768519620063206732e-01,-2.873383878761024551e-02,4.959025703166120534e-03,1.492014733298854118e-02,9.994634453235688998e-01,-3.237356178816559460e-01,3.696787715405956687e-02,-1.263643403036799132e-02,2.055119383011347056e-01,1.017898784304282697e-02,-3.175915654268435945e-02,9.388630932646632038e-03,1.062617375327859909e-01,-8.967757795456292313e-02,1.677011658452301213e-01,-1.369111762831346502e-01,-4.170340989230101464e-02,2.629139122071232765e-02,8.682089028912997469e-03,4.034005108444516617e-03,3.035702764334187731e-01,2.323683607076668378e-01,-9.661601225819906047e-02,6.093491903072046911e-01,4.489731847259851305e-01,-1.495977460841006800e-04,9.324932469067584440e-04,2.126836247296531868e-01,-1.861164926825184529e-01,6.432202787890697882e-02,6.469621922471842090e-01,-5.080505338465478582e-01,-1.570298205633250148e-04,-4.505675446102291176e-04
2.961030605622353651e+00,-9.364542221928638666e-02,7.772695495233441498e-01,-2.774334983443464686e-02,5.089066579995076001e-03,1.440583244376288791e-02,9.994983233063303718e-01,-3.130995620926332879e-01,3.569819173495406700e-02,-1.220159147759668043e-02,1.954177335321300724e-01,1.276098826224824831e-02,-3.066915114466076120e-02,8.538402279796747027e-03,1.026033327902761139e-01,-8.658624768026765284e-02,1.589091601264290832e-01,-1.292562391699230984e-01,-4.027122334429063255e-02,2.538479152344638723e-02,8.382706648605652011e-03,3.894901484015395130e-03,3.102747496598526333e-01,2.347004862005059311e-01,-9.328442562860599085e-02,6.056130113310941310e-01,4.334913507699166280e-01,-1.444392031156834291e-04,9.003383073582494050e-04,2.225221204286307042e-01,-1.900435101762247003e-01,6.210402691756535670e-02,6.419290132041779451e-01,-4.905315499208047769e-01,-1.516149991645896638e-04,-4.350307327271177370e-04
2.961030605622353651e+00,-9.364542221928638666e-02,7.776871370403676265e-01,-2.675282582303289275e-02,5.219101025962289038e-03,1.389149935042941278e-02,9.995319382607096292e-01,-3.024635063036107407e-01,3.442850631584856713e-02,-1.176674892482537128e-02,1.853235287631254391e-01,1.534298868145366271e-02,-2.957914574663716642e-02,7.688173626946866353e-03,9.894492804776627848e-02,-8.349491740597239642e-02,1.501171544076280728e-01,-1.216013020567116021e-01,-3.883903679628025740e-02,2.447819182618044681e-02,8.083324268298308288e-03,3.755797859586274511e-03,3.169792228862864936e-01,2.370326116933449967e-01,-8.995283899901293512e-02,6.018768323549836818e-01,4.180095168138482919e-01,-1.392806601472661783e-04,8.681833678097406913e-04,2.323606161276081661e-01,-1.939705276699309477e-01,5.988602595622374847e-02,6.368958341611715701e-01,-4.730125659950618067e-01,-1.462001777658543400e-04,-4.194939208440064647e-04
2.961030605622353651e+00,-9.364542221928638666e-02,7.781047245573909921e-01,-2.576226800509285805e-02,5.349128876748125358e-03,1.337714870293146494e-02,9.995642901442283179e-01,-2.918274505145880826e-01,3.315882089674306726e-02,-1.133190637205406213e-02,1.752293239941207781e-01,1.792498910065908405e-02,-2.848914034861356470e-02,6.837944974096980474e-03,9.528652330525640146e-02,-8.040358713167711224e-02,1.413251486888270347e-01,-1.139463649435000503e-01,-3.740685024826987531e-02,2.357159212891450292e-02,7.783941887990963697e-03,3.616694235157153024e-03,3.236836961127202983e-01,2.393647371861840900e-01,-8.662125236941986550e-02,5.981406533788731217e-01,4.025276828577797894e-01,-1.341221171788489004e-04,8.360284282612317607e-04,2.421991118265856557e-01,-1.978975451636372229e-01,5.766802499488212636e-02,6.318626551181651951e-01,-4.554935820693187809e-01,-1.407853563671189890e-04,-4.039571089608950841e-04
2.961030605622353651e+00,-9.364542221928638666e-02,7.785223120744144687e-01,-2.477167763234515430e-02,5.479149968041290356e-03,1.286278115123458930e-02,9.995953789160049174e-01,-2.811913947255654800e-01,3.188913547763756740e-02,-1.089706381928275125e-02,1.651351192251161171e-01,2.050698951986450538e-02,-2.739913495058996298e-02,5.987716321247096331e-03,9.162811856274653832e-02,-7.731225685738182807e-02,1.325331429700259966e-01,-1.062914278302884985e-01,-3.597466370025949323e-02,2.266499243164855903e-02,7.484559507683619106e-03,3.477590610728031537e-03,3.303881693391541585e-01,2.416968626790231278e-01,-8.328966573982678201e-02,5.944044744027625615e-01,3.870458489017113424e-01,-1.289635742104316225e-04,8.038734887127228302e-04,2.520376075255631454e-01,-2.018245626573434981e-01,5.545002403354050424e-02,6.268294760751589312e-01,-4.379745981435756996e-01,-1.353705349683836381e-04,-3.884202970777837034e-04
2.961030605622353651e+00,-9.364542221928638666e-02,7.789398995914378343e-01,-2.378105595656151289e-02,5.609164135539027735e-03,1.234839734532568352e-02,9.996252045367537420e-01,-2.705553389365428774e-01,3.061945005853205712e-02,-1.046222126651144037e-02,1.550409144561114838e-01,2.308898993906993366e-02,-2.630912955256636820e-02,5.137487668397211320e-03,8.796971382023667518e-02,-7.422092658308657165e-02,1.237411372512249308e-01,-9.863649071707697447e-02,-3.454247715224911114e-02,2.175839273438261862e-02,7.185177127376273648e-03,3.338486986298910483e-03,3.370926425655879632e-01,2.440289881718622489e-01,-7.995807911023371239e-02,5.906682954266522234e-01,3.715640149456428398e-01,-1.238050312420143717e-04,7.717185491642137912e-04,2.618761032245405795e-01,-2.057515801510497733e-01,5.323202307219887519e-02,6.217962970321524452e-01,-4.204556142178326739e-01,-1.299557135696482871e-04,-3.728834851946723769e-04
2.961030605622353651e+00,-9.364542221928638666e-02,7.793574871084611999e-01,-2.279040422955324122e-02,5.739171214947330277e-03,1.183399793521218955e-02,9.996537669687849403e-01,-2.599192831475202747e-01,2.934976463942656419e-02,-1.002737871374013122e-02,1.449467096871068783e-01,2.567099035827533418e-02,-2.521912415454277342e-02,4.287259015547330646e-03,8.431130907772682592e-02,-7.112959630879130135e-02,1.149491315324239205e-01,-9.098155360386545043e-02,-3.311029060423874293e-02,2.085179303711667820e-02,6.885794747068930792e-03,3.199383361869789430e-03,3.437971157920218235e-01,2.463611136647012867e-01,-7.662649248064065666e-02,5.869321164505416633e-01,3.560821809895744483e-01,-1.186464882735971209e-04,7.395636096157050775e-04,2.717145989235180692e-01,-2.096785976447559929e-01,5.101402211085726696e-02,6.167631179891461812e-01,-4.029366302920897036e-01,-1.245408921709129633e-04,-3.573466733115610505e-04
2.961030605622353651e+00,-9.364542221928638666e-02,7.797750746254847876e-01,-2.179972370316960242e-02,5.869171041981150611e-03,1.131958357092126277e-02,9.996810661760056060e-01,-2.492832273584976721e-01,2.808007922032105738e-02,-9.592536160968822070e-03,1.348525049181022173e-01,2.825299077748076246e-02,-2.412911875651917171e-02,3.437030362697447369e-03,8.065290433521696278e-02,-6.803826603449601718e-02,1.061571258136228824e-01,-8.332661649065388476e-02,-3.167810405622835390e-02,1.994519333985073431e-02,6.586412366761585334e-03,3.060279737440668377e-03,3.505015890184556282e-01,2.486932391575403800e-01,-7.329490585104757316e-02,5.831959374744311031e-01,3.406003470335060013e-01,-1.134879453051798430e-04,7.074086700671961469e-04,2.815530946224955033e-01,-2.136056151384622681e-01,4.879602114951564484e-02,6.117299389461398063e-01,-3.854176463663466778e-01,-1.191260707721776124e-04,-3.418098614284497240e-04
2.961030605622353651e+00,-9.364542221928638666e-02,7.801926621425081532e-01,-2.080901562929626802e-02,5.999163452364602439e-03,1.080515490249895835e-02,9.997071021239183342e-01,-2.386471715694750140e-01,2.681039380121555404e-02,-9.157693608197511187e-03,1.247583001490975563e-01,3.083499119668618380e-02,-2.303911335849556999e-02,2.586801709847560624e-03,7.699449959270709964e-02,-6.494693576020074688e-02,9.736512009482184427e-02,-7.567167937744236073e-02,-3.024591750821797875e-02,1.903859364258479042e-02,6.287029986454239876e-03,2.921176113011546890e-03,3.572060622448894884e-01,2.510253646503794456e-01,-6.996331922145450355e-02,5.794597584983205429e-01,3.251185130774375542e-01,-1.083294023367625786e-04,6.752537305186872164e-04,2.913915903214729930e-01,-2.175326326321685155e-01,4.657802018817402273e-02,6.066967599031334313e-01,-3.678986624406035966e-01,-1.137112493734422614e-04,-3.262730495453383434e-04
2.961030605622353651e+00,-9.364542221928638666e-02,7.806102496595315188e-01,-1.981828125985371156e-02,6.129148281831173911e-03,1.029071258000941076e-02,9.997318747796229976e-01,-2.280111157804523836e-01,2.554070838211005071e-02,-8.722851055426200303e-03,1.146640953800929230e-01,3.341699161589160860e-02,-2.194910796047197174e-02,1.736573056997677347e-03,7.333609485019722263e-02,-6.185560548590546964e-02,8.857311437602079229e-02,-6.801674226423079506e-02,-2.881373096020759667e-02,1.813199394531885000e-02,5.987647606146895285e-03,2.782072488582425403e-03,3.639105354713233487e-01,2.533574901432185111e-01,-6.663173259186143393e-02,5.757235795222100938e-01,3.096366791213690517e-01,-1.031708593683453007e-04,6.430987909701781774e-04,3.012300860204505382e-01,-2.214596501258747907e-01,4.436001922683240062e-02,6.016635808601271673e-01,-3.503796785148605708e-01,-1.082964279747069105e-04,-3.107362376622269627e-04
2.961030605622353651e+00,-9.364542221928638666e-02,7.810278371765549954e-01,-1.882752184679562998e-02,6.259125366123933186e-03,9.776257253534002822e-03,9.997553841118150819e-01,-2.173750599914298087e-01,2.427102296300455084e-02,-8.288008502654892889e-03,1.045698906110882898e-01,3.599899203509701606e-02,-2.085910256244838043e-02,8.863444041477975405e-04,6.967769010768738724e-02,-5.876427521161020628e-02,7.978110865721978195e-02,-6.036180515101929184e-02,-2.738154441219722152e-02,1.722539424805290958e-02,5.688265225839551562e-03,2.642968864153304783e-03,3.706150086977570979e-01,2.556896156360575767e-01,-6.330014596226836432e-02,5.719874005460996447e-01,2.941548451653006602e-01,-9.801231639992806347e-05,6.109438514216694637e-04,3.110685817194279168e-01,-2.253866676195810381e-01,4.214201826549079238e-02,5.966304018171207924e-01,-3.328606945891176006e-01,-1.028816065759715866e-04,-2.951994257791156905e-04
2.961030605622353651e+00,-9.364542221928638666e-02,7.814454246935784720e-01,-1.783673864210738244e-02,6.389094540995733998e-03,9.261789573170550391e-03,9.997776300907865732e-01,-2.067390042024071783e-01,2.300133754389904750e-02,-7.853165949883582006e-03,9.447568584208362874e-02,3.858099245430243740e-02,-1.976909716442477871e-02,3.611575129791079475e-05,6.601928536517751023e-02,-5.567294493731493599e-02,7.098910293841872998e-02,-5.270686803780774699e-02,-2.594935786418683943e-02,1.631879455078696570e-02,5.388882845532206971e-03,2.503865239724183296e-03,3.773194819241909581e-01,2.580217411288966423e-01,-5.996855933267529470e-02,5.682512215699890845e-01,2.786730112092322131e-01,-9.285377343151078556e-05,5.787889118731605331e-04,3.209070774184054620e-01,-2.293136851132873133e-01,3.992401730414917027e-02,5.915972227741144174e-01,-3.153417106633745748e-01,-9.746678517723623568e-05,-2.796626138960043098e-04
2.961030605622353651e+00,-9.364542221928638666e-02,7.818630122106018376e-01,-1.684593289780438388e-02,6.519055642209425558e-03,8.747310189032487041e-03,9.997986126884264024e-01,-1.961029484133845480e-01,2.173165212479354416e-02,-7.418323397112271123e-03,8.438148107307898160e-02,4.116299287350785874e-02,-1.867909176640118046e-02,-8.141129015519724815e-04,6.236088062266765403e-02,-5.258161466301965181e-02,6.219709721961769189e-02,-4.505193092459619519e-02,-2.451717131617646081e-02,1.541219485352102354e-02,5.089500465224861513e-03,2.364761615295061809e-03,3.840239551506248183e-01,2.603538666217357633e-01,-5.663697270308221815e-02,5.645150425938785244e-01,2.631911772531637106e-01,-8.769523046309352120e-05,5.466339723246516026e-04,3.307455731173828961e-01,-2.332407026069935885e-01,3.770601634280754816e-02,5.865640437311080424e-01,-2.978227267376314935e-01,-9.205196377850088474e-05,-2.641258020128929834e-04
2.961030605622353651e+00,-9.364542221928638666e-02,7.822805997276252032e-01,-1.585510586593052648e-02,6.649008505538059853e-03,8.232819751248027923e-03,9.998183318782194462e-01,-1.854668926243619176e-01,2.046196670568804082e-02,-6.983480844340961106e-03,7.428727630407434834e-02,4.374499329271328008e-02,-1.758908636837757875e-02,-1.664341554401857493e-03,5.870247588015779089e-02,-4.949028438872438151e-02,5.340509150081664685e-02,-3.739699381138465034e-02,-2.308498476816607872e-02,1.450559515625507966e-02,4.790118084917516054e-03,2.225657990865940322e-03,3.907284283770586231e-01,2.626859921145748289e-01,-5.330538607348914854e-02,5.607788636177680752e-01,2.477093432970952636e-01,-8.253668749467625684e-05,5.144790327761425636e-04,3.405840688163603858e-01,-2.371677201006998081e-01,3.548801538146592605e-02,5.815308646881016674e-01,-2.803037428118884677e-01,-8.663714237976553379e-05,-2.485889901297816027e-04
2.961030605622353651e+00,-9.364542221928638666e-02,7.826981872446486799e-01,-1.486425879855660624e-02,6.778952966765098946e-03,7.718318909959357051e-03,9.998367876352471928e-01,-1.748308368353392872e-01,1.919228128658253749e-02,-6.548638291569650223e-03,6.419307153506967345e-02,4.632699371191870141e-02,-1.649908097035397703e-02,-2.514570207251742504e-03,5.504407113764792775e-02,-4.639895411442910428e-02,4.461308578201558794e-02,-2.974205669817310549e-02,-2.165279822015569663e-02,1.359899545898913577e-02,4.490735704610171464e-03,2.086554366436818835e-03,3.974329016034924833e-01,2.650181176074138945e-01,-4.997379944389607198e-02,5.570426846416576261e-01,2.322275093410267888e-01,-7.737814452625897893e-05,4.823240932276336873e-04,3.504225645153378754e-01,-2.410947375944060833e-01,3.327001442012430393e-02,5.764976856450952925e-01,-2.627847588861454420e-01,-8.122232098103018285e-05,-2.330521782466702220e-04
2.961030605622353651e+00,-9.364542221928638666e-02,7.831157747616721565e-01,-1.387339294777875480e-02,6.908888861684617938e-03,7.203808315321816313e-03,9.998539799361878533e-01,-1.641947810463167401e-01,1.792259586747704109e-02,-6.113795738798342809e-03,5.409886676606508182e-02,4.890899413112410887e-02,-1.540907557233038572e-02,-3.364798860101622310e-03,5.138566639513807849e-02,-4.330762384013384092e-02,3.582108006321459148e-02,-2.208711958496160227e-02,-2.022061167214532149e-02,1.269239576172319708e-02,4.191353324302827740e-03,1.947450742007698432e-03,4.041373748299262880e-01,2.673502431002529600e-01,-4.664221281430301624e-02,5.533065056655470659e-01,2.167456753849583972e-01,-7.221960155784174168e-05,4.501691536791249193e-04,3.602610602143153096e-01,-2.450217550881123307e-01,3.105201345878268876e-02,5.714645066020890285e-01,-2.452657749604024717e-01,-7.580749958229485901e-05,-2.175153663635589498e-04
2.961030605622353651e+00,-9.364542221928638666e-02,7.835333622786955221e-01,-1.288250956571680532e-02,7.038816026101527880e-03,6.689288617503053730e-03,9.998699087593164725e-01,-1.535587252572940820e-01,1.665291044837153775e-02,-5.678953186027031926e-03,4.400466199706042081e-02,5.149099455032953021e-02,-1.431907017430678573e-02,-4.215027512951508189e-03,4.772726165262821535e-02,-4.021629356583856368e-02,2.702907434441353951e-02,-1.443218247175004354e-02,-1.878842512413493940e-02,1.178579606445725493e-02,3.891970943995482716e-03,1.808347117578576945e-03,4.108418480563601483e-01,2.696823685930920256e-01,-4.331062618470993969e-02,5.495703266894366168e-01,2.012638414288899502e-01,-6.706105858942446377e-05,4.180142141306159346e-04,3.700995559132927992e-01,-2.489487725818186059e-01,2.883401249744106665e-02,5.664313275590826535e-01,-2.277467910346594182e-01,-7.039267818355950806e-05,-2.019785544804475962e-04
2.961030605622353651e+00,-9.364542221928638666e-02,7.839509497957188877e-01,-1.189160990451277461e-02,7.168734295831759654e-03,6.174760466682236749e-03,9.998845740845040408e-01,-1.429226694682714516e-01,1.538322502926603268e-02,-5.244110633255721042e-03,3.391045722805575979e-02,5.407299496953495155e-02,-1.322906477628318575e-02,-5.065256165801392332e-03,4.406885691011834527e-02,-3.712496329154329339e-02,1.823706862561248754e-02,-6.777245358538491748e-03,-1.735623857612456078e-02,1.087919636719131104e-02,3.592588563688137691e-03,1.669243493149455458e-03,4.175463212827939530e-01,2.720144940859310911e-01,-3.997903955511686314e-02,5.458341477133260566e-01,1.857820074728214754e-01,-6.190251562100719941e-05,3.858592745821070040e-04,3.799380516122702889e-01,-2.528757900755248533e-01,2.661601153609944453e-02,5.613981485160762785e-01,-2.102278071089163924e-01,-6.497785678482415712e-05,-1.864417425973362156e-04
2.961030605622353651e+00,-9.364542221928638666e-02,7.843685373127423643e-01,-1.090069521632923595e-02,7.298643506702492956e-03,5.660224513049206575e-03,9.998979758932187156e-01,-1.322866136792488212e-01,1.411353961016052760e-02,-4.809268080484411026e-03,2.381625245905109878e-02,5.665499538874037982e-02,-1.213905937825958577e-02,-5.915484818651276476e-03,4.041045216760848213e-02,-3.403363301724800921e-02,9.445062906811435566e-03,8.776917546730600428e-04,-1.592405202811417869e-02,9.972596669925367155e-03,3.293206183380792667e-03,1.530139868720334188e-03,4.242507945092278687e-01,2.743466195787701567e-01,-3.664745292552378658e-02,5.420979687372156075e-01,1.703001735167530006e-01,-5.674397265258992150e-05,3.537043350335980735e-04,3.897765473112477785e-01,-2.568028075692311285e-01,2.439801057475782242e-02,5.563649694730699036e-01,-1.927088231831733389e-01,-5.956303538608880618e-05,-1.709049307142248620e-04
2.961030605622353651e+00,-9.364542221928638666e-02,7.847861248297658410e-01,-9.909766753347763052e-03,7.428543494552347984e-03,5.145681406803669783e-03,9.999101141685250438e-01,-1.216505578902262463e-01,1.284385419105503294e-02,-4.374425527713102745e-03,1.372204769004650715e-02,5.923699580794579422e-02,-1.104905398023599099e-02,-6.765713471501158018e-03,3.675204742509863287e-02,-3.094230274295274932e-02,6.530571880104529825e-04,8.532628867884563262e-03,-1.449186548010380528e-02,9.065996972659428471e-03,2.993823803073449377e-03,1.391036244291213352e-03,4.309552677356616179e-01,2.766787450716092223e-01,-3.331586629593073084e-02,5.383617897611050473e-01,1.548183395606846091e-01,-5.158542968417268425e-05,3.215493954850893055e-04,3.996150430102252127e-01,-2.607298250629373482e-01,2.218000961341621072e-02,5.513317904300636396e-01,-1.751898392574303687e-01,-5.414821398735348234e-05,-1.553681188311135627e-04
2.961030605622353651e+00,-9.364542221928638666e-02,7.852037123467892066e-01,-8.918825767767315019e-03,7.558434095231606614e-03,4.631131798154362184e-03,9.999209888950845171e-01,-1.110145021012036159e-01,1.157416877194952787e-02,-3.939582974941792728e-03,3.627842921041846136e-03,6.181899622715120168e-02,-9.959048582212392739e-03,-7.615942124351042161e-03,3.309364268258876973e-02,-2.785097246865747556e-02,-8.138948530790612867e-03,1.618756598109610811e-02,-1.305967893209342319e-02,8.159397275393486318e-03,2.694441422766103919e-03,1.251932619862092082e-03,4.376597409620954227e-01,2.790108705644483433e-01,-2.998427966633765776e-02,5.346256107849945982e-01,1.393365056046161343e-01,-4.642688671575541311e-05,2.893944559365803208e-04,4.094535387092026468e-01,-2.646568425566436233e-01,1.996200865207458860e-02,5.462986113870572646e-01,-1.576708553316873429e-01,-4.873339258861813139e-05,-1.398313069480022091e-04
2.961030605622353651e+00,-9.364542221928638666e-02,7.856212998638126832e-01,-7.927873511802695922e-03,7.688315144602406691e-03,4.116576337318244780e-03,9.999306000591549060e-01,-1.003784463121809856e-01,1.030448335284402453e-02,-3.504740422170481845e-03,-6.466361847962814879e-03,6.440099664635663690e-02,-8.869043184188792756e-03,-8.466170777200927172e-03,2.943523794007890312e-02,-2.475964219436219832e-02,-1.693095424959165096e-02,2.384250309430765297e-02,-1.162749238408304284e-02,7.252797578127542430e-03,2.395059042458758895e-03,1.112828995432970595e-03,4.443642141885293384e-01,2.813429960572874089e-01,-2.665269303674458121e-02,5.308894318088840381e-01,1.238546716485476734e-01,-4.126834374733814198e-05,2.572395163880713902e-04,4.192920344081801920e-01,-2.685838600503498985e-01,1.774400769073296649e-02,5.412654323440508897e-01,-1.401518714059442894e-01,-4.331857118988278045e-05,-1.242944950648908556e-04
2.961030605622353651e+00,-9.364542221928638666e-02,7.860388873808361598e-01,-6.936911237682944972e-03,7.818186478538959733e-03,3.602015674519671966e-03,9.999389476485911477e-01,-8.974239052315836906e-02,9.034797933738519457e-03,-3.069897869399171395e-03,-1.656056661696746896e-02,6.698299706556204436e-02,-7.779037786165192772e-03,-9.316399430050812183e-03,2.577683319756903652e-02,-2.166831192006692108e-02,-2.572295996839270293e-02,3.149744020751920476e-02,-1.019530583607266075e-02,6.346197880861598542e-03,2.095676662151413870e-03,9.737253710038492162e-04,4.510686874149631431e-01,2.836751215501264745e-01,-2.332110640715150812e-02,5.271532528327734779e-01,1.083728376924791986e-01,-3.610980077892087084e-05,2.250845768395624597e-04,4.291305301071576261e-01,-2.725108775440561737e-01,1.552600672939134438e-02,5.362322533010445147e-01,-1.226328874802012359e-01,-3.790374979114742950e-05,-1.087576831817794749e-04
2.961030605622353651e+00,-9.364542221928638666e-02,7.864564748978595254e-01,-5.945940197649758792e-03,7.948047932927752163e-03,3.087450459989570569e-03,9.999460316528443471e-01,-7.910633473413572481e-02,7.765112514633016119e-03,-2.635055316627860512e-03,-2.665477138597211609e-02,6.956499748476747957e-02,-6.689032388141592789e-03,-1.016662808290069719e-02,2.211842845505917338e-02,-1.857698164577164385e-02,-3.451496568719376185e-02,3.915237732073074961e-02,-8.763119288062280396e-03,5.439598183595655521e-03,1.796294281844068846e-03,8.346217465747277292e-04,4.577731606413970034e-01,2.860072470429655400e-01,-1.998951977755843157e-02,5.234170738566630288e-01,9.289100373641073771e-02,-3.095125781050359970e-05,1.929296372910535020e-04,4.389690258061351713e-01,-2.764378950377624489e-01,1.330800576804972227e-02,5.311990742580381397e-01,-1.051139035544581962e-01,-3.248892839241207856e-05,-9.322087129866810779e-05
2.961030605622353651e+00,-9.364542221928638666e-02,7.868740624148830021e-01,-4.954961643955921487e-03,8.077899343667756943e-03,2.572881343964623230e-03,9.999518520629633311e-01,-6.847027894511314994e-02,6.495427095527519720e-03,-2.200212763856552230e-03,-3.674897615497672854e-02,7.214699790397288703e-02,-5.599026990117998877e-03,-1.101685673575057527e-02,1.846002371254932758e-02,-1.548565137147638396e-02,-4.330697140599475137e-02,4.680731443394225977e-02,-7.330932740051906982e-03,4.532998486329716838e-03,1.496911901536725339e-03,6.955181221456071096e-04,4.644776338678308081e-01,2.883393725358046056e-01,-1.665793314796537583e-02,5.196808948805525796e-01,7.740916978034234619e-02,-2.579271484208635568e-05,1.607746977425447341e-04,4.488075215051125499e-01,-2.803649125314686685e-01,1.109000480670811230e-02,5.261658952150317647e-01,-8.759491962871523985e-02,-2.707410699367675811e-05,-7.768405941555683555e-05
2.961030605622353651e+00,-9.364542221928638666e-02,7.872916499319063677e-01,-3.963976828863691355e-03,8.207740546670637405e-03,2.058308976686432697e-03,9.999564088715925392e-01,-5.783422315609052650e-02,5.225741676422015515e-03,-1.765370211085241997e-03,-4.684318092398137567e-02,7.472899832317830837e-02,-4.509021592094398893e-03,-1.186708538860046201e-02,1.480161897003946271e-02,-1.239432109718110846e-02,-5.209897712479580334e-02,5.446225154715380462e-02,-5.898746192041525761e-03,3.626398789063773817e-03,1.197529521229380315e-03,5.564144977164857311e-04,4.711821070942646128e-01,2.906714980286436711e-01,-1.332634651837229928e-02,5.159447159044420195e-01,6.192733582427387834e-02,-2.063417187366908454e-05,1.286197581940357764e-04,4.586460172040900396e-01,-2.842919300251749437e-01,8.872003845366490185e-03,5.211327161720255008e-01,-7.007593570297218633e-02,-2.165928559494140717e-05,-6.214724753244546844e-05
2.961030605622353651e+00,-9.364542221928638666e-02,7.877092374489297333e-01,-2.972987004643255250e-03,8.337571377860954550e-03,1.543734008400720172e-03,9.999597020729740215e-01,-4.719816736706788918e-02,3.956056257316511310e-03,-1.330527658313931548e-03,-5.693738569298602975e-02,7.731099874238372971e-02,-3.419016194070799344e-03,-1.271731404145034529e-02,1.114321422752959610e-02,-9.302990822885831221e-03,-6.089098284359684143e-02,6.211718866036536335e-02,-4.466559644031144541e-03,2.719799091797830363e-03,8.981471409220352902e-04,4.173108732873642441e-04,4.778865803206984730e-01,2.930036235214827922e-01,-9.994759888779224458e-03,5.122085369283315703e-01,4.644550186820541049e-02,-1.547562890525181341e-05,9.646481864552683232e-05,4.684845129030675293e-01,-2.882189475188812189e-01,6.654002884024867205e-03,5.160995371290191258e-01,-5.255695177722913974e-02,-1.624446419620605283e-05,-4.661043564933409455e-05
2.961030605622353651e+00,-9.364542221928638666e-02,7.881268249659532099e-01,-1.981993423571127427e-03,8.467391673176378683e-03,1.029157089356490468e-03,9.999617316629461072e-01,-3.656211157804525880e-02,2.686370838211007972e-03,-8.956851055426209894e-04,-6.703159046199069770e-02,7.989299916158915105e-02,-2.329010796047199360e-03,-1.356754269430023030e-02,7.484809485019731229e-03,-6.211660548590553985e-03,-6.968298856239790728e-02,6.977212577357690126e-02,-3.034373096020762887e-03,1.813199394531886909e-03,5.987647606146901573e-04,2.782072488582428655e-04,4.845910535471322778e-01,2.953357490143218023e-01,-6.663173259186149638e-03,5.084723579522210102e-01,3.096366791213693917e-02,-1.031708593683454227e-05,6.430987909701788821e-05,4.783230086020450189e-01,-2.921459650125874385e-01,4.436001922683245093e-03,5.110663580860127508e-01,-3.503796785148609316e-02,-1.082964279747070358e-05,-3.107362376622273422e-05
2.961030605622353651e+00,-9.364542221928638666e-02,7.885444124829766865e-01,-9.909973379285676957e-04,8.597201268567894114e-03,5.145788698052126834e-04,9.999624976389440700e-01,-2.592605578902263189e-02,1.416685419105503984e-03,-4.608425527713104855e-04,-7.712579523099534484e-02,8.247499958079457238e-02,-1.239005398023599810e-03,-1.441777134715011705e-02,3.826404742509865488e-03,-3.120330274295276748e-03,-7.847499428119894538e-02,7.742706288678846693e-02,-1.602186548010381449e-03,9.065996972659434543e-04,2.993823803073450787e-04,1.391036244291214328e-04,4.912955267735661935e-01,2.976678745071609233e-01,-3.331586629593074819e-03,5.047361789761104500e-01,1.548183395606846958e-02,-5.158542968417271135e-06,3.215493954850894411e-05,4.881615043010225086e-01,-2.960729825062937137e-01,2.218000961341622546e-03,5.060331790430063759e-01,-1.751898392574304658e-02,-5.414821398735351791e-06,-1.553681188311136711e-05
2.961030605622353651e+00,-9.364542221928638666e-02,7.889620000000000521e-01,-0.000000000000000000e+00,8.727000000000000382e-03,0.000000000000000000e+00,9.999620000000000175e-01,-1.528999999999999977e-02,1.469999999999999953e-04,-2.599999999999999840e-05,-8.722000000000000586e-02,8.505699999999999372e-02,-1.489999999999999897e-04,-1.526800000000000032e-02,1.679999999999999907e-04,-2.900000000000000017e-05,-8.726699999999999735e-02,8.508200000000000485e-02,-1.700000000000000122e-04,0.000000000000000000e+00,0.000000000000000000e+00,0.000000000000000000e+00,4.979999999999999982e-01,2.999999999999999889e-01,0.000000000000000000e+00,5.010000000000000009e-01,0.000000000000000000e+00,0.000000000000000000e+00,0.000000000000000000e+00,4.979999999999999982e-01,-2.999999999999999889e-01,0.000000000000000000e+00,5.010000000000000009e-01,0.000000000000000000e+00,0.000000000000000000e+00,0.000000000000000000e+00
