-8.605261509902782757e-17,-5.382323530073887442e-17,7.889620000000000521e-01,-0.000000000000000000e+00,8.727000000000000382e-03,0.000000000000000000e+00,9.999620000000000175e-01,-1.528999999999999977e-02,1.469999999999999953e-04,-2.599999999999999840e-05,-8.722000000000000586e-02,8.505699999999999372e-02,-1.489999999999999897e-04,-1.526800000000000032e-02,1.679999999999999907e-04,-2.900000000000000017e-05,-8.726699999999999735e-02,8.508200000000000485e-02,-1.700000000000000122e-04,0.000000000000000000e+00,4.979999999999999982e-01,2.999999999999999889e-01,0.000000000000000000e+00,5.010000000000000009e-01,0.000000000000000000e+00,4.979999999999999982e-01,-2.999999999999999889e-01,0.000000000000000000e+00,5.010000000000000009e-01,0.000000000000000000e+00
-8.605261509902782757e-17,-5.382323530073887442e-17,7.889620000000000521e-01,-0.000000000000000000e+00,8.727000000000000382e-03,0.000000000000000000e+00,9.999620000000000175e-01,-1.528999999999999977e-02,1.469999999999999953e-04,-2.599999999999999840e-05,-8.722000000000000586e-02,8.505699999999999372e-02,-1.489999999999999897e-04,-1.526800000000000032e-02,1.679999999999999907e-04,-2.900000000000000017e-05,-8.726699999999999735e-02,8.508200000000000485e-02,-1.700000000000000122e-04,0.000000000000000000e+00,4.979999999999999982e-01,2.999999999999999889e-01,0.000000000000000000e+00,5.010000000000000009e-01,0.000000000000000000e+00,4.979999999999999982e-01,-2.999999999999999889e-01,0.000000000000000000e+00,5.010000000000000009e-01,0.000000000000000000e+00
-8.605261509902782757e-17,-5.382323530073887442e-17,7.889620000000000521e-01,-0.000000000000000000e+00,8.727000000000000382e-03,0.000000000000000000e+00,9.999620000000000175e-01,-1.528999999999999977e-02,1.469999999999999953e-04,-2.599999999999999840e-05,-8.722000000000000586e-02,8.505699999999999372e-02,-1.489999999999999897e-04,-1.526800000000000032e-02,1.679999999999999907e-04,-2.900000000000000017e-05,-8.726699999999999735e-02,8.508200000000000485e-02,-1.700000000000000122e-04,0.000000000000000000e+00,4.979999999999999982e-01,2.999999999999999889e-01,0.000000000000000000e+00,5.010000000000000009e-01,0.000000000000000000e+00,4.979999999999999982e-01,-2.999999999999999889e-01,0.000000000000000000e+00,5.010000000000000009e-01,0.000000000000000000e+00
-8.605261509902782757e-17,-5.382323530073887442e-17,7.889620000000000521e-01,-0.000000000000000000e+00,8.727000000000000382e-03,0.000000000000000000e+00,9.999620000000000175e-01,-1.528999999999999977e-02,1.469999999999999953e-04,-2.599999999999999840e-05,-8.722000000000000586e-02,8.505699999999999372e-02,-1.489999999999999897e-04,-1.526800000000000032e-02,1.679999999999999907e-04,-2.900000000000000017e-05,-8.726699999999999735e-02,8.508200000000000485e-02,-1.700000000000000122e-04,0.000000000000000000e+00,4.979999999999999982e-01,2.999999999999999889e-01,0.000000000000000000e+00,5.010000000000000009e-01,0.000000000000000000e+00,4.979999999999999982e-01,-2.999999999999999889e-01,0.000000000000000000e+00,5.010000000000000009e-01,0.000000000000000000e+00
-8.605261509902782757e-17,-5.382323530073887442e-17,7.889620000000000521e-01,-0.000000000000000000e+00,8.727000000000000382e-03,0.000000000000000000e+00,9.999620000000000175e-01,-1.528999999999999977e-02,1.469999999999999953e-04,-2.599999999999999840e-05,-8.722000000000000586e-02,8.505699999999999372e-02,-1.489999999999999897e-04,-1.526800000000000032e-02,1.679999999999999907e-04,-2.900000000000000017e-05,-8.726699999999999735e-02,8.508200000000000485e-02,-1.700000000000000122e-04,0.000000000000000000e+00,4.979999999999999982e-01,2.999999999999999889e-01,0.000000000000000000e+00,5.010000000000000009e-01,0.000000000000000000e+00,4.979999999999999982e-01,-2.999999999999999889e-01,0.000000000000000000e+00,5.010000000000000009e-01,0.000000000000000000e+00
-8.605261509902782757e-17,-5.382323530073887442e-17,7.889620000000000521e-01,-0.000000000000000000e+00,8.727000000000000382e-03,0.000000000000000000e+00,9.999620000000000175e-01,-1.528999999999999977e-02,1.469999999999999953e-04,-2.599999999999999840e-05,-8.722000000000000586e-02,8.505699999999999372e-02,-1.489999999999999897e-04,-1.526800000000000032e-02,1.679999999999999907e-04,-2.900000000000000017e-05,-8.726699999999999735e-02,8.508200000000000485e-02,-1.700000000000000122e-04,0.000000000000000000e+00,4.979999999999999982e-01,2.999999999999999889e-01,0.000000000000000000e+00,5.010000000000000009e-01,0.000000000000000000e+00,4.979999999999999982e-01,-2.999999999999999889e-01,0.000000000000000000e+00,5.010000000000000009e-01,0.000000000000000000e+00
-8.605261509902782757e-17,-5.382323530073887442e-17,7.889620000000000521e-01,-0.000000000000000000e+00,8.727000000000000382e-03,0.000000000000000000e+00,9.999620000000000175e-01,-1.528999999999999977e-02,1.469999999999999953e-04,-2.599999999999999840e-05,-8.722000000000000586e-02,8.505699999999999372e-02,-1.489999999999999897e-04,-1.526800000000000032e-02,1.679999999999999907e-04,-2.900000000000000017e-05,-8.726699999999999735e-02,8.508200000000000485e-02,-1.700000000000000122e-04,0.000000000000000000e+00,4.979999999999999982e-01,2.999999999999999889e-01,0.000000000000000000e+00,5.010000000000000009e-01,0.000000000000000000e+00,4.979999999999999982e-01,-2.999999999999999889e-01,0.000000000000000000e+00,5.010000000000000009e-01,0.000000000000000000e+00
-8.605261509902782757e-17,-5.382323530073887442e-17,7.889620000000000521e-01,-0.000000000000000000e+00,8.727000000000000382e-03,0.000000000000000000e+00,9.999620000000000175e-01,-1.528999999999999977e-02,1.469999999999999953e-04,-2.599999999999999840e-05,-8.722000000000000586e-02,8.505699999999999372e-02,-1.489999999999999897e-04,-1.526800000000000032e-02,1.679999999999999907e-04,-2.900000000000000017e-05,-8.726699999999999735e-02,8.508200000000000485e-02,-1.700000000000000122e-04,0.000000000000000000e+00,4.979999999999999982e-01,2.999999999999999889e-01,0.000000000000000000e+00,5.010000000000000009e-01,0.000000000000000000e+00,4.979999999999999982e-01,-2.999999999999999889e-01,0.000000000000000000e+00,5.010000000000000009e-01,0.000000000000000000e+00
-8.605261509902782757e-17,-5.382323530073887442e-17,7.889620000000000521e-01,-0.000000000000000000e+00,8.727000000000000382e-03,0.000000000000000000e+00,9.999620000000000175e-01,-1.528999999999999977e-02,1.469999999999999953e-04,-2.599999999999999840e-05,-8.722000000000000586e-02,8.505699999999999372e-02,-1.489999999999999897e-04,-1.526800000000000032e-02,1.679999999999999907e-04,-2.900000000000000017e-05,-8.726699999999999735e-02,8.508200000000000485e-02,-1.700000000000000122e-04,0.000000000000000000e+00,4.979999999999999982e-01,2.999999999999999889e-01,0.000000000000000000e+00,5.010000000000000009e-01,0.000000000000000000e+00,4.979999999999999982e-01,-2.999999999999999889e-01,0.000000000000000000e+00,5.010000000000000009e-01,0.000000000000000000e+00
-8.605261509902782757e-17,-5.382323530073887442e-17,7.889620000000000521e-01,-0.000000000000000000e+00,8.727000000000000382e-03,0.000000000000000000e+00,9.999620000000000175e-01,-1.528999999999999977e-02,1.469999999999999953e-04,-2.599999999999999840e-05,-8.722000000000000586e-02,8.505699999999999372e-02,-1.489999999999999897e-04,-1.526800000000000032e-02,1.679999999999999907e-04,-2.900000000000000017e-05,-8.726699999999999735e-02,8.508200000000000485e-02,-1.700000000000000122e-04,0.000000000000000000e+00,4.979999999999999982e-01,2.999999999999999889e-01,0.000000000000000000e+00,5.010000000000000009e-01,0.000000000000000000e+00,4.979999999999999982e-01,-2.999999999999999889e-01,0.000000000000000000e+00,5.010000000000000009e-01,0.000000000000000000e+00
-8.605261509902782757e-17,-5.382323530073887442e-17,7.889620000000000521e-01,-0.000000000000000000e+00,8.727000000000000382e-03,0.000000000000000000e+00,9.999620000000000175e-01,-1.528999999999999977e-02,1.469999999999999953e-04,-2.599999999999999840e-05,-8.722000000000000586e-02,8.505699999999999372e-02,-1.489999999999999897e-04,-1.526800000000000032e-02,1.679999999999999907e-04,-2.900000000000000017e-05,-8.726699999999999735e-02,8.508200000000000485e-02,-1.700000000000000122e-04,0.000000000000000000e+00,4.979999999999999982e-01,2.999999999999999889e-01,0.000000000000000000e+00,5.010000000000000009e-01,0.000000000000000000e+00,4.979999999999999982e-01,-2.999999999999999889e-01,0.000000000000000000e+00,5.010000000000000009e-01,0.000000000000000000e+00
-8.605261509902782757e-17,-5.382323530073887442e-17,7.889620000000000521e-01,-0.000000000000000000e+00,8.727000000000000382e-03,0.000000000000000000e+00,9.999620000000000175e-01,-1.528999999999999977e-02,1.469999999999999953e-04,-2.599999999999999840e-05,-8.722000000000000586e-02,8.505699999999999372e-02,-1.489999999999999897e-04,-1.526800000000000032e-02,1.679999999999999907e-04,-2.900000000000000017e-05,-8.726699999999999735e-02,8.508200000000000485e-02,-1.700000000000000122e-04,0.000000000000000000e+00,4.979999999999999982e-01,2.999999999999999889e-01,0.000000000000000000e+00,5.010000000000000009e-01,0.000000000000000000e+00,4.979999999999999982e-01,-2.999999999999999889e-01,0.000000000000000000e+00,5.010000000000000009e-01,0.000000000000000000e+00
-8.605261509902782757e-17,-5.382323530073887442e-17,7.889620000000000521e-01,-0.000000000000000000e+00,8.727000000000000382e-03,0.000000000000000000e+00,9.999620000000000175e-01,-1.528999999999999977e-02,1.469999999999999953e-04,-2.599999999999999840e-05,-8.722000000000000586e-02,8.505699999999999372e-02,-1.489999999999999897e-04,-1.526800000000000032e-02,1.679999999999999907e-04,-2.900000000000000017e-05,-8.726699999999999735e-02,8.508200000000000485e-02,-1.700000000000000122e-04,0.000000000000000000e+00,4.979999999999999982e-01,2.999999999999999889e-01,0.000000000000000000e+00,5.010000000000000009e-01,0.000000000000000000e+00,4.979999999999999982e-01,-2.999999999999999889e-01,0.000000000000000000e+00,5.010000000000000009e-01,0.000000000000000000e+00
-8.605261509902782757e-17,-5.382323530073887442e-17,7.889620000000000521e-01,-0.000000000000000000e+00,8.727000000000000382e-03,0.000000000000000000e+00,9.999620000000000175e-01,-1.528999999999999977e-02,1.469999999999999953e-04,-2.599999999999999840e-05,-8.722000000000000586e-02,8.505699999999999372e-02,-1.489999999999999897e-04,-1.526800000000000032e-02,1.679999999999999907e-04,-2.900000000000000017e-05,-8.726699999999999735e-02,8.508200000000000485e-02,-1.700000000000000122e-04,0.000000000000000000e+00,4.979999999999999982e-01,2.999999999999999889e-01,0.000000000000000000e+00,5.010000000000000009e-01,0.000000000000000000e+00,4.979999999999999982e-01,-2.999999999999999889e-01,0.000000000000000000e+00,5.010000000000000009e-01,0.000000000000000000e+00
-8.605261509902782757e-17,-5.382323530073887442e-17,7.889620000000000521e-01,-0.000000000000000000e+00,8.727000000000000382e-03,0.000000000000000000e+00,9.999620000000000175e-01,-1.528999999999999977e-02,1.469999999999999953e-04,-2.599999999999999840e-05,-8.722000000000000586e-02,8.505699999999999372e-02,-1.489999999999999897e-04,-1.526800000000000032e-02,1.679999999999999907e-04,-2.900000000000000017e-05,-8.726699999999999735e-02,8.508200000000000485e-02,-1.700000000000000122e-04,0.000000000000000000e+00,4.979999999999999982e-01,2.999999999999999889e-01,0.000000000000000000e+00,5.010000000000000009e-01,0.000000000000000000e+00,4.979999999999999982e-01,-2.999999999999999889e-01,0.000000000000000000e+00,5.010000000000000009e-01,0.000000000000000000e+00
-8.605261509902782757e-17,-5.382323530073887442e-17,7.889620000000000521e-01,-0.000000000000000000e+00,8.727000000000000382e-03,0.000000000000000000e+00,9.999620000000000175e-01,-1.528999999999999977e-02,1.469999999999999953e-04,-2.599999999999999840e-05,-8.722000000000000586e-02,8.505699999999999372e-02,-1.489999999999999897e-04,-1.526800000000000032e-02,1.679999999999999907e-04,-2.900000000000000017e-05,-8.726699999999999735e-02,8.508200000000000485e-02,-1.700000000000000122e-04,0.000000000000000000e+00,4.979999999999999982e-01,2.999999999999999889e-01,0.000000000000000000e+00,5.010000000000000009e-01,0.000000000000000000e+00,4.979999999999999982e-01,-2.999999999999999889e-01,0.000000000000000000e+00,5.010000000000000009e-01,0.000000000000000000e+00
-8.605261509902782757e-17,-5.382323530073887442e-17,7.889620000000000521e-01,-0.000000000000000000e+00,8.727000000000000382e-03,0.000000000000000000e+00,9.999620000000000175e-01,-1.528999999999999977e-02,1.469999999999999953e-04,-2.599999999999999840e-05,-8.722000000000000586e-02,8.505699999999999372e-02,-1.489999999999999897e-04,-1.526800000000000032e-02,1.679999999999999907e-04,-2.900000000000000017e-05,-8.726699999999999735e-02,8.508200000000000485e-02,-1.700000000000000122e-04,0.000000000000000000e+00,4.979999999999999982e-01,2.999999999999999889e-01,0.000000000000000000e+00,5.010000000000000009e-01,0.000000000000000000e+00,4.979999999999999982e-01,-2.999999999999999889e-01,0.000000000000000000e+00,5.010000000000000009e-01,0.000000000000000000e+00
-8.605261509902782757e-17,-5.382323530073887442e-17,7.889620000000000521e-01,-0.000000000000000000e+00,8.727000000000000382e-03,0.000000000000000000e+00,9.999620000000000175e-01,-1.528999999999999977e-02,1.469999999999999953e-04,-2.599999999999999840e-05,-8.722000000000000586e-02,8.505699999999999372e-02,-1.489999999999999897e-04,-1.526800000000000032e-02,1.679999999999999907e-04,-2.900000000000000017e-05,-8.726699999999999735e-02,8.508200000000000485e-02,-1.700000000000000122e-04,0.000000000000000000e+00,4.979999999999999982e-01,2.999999999999999889e-01,0.000000000000000000e+00,5.010000000000000009e-01,0.000000000000000000e+00,4.979999999999999982e-01,-2.999999999999999889e-01,0.000000000000000000e+00,5.010000000000000009e-01,0.000000000000000000e+00
-8.605261509902782757e-17,-5.382323530073887442e-17,7.889620000000000521e-01,-0.000000000000000000e+00,8.727000000000000382e-03,0.000000000000000000e+00,9.999620000000000175e-01,-1.528999999999999977e-02,1.469999999999999953e-04,-2.599999999999999840e-05,-8.722000000000000586e-02,8.505699999999999372e-02,-1.489999999999999897e-04,-1.526800000000000032e-02,1.679999999999999907e-04,-2.900000000000000017e-05,-8.726699999999999735e-02,8.508200000000000485e-02,-1.700000000000000122e-04,0.000000000000000000e+00,4.979999999999999982e-01,2.999999999999999889e-01,0.000000000000000000e+00,5.010000000000000009e-01,0.000000000000000000e+00,4.979999999999999982e-01,-2.999999999999999889e-01,0.000000000000000000e+00,5.010000000000000009e-01,0.000000000000000000e+00
-8.605261509902782757e-17,-5.382323530073887442e-17,7.889620000000000521e-01,-0.000000000000000000e+00,8.727000000000000382e-03,0.000000000000000000e+00,9.999620000000000175e-01,-1.528999999999999977e-02,1.469999999999999953e-04,-2.599999999999999840e-05,-8.722000000000000586e-02,8.505699999999999372e-02,-1.489999999999999897e-04,-1.526800000000000032e-02,1.679999999999999907e-04,-2.900000000000000017e-05,-8.726699999999999735e-02,8.508200000000000485e-02,-1.700000000000000122e-04,0.000000000000000000e+00,4.979999999999999982e-01,2.999999999999999889e-01,0.000000000000000000e+00,5.010000000000000009e-01,0.000000000000000000e+00,4.979999999999999982e-01,-2.999999999999999889e-01,0.000000000000000000e+00,5.010000000000000009e-01,0.000000000000000000e+00
-8.605261509902782757e-17,-5.382323530073887442e-17,7.889620000000000521e-01,-0.000000000000000000e+00,8.727000000000000382e-03,0.000000000000000000e+00,9.999620000000000175e-01,-1.528999999999999977e-02,1.469999999999999953e-04,-2.599999999999999840e-05,-8.722000000000000586e-02,8.505699999999999372e-02,-1.489999999999999897e-04,-1.526800000000000032e-02,1.679999999999999907e-04,-2.900000000000000017e-05,-8.726699999999999735e-02,8.508200000000000485e-02,-1.700000000000000122e-04,0.000000000000000000e+00,4.979999999999999982e-01,2.999999999999999889e-01,0.000000000000000000e+00,5.010000000000000009e-01,0.000000000000000000e+00,4.979999999999999982e-01,-2.999999999999999889e-01,0.000000000000000000e+00,5.010000000000000009e-01,0.000000000000000000e+00
-8.605261509902782757e-17,-5.382323530073887442e-17,7.889620000000000521e-01,-0.000000000000000000e+00,8.727000000000000382e-03,0.000000000000000000e+00,9.999620000000000175e-01,-1.528999999999999977e-02,1.469999999999999953e-04,-2.599999999999999840e-05,-8.722000000000000586e-02,8.505699999999999372e-02,-1.489999999999999897e-04,-1.526800000000000032e-02,1.679999999999999907e-04,-2.900000000000000017e-05,-8.726699999999999735e-02,8.508200000000000485e-02,-1.700000000000000122e-04,0.000000000000000000e+00,4.979999999999999982e-01,2.999999999999999889e-01,0.000000000000000000e+00,5.010000000000000009e-01,0.000000000000000000e+00,4.979999999999999982e-01,-2.999999999999999889e-01,0.000000000000000000e+00,5.010000000000000009e-01,0.000000000000000000e+00
-8.605261509902782757e-17,-5.382323530073887442e-17,7.889620000000000521e-01,-0.000000000000000000e+00,8.727000000000000382e-03,0.000000000000000000e+00,9.999620000000000175e-01,-1.528999999999999977e-02,1.469999999999999953e-04,-2.599999999999999840e-05,-8.722000000000000586e-02,8.505699999999999372e-02,-1.489999999999999897e-04,-1.526800000000000032e-02,1.679999999999999907e-04,-2.900000000000000017e-05,-8.726699999999999735e-02,8.508200000000000485e-02,-1.700000000000000122e-04,0.000000000000000000e+00,4.979999999999999982e-01,2.999999999999999889e-01,0.000000000000000000e+00,5.010000000000000009e-01,0.000000000000000000e+00,4.979999999999999982e-01,-2.999999999999999889e-01,0.000000000000000000e+00,5.010000000000000009e-01,0.000000000000000000e+00
-8.605261509902782757e-17,-5.382323530073887442e-17,7.889620000000000521e-01,-0.000000000000000000e+00,8.727000000000000382e-03,0.000000000000000000e+00,9.999620000000000175e-01,-1.528999999999999977e-02,1.469999999999999953e-04,-2.599999999999999840e-05,-8.722000000000000586e-02,8.505699999999999372e-02,-1.489999999999999897e-04,-1.526800000000000032e-02,1.679999999999999907e-04,-2.900000000000000017e-05,-8.726699999999999735e-02,8.508200000000000485e-02,-1.700000000000000122e-04,0.000000000000000000e+00,4.979999999999999982e-01,2.999999999999999889e-01,0.000000000000000000e+00,5.010000000000000009e-01,0.000000000000000000e+00,4.979999999999999982e-01,-2.999999999999999889e-01,0.000000000000000000e+00,5.010000000000000009e-01,0.000000000000000000e+00
-8.605261509902782757e-17,-5.382323530073887442e-17,7.889620000000000521e-01,-0.000000000000000000e+00,8.727000000000000382e-03,0.000000000000000000e+00,9.999620000000000175e-01,-1.528999999999999977e-02,1.469999999999999953e-04,-2.599999999999999840e-05,-8.722000000000000586e-02,8.505699999999999372e-02,-1.489999999999999897e-04,-1.526800000000000032e-02,1.679999999999999907e-04,-2.900000000000000017e-05,-8.726699999999999735e-02,8.508200000000000485e-02,-1.700000000000000122e-04,0.000000000000000000e+00,4.979999999999999982e-01,2.999999999999999889e-01,0.000000000000000000e+00,5.010000000000000009e-01,0.000000000000000000e+00,4.979999999999999982e-01,-2.999999999999999889e-01,0.000000000000000000e+00,5.010000000000000009e-01,0.000000000000000000e+00
-8.605261509902782757e-17,-5.382323530073887442e-17,7.889620000000000521e-01,-0.000000000000000000e+00,8.727000000000000382e-03,0.000000000000000000e+00,9.999620000000000175e-01,-1.528999999999999977e-02,1.469999999999999953e-04,-2.599999999999999840e-05,-8.722000000000000586e-02,8.505699999999999372e-02,-1.489999999999999897e-04,-1.526800000000000032e-02,1.679999999999999907e-04,-2.900000000000000017e-05,-8.726699999999999735e-02,8.508200000000000485e-02,-1.700000000000000122e-04,0.000000000000000000e+00,4.979999999999999982e-01,2.999999999999999889e-01,0.000000000000000000e+00,5.010000000000000009e-01,0.000000000000000000e+00,4.979999999999999982e-01,-2.999999999999999889e-01,0.000000000000000000e+00,5.010000000000000009e-01,0.000000000000000000e+00
-8.605261509902782757e-17,-5.382323530073887442e-17,7.889620000000000521e-01,-0.000000000000000000e+00,8.727000000000000382e-03,0.000000000000000000e+00,9.999620000000000175e-01,-1.528999999999999977e-02,1.469999999999999953e-04,-2.599999999999999840e-05,-8.722000000000000586e-02,8.505699999999999372e-02,-1.489999999999999897e-04,-1.526800000000000032e-02,1.679999999999999907e-04,-2.900000000000000017e-05,-8.726699999999999735e-02,8.508200000000000485e-02,-1.700000000000000122e-04,0.000000000000000000e+00,4.979999999999999982e-01,2.999999999999999889e-01,0.000000000000000000e+00,5.010000000000000009e-01,0.000000000000000000e+00,4.979999999999999982e-01,-2.999999999999999889e-01,0.000000000000000000e+00,5.010000000000000009e-01,0.000000000000000000e+00
-8.605261509902782757e-17,-5.382323530073887442e-17,7.889620000000000521e-01,-0.000000000000000000e+00,8.727000000000000382e-03,0.000000000000000000e+00,9.999620000000000175e-01,-1.528999999999999977e-02,1.469999999999999953e-04,-2.599999999999999840e-05,-8.722000000000000586e-02,8.505699999999999372e-02,-1.489999999999999897e-04,-1.526800000000000032e-02,1.679999999999999907e-04,-2.900000000000000017e-05,-8.726699999999999735e-02,8.508200000000000485e-02,-1.700000000000000122e-04,0.000000000000000000e+00,4.979999999999999982e-01,2.999999999999999889e-01,0.000000000000000000e+00,5.010000000000000009e-01,0.000000000000000000e+00,4.979999999999999982e-01,-2.999999999999999889e-01,0.000000000000000000e+00,5.010000000000000009e-01,0.000000000000000000e+00
-8.605261509902782757e-17,-5.382323530073887442e-17,7.889620000000000521e-01,-0.000000000000000000e+00,8.727000000000000382e-03,0.000000000000000000e+00,9.999620000000000175e-01,-1.528999999999999977e-02,1.469999999999999953e-04,-2.599999999999999840e-05,-8.722000000000000586e-02,8.505699999999999372e-02,-1.489999999999999897e-04,-1.526800000000000032e-02,1.679999999999999907e-04,-2.900000000000000017e-05,-8.726699999999999735e-02,8.508200000000000485e-02,-1.700000000000000122e-04,0.000000000000000000e+00,4.979999999999999982e-01,2.999999999999999889e-01,0.000000000000000000e+00,5.010000000000000009e-01,0.000000000000000000e+00,4.979999999999999982e-01,-2.999999999999999889e-01,0.000000000000000000e+00,5.010000000000000009e-01,0.000000000000000000e+00
-8.605261509902782757e-17,-5.382323530073887442e-17,7.889620000000000521e-01,-0.000000000000000000e+00,8.727000000000000382e-03,0.000000000000000000e+00,9.999620000000000175e-01,-1.528999999999999977e-02,1.469999999999999953e-04,-2.599999999999999840e-05,-8.722000000000000586e-02,8.505699999999999372e-02,-1.489999999999999897e-04,-1.526800000000000032e-02,1.679999999999999907e-04,-2.900000000000000017e-05,-8.726699999999999735e-02,8.508200000000000485e-02,-1.700000000000000122e-04,0.000000000000000000e+00,4.979999999999999982e-01,2.999999999999999889e-01,0.000000000000000000e+00,5.010000000000000009e-01,0.000000000000000000e+00,4.979999999999999982e-01,-2.999999999999999889e-01,0.000000000000000000e+00,5.010000000000000009e-01,0.000000000000000000e+00
-8.605261509902782757e-17,-5.382323530073887442e-17,7.889620000000000521e-01,-0.000000000000000000e+00,8.727000000000000382e-03,0.000000000000000000e+00,9.999620000000000175e-01,-1.528999999999999977e-02,1.469999999999999953e-04,-2.599999999999999840e-05,-8.722000000000000586e-02,8.505699999999999372e-02,-1.489999999999999897e-04,-1.526800000000000032e-02,1.679999999999999907e-04,-2.900000000000000017e-05,-8.726699999999999735e-02,8.508200000000000485e-02,-1.700000000000000122e-04,0.000000000000000000e+00,4.979999999999999982e-01,2.999999999999999889e-01,0.000000000000000000e+00,5.010000000000000009e-01,0.000000000000000000e+00,4.979999999999999982e-01,-2.999999999999999889e-01,0.000000000000000000e+00,5.010000000000000009e-01,0.000000000000000000e+00
-8.605261509902782757e-17,-5.382323530073887442e-17,7.889620000000000521e-01,-0.000000000000000000e+00,8.727000000000000382e-03,0.000000000000000000e+00,9.999620000000000175e-01,-1.528999999999999977e-02,1.469999999999999953e-04,-2.599999999999999840e-05,-8.722000000000000586e-02,8.505699999999999372e-02,-1.489999999999999897e-04,-1.526800000000000032e-02,1.679999999999999907e-04,-2.900000000000000017e-05,-8.726699999999999735e-02,8.508200000000000485e-02,-1.700000000000000122e-04,0.000000000000000000e+00,4.979999999999999982e-01,2.999999999999999889e-01,0.000000000000000000e+00,5.010000000000000009e-01,0.000000000000000000e+00,4.979999999999999982e-01,-2.999999999999999889e-01,0.000000000000000000e+00,5.010000000000000009e-01,0.000000000000000000e+00
-8.605261509902782757e-17,-5.382323530073887442e-17,7.889620000000000521e-01,-0.000000000000000000e+00,8.727000000000000382e-03,0.000000000000000000e+00,9.999620000000000175e-01,-1.528999999999999977e-02,1.469999999999999953e-04,-2.599999999999999840e-05,-8.722000000000000586e-02,8.505699999999999372e-02,-1.489999999999999897e-04,-1.526800000000000032e-02,1.679999999999999907e-04,-2.900000000000000017e-05,-8.726699999999999735e-02,8.508200000000000485e-02,-1.700000000000000122e-04,0.000000000000000000e+00,4.979999999999999982e-01,2.999999999999999889e-01,0.000000000000000000e+00,5.010000000000000009e-01,0.000000000000000000e+00,4.979999999999999982e-01,-2.999999999999999889e-01,0.000000000000000000e+00,5.010000000000000009e-01,0.000000000000000000e+00
-8.605261509902782757e-17,-5.382323530073887442e-17,7.889620000000000521e-01,-0.000000000000000000e+00,8.727000000000000382e-03,0.000000000000000000e+00,9.999620000000000175e-01,-1.528999999999999977e-02,1.469999999999999953e-04,-2.599999999999999840e-05,-8.722000000000000586e-02,8.505699999999999372e-02,-1.489999999999999897e-04,-1.526800000000000032e-02,1.679999999999999907e-04,-2.900000000000000017e-05,-8.726699999999999735e-02,8.508200000000000485e-02,-1.700000000000000122e-04,0.000000000000000000e+00,4.979999999999999982e-01,2.999999999999999889e-01,0.000000000000000000e+00,5.010000000000000009e-01,0.000000000000000000e+00,4.979999999999999982e-01,-2.999999999999999889e-01,0.000000000000000000e+00,5.010000000000000009e-01,0.000000000000000000e+00
-8.605261509902782757e-17,-5.382323530073887442e-17,7.889620000000000521e-01,-0.000000000000000000e+00,8.727000000000000382e-03,0.000000000000000000e+00,9.999620000000000175e-01,-1.528999999999999977e-02,1.469999999999999953e-04,-2.599999999999999840e-05,-8.722000000000000586e-02,8.505699999999999372e-02,-1.489999999999999897e-04,-1.526800000000000032e-02,1.679999999999999907e-04,-2.900000000000000017e-05,-8.726699999999999735e-02,8.508200000000000485e-02,-1.700000000000000122e-04,0.000000000000000000e+00,4.979999999999999982e-01,2.999999999999999889e-01,0.000000000000000000e+00,5.010000000000000009e-01,0.000000000000000000e+00,4.979999999999999982e-01,-2.999999999999999889e-01,0.000000000000000000e+00,5.010000000000000009e-01,0.000000000000000000e+00
-8.605261509902782757e-17,-5.382323530073887442e-17,7.889620000000000521e-01,-0.000000000000000000e+00,8.727000000000000382e-03,0.000000000000000000e+00,9.999620000000000175e-01,-1.528999999999999977e-02,1.469999999999999953e-04,-2.599999999999999840e-05,-8.722000000000000586e-02,8.505699999999999372e-02,-1.489999999999999897e-04,-1.526800000000000032e-02,1.679999999999999907e-04,-2.900000000000000017e-05,-8.726699999999999735e-02,8.508200000000000485e-02,-1.700000000000000122e-04,0.000000000000000000e+00,4.979999999999999982e-01,2.999999999999999889e-01,0.000000000000000000e+00,5.010000000000000009e-01,0.000000000000000000e+00,4.979999999999999982e-01,-2.999999999999999889e-01,0.000000000000000000e+00,5.010000000000000009e-01,0.000000000000000000e+00
-8.605261509902782757e-17,-5.382323530073887442e-17,7.889620000000000521e-01,-0.000000000000000000e+00,8.727000000000000382e-03,0.000000000000000000e+00,9.999620000000000175e-01,-1.528999999999999977e-02,1.469999999999999953e-04,-2.599999999999999840e-05,-8.722000000000000586e-02,8.505699999999999372e-02,-1.489999999999999897e-04,-1.526800000000000032e-02,1.679999999999999907e-04,-2.900000000000000017e-05,-8.726699999999999735e-02,8.508200000000000485e-02,-1.700000000000000122e-04,0.000000000000000000e+00,4.979999999999999982e-01,2.999999999999999889e-01,0.000000000000000000e+00,5.010000000000000009e-01,0.000000000000000000e+00,4.979999999999999982e-01,-2.999999999999999889e-01,0.000000000000000000e+00,5.010000000000000009e-01,0.000000000000000000e+00
-8.605261509902782757e-17,-5.382323530073887442e-17,7.889620000000000521e-01,-0.000000000000000000e+00,8.727000000000000382e-03,0.000000000000000000e+00,9.999620000000000175e-01,-1.528999999999999977e-02,1.469999999999999953e-04,-2.599999999999999840e-05,-8.722000000000000586e-02,8.505699999999999372e-02,-1.489999999999999897e-04,-1.526800000000000032e-02,1.679999999999999907e-04,-2.900000000000000017e-05,-8.726699999999999735e-02,8.508200000000000485e-02,-1.700000000000000122e-04,0.000000000000000000e+00,4.979999999999999982e-01,2.999999999999999889e-01,0.000000000000000000e+00,5.010000000000000009e-01,0.000000000000000000e+00,4.979999999999999982e-01,-2.999999999999999889e-01,0.000000000000000000e+00,5.010000000000000009e-01,0.000000000000000000e+00
-8.605261509902782757e-17,-5.382323530073887442e-17,7.889620000000000521e-01,-0.000000000000000000e+00,8.727000000000000382e-03,0.000000000000000000e+00,9.999620000000000175e-01,-1.528999999999999977e-02,1.469999999999999953e-04,-2.599999999999999840e-05,-8.722000000000000586e-02,8.505699999999999372e-02,-1.489999999999999897e-04,-1.526800000000000032e-02,1.679999999999999907e-04,-2.900000000000000017e-05,-8.726699999999999735e-02,8.508200000000000485e-02,-1.700000000000000122e-04,0.000000000000000000e+00,4.979999999999999982e-01,2.999999999999999889e-01,0.000000000000000000e+00,5.010000000000000009e-01,0.000000000000000000e+00,4.979999999999999982e-01,-2.999999999999999889e-01,0.000000000000000000e+00,5.010000000000000009e-01,0.000000000000000000e+00
-8.605261509902782757e-17,-5.382323530073887442e-17,7.889620000000000521e-01,-0.000000000000000000e+00,8.727000000000000382e-03,0.000000000000000000e+00,9.999620000000000175e-01,-1.528999999999999977e-02,1.469999999999999953e-04,-2.599999999999999840e-05,-8.722000000000000586e-02,8.505699999999999372e-02,-1.489999999999999897e-04,-1.526800000000000032e-02,1.679999999999999907e-04,-2.900000000000000017e-05,-8.726699999999999735e-02,8.508200000000000485e-02,-1.700000000000000122e-04,0.000000000000000000e+00,4.979999999999999982e-01,2.999999999999999889e-01,0.000000000000000000e+00,5.010000000000000009e-01,0.000000000000000000e+00,4.979999999999999982e-01,-2.999999999999999889e-01,0.000000000000000000e+00,5.010000000000000009e-01,0.000000000000000000e+00
-8.605261509902782757e-17,-5.382323530073887442e-17,7.889620000000000521e-01,-0.000000000000000000e+00,8.727000000000000382e-03,0.000000000000000000e+00,9.999620000000000175e-01,-1.528999999999999977e-02,1.469999999999999953e-04,-2.599999999999999840e-05,-8.722000000000000586e-02,8.505699999999999372e-02,-1.489999999999999897e-04,-1.526800000000000032e-02,1.679999999999999907e-04,-2.900000000000000017e-05,-8.726699999999999735e-02,8.508200000000000485e-02,-1.700000000000000122e-04,0.000000000000000000e+00,4.979999999999999982e-01,2.999999999999999889e-01,0.000000000000000000e+00,5.010000000000000009e-01,0.000000000000000000e+00,4.979999999999999982e-01,-2.999999999999999889e-01,0.000000000000000000e+00,5.010000000000000009e-01,0.000000000000000000e+00
-8.605261509902782757e-17,-5.382323530073887442e-17,7.889620000000000521e-01,-0.000000000000000000e+00,8.727000000000000382e-03,0.000000000000000000e+00,9.999620000000000175e-01,-1.528999999999999977e-02,1.469999999999999953e-04,-2.599999999999999840e-05,-8.722000000000000586e-02,8.505699999999999372e-02,-1.489999999999999897e-04,-1.526800000000000032e-02,1.679999999999999907e-04,-2.900000000000000017e-05,-8.726699999999999735e-02,8.508200000000000485e-02,-1.700000000000000122e-04,0.000000000000000000e+00,4.979999999999999982e-01,2.999999999999999889e-01,0.000000000000000000e+00,5.010000000000000009e-01,0.000000000000000000e+00,4.979999999999999982e-01,-2.999999999999999889e-01,0.000000000000000000e+00,5.010000000000000009e-01,0.000000000000000000e+00
-8.605261509902782757e-17,-5.382323530073887442e-17,7.889620000000000521e-01,-0.000000000000000000e+00,8.727000000000000382e-03,0.000000000000000000e+00,9.999620000000000175e-01,-1.528999999999999977e-02,1.469999999999999953e-04,-2.599999999999999840e-05,-8.722000000000000586e-02,8.505699999999999372e-02,-1.489999999999999897e-04,-1.526800000000000032e-02,1.679999999999999907e-04,-2.900000000000000017e-05,-8.726699999999999735e-02,8.508200000000000485e-02,-1.700000000000000122e-04,0.000000000000000000e+00,4.979999999999999982e-01,2.999999999999999889e-01,0.000000000000000000e+00,5.010000000000000009e-01,0.000000000000000000e+00,4.979999999999999982e-01,-2.999999999999999889e-01,0.000000000000000000e+00,5.010000000000000009e-01,0.000000000000000000e+00
-8.605261509902782757e-17,-5.382323530073887442e-17,7.889620000000000521e-01,-0.000000000000000000e+00,8.727000000000000382e-03,0.000000000000000000e+00,9.999620000000000175e-01,-1.528999999999999977e-02,1.469999999999999953e-04,-2.599999999999999840e-05,-8.722000000000000586e-02,8.505699999999999372e-02,-1.489999999999999897e-04,-1.526800000000000032e-02,1.679999999999999907e-04,-2.900000000000000017e-05,-8.726699999999999735e-02,8.508200000000000485e-02,-1.700000000000000122e-04,0.000000000000000000e+00,4.979999999999999982e-01,2.999999999999999889e-01,0.000000000000000000e+00,5.010000000000000009e-01,0.000000000000000000e+00,4.979999999999999982e-01,-2.999999999999999889e-01,0.000000000000000000e+00,5.010000000000000009e-01,0.000000000000000000e+00
-8.605261509902782757e-17,-5.382323530073887442e-17,7.889620000000000521e-01,-0.000000000000000000e+00,8.727000000000000382e-03,0.000000000000000000e+00,9.999620000000000175e-01,-1.528999999999999977e-02,1.469999999999999953e-04,-2.599999999999999840e-05,-8.722000000000000586e-02,8.505699999999999372e-02,-1.489999999999999897e-04,-1.526800000000000032e-02,1.679999999999999907e-04,-2.900000000000000017e-05,-8.726699999999999735e-02,8.508200000000000485e-02,-1.700000000000000122e-04,0.000000000000000000e+00,4.979999999999999982e-01,2.999999999999999889e-01,0.000000000000000000e+00,5.010000000000000009e-01,0.000000000000000000e+00,4.979999999999999982e-01,-2.999999999999999889e-01,0.000000000000000000e+00,5.010000000000000009e-01,0.000000000000000000e+00
-8.605261509902782757e-17,-5.382323530073887442e-17,7.889620000000000521e-01,-0.000000000000000000e+00,8.727000000000000382e-03,0.000000000000000000e+00,9.999620000000000175e-01,-1.528999999999999977e-02,1.469999999999999953e-04,-2.599999999999999840e-05,-8.722000000000000586e-02,8.505699999999999372e-02,-1.489999999999999897e-04,-1.526800000000000032e-02,1.679999999999999907e-04,-2.900000000000000017e-05,-8.726699999999999735e-02,8.508200000000000485e-02,-1.700000000000000122e-04,0.000000000000000000e+00,4.979999999999999982e-01,2.999999999999999889e-01,0.000000000000000000e+00,5.010000000000000009e-01,0.000000000000000000e+00,4.979999999999999982e-01,-2.999999999999999889e-01,0.000000000000000000e+00,5.010000000000000009e-01,0.000000000000000000e+00
-8.605261509902782757e-17,-5.382323530073887442e-17,7.889620000000000521e-01,-0.000000000000000000e+00,8.727000000000000382e-03,0.000000000000000000e+00,9.999620000000000175e-01,-1.528999999999999977e-02,1.469999999999999953e-04,-2.599999999999999840e-05,-8.722000000000000586e-02,8.505699999999999372e-02,-1.489999999999999897e-04,-1.526800000000000032e-02,1.679999999999999907e-04,-2.900000000000000017e-05,-8.726699999999999735e-02,8.508200000000000485e-02,-1.700000000000000122e-04,0.000000000000000000e+00,4.979999999999999982e-01,2.999999999999999889e-01,0.000000000000000000e+00,5.010000000000000009e-01,0.000000000000000000e+00,4.979999999999999982e-01,-2.999999999999999889e-01,0.000000000000000000e+00,5.010000000000000009e-01,0.000000000000000000e+00
-8.605261509902782757e-17,-5.382323530073887442e-17,7.889620000000000521e-01,-0.000000000000000000e+00,8.727000000000000382e-03,0.000000000000000000e+00,9.999620000000000175e-01,-1.528999999999999977e-02,1.469999999999999953e-04,-2.599999999999999840e-05,-8.722000000000000586e-02,8.505699999999999372e-02,-1.489999999999999897e-04,-1.526800000000000032e-02,1.679999999999999907e-04,-2.900000000000000017e-05,-8.726699999999999735e-02,8.508200000000000485e-02,-1.700000000000000122e-04,0.000000000000000000e+00,4.979999999999999982e-01,2.999999999999999889e-01,0.000000000000000000e+00,5.010000000000000009e-01,0.000000000000000000e+00,4.979999999999999982e-01,-2.999999999999999889e-01,0.000000000000000000e+00,5.010000000000000009e-01,0.000000000000000000e+00
-8.605261509902782757e-17,-5.382323530073887442e-17,7.889620000000000521e-01,-0.000000000000000000e+00,8.727000000000000382e-03,0.000000000000000000e+00,9.999620000000000175e-01,-1.528999999999999977e-02,1.469999999999999953e-04,-2.599999999999999840e-05,-8.722000000000000586e-02,8.505699999999999372e-02,-1.489999999999999897e-04,-1.526800000000000032e-02,1.679999999999999907e-04,-2.900000000000000017e-05,-8.726699999999999735e-02,8.508200000000000485e-02,-1.700000000000000122e-04,0.000000000000000000e+00,4.979999999999999982e-01,2.999999999999999889e-01,0.000000000000000000e+00,5.010000000000000009e-01,0.000000000000000000e+00,4.979999999999999982e-01,-2.999999999999999889e-01,0.000000000000000000e+00,5.010000000000000009e-01,0.000000000000000000e+00
-8.605261509902782757e-17,-5.382323530073887442e-17,7.889620000000000521e-01,-0.000000000000000000e+00,8.727000000000000382e-03,0.000000000000000000e+00,9.999620000000000175e-01,-1.528999999999999977e-02,1.469999999999999953e-04,-2.599999999999999840e-05,-8.722000000000000586e-02,8.505699999999999372e-02,-1.489999999999999897e-04,-1.526800000000000032e-02,1.679999999999999907e-04,-2.900000000000000017e-05,-8.726699999999999735e-02,8.508200000000000485e-02,-1.700000000000000122e-04,0.000000000000000000e+00,4.979999999999999982e-01,2.999999999999999889e-01,0.000000000000000000e+00,5.010000000000000009e-01,0.000000000000000000e+00,4.979999999999999982e-01,-2.999999999999999889e-01,0.000000000000000000e+00,5.010000000000000009e-01,0.000000000000000000e+00
-8.605261509902782757e-17,-5.382323530073887442e-17,7.889620000000000521e-01,-0.000000000000000000e+00,8.727000000000000382e-03,0.000000000000000000e+00,9.999620000000000175e-01,-1.528999999999999977e-02,1.469999999999999953e-04,-2.599999999999999840e-05,-8.722000000000000586e-02,8.505699999999999372e-02,-1.489999999999999897e-04,-1.526800000000000032e-02,1.679999999999999907e-04,-2.900000000000000017e-05,-8.726699999999999735e-02,8.508200000000000485e-02,-1.700000000000000122e-04,0.000000000000000000e+00,4.979999999999999982e-01,2.999999999999999889e-01,0.000000000000000000e+00,5.010000000000000009e-01,0.000000000000000000e+00,4.979999999999999982e-01,-2.999999999999999889e-01,0.000000000000000000e+00,5.010000000000000009e-01,0.000000000000000000e+00
-8.605261509902782757e-17,-5.382323530073887442e-17,7.881094254860772086e-01,-2.023284881468219790e-03,8.461982706694688716e-03,1.050597824789452350e-03,9.999616723250888128e-01,-3.700528056925450615e-02,2.739274397340403511e-03,-9.138035452414242001e-04,-6.661099859661552547e-02,7.978541581078893441e-02,-2.374427687631513496e-03,-1.353211650043149167e-02,7.637243015957632941e-03,-6.340465976686182441e-03,-6.931665499078122628e-02,6.945317006052645348e-02,-3.094047535521192004e-03,1.850974381917966458e-03,4.843117004960309502e-01,2.952385771187868713e-01,-6.801989368752520311e-03,5.086280320762256446e-01,3.160874432697308861e-02,4.779130712812543202e-01,-2.919823392836830567e-01,4.528418629405806320e-03,5.112760738794713822e-01,-3.576792551505868223e-02
-8.605261509902782757e-17,-5.382323530073887442e-17,7.872568509721542540e-01,-4.046559105380810768e-03,8.196920840303177636e-03,2.101190115605481527e-03,9.999560774002479446e-01,-5.872056113850901427e-02,5.331548794680807460e-03,-1.801607090482848419e-03,-4.600199719323103814e-02,7.451383162157786122e-02,-4.599855375263027166e-03,-1.179623300086298301e-02,1.510648603191526614e-02,-1.265193195337236537e-02,-5.136630998156242051e-02,5.382434012105287435e-02,-6.018095071042383996e-03,3.701948763835932917e-03,4.706234009920617911e-01,2.904771542375737536e-01,-1.360397873750504062e-02,5.162560641524511773e-01,6.321748865394617722e-02,4.578261425625085868e-01,-2.839646785673660689e-01,9.056837258811612640e-03,5.215521477589426524e-01,-7.153585103011736446e-02
-8.605261509902782757e-17,-5.382323530073887442e-17,7.864042764582316325e-01,-6.069812014238282379e-03,7.931815797026078863e-03,3.151771338503815082e-03,9.999452152549488382e-01,-8.043584170776352238e-02,7.923823192021211409e-03,-2.689410635724272854e-03,-2.539299578984655775e-02,6.924224743236680191e-02,-6.825283062894541702e-03,-1.006034950129447436e-02,2.257572904787290280e-02,-1.896339793005855090e-02,-3.341596497234364249e-02,3.819551018157932298e-02,-8.942142606563575555e-03,5.552923145753899808e-03,4.569351014880927431e-01,2.857157313563606915e-01,-2.040596810625756180e-02,5.238840962286768210e-01,9.482623298091927277e-02,4.377392138437629643e-01,-2.759470178510491922e-01,1.358525588821742069e-02,5.318282216384139227e-01,-1.073037765451760467e-01
-8.605261509902782757e-17,-5.382323530073887442e-17,7.855517019443087889e-01,-8.093032950653420571e-03,7.666668973291433306e-03,4.202335959598479422e-03,9.999290859464067260e-01,-1.021511222770180305e-01,1.051609758936161362e-02,-3.577214180965696856e-03,-4.783994386462070425e-03,6.397066324315574259e-02,-9.050710750526054504e-03,-8.324466001725969178e-03,3.004497206383053426e-02,-2.527486390674472949e-02,-1.546561996312485754e-02,2.256668024210575774e-02,-1.186619014208476798e-02,7.403897527671865833e-03,4.432468019841237505e-01,2.809543084751475739e-01,-2.720795747501008124e-02,5.315121283049024647e-01,1.264349773078923544e-01,4.176522851250173418e-01,-2.679293571347322045e-01,1.811367451762322528e-02,5.421042955178853040e-01,-1.430717020602347289e-01
-8.605261509902782757e-17,-5.382323530073887442e-17,7.846991274303859454e-01,-1.011621125740742172e-02,7.401481765747361038e-03,5.252878445090949228e-03,9.999076895595822023e-01,-1.238664028462725386e-01,1.310837198670201757e-02,-4.465017726207120424e-03,1.582500701692240996e-02,5.869907905394468328e-02,-1.127613843815756731e-02,-6.588582502157460524e-03,3.751421507978816572e-02,-3.158632988343091502e-02,2.484725046093913536e-03,6.937850302632213306e-03,-1.479023767760595867e-02,9.254871909589831858e-03,4.295585024801546470e-01,2.761928855939344563e-01,-3.400994684376260069e-02,5.391401603811281085e-01,1.580437216348654361e-01,3.975653564062716638e-01,-2.599116964184152723e-01,2.264209314702903333e-02,5.523803693973565743e-01,-1.788396275752933973e-01
-8.605261509902782757e-17,-5.382323530073887442e-17,7.838465529164629908e-01,-1.213933627750603955e-02,7.136255571254699996e-03,6.303393261299300790e-03,9.998810262071797794e-01,-1.455816834155270467e-01,1.570064638404242152e-02,-5.352821271448545727e-03,3.643400842030690423e-02,5.342749486473361009e-02,-1.350156612578908358e-02,-4.852699002588950136e-03,4.498345809574580412e-02,-3.789779586011710055e-02,2.043507005531271237e-02,-8.690979636841358880e-03,-1.771428521312715110e-02,1.110584629150779962e-02,4.158702029761855434e-01,2.714314627127213386e-01,-4.081193621251512360e-02,5.467681924573537522e-01,1.896524659618385455e-01,3.774784276875259303e-01,-2.518940357020982845e-01,2.717051177643484139e-02,5.626564432768278445e-01,-2.146075530903520934e-01
-8.605261509902782757e-17,-5.382323530073887442e-17,7.829939784025401472e-01,-1.416239735423569825e-02,6.870991786879653354e-03,7.353874874687352757e-03,9.998490960296475549e-01,-1.672969639847815548e-01,1.829292078138282374e-02,-6.240624816689968428e-03,5.704300982369137074e-02,4.815591067552255078e-02,-1.572699381342059291e-02,-3.116815503020444085e-03,5.245270111170342864e-02,-4.420926183680327914e-02,3.838541506453147650e-02,-2.431980957631490331e-02,-2.063833274864834352e-02,1.295682067342576391e-02,4.021819034722164399e-01,2.666700398315082210e-01,-4.761392558126763958e-02,5.543962245335792849e-01,2.212612102888115995e-01,3.573914989687802524e-01,-2.438763749857813523e-01,3.169893040584064597e-02,5.729325171562991148e-01,-2.503754786054107617e-01
-8.605261509902782757e-17,-5.382323530073887442e-17,7.821414038886174147e-01,-1.618538383121966018e-02,6.605691809886420421e-03,8.404317751893822935e-03,9.998118991951756573e-01,-1.890122445540360629e-01,2.088519517872322942e-02,-7.128428361931393731e-03,7.765201122707585113e-02,4.288432648631148453e-02,-1.795242150105210918e-02,-1.380932003451936299e-03,5.992194412766106704e-02,-5.052072781348946467e-02,5.633576007375026840e-02,-3.994863951578847550e-02,-2.356238028416953595e-02,1.480779505534373167e-02,3.884936039682473918e-01,2.619086169502951589e-01,-5.441591495002016249e-02,5.620242566098049286e-01,2.528699546157847089e-01,3.373045702500345744e-01,-2.358587142694644201e-01,3.622734903524645056e-02,5.832085910357704961e-01,-2.861434041204694578e-01
-8.605261509902782757e-17,-5.382323530073887442e-17,7.812888293746945712e-01,-1.820828505247412341e-02,6.340357037729848350e-03,9.454716359761463837e-03,9.997694358996971342e-01,-2.107275251232905711e-01,2.347746957606363510e-02,-8.016231907172818166e-03,9.826101263046034540e-02,3.761274229710041828e-02,-2.017784918868362198e-02,3.549514961165723542e-04,6.739118714361869156e-02,-5.683219379017565021e-02,7.428610508296909498e-02,-5.557746945526204768e-02,-2.648642781969072837e-02,1.665876943726169943e-02,3.748053044642783438e-01,2.571471940690820412e-01,-6.121790431877268540e-02,5.696522886860304613e-01,2.844786989427577906e-01,3.172176415312889519e-01,-2.278410535531474879e-01,4.075576766465226208e-02,5.934846649152417664e-01,-3.219113296355281539e-01
-8.605261509902782757e-17,-5.382323530073887442e-17,7.804362548607717276e-01,-2.023109036246436773e-02,6.074988868048067370e-03,1.050506516536621991e-02,9.997217063668848436e-01,-2.324428056925450792e-01,2.606974397340403385e-02,-8.904035452414240867e-03,1.188700140338448397e-01,3.234115810788935896e-02,-2.240327687631513479e-02,2.090834995685081008e-03,7.486043015957632996e-02,-6.314365976686182880e-02,9.223645009218783830e-02,-7.120629939473559211e-02,-2.941047535521191733e-02,1.850974381917966372e-02,3.611170049603092402e-01,2.523857711878689236e-01,-6.801989368752520138e-02,5.772803207622561050e-01,3.160874432697308722e-01,2.971307128125432739e-01,-2.198233928368305279e-01,4.528418629405806667e-02,6.037607387947130366e-01,-3.576792551505867945e-01
-8.605261509902782757e-17,-5.382323530073887442e-17,7.795836803468488840e-01,-2.225378910616088515e-02,5.809588698655126018e-03,1.155535863604636483e-02,9.996687108481524531e-01,-2.541580862617995873e-01,2.866201837074443953e-02,-9.791838997655665303e-03,1.394790154372293201e-01,2.706957391867829271e-02,-2.462870456394665106e-02,3.826718495253587926e-03,8.232967317553396835e-02,-6.945512574354802127e-02,1.101867951014066371e-01,-8.683512933420917124e-02,-3.233452289073310976e-02,2.036071820109763147e-02,3.474287054563401922e-01,2.476243483066558060e-01,-7.482188305627772429e-02,5.849083528384817487e-01,3.476961875967040094e-01,2.770437840937975960e-01,-2.118057321205135679e-01,4.981260492346387125e-02,6.140368126741844179e-01,-3.934471806656454906e-01
-8.605261509902782757e-17,-5.382323530073887442e-17,7.787311058329260405e-01,-2.427637062909551377e-02,5.544157927533626372e-03,1.260559123943164918e-02,9.996104496226507763e-01,-2.758733668310541232e-01,3.125429276808484175e-02,-1.067964254289709147e-02,1.600880168406138004e-01,2.179798972946722299e-02,-2.685413225157816733e-02,5.562601994822098314e-03,8.979891619149160675e-02,-7.576659172023419986e-02,1.281371401106254360e-01,-1.024639592736827365e-01,-3.525857042625430565e-02,2.221169258301559923e-02,3.337404059523710886e-01,2.428629254254426884e-01,-8.162387242503024720e-02,5.925363849147073925e-01,3.793049319236770911e-01,2.569568553750518625e-01,-2.037880714041966357e-01,5.434102355286968278e-02,6.243128865536556882e-01,-4.292151061807041867e-01
-8.605261509902782757e-17,-5.382323530073887442e-17,7.778785313190031969e-01,-2.629882427741750406e-02,5.278697952827366216e-03,1.365575744347242645e-02,9.995469229972682168e-01,-2.975886474003086035e-01,3.384656716542525090e-02,-1.156744608813851417e-02,1.806970182439982531e-01,1.652640554025616368e-02,-2.907955993920968013e-02,7.298485494390604365e-03,9.726815920744923127e-02,-8.207805769692037845e-02,1.460874851198442070e-01,-1.180927892131562879e-01,-3.818261796177548767e-02,2.406266696493356352e-02,3.200521064484019851e-01,2.381015025442295985e-01,-8.842586179378275624e-02,6.001644169909330362e-01,4.109136762506501728e-01,2.368699266563062122e-01,-1.957704106878797035e-01,5.886944218227548736e-02,6.345889604331269584e-01,-4.649830316957628273e-01
-8.605261509902782757e-17,-5.382323530073887442e-17,7.770259568050803534e-01,-2.832113939794972737e-02,5.013210172833976880e-03,1.470585171646882419e-02,9.994781313066281037e-01,-3.193039279695630839e-01,3.643884156276564618e-02,-1.245524963337993687e-02,2.013060196473827612e-01,1.125482135104510090e-02,-3.130498762684118946e-02,9.034368993959112151e-03,1.047374022234068558e-01,-8.838952367360655704e-02,1.640378301290629504e-01,-1.337216191526298115e-01,-4.110666549729668356e-02,2.591364134685152781e-02,3.063638069444329370e-01,2.333400796630165086e-01,-9.522785116253527915e-02,6.077924490671586799e-01,4.425224205776231989e-01,2.167829979375605620e-01,-1.877527499715627712e-01,6.339786081168129195e-02,6.448650343125983397e-01,-5.007509572108215234e-01
-8.605261509902782757e-17,-5.382323530073887442e-17,7.761733822911575098e-01,-3.034330533824472487e-02,4.747695985997541987e-03,1.575586852709985608e-02,9.994040749130876922e-01,-3.410192085388176197e-01,3.903111596010605533e-02,-1.334305317862136304e-02,2.219150210507672694e-01,5.983237161834031176e-03,-3.353041531447270573e-02,1.077025249352762427e-02,1.122066452393645081e-01,-9.470098965029274951e-02,1.819881751382817769e-01,-1.493504490921034045e-01,-4.403071303281787946e-02,2.776461572876949904e-02,2.926755074404638335e-01,2.285786567818033910e-01,-1.020298405312878021e-01,6.154204811433843236e-01,4.741311649045963916e-01,1.966960692188148285e-01,-1.797350892552457835e-01,6.792627944108710347e-02,6.551411081920696100e-01,-5.365188827258802196e-01
-8.605261509902782757e-17,-5.382323530073887442e-17,7.753208077772346662e-01,-3.236531144664082926e-02,4.482156790901252637e-03,1.680580234445255491e-02,9.993247542067350553e-01,-3.627344891080721556e-01,4.162339035744645754e-02,-1.423085672386278748e-02,2.425240224541517220e-01,7.116529726229683939e-04,-3.575584300210422201e-02,1.250613599309612772e-02,1.196758882553221326e-01,-1.010124556269789281e-01,1.999385201475005480e-01,-1.649792790315769697e-01,-4.695476056833907536e-02,2.961559011068746333e-02,2.789872079364947854e-01,2.238172339005902733e-01,-1.088318299000403250e-01,6.230485132196098563e-01,5.057399092315694178e-01,1.766091405000691783e-01,-1.717174285389288513e-01,7.245469807049290112e-02,6.654171820715408803e-01,-5.722868082409389157e-01
-8.605261509902782757e-17,-5.382323530073887442e-17,7.744682332633119337e-01,-3.438714707231829010e-02,4.216593986260022686e-03,1.785564763805112809e-02,9.992401696053883065e-01,-3.844497696773266360e-01,4.421566475478685976e-02,-1.511866026910421018e-02,2.631330238575361746e-01,-4.559931216588090919e-03,-3.798127068973573134e-02,1.424201949266463638e-02,1.271451312712797432e-01,-1.073239216036651067e-01,2.178888651567193191e-01,-1.806081089710505072e-01,-4.987880810386025737e-02,3.146656449260543109e-02,2.652989084325257374e-01,2.190558110193771835e-01,-1.156338192687928340e-01,6.306765452958355000e-01,5.373486535585424440e-01,1.565222117813235281e-01,-1.636997678226119191e-01,7.698311669989871264e-02,6.756932559510122616e-01,-6.080547337559975007e-01
-8.605261509902782757e-17,-5.382323530073887442e-17,7.736156587493890902e-01,-3.640880156535535733e-02,3.951008970913130053e-03,1.890539887788607668e-02,9.991503215545927130e-01,-4.061650502465811718e-01,4.680793915212726891e-02,-1.600646381434563462e-02,2.837420252609206828e-01,-9.831515405799164109e-03,-4.020669837736724761e-02,1.597790299223314503e-02,1.346143742872373816e-01,-1.136353875803512992e-01,2.358392101659381734e-01,-1.962369389105241002e-01,-5.280285563938146021e-02,3.331753887452339885e-02,2.516106089285565783e-01,2.142943881381640381e-01,-1.224358086375453708e-01,6.383045773720610327e-01,5.689573978855155811e-01,1.364352830625777946e-01,-1.556821071062949313e-01,8.151153532930452417e-02,6.859693298304835318e-01,-6.438226592710563079e-01
-8.605261509902782757e-17,-5.382323530073887442e-17,7.727630842354662466e-01,-3.843026427678440660e-02,3.685403143816849345e-03,1.995505053444332141e-02,9.990552105276189199e-01,-4.278803308158356522e-01,4.940021354946767113e-02,-1.689426735958705905e-02,3.043510266643051354e-01,-1.510309959501022342e-02,-4.243212606499876388e-02,1.771378649180165368e-02,1.420836173031950478e-01,-1.199468535570374778e-01,2.537895551751568890e-01,-2.118657688499976655e-01,-5.572690317490264916e-02,3.516851325644136661e-02,2.379223094245875303e-01,2.095329652569509760e-01,-1.292377980062978937e-01,6.459326094482866765e-01,6.005661422124887183e-01,1.163483543438321582e-01,-1.476644463899779991e-01,8.603995395871032181e-02,6.962454037099548021e-01,-6.795905847861148930e-01
-8.605261509902782757e-17,-5.382323530073887442e-17,7.719105097215434030e-01,-4.045152455864799157e-02,3.419777904037074948e-03,2.100459707873333567e-02,9.989548370254591747e-01,-4.495956113850901326e-01,5.199248794680806640e-02,-1.778207090482848002e-02,3.249600280676896435e-01,-2.037468378422128273e-02,-4.465755375263027321e-02,1.944966999137016234e-02,1.495528603191526584e-01,-1.262583195337236563e-01,2.717399001843756601e-01,-2.274945987894711752e-01,-5.865095071042383118e-02,3.701948763835932743e-02,2.242340099206184822e-01,2.047715423757378583e-01,-1.360397873750504028e-01,6.535606415245123202e-01,6.321748865394617445e-01,9.626142562508648026e-02,-1.396467856736610669e-01,9.056837258811613334e-02,7.065214775894260724e-01,-7.153585103011735891e-01
-8.605261509902782757e-17,-5.382323530073887442e-17,7.710579352076204485e-01,-4.247257176405497964e-02,3.154134650741959728e-03,2.205403298232026799e-02,9.988492015768264398e-01,-4.713108919543446684e-01,5.458476234414848249e-02,-1.866987445006990792e-02,3.455690294710742072e-01,-2.564626797343235592e-02,-4.688298144026178949e-02,2.118555349093867099e-02,1.570221033351102968e-01,-1.325697855104098488e-01,2.896902451935944867e-01,-2.431234287289447404e-01,-6.157499824594503401e-02,3.887046202027730213e-02,2.105457104166493787e-01,2.000101194945247407e-01,-1.428417767438029395e-01,6.611886736007379639e-01,6.637836308664348817e-01,7.617449690634077453e-02,-1.316291249573441069e-01,9.509679121752194486e-02,7.167975514688974537e-01,-7.511264358162322852e-01
-8.605261509902782757e-17,-5.382323530073887442e-17,7.702053606936976049e-01,-4.449339524723656264e-02,2.888474783194542022e-03,2.310335271735104723e-02,9.987383047381500623e-01,-4.930261725235992043e-01,5.717703674148887777e-02,-1.955767799531133236e-02,3.661780308744586598e-01,-3.091785216264341524e-02,-4.910840912789330576e-02,2.292143699050717964e-02,1.644913463510679352e-01,-1.388812514870960413e-01,3.076405902028133132e-01,-2.587522586684183334e-01,-6.449904578146621603e-02,4.072143640219526295e-02,1.968574109126803029e-01,1.952486966133116508e-01,-1.496437661125554486e-01,6.688167056769636076e-01,6.953923751934080189e-01,5.608756818759511042e-02,-1.236114642410271608e-01,9.962520984692774251e-02,7.270736253483688349e-01,-7.868943613312909813e-01
-8.605261509902782757e-17,-5.382323530073887442e-17,7.693527861797748724e-01,-4.651398436360244804e-02,2.622799700745375665e-03,2.415255075658454681e-02,9.986221470935741085e-01,-5.147414530928536847e-01,5.976931113882928692e-02,-2.044548154055275332e-02,3.867870322778431125e-01,-3.618943635185447455e-02,-5.133383681552481509e-02,2.465732049007568830e-02,1.719605893670255736e-01,-1.451927174637822060e-01,3.255909352120320288e-01,-2.743810886078918432e-01,-6.742309331698741193e-02,4.257241078411323071e-02,1.831691114087112549e-01,1.904872737320985332e-01,-1.564457554813079576e-01,6.764447377531892514e-01,7.270011195203810450e-01,3.600063946884946020e-02,-1.155938035247102147e-01,1.041536284763335540e-01,7.373496992278401052e-01,-8.226622868463496774e-01
-8.605261509902782757e-17,-5.382323530073887442e-17,7.685002116658520288e-01,-4.853432846979679333e-02,2.357110802825153513e-03,2.520162157342063433e-02,9.985007292549530344e-01,-5.364567336621082205e-01,6.236158553616968914e-02,-2.133328508579418123e-02,4.073960336812276206e-01,-4.146102054106554774e-02,-5.355926450315633136e-02,2.639320398964419695e-02,1.794298323829832120e-01,-1.515041834404683985e-01,3.435412802212508554e-01,-2.900099185473654639e-01,-7.034714085250860782e-02,4.442338516603119847e-02,1.694808119047421513e-01,1.857258508508854156e-01,-1.632477448500604944e-01,6.840727698294147840e-01,7.586098638473541822e-01,1.591371075010374406e-02,-1.075761428083932547e-01,1.086820471057393656e-01,7.476257731073113755e-01,-8.584302123614083735e-01
-8.605261509902782757e-17,-5.382323530073887442e-17,7.685002116658520288e-01,-4.853432846979679333e-02,2.357110802825153513e-03,2.520162157342063433e-02,9.985007292549530344e-01,-5.364567336621082205e-01,6.236158553616968914e-02,-2.133328508579418123e-02,4.073960336812276206e-01,-4.146102054106554774e-02,-5.355926450315633136e-02,2.639320398964419695e-02,1.794298323829832120e-01,-1.515041834404683985e-01,3.435412802212508554e-01,-2.900099185473654639e-01,-7.034714085250860782e-02,4.442338516603119847e-02,1.694808119047421513e-01,1.857258508508854156e-01,-1.632477448500604944e-01,6.840727698294147840e-01,7.586098638473541822e-01,1.591371075010374406e-02,-1.075761428083932547e-01,1.086820471057393656e-01,7.476257731073113755e-01,-8.584302123614083735e-01
6.639885131542531960e-03,2.831562113806621915e-05,7.674722881042802536e-01,-4.757946232424028338e-02,3.290576904742798826e-03,2.281806057423325582e-02,9.986013734119338903e-01,-5.317490052579852966e-01,5.904574448538809500e-02,-1.876983905963373889e-02,3.609284636239561972e-01,-4.118724412612430330e-02,-5.727387940460205995e-02,3.861431411193291807e-02,1.815127066364685127e-01,-1.475210520478106857e-01,3.378248395157271156e-01,-2.846921472971120082e-01,-7.031299500838657235e-02,4.904855924186123095e-02,1.767488918566472167e-01,1.871516208424507666e-01,-1.665726107125039823e-01,6.906675853713898361e-01,7.637162002525018645e-01,1.137096986973979221e-02,-1.069511765245299284e-01,1.139943857308795272e-01,7.463596103740699483e-01,-8.556010850439855764e-01
1.345854704309932745e-02,-1.297279127237397679e-04,7.653849602474236402e-01,-4.669957970933238944e-02,4.181135534155069888e-03,2.027628858061268288e-02,9.986944174681323672e-01,-5.280719048353124112e-01,5.546832552956711127e-02,-1.660008483835001547e-02,3.202409390028592706e-01,-4.247467402390048274e-02,-6.169335274376014366e-02,5.007719304670774085e-02,1.859481345660130847e-01,-1.427037920548518968e-01,3.375847770908124157e-01,-2.806269735550481759e-01,-7.099482864515661851e-02,5.478202606779587064e-02,1.856843570338346516e-01,1.895910024822032580e-01,-1.700230713370019242e-01,6.996075300342960990e-01,7.691058662164522719e-01,6.496541409791985709e-03,-1.052903764009611720e-01,1.198482250291319079e-01,7.458365871844956363e-01,-8.530339138236463503e-01
2.019462194193612573e-02,-3.800042800346231783e-04,7.621938522975877373e-01,-4.660161937806694965e-02,4.783999115214089722e-03,1.833226269679287534e-02,9.987338637335890779e-01,-5.266286244454125853e-01,5.338145096036216869e-02,-1.372735267026688882e-02,2.845041231834525286e-01,-4.254167785034398963e-02,-6.559705858355419084e-02,6.098581877583360983e-02,1.937519539855176443e-01,-1.370431944480816622e-01,3.435398907754255715e-01,-2.805798120639538262e-01,-7.261554027686932533e-02,6.112196589432952742e-02,1.941210679763788471e-01,1.919238346558153341e-01,-1.732483735835029237e-01,7.076868261666571236e-01,7.746940353323522599e-01,2.369491352942214996e-03,-1.036202403295058139e-01,1.251165224143303834e-01,7.453364602573319120e-01,-8.507671206663406371e-01
2.678640055485797741e-02,-4.679427471877759524e-04,7.580781064223328647e-01,-4.649017976996841495e-02,5.326549886074840104e-03,1.646365118547390635e-02,9.987688357140400708e-01,-5.276605739542981066e-01,5.098815906471855508e-02,-1.250216593592317141e-02,2.550134020881950070e-01,-4.250924429324640097e-02,-6.824360721074060332e-02,7.177514963473211052e-02,1.989007072794510000e-01,-1.326559198811279594e-01,3.488850715324915419e-01,-2.783587352134684889e-01,-6.857355985714987112e-02,6.685647006988812424e-02,2.019412617872469173e-01,1.937614769588099084e-01,-1.765410814028010311e-01,7.153592916117822442e-01,7.800101315300792537e-01,-1.433713164896125054e-03,-1.025593303354649377e-01,1.303606594685437492e-01,7.447137105944954261e-01,-8.491014604671152100e-01
3.320512166323858622e-02,-2.984899685657130741e-04,7.533385969518079373e-01,-4.585041059512450640e-02,5.973211877131640729e-03,1.462914470403001328e-02,9.988233320829855710e-01,-5.310192672441248485e-01,4.765618265360475891e-02,-1.224471411728534666e-02,2.335126920651706961e-01,-3.918622583040529128e-02,-6.901716839915109092e-02,8.273217278981871703e-02,2.010715101179890718e-01,-1.269834437699741136e-01,3.531077351135532005e-01,-2.814709299083092420e-01,-5.999386672768159540e-02,7.043173768556533487e-02,2.087012069505826406e-01,1.951089684751739495e-01,-1.802129544383783977e-01,7.232423813362881537e-01,7.849597617040903197e-01,-4.903509303223106686e-03,-1.020087558291661173e-01,1.356120533992795918e-01,7.441593998357181050e-01,-8.480731332683358881e-01
3.950100661308594135e-02,-3.660887409050682904e-05,7.488162130325672905e-01,-4.508415124931355183e-02,6.609494854093491724e-03,1.273794884612608307e-02,9.988801121972026298e-01,-5.353387868437371466e-01,4.431704738933518739e-02,-1.247849116845815495e-02,2.206320513378643433e-01,-3.514215972965131080e-02,-6.778717929539257447e-02,9.313867430741616660e-02,2.026623235922895838e-01,-1.214144316976593641e-01,3.566317782984014251e-01,-2.859213262486748341e-01,-5.593999461944641760e-02,7.311989966749812830e-02,2.142705680755343511e-01,1.962775844789421409e-01,-1.838656626726041521e-01,7.311123375805896885e-01,7.899376147489445277e-01,-7.368254489420815803e-03,-1.015264506798796568e-01,1.407372312512725765e-01,7.438366691912258188e-01,-8.477678557390708747e-01
4.574506387781221428e-02,2.036610655441367147e-04,7.452971540585141552e-01,-4.451751063749059129e-02,7.141728000904244526e-03,1.092533111492883027e-02,9.989233324474061648e-01,-5.393475730812973268e-01,4.133826159051785104e-02,-1.406251934956074569e-02,2.146942059160477922e-01,-3.266897042319689970e-02,-6.587243777150236790e-02,1.025889228374856632e-01,2.042863274372350713e-01,-1.171812351238321198e-01,3.598969605139109573e-01,-2.889125961360501371e-01,-5.621423075965677196e-02,7.559312723023207947e-02,2.186759484672636811e-01,1.974977558351759532e-01,-1.872213248474843550e-01,7.387054962062861163e-01,7.950466520727713648e-01,-8.216669608219526189e-03,-1.009293980636981475e-01,1.458161977508720675e-01,7.438448017705567850e-01,-8.481323396608334564e-01
5.204736424070394163e-02,5.017878767735376279e-04,7.426535323726384252e-01,-4.418709868194749951e-02,7.561994106376982577e-03,9.180775169879936901e-03,9.989524395365582121e-01,-5.433801704164649138e-01,3.912423409025005128e-02,-1.626613012688154711e-02,2.147592484182841988e-01,-3.033646404572405003e-02,-6.434243130822893397e-02,1.110281570251403921e-01,2.056544895651356841e-01,-1.141846173719785751e-01,3.636614598801912734e-01,-2.901740692378470543e-01,-5.851427277020842393e-02,7.752586975708150585e-02,2.227762653269596826e-01,1.984539433091154770e-01,-1.903886484215324137e-01,7.462875421063352999e-01,8.000769553115868460e-01,-7.726619201364849816e-03,-1.005401138821635648e-01,1.510995619833470638e-01,7.440073085755900539e-01,-8.491787434067799012e-01
5.851556107260508233e-02,9.323902597573073070e-04,7.407521197102757693e-01,-4.410970580079088404e-02,7.772365209429497011e-03,7.508922048577847813e-03,9.989682378749021874e-01,-5.474775797003339495e-01,3.773455491061027123e-02,-1.853629273137080355e-02,2.202369035309477141e-01,-2.734007675794878495e-02,-6.313517330592914589e-02,1.187838856062098242e-01,2.065650615231842679e-01,-1.122708887511045528e-01,3.683709313105243410e-01,-2.895368997338851336e-01,-6.090585624569708895e-02,7.872105199292275812e-02,2.272364776784977780e-01,1.988852173027627901e-01,-1.935158683376637656e-01,7.541044466735862262e-01,8.049746670488256983e-01,-6.146245946567219405e-03,-1.006116394499523281e-01,1.565997608834248933e-01,7.441735232588603255e-01,-8.508392761702114893e-01
6.517969563786785159e-02,1.512610479291814740e-03,7.394103724910087161e-01,-4.387895390939573759e-02,7.822508307486559370e-03,5.826785870526397619e-03,9.989892363454249136e-01,-5.513950428546556815e-01,3.568219877290677855e-02,-2.099497039806541565e-02,2.299366158452422482e-01,-2.327236440479767826e-02,-6.076274065013886200e-02,1.261357524514909179e-01,2.063084834972326864e-01,-1.103632045512733112e-01,3.739485809613293799e-01,-2.875281736789769838e-01,-6.294205476530970178e-02,7.989975586942106578e-02,2.314858941320731833e-01,1.989872536022450622e-01,-1.962979572133135842e-01,7.618217739127166599e-01,8.097505266721639616e-01,-3.836630050949340828e-03,-1.008916071825831373e-01,1.619305636539563331e-01,7.444039172584840935e-01,-8.530298422289541715e-01
7.200028832382325550e-02,2.236203717589789648e-03,7.385246236447834400e-01,-4.307609946995970968e-02,7.878391857919943633e-03,4.190408645229861360e-03,9.990319419676093604e-01,-5.559836890518421448e-01,3.075517648025657275e-02,-2.353941266134091173e-02,2.429876036815139528e-01,-1.371819270451487237e-02,-4.894789918171738030e-02,1.329022313301610470e-01,2.041749003926483785e-01,-1.077735227254245781e-01,3.802565143855238250e-01,-2.830732170581671259e-01,-6.428767181562458632e-02,8.140346352300188715e-02,2.347687032644871497e-01,1.989983173326914934e-01,-1.984712158617442657e-01,7.693908569263523400e-01,8.144131231251801051e-01,-1.364815150275158328e-03,-1.010665773610437551e-01,1.669423893084887311e-01,7.449066072592332999e-01,-8.556491484877732923e-01
7.904860783913109090e-02,3.091534602578386876e-03,7.380205604763333538e-01,-4.203035229428835756e-02,7.864848210181525634e-03,2.586327069089127025e-03,9.990819671057424856e-01,-5.595887372729980713e-01,2.450629551587930888e-02,-2.651327453044150309e-02,2.573078388650443249e-01,-2.075074840164684562e-04,-3.378618173164230770e-02,1.397166157889038751e-01,2.009776243341411250e-01,-1.047954517134202651e-01,3.868947396689055296e-01,-2.776060918550687928e-01,-6.542784263459426597e-02,8.304854975756031932e-02,2.375429640866763004e-01,1.986722595224194865e-01,-1.998580773444215974e-01,7.772117981670697562e-01,8.189202268617687963e-01,1.495982829030456564e-03,-1.011052060605202030e-01,1.719496297207587787e-01,7.455725095112117895e-01,-8.584254558163840754e-01
8.636515811524335395e-02,4.065648897794812283e-03,7.378299174822835482e-01,-4.096240159253124874e-02,7.845073741051500696e-03,1.230194942801588528e-03,9.991291323418470816e-01,-5.615837684752446046e-01,1.792505743988712791e-02,-2.933579525691297138e-02,2.713793875919068288e-01,1.633716936623637664e-02,-1.890914520204600019e-02,1.467044991317115188e-01,1.973111714417619400e-01,-1.018821157673531347e-01,3.935782085445183043e-01,-2.709086245304943019e-01,-6.667462506715508830e-02,8.435763983878440120e-02,2.401013191306350381e-01,1.978676039191431257e-01,-2.004943355379864289e-01,7.855346849005424570e-01,8.232488969985478633e-01,5.004731456313032609e-03,-1.009732572919746357e-01,1.770071137620365109e-01,7.463307484434461569e-01,-8.612504187007714584e-01
9.386859648663103961e-02,5.121375626555290349e-03,7.380098159533131641e-01,-3.975379953776843334e-02,7.812784042385619021e-03,-8.638848826794838509e-05,9.991789571267235548e-01,-5.612892188188679521e-01,1.209457365750625166e-02,-3.111271998503208416e-02,2.843002490546896466e-01,3.358866393999014599e-02,-5.972876818198543866e-03,1.531218027878707977e-01,1.928464297983812914e-01,-9.910885720327260173e-02,4.012123167734677476e-01,-2.628717878883460313e-01,-6.731691080708510078e-02,8.568332974323866758e-02,2.424339775506005323e-01,1.964758922994969681e-01,-2.002435871706229054e-01,7.940098172473747384e-01,8.271277324132210174e-01,9.086553155037329146e-03,-1.007722426861536041e-01,1.816582044531235840e-01,7.474839537022540670e-01,-8.639853638906683786e-01
1.014746757291471596e-01,6.233280192800499421e-03,7.385946771596397786e-01,-3.834154487627267072e-02,7.762667871995577312e-03,-1.230037053993901161e-03,9.992337834225057946e-01,-5.587576666556877125e-01,7.470846511158511088e-03,-3.099178286474915320e-02,2.954822784006692626e-01,5.061929168861044326e-02,3.305245990517732130e-03,1.585630620345569175e-01,1.874527528845466307e-01,-9.679856484176072029e-02,4.102427106520733502e-01,-2.533662231299495526e-01,-6.679054810110744700e-02,8.680700723183618073e-02,2.444196683687126781e-01,1.944028376827179327e-01,-1.991642989510508110e-01,8.023999246757720361e-01,8.305105373348421471e-01,1.377186708126170930e-02,-1.007157708456581924e-01,1.856599715923306915e-01,7.490886597191067642e-01,-8.665482822553944864e-01
1.091334985736731877e-01,7.352650028617797873e-03,7.395391792510742635e-01,-3.659145381015400239e-02,7.649646725757569890e-03,-2.164811208681820080e-03,9.992986485043335865e-01,-5.543967515128906953e-01,3.084833781969615295e-03,-2.970055934410025661e-02,3.055815678735223084e-01,6.570003114553098211e-02,8.511267028496950771e-03,1.626713460957439072e-01,1.809695102623941898e-01,-9.481198100800197759e-02,4.213383707773967202e-01,-2.425342764269987350e-01,-6.509124207237955428e-02,8.773529770298248154e-02,2.460618265760040613e-01,1.918978252140012830e-01,-1.972146120899292698e-01,8.107567923690719436e-01,8.333454229742602859e-01,1.929872180426735889e-02,-1.004772868024683685e-01,1.890171424700895497e-01,7.512580343945522987e-01,-8.685191160386872555e-01
1.168168086150775387e-01,8.450556734041450579e-03,7.407869373137517810e-01,-3.450162486319117289e-02,7.407692903162009165e-03,-2.905655953940068474e-03,9.993729639784786345e-01,-5.484072864608228182e-01,-1.460288573831939989e-03,-2.768641399932181626e-02,3.149630257767084274e-01,7.780945421331715572e-02,9.833909609888826994e-03,1.654409364099650448e-01,1.734637145536551406e-01,-9.305400755382703393e-02,4.347683741402486590e-01,-2.304195628384434202e-01,-6.218841340409380497e-02,8.853029530079277454e-02,2.474334383105338264e-01,1.891106416941789048e-01,-1.944197567883291788e-01,8.191302794006484200e-01,8.356593973956871757e-01,2.583729390336940088e-02,-9.988051107055374855e-02,1.917642021029666299e-01,7.540588391434651649e-01,-8.698114609673059938e-01
1.245613428926141131e-01,9.595364269408634614e-03,7.422828741934586194e-01,-3.229233320129636792e-02,7.125406750822957554e-03,-3.414051900659026938e-03,9.994472362484532191e-01,-5.413241844628544630e-01,-6.033868354590268997e-03,-2.492904567343497482e-02,3.238742779383029236e-01,8.695868662142833272e-02,8.893393029747242301e-03,1.667164078512144432e-01,1.652057862870396354e-01,-9.198893012743869502e-02,4.504861985327492380e-01,-2.166039011674095460e-01,-5.762365401888371041e-02,8.913652582604143781e-02,2.484561663547772414e-01,1.858037016815924647e-01,-1.908197375314561184e-01,8.276811373416037565e-01,8.373847894791239810e-01,3.299928035933047399e-02,-9.910897443565656884e-02,1.934570732305464502e-01,7.575799128321182296e-01,-8.702982673596150187e-01
1.323898309894484537e-01,1.083254696070065637e-02,7.439646631985562530e-01,-3.007997541890984269e-02,6.834661249699227129e-03,-3.691440774985972357e-03,9.995173113805505549e-01,-5.334252169825780543e-01,-1.066194790699285383e-02,-2.148978014515963431e-02,3.324511898326492076e-01,9.330976932551592051e-02,6.963155839379306898e-03,1.663925087563389027e-01,1.563266643463568917e-01,-9.179375200439121585e-02,4.685570626903778346e-01,-2.008156603488062131e-01,-5.111104075361052462e-02,8.956611409251050149e-02,2.490394604197379846e-01,1.819083006741355202e-01,-1.865241728650384179e-01,8.364168476864503043e-01,8.385577881603042405e-01,4.043640361969995378e-02,-9.830321090475402368e-02,1.939622738991200468e-01,7.618134349084371149e-01,-8.699845921125749504e-01
1.402477904593918689e-01,1.212033321984710456e-02,7.456795463459485740e-01,-2.766756588202749431e-02,6.514181812764597776e-03,-3.811661492439003245e-03,9.995886596682203029e-01,-5.247840708539466270e-01,-1.588824519320986006e-02,-1.708805439929234060e-02,3.407310749168560027e-01,9.617779762451966752e-02,6.269241686635704941e-03,1.640741960263238375e-01,1.466423783607350706e-01,-9.174478710129511938e-02,4.897850386745583040e-01,-1.835874596023130134e-01,-4.307465779502171743e-02,8.985795573051778840e-02,2.489869098670928482e-01,1.778377804167938503e-01,-1.817355299771017674e-01,8.451131784677682335e-01,8.392133613664115588e-01,4.809538918134693974e-02,-9.727456874196514780e-02,1.935196657664093045e-01,7.666953481610181420e-01,-8.686816439329093642e-01
1.481156639179760370e-01,1.343779324615302501e-02,7.472838725360168022e-01,-2.503179601920194411e-02,6.148325854965859018e-03,-3.813342686757982460e-03,9.996604752088517065e-01,-5.152634074555610955e-01,-2.198669728612390878e-02,-1.178705128862017268e-02,3.485833441422821477e-01,9.462739093929350975e-02,8.902141949926455772e-03,1.597237259908394769e-01,1.362810563614734738e-01,-9.140882991216134346e-02,5.144758116416450200e-01,-1.652848131003178955e-01,-3.390270208445340244e-02,8.999406977177225320e-02,2.482285172783770255e-01,1.738044536727170464e-01,-1.765971931680543339e-01,8.536498316406804232e-01,8.394515367605247524e-01,5.601352051615469257e-02,-9.597103838709955537e-02,1.923064797401927983e-01,7.721225256431322181e-01,-8.664375334714768950e-01
1.560555433811640080e-01,1.482288172614482785e-02,7.487810440965366743e-01,-2.230769040614210066e-02,5.835281562535397926e-03,-3.735665417514543764e-03,9.997271433954956210e-01,-5.046136332613259112e-01,-2.893545866892163754e-02,-6.309607489624744457e-03,3.553030343077772102e-01,8.917927833556048289e-02,1.418328470056874624e-02,1.527104993026221214e-01,1.254252441757255365e-01,-9.102344558957775611e-02,5.431419389130673903e-01,-1.452730114538344774e-01,-2.394635134968006035e-02,8.998403100785312692e-02,2.469958028906117375e-01,1.696558942523211932e-01,-1.714144746638487926e-01,8.619873758221702209e-01,8.395313181106989209e-01,6.415766645610351815e-02,-9.454427582391342066e-02,1.901817924379377023e-01,7.781595707058176492e-01,-8.633547172031592609e-01
1.640938844126267615e-01,1.629805710261498022e-02,7.501735020357966910e-01,-1.956824550850884067e-02,5.587922643317281765e-03,-3.590415498119561670e-03,9.997864611029706472e-01,-4.927270051285358443e-01,-3.670640455094501681e-02,-1.149555990450849829e-03,3.604672529298343919e-01,8.080554849514229310e-02,2.121675484335524414e-02,1.426977766718737217e-01,1.141506160565916028e-01,-9.077726173141575927e-02,5.761030735612804321e-01,-1.229248246824439922e-01,-1.341661977809257764e-02,8.979566050303976199e-02,2.453357927564248642e-01,1.653161958117488062e-01,-1.663694622585387140e-01,8.700498683517025045e-01,8.395587793375129948e-01,7.238307969228126304e-02,-9.311210190892890703e-02,1.871871196005568949e-01,7.847452012824505108e-01,-8.595430612564980422e-01
1.721432859880356880e-01,1.784533753703097109e-02,7.514386566449188232e-01,-1.677415541710084931e-02,5.346358421618160363e-03,-3.629666002470031700e-03,9.998383980129101900e-01,-4.795364801364808138e-01,-4.476567655463994239e-02,4.089474976699329981e-03,3.638354710457160079e-01,7.030110025337771296e-02,2.935967240501290501e-02,1.294638881928625584e-01,1.023144730432421073e-01,-9.028692005211534644e-02,6.136233557910685255e-01,-9.796455666556318220e-02,-1.967135396899192396e-03,8.971442801740830975e-02,2.428749810863733427e-01,1.610350587245788778e-01,-1.615724725172340837e-01,8.775546343506067659e-01,8.396181650310050593e-01,8.018984000197545980e-02,-9.162484653069313811e-02,1.838703143532590956e-01,7.915220308573801544e-01,-8.550586770856176688e-01
1.801639608045474961e-01,1.945924755001526840e-02,7.525580872394712628e-01,-1.389782888076180993e-02,5.101894795302629355e-03,-3.888956634704255570e-03,9.998828416560573418e-01,-4.654260835189243384e-01,-5.295408717964091710e-02,9.553629446200648592e-03,3.656787360133438858e-01,5.873704255307138355e-02,3.793511305541021755e-02,1.131829984205233730e-01,8.990394724013026084e-02,-8.924957957224577410e-02,6.553067245546001507e-01,-7.009129204765297827e-02,1.078439633472090368e-02,8.966032462481787757e-02,2.393874533667961491e-01,1.569737912773858934e-01,-1.570891159058730169e-01,8.843708083875423398e-01,8.397796788222966491e-01,8.730086165028924650e-02,-9.006882084229189678e-02,1.805720560055777690e-01,7.982604428345524417e-01,-8.500770260433544445e-01
1.882982360357464413e-01,2.119869589309939656e-02,7.535287553198325439e-01,-1.091921334623665620e-02,4.953495303438202983e-03,-4.213661160718692317e-03,9.999192361004966001e-01,-4.515515137251456812e-01,-6.163434259391664671e-02,1.489159971055623553e-02,3.673904287676062475e-01,4.736032449896901420e-02,4.568892104570659862e-02,9.499657861288834937e-02,7.702225174231627780e-02,-8.716916527172946516e-02,6.993118504924346057e-01,-3.905442945530214482e-02,2.545658163117223149e-02,8.927627818830290163e-02,2.353740787480351204e-01,1.530588044684064730e-01,-1.532348294182600545e-01,8.904580626109465102e-01,8.402804726311392525e-01,9.407191679619707203e-02,-8.890815329409039458e-02,1.776599037556832739e-01,8.050338403816100774e-01,-8.451229092325404091e-01
1.965886615549215788e-01,2.309066328311948704e-02,7.543316109179382112e-01,-7.776200885046206067e-03,4.915023552154377043e-03,-4.711735163561895680e-03,9.999465849709301413e-01,-4.383143031255270494e-01,-7.071127946166777534e-02,2.034821224480654056e-02,3.695954183975823093e-01,3.654573929649577307e-02,5.201318233081202169e-02,7.521081370692177248e-02,6.328201507425511296e-02,-8.452306985795009220e-02,7.448039683954719159e-01,-4.516408830721824197e-03,4.198253368694193632e-02,8.873301882854220390e-02,2.310736091478900467e-01,1.492074821420163733e-01,-1.500929015347591267e-01,8.957614104336520944e-01,8.411683373777616435e-01,1.005290595889137828e-01,-8.845945827434723019e-02,1.753202768184058957e-01,8.118347930885826402e-01,-8.403951150872136511e-01
2.048197352180916309e-01,2.501448913493784995e-02,7.548193616690853647e-01,-4.495483997987992364e-03,4.877753762179265311e-03,-5.567325395343701924e-03,9.999624835489636654e-01,-4.248288805435304072e-01,-7.920560811015178726e-02,2.670688628557975342e-02,3.708811389489817811e-01,2.589150184614513045e-02,5.706572887283998391e-02,5.359925823608011064e-02,4.848395228049025285e-02,-8.234859725527142460e-02,7.923770740924499512e-01,3.240471665844587429e-02,6.022079444552256439e-02,8.856363829661940967e-02,2.263646456253709527e-01,1.455337073724814745e-01,-1.476630054087468003e-01,8.998657752744835259e-01,8.424641120649817294e-01,1.061676648383790417e-01,-8.882204356643894072e-02,1.740582509688308188e-01,8.181954884758868562e-01,-8.360931028534328568e-01
2.128592555766850025e-01,2.683685529688537019e-02,7.549547477887065261e-01,-1.104008260344017467e-03,4.794574512596600814e-03,-6.572820792407242305e-03,9.999662950559060626e-01,-4.110391569468594963e-01,-8.712076735041372755e-02,3.379673700153893595e-02,3.709152606162361976e-01,1.553043369479072990e-02,6.103203895934020823e-02,3.098609251991543342e-02,3.378128165504624275e-02,-8.076452664240381385e-02,8.421720763920864661e-01,6.793147444158792458e-02,8.049651350391932858e-02,8.857295862160541322e-02,2.211692010812545683e-01,1.422446586861600970e-01,-1.459231055625566653e-01,9.027942583625067074e-01,8.441372082605840266e-01,1.108594974297924529e-01,-8.982527125378818311e-02,1.740891872027931775e-01,8.239922318304222504e-01,-8.323519617019710104e-01
2.206833950133480493e-01,2.856855639198592131e-02,7.549009381399602869e-01,2.272651270512150538e-03,4.797304036240368844e-03,-7.694685539001830735e-03,9.999563054177130761e-01,-3.976995496806444708e-01,-9.457689099981758662e-02,4.111233406838957216e-02,3.702125460199212070e-01,6.182137803795900374e-03,6.401329566781960301e-02,7.330254078532372902e-03,1.938677313903880428e-02,-7.948813105651819644e-02,8.922254780724016010e-01,1.037994720178933156e-01,1.023976557609163618e-01,8.852262429596452487e-02,2.156625659161708342e-01,1.392349273114741603e-01,-1.449202057624476847e-01,9.047195860298766767e-01,8.461516320564144156e-01,1.149622063255241466e-01,-9.172505188195820280e-02,1.758448282245620997e-01,8.289488371814918155e-01,-8.296334672817556877e-01
2.282545809269541925e-01,3.020103892567607695e-02,7.548044982013530912e-01,5.663734185439759164e-03,4.896446418764128020e-03,-9.008874417108641078e-03,9.999313912010573402e-01,-3.850339904878994357e-01,-1.018321462520629384e-01,4.842867086621798628e-02,3.692498725469446352e-01,-2.916956861695985462e-03,6.631344076409904920e-02,-1.751273222053081891e-02,5.322255527132011346e-03,-7.839484506437413569e-02,9.409280545127819417e-01,1.395902700576573396e-01,1.255898556266295263e-01,8.839675157694629193e-02,2.099116336019711537e-01,1.365230430422551544e-01,-1.445757635980784994e-01,9.057403971263621179e-01,8.484370497806981160e-01,1.185668924975497446e-01,-9.452496525991214982e-02,1.794065005209470598e-01,8.330024303903232896e-01,-8.280414955830887047e-01
2.355899289747562242e-01,3.175256578935341245e-02,7.547104209367653249e-01,9.106234523506407871e-03,4.992165048516398161e-03,-1.037946707435783919e-02,9.998921915371734581e-01,-3.726928599658942409e-01,-1.092843199106518087e-01,5.561766499892700777e-02,3.680253898036424109e-01,-1.220563787832529973e-02,6.878536678806919380e-02,-4.324899039026928321e-02,-8.678219742227263195e-03,-7.740113151053851226e-02,9.876541502448537013e-01,1.736348114785209451e-01,1.479818234939603849e-01,8.800745536395361557e-02,2.038962803328719930e-01,1.341050513796594179e-01,-1.447563748231538994e-01,9.058898569514172161e-01,8.508596525611273886e-01,1.216854329989234124e-01,-9.827040148769433658e-02,1.848010316916503804e-01,8.360850221609986699e-01,-8.277412883936253740e-01
2.427193594602241877e-01,3.323776954210654055e-02,7.546518703153171082e-01,1.254321832496661966e-02,5.034533750131966849e-03,-1.166269368933174448e-02,9.998406386619218544e-01,-3.604332107745311653e-01,-1.169698575848392291e-01,6.248360178862860659e-02,3.664258731223600796e-01,-2.165743747215723158e-02,7.152893122763963329e-02,-6.960518158836298541e-02,-2.266435851963587156e-02,-7.651456233233948356e-02,1.032347820568032093e+00,2.053620969139722252e-01,1.686135901827386929e-01,8.723389121742938790e-02,1.975946985450705018e-01,1.319506918570147735e-01,-1.453603495571083870e-01,9.052593397570281031e-01,8.533511498128616424e-01,1.244988315155194647e-01,-1.030119160439351422e-01,1.918876283805493188e-01,8.380781876388083695e-01,-8.286734394492728528e-01
2.496746779174587039e-01,3.463928378643727629e-02,7.546699401497859450e-01,1.585631328135949855e-02,5.054397513917194794e-03,-1.281601151702127170e-02,9.997793657821162361e-01,-3.482716156940491303e-01,-1.246568789891075585e-01,6.880030149660745775e-02,3.644755011341075934e-01,-3.126341026864599970e-02,7.445570657313915763e-02,-9.630684956448638812e-02,-3.606475397700834029e-02,-7.573639086204041193e-02,1.074441264465523682e+00,2.323856704760456360e-01,1.860191537489451208e-01,8.624672755876182373e-02,1.909245688964343324e-01,1.300614602043084211e-01,-1.462613418096389561e-01,9.040293917915624977e-01,8.558339933477426831e-01,1.274442564906270448e-01,-1.087888500500663880e-01,2.005508153285517903e-01,8.386940445982224990e-01,-8.307880207384660265e-01
2.564797002764983014e-01,3.594636949497477529e-02,7.547746246610425036e-01,1.897519682440377067e-02,5.057032370849517261e-03,-1.382084415094424201e-02,9.997116347207483100e-01,-3.361785286775029191e-01,-1.322055751948090219e-01,7.444863847848916250e-02,3.621815985210034561e-01,-4.096709178656215977e-02,7.766347557894566489e-02,-1.231674065813770924e-01,-4.854355142648895949e-02,-7.509448518841364828e-02,1.113647703979018244e+00,2.536547180620595809e-01,1.998375759333584079e-01,8.516453519470304490e-02,1.838770623529456805e-01,1.284345187010418887e-01,-1.473493395591019550e-01,9.023819838718477593e-01,8.583149170529060790e-01,1.307336855698116307e-01,-1.155248655967742594e-01,2.104684787693388293e-01,8.378293377523376995e-01,-8.338781127723432496e-01
2.631332467240769524e-01,3.715991627370697492e-02,7.549079340893105616e-01,2.194007785578497988e-02,4.997765962968319167e-03,-1.459839212127137138e-02,9.996401928195310926e-01,-3.242970848701234310e-01,-1.397324753894589044e-01,7.943094834719226227e-02,3.598592523812392807e-01,-5.070427944432833595e-02,8.127496206435674830e-02,-1.499946937587515461e-01,-6.006009333274898998e-02,-7.440666519850808180e-02,1.149534514576405542e+00,2.671834106318032864e-01,2.093707486892799619e-01,8.390778890719131911e-02,1.764400258392579690e-01,1.270688657772173769e-01,-1.485350788100492647e-01,9.007454055670964799e-01,8.609000539840968580e-01,1.342516771770757567e-01,-1.228767116461591258e-01,2.209116842009527237e-01,8.353910744217459827e-01,-8.375543228120398975e-01
2.696417747534554099e-01,3.827580623451345282e-02,7.550293570293507006e-01,2.479937443564908181e-02,4.864070934405021092e-03,-1.514007762976634849e-02,9.995659607504198130e-01,-3.127018116768906508e-01,-1.473049113768566121e-01,8.380527257382017203e-02,3.576854023223738355e-01,-6.043767668858328335e-02,8.533745453223974542e-02,-1.767801158271356254e-01,-7.057915921396595849e-02,-7.349616733904175414e-02,1.182006399343648484e+00,2.727245920696638737e-01,2.150663470039711755e-01,8.249323477417248862e-02,1.686912469303820938e-01,1.259919644213229606e-01,-1.498242402322499944e-01,8.993057720611165040e-01,8.635286410596393347e-01,1.379469545725720836e-01,-1.305642423893090542e-01,2.314413421716166597e-01,8.313677549417181067e-01,-8.415965678057737431e-01
2.760546974770626827e-01,3.927849859165809948e-02,7.551525865391994774e-01,2.752194829847093294e-02,4.669491647350304010e-03,-1.545456829351938254e-02,9.994908176308935355e-01,-3.012659578223746415e-01,-1.548064088842965869e-01,8.750373159714069926e-02,3.556189557920841904e-01,-7.021593769131295737e-02,8.970336208073073636e-02,-2.033766767858769253e-01,-7.971014086489346118e-02,-7.236308487334479345e-02,1.211065161448032779e+00,2.699957411270809127e-01,2.180392593095062115e-01,8.094566104181685762e-02,1.608066376415857868e-01,1.252339248012934447e-01,-1.513972520410198641e-01,8.980275236829668994e-01,8.659272743443326981e-01,1.421827862239727069e-01,-1.383060716477073904e-01,2.416241371400007776e-01,8.256599127036252650e-01,-8.458052502910637926e-01
2.824040679216796579e-01,4.016500185705000614e-02,7.552635335493843582e-01,3.012172787081758910e-02,4.419116371883851681e-03,-1.558367412663406656e-02,9.994149798863745104e-01,-2.899442158750646925e-01,-1.621954248672154708e-01,9.056374570098948973e-02,3.536970052822816513e-01,-8.007334402241546301e-02,9.424302100658921155e-02,-2.296868854618809297e-01,-8.751099536225512288e-02,-7.110710304823594785e-02,1.236831150330840901e+00,2.598543876159981059e-01,2.189396658440914967e-01,7.929579960002401673e-02,1.528861468040533522e-01,1.247653166611785297e-01,-1.533047535645805093e-01,8.968987474092112722e-01,8.680917516760876529e-01,1.471284086785750733e-01,-1.458595110642505743e-01,2.511052328430195546e-01,8.183460334472120179e-01,-8.499681698822723064e-01
2.886799234598280139e-01,4.096025581543933508e-02,7.552858022035883190e-01,3.265758713445808537e-02,4.101820518591958384e-03,-1.550716250979801078e-02,9.993378579538005901e-01,-2.790155454268566926e-01,-1.695722962982670057e-01,9.308199406226877470e-02,3.523390731371482398e-01,-9.003506978002856487e-02,9.884663673739137180e-02,-2.555441905132074254e-01,-9.482010047345566794e-02,-6.989953598657917822e-02,1.259275171379950597e+00,2.437134533917310608e-01,2.182592711524730389e-01,7.743086558838033207e-02,1.447432790954491233e-01,1.244782773411008958e-01,-1.555875403775275612e-01,8.959812511941028790e-01,8.701965716515898119e-01,1.527398689224860329e-01,-1.529260188560124245e-01,2.591569070895964888e-01,8.095663741546287318e-01,-8.536559608503597740e-01
2.948769515815841680e-01,4.167471024862372947e-02,7.551889088529309957e-01,3.515315062505856153e-02,3.718536720764428760e-03,-1.521523901549566918e-02,9.992591880926039449e-01,-2.685880686594170896e-01,-1.769685105165471617e-01,9.510433366282092238e-02,3.517295051277182782e-01,-1.001112374459295629e-01,1.034620215313765829e-01,-2.808684003165337062e-01,-1.021003105321751647e-01,-6.877752343251056222e-02,1.278394053472075020e+00,2.230288307863325936e-01,2.160627421501609413e-01,7.532017264944322610e-02,1.361840307306957654e-01,1.242995724665512530e-01,-1.582797373482166536e-01,8.953244697857094536e-01,8.722907595992729357e-01,1.589637083137012685e-01,-1.592883062482263468e-01,2.654522460841485798e-01,7.995573865936638214e-01,-8.565943916857332585e-01
3.010170706256326545e-01,4.229471490605093281e-02,7.550438024546792803e-01,3.750164203703053312e-02,3.271555094322564725e-03,-1.469198069788109698e-02,9.991832011573075212e-01,-2.583344677022141322e-01,-1.841888630594227527e-01,9.643968746388090207e-02,3.515269491529602330e-01,-1.102635526198711552e-01,1.081675379494509148e-01,-3.055279928107247911e-01,-1.091504618801105719e-01,-6.806758084647114571e-02,1.293856803456788995e+00,1.997801672578993215e-01,2.118449650725179045e-01,7.308816374512830394e-02,1.270116625526336585e-01,1.241808763531300625e-01,-1.614855349032114640e-01,8.950440635772486386e-01,8.743606187438609512e-01,1.658758969024745900e-01,-1.647400077530783991e-01,2.696657084130189008e-01,7.886221385038113540e-01,-8.582839871922602892e-01
3.071168369178277624e-01,4.281337387206402695e-02,7.548937315300352502e-01,3.964722702107092989e-02,2.768262414395916519e-03,-1.394603520040615247e-02,9.991125773479851979e-01,-2.480320973561915832e-01,-1.911079631778990484e-01,9.699193953884149844e-02,3.514617126468266850e-01,-1.204440875501451291e-01,1.129677675513006546e-01,-3.294687515102740494e-01,-1.159419127171373715e-01,-6.790818040140057799e-02,1.305560519842158262e+00,1.751261214491793561e-01,2.057254976637271360e-01,7.080760509280968618e-02,1.171406229504781821e-01,1.240379203106020123e-01,-1.651821244689534174e-01,8.951832628216227494e-01,8.765242002687734235e-01,1.734252878635343664e-01,-1.691156399441163805e-01,2.716987090601536980e-01,7.770321927737583456e-01,-8.585953030763839866e-01
3.131766505666950251e-01,4.324082920669710534e-02,7.547373389327757254e-01,4.161543845792985835e-02,2.190661580816018542e-03,-1.299586351705347802e-02,9.990467604158004278e-01,-2.375855603593429455e-01,-1.977449282589577029e-01,9.678993706801831964e-02,3.514450958634140476e-01,-1.305971429079537671e-01,1.177101879506765314e-01,-3.525921274649185810e-01,-1.227593833657956296e-01,-6.814102801072026427e-02,1.313182101636136023e+00,1.502650953140801660e-01,1.980541638659866766e-01,6.847855835461194585e-02,1.065160602958031277e-01,1.237141380479733488e-01,-1.692757567375789141e-01,8.958815157547894703e-01,8.791055175966734359e-01,1.813617004485796602e-01,-1.721548737170081611e-01,2.712910152123082508e-01,7.650407155839876738e-01,-8.573685548580499693e-01
3.192001124730868833e-01,4.357568864300234018e-02,7.545813610237532831e-01,4.341782134198421406e-02,1.555218809495934615e-03,-1.186228417446221275e-02,9.989853654075891987e-01,-2.269573560996661077e-01,-2.040877950934959495e-01,9.586931585605239226e-02,3.513683697507272718e-01,-1.406845039525781438e-01,1.223375735546699816e-01,-3.749043534493185503e-01,-1.295525844094644885e-01,-6.856056281393675678e-02,1.316691235786276559e+00,1.256051485123758082e-01,1.895191975215979319e-01,6.610471434490888809e-02,9.512130326629555932e-02,1.231626848593884022e-01,-1.737605638150793996e-01,8.971263461803262729e-01,8.821110772072945361e-01,1.895123869604582179e-01,-1.737259838279043012e-01,2.685819797973860168e-01,7.528568088969103123e-01,-8.546521365804569115e-01
3.252018297489052134e-01,4.379566007938746897e-02,7.544604504702013825e-01,4.503060476801871298e-02,9.013683621585668552e-04,-1.058972459110871754e-02,9.989290715072750571e-01,-2.160520430688886717e-01,-2.100452187466348153e-01,9.424707195692234862e-02,3.510004544305239116e-01,-1.506955376366129473e-01,1.269743952231215112e-01,-3.963709201407014660e-01,-1.356496461802932652e-01,-6.903596754303463479e-02,1.316048475434959286e+00,1.013293877987791330e-01,1.813940675296726868e-01,6.374105449409607493e-02,8.293844242901010633e-02,1.225040068500547058e-01,-1.787070588117203596e-01,8.988427239004865843e-01,8.853906925355767843e-01,1.978640725341956896e-01,-1.737913566676675681e-01,2.639037932221389715e-01,7.407934732148955259e-01,-8.504746737730378703e-01
3.311942781244766598e-01,4.389897995001936643e-02,7.543680606969772606e-01,4.645300647006897488e-02,2.646406735939675647e-04,-9.227035157784115385e-03,9.988778253507295535e-01,-2.049317336703673220e-01,-2.155761849769278482e-01,9.198365122562746077e-02,3.503404392518540411e-01,-1.606957046575304693e-01,1.316736828797004377e-01,-4.170583780899809190e-01,-1.407747738119681791e-01,-6.949184978174820226e-02,1.311427643222932593e+00,7.756545344193535585e-02,1.737712968166266747e-01,6.136797669386519910e-02,7.006213431905529421e-02,1.217841176303169487e-01,-1.840658653467112660e-01,9.008900757685901484e-01,8.889117704309513757e-01,2.063640245544688945e-01,-1.724769673225601818e-01,2.575038665816067884e-01,7.289613975358827380e-01,-8.449651884044383499e-01
3.371824449245157673e-01,4.391863383788357361e-02,7.542316109738997909e-01,4.771463298402171815e-02,-3.587663777342352213e-04,-7.793903723571773273e-03,9.988305172612873539e-01,-1.939010391103669628e-01,-2.207330033433525240e-01,8.917777545652857962e-02,3.498773850848831413e-01,-1.709384481322547278e-01,1.363170170929359493e-01,-4.370747121943597269e-01,-1.451584823630679977e-01,-6.964783093765716804e-02,1.302963563794269586e+00,5.460901935218766268e-02,1.661192502568478169e-01,5.879345598390048333e-02,5.670001470759390011e-02,1.209505377399162918e-01,-1.897110090169792929e-01,9.030964301479303957e-01,8.927291006841193699e-01,2.148209828540683097e-01,-1.701478154513687557e-01,2.494190612424758979e-01,7.173062637084146598e-01,-8.382203350373969020e-01
3.431798989108439946e-01,4.386598342928109406e-02,7.540217597466695176e-01,4.885448564730857091e-02,-9.645170904419070237e-04,-6.314997295916219625e-03,9.987854773413915588e-01,-1.830532326996271164e-01,-2.255623761567866203e-01,8.592359437302464487e-02,3.497826859604017402e-01,-1.814964350685911443e-01,1.407849280828230853e-01,-4.564295427936456151e-01,-1.489709835519975323e-01,-6.941584462141889289e-02,1.290785607095515708e+00,3.232924968593112180e-02,1.582518709880010310e-01,5.597132189032286848e-02,4.304955786851054345e-02,1.200856172410203065e-01,-1.956261532371621481e-01,9.052860282950255799e-01,8.967346807753197035e-01,2.231356769686035635e-01,-1.670944162425616331e-01,2.399194002579045359e-01,7.059338648949533557e-01,-8.304205691025545732e-01
3.492180273176658245e-01,4.371842852987089384e-02,7.537886638789904614e-01,4.985557955524932278e-02,-1.523356843689564625e-03,-4.791370896766928601e-03,9.987437826269890406e-01,-1.722300430725287601e-01,-2.299666470826289832e-01,8.220525793415568716e-02,3.497696089332255620e-01,-1.920885994837817079e-01,1.449768380775515453e-01,-4.748629476665951477e-01,-1.521630331308736483e-01,-6.921426777686268128e-02,1.274791733054883913e+00,1.033686398081083702e-02,1.500827682021148579e-01,5.301667211647551753e-02,2.938825789341387856e-02,1.194308779705836043e-01,-2.018777056664545766e-01,9.072277584261565497e-01,9.006861316686416430e-01,2.313848076134337184e-01,-1.634906778708949959e-01,2.295229460868774274e-01,6.952376744051173008e-01,-8.217769682505124962e-01
3.552941448769716959e-01,4.347075941242454361e-02,7.535580029287276549e-01,5.069171622137303573e-02,-2.018722188630246543e-03,-3.248251286805106317e-03,9.987070258743724338e-01,-1.614589481340502619e-01,-2.338083398119506773e-01,7.806876760548633887e-02,3.497459736930356722e-01,-2.023436449288855965e-01,1.486566634553148081e-01,-4.924554728161111838e-01,-1.547790735722646138e-01,-6.923990844980600079e-02,1.255204406178982435e+00,-1.090796745689887742e-02,1.414962381957137194e-01,5.003364803571537511e-02,1.600812239656221325e-02,1.190617669909967979e-01,-2.083703538357243590e-01,9.088943306550389956e-01,9.045583806747740097e-01,2.395010174817928106e-01,-1.595395019777456347e-01,2.185849984198617035e-01,6.853965732189568616e-01,-8.125615956433926979e-01
3.613471344436655075e-01,4.314424376154109980e-02,7.533255617286260808e-01,5.132275304321419485e-02,-2.493194435818566791e-03,-1.690350792626997426e-03,9.986775530422977720e-01,-1.509780170059980275e-01,-2.369173011258121075e-01,7.359803347502133497e-02,3.499497602076807046e-01,-2.117224068507207457e-01,1.513413695375534773e-01,-5.096612797609567647e-01,-1.570734032384852041e-01,-6.938324554826158508e-02,1.232423420080877241e+00,-3.005191802359532746e-02,1.322582549942751817e-01,4.701320524153182467e-02,3.270011322578066874e-03,1.188317223667907929e-01,-2.149077289368012678e-01,9.104747588308280681e-01,9.084309643775382304e-01,2.470979081084531126e-01,-1.554683352366793836e-01,2.073760197072027078e-01,6.764097792122224506e-01,-8.031389177260567225e-01
3.673404597254638082e-01,4.273998201045044881e-02,7.531029616223839929e-01,5.177034881692616636e-02,-2.962667641110295052e-03,-1.316096123324555535e-04,9.986546130984085279e-01,-1.407418307507834199e-01,-2.393421283136251132e-01,6.884600795090288494e-02,3.502642479540588605e-01,-2.199790116943422524e-01,1.530047159612484275e-01,-5.266546578823660951e-01,-1.589714874226884900e-01,-6.955876310277329944e-02,1.205988473253892579e+00,-4.745623400876931852e-02,1.227698576613326792e-01,4.402702850197313250e-02,-8.707341498439161859e-03,1.187474898234229387e-01,-2.214476608208061359e-01,9.118638756151197233e-01,9.122013875528256488e-01,2.538575428319229665e-01,-1.513600804525908616e-01,1.962006081608245467e-01,6.683287164244063883e-01,-7.937691659661846311e-01
3.732961070635865686e-01,4.224882411404461829e-02,7.529430440066273711e-01,5.206655990821097008e-02,-3.313035043900974634e-03,1.374219658162691322e-03,9.986371756841689873e-01,-1.304581461311845603e-01,-2.413156433898187847e-01,6.375655966512137895e-02,3.500337664924723091e-01,-2.274103532006639117e-01,1.544932640652592615e-01,-5.430293369964273031e-01,-1.599497283896369471e-01,-7.008041707923706731e-02,1.176001062663808439e+00,-6.396345945750282758e-02,1.135118655543708027e-01,4.125038705539390421e-02,-2.012347218872918841e-02,1.189030933277446245e-01,-2.280360121723223610e-01,9.126127913218723409e-01,9.156210167826737134e-01,2.595538497800362610e-01,-1.472269118304924129e-01,1.855144399800628952e-01,6.614285601672075243e-01,-7.847572205075139529e-01
3.792502769943251750e-01,4.169294394760496986e-02,7.528697579452664490e-01,5.221212071357861362e-02,-3.482263653357594354e-03,2.841238352850321280e-03,9.986259037572886577e-01,-1.199249010957886274e-01,-2.429769657324409304e-01,5.821594281904307611e-02,3.488940957118215058e-01,-2.343829802229835946e-01,1.562668987438078916e-01,-5.579718384850579360e-01,-1.599859843269259285e-01,-7.104002093383178507e-02,1.143436377522993652e+00,-7.914091400438025281e-02,1.042153138498180670e-01,3.870120974750123483e-02,-3.114070900938697983e-02,1.191602163566507916e-01,-2.345598051641679671e-01,9.126604822297840203e-01,9.186402555239829848e-01,2.641257197002038759e-01,-1.432151342461272792e-01,1.755878152931005798e-01,6.558790778263213772e-01,-7.763441389611733801e-01
3.852390803962656984e-01,4.110910563400233669e-02,7.528416310789001198e-01,5.228736386200609487e-02,-3.503329484187522880e-03,4.312105791901004945e-03,9.986165983023419512e-01,-1.090022777919752855e-01,-2.445518963790251632e-01,5.219772866601953693e-02,3.468583175682099506e-01,-2.413420139614147197e-01,1.582315122434528043e-01,-5.704038236371579140e-01,-1.594407419870478571e-01,-7.181420412181348245e-02,1.107542681775354865e+00,-9.148782263376217805e-02,9.514864477762567663e-02,3.627485135987779802e-02,-4.185323048936221563e-02,1.192644464584348141e-01,-2.407655660491602456e-01,9.121951136058508158e-01,9.212600924366294297e-01,2.675832333122887818e-01,-1.395551496614545750e-01,1.666983733793447886e-01,6.518230510141009848e-01,-7.688567129825727431e-01
3.912836239646050318e-01,4.052435775908101029e-02,7.527650148776956485e-01,5.232535684993130931e-02,-3.327265798095522219e-03,5.706052444762269200e-03,9.986082451583974118e-01,-9.818948074958870620e-02,-2.460537004049319354e-01,4.587353704519797626e-02,3.445782898252346960e-01,-2.487693656345075777e-01,1.601063112950137923e-01,-5.802301087048116202e-01,-1.588792458719377743e-01,-7.228547046903059659e-02,1.068319531325902183e+00,-1.016843538899768473e-01,8.662084087584187575e-02,3.381764599051324122e-02,-5.222304246363609903e-02,1.191413368553153190e-01,-2.465944392631068960e-01,9.112209464791857227e-01,9.233303156486198926e-01,2.700275121477210827e-01,-1.363724359526983232e-01,1.590660256796425920e-01,6.491298369273938995e-01,-7.624898297782672918e-01
3.973998429138942412e-01,3.992686219999744962e-02,7.525224765732694276e-01,5.243168674465795154e-02,-3.038371399780621582e-03,6.854444800385542033e-03,9.985963664618581204e-01,-8.820966575857348835e-02,-2.470622604217980189e-01,4.022723035564273325e-02,3.438366202106398206e-01,-2.582667137313817696e-01,1.610949158906331002e-01,-5.879185969207286755e-01,-1.594760628987693385e-01,-7.267737932624648844e-02,1.027066106020852798e+00,-1.098434475235179758e-01,7.919440050716161639e-02,3.088998557709458914e-02,-6.205522565293117992e-02,1.190313646323282043e-01,-2.520316546434568372e-01,9.097170601187463124e-01,9.245537970739403644e-01,2.715356367396015158e-01,-1.335152757256479472e-01,1.529599474139055615e-01,6.477495211386313789e-01,-7.574995018794737911e-01
4.035845099608793562e-01,3.932818679325239541e-02,7.521184496348625181e-01,5.245927404870115440e-02,-2.680881973751310030e-03,7.765620246438589142e-03,9.985892712123008996e-01,-7.874291266996714944e-02,-2.477551279065919598e-01,3.467183079947630531e-02,3.439845413065463209e-01,-2.685169028833350180e-01,1.613094670264571540e-01,-5.937419927020345378e-01,-1.607568890963841091e-01,-7.330967240289248954e-02,9.839582341548406275e-01,-1.157691251900692664e-01,7.279472986987195471e-02,2.759788843096708591e-02,-7.134116999469683473e-02,1.188099962550122485e-01,-2.571378723338920702e-01,9.077835333779042948e-01,9.250028252494073566e-01,2.722587645694574121e-01,-1.311366525478511180e-01,1.482813257787574945e-01,6.474282405657642014e-01,-7.539151598919360264e-01
4.098028939248039015e-01,3.869936803986506052e-02,7.517912190312645571e-01,5.239721040031552340e-02,-2.180971718702043923e-03,8.698595393976032292e-03,9.985860315161403378e-01,-6.874120163341508605e-02,-2.483502120439598781e-01,2.862250971279713119e-02,3.428541258946352088e-01,-2.781285153610604244e-01,1.616097835341639144e-01,-5.980870581203410197e-01,-1.614003121738460667e-01,-7.493467422032104586e-02,9.385021201068971530e-01,-1.190569643499915925e-01,6.703562981291315281e-02,2.466125774488848663e-02,-8.009078590929791241e-02,1.182690341106640425e-01,-2.619936309863974966e-01,9.054478368032543578e-01,9.248881617329576255e-01,2.721057405347627189e-01,-1.293882974542229225e-01,1.447275908271320188e-01,6.480986926090029909e-01,-7.517521860997652405e-01
4.160626523575003399e-01,3.801917187236335260e-02,7.515897710310113222e-01,5.228228974820600672e-02,-1.504706447020350609e-03,9.675603876620506721e-03,9.985843383144037411e-01,-5.784726141864565685e-02,-2.489059622380725700e-01,2.197985384934702385e-02,3.396210533317767233e-01,-2.865217296410482728e-01,1.621700063985410389e-01,-6.016226882866946291e-01,-1.610372371625162224e-01,-7.801276135791865296e-02,8.905875004965673192e-01,-1.197068597668590334e-01,6.234471035002956546e-02,2.226606069312082187e-02,-8.817265349861228008e-02,1.174133732372695249e-01,-2.666593732780120352e-01,9.026608340579889145e-01,9.241756418545131746e-01,2.711126986769790137e-01,-1.283060690504935486e-01,1.422857263668484140e-01,6.495137206995187373e-01,-7.509590518752073951e-01
4.224356329375580366e-01,3.727684243999831309e-02,7.513630026762965208e-01,5.219696957966492301e-02,-7.837761335301356505e-04,1.047694571331476976e-02,9.985815418232965035e-01,-4.606694989510980165e-02,-2.492785549116237898e-01,1.531999290389000207e-02,3.349325816435291814e-01,-2.941932446076547247e-01,1.623327165841410014e-01,-6.048333558559803036e-01,-1.602476024906634433e-01,-8.158170239965958914e-02,8.412549306223415790e-01,-1.186752143835974604e-01,5.876354554031262833e-02,1.980958611931969010e-02,-9.543898106648109059e-02,1.164903511215597820e-01,-2.711560725680060013e-01,8.995995963803122830e-01,9.226908640188350441e-01,2.694970305213368889e-01,-1.276988243306128035e-01,1.411528354739469138e-01,6.515515895362054000e-01,-7.515161265234695520e-01
4.289509946051647815e-01,3.646376395913060453e-02,7.510546225609481263e-01,5.210868912148131776e-02,-7.723588194328011346e-05,1.114365814766579525e-02,9.985792394375857528e-01,-3.350067908313858478e-02,-2.493278671301836225e-01,8.753413195050498141e-03,3.292371265820100978e-01,-3.014707461179181314e-01,1.620005143860950847e-01,-6.077312136975503432e-01,-1.591111217184853766e-01,-8.515302731229740241e-02,7.907858779067566957e-01,-1.160406062542999606e-01,5.629714053956647729e-02,1.709251648952850311e-02,-1.022277014410053753e-01,1.155391402430229753e-01,-2.754921229290562823e-01,8.963694982742915762e-01,9.205681697892900139e-01,2.674654600504413615e-01,-1.274492477827703085e-01,1.411484507050246584e-01,6.541454104251628321e-01,-7.532797339882938426e-01
4.355767033043159153e-01,3.556974528466255725e-02,7.507093689484671817e-01,5.191493755642453273e-02,7.201059689944783702e-04,1.188511333153869504e-02,9.985804914830987977e-01,-2.051208337941018423e-02,-2.490314369948369577e-01,1.916916339037704007e-03,3.226200162514501479e-01,-3.083709147510042548e-01,1.618682459873949930e-01,-6.101220993214421240e-01,-1.571405727152091203e-01,-8.918562497235414666e-02,7.384860268671677996e-01,-1.120395063276198033e-01,5.513441428351187334e-02,1.460003870521497417e-02,-1.093227781105007845e-01,1.144288971080516804e-01,-2.796474570496232936e-01,8.927382108615155021e-01,9.180560396859430705e-01,2.650678817118548025e-01,-1.275881737622198420e-01,1.419215873702114605e-01,6.571939109381053079e-01,-7.560852952824923534e-01
4.423553502809402516e-01,3.459943599904652389e-02,7.503430828927679652e-01,5.164750482106517104e-02,1.629552614294776545e-03,1.269658245233758719e-02,9.985833348289296918e-01,-6.834996161827843961e-03,-2.485812022016787026e-01,-5.267120081855859032e-03,3.147262303875779654e-01,-3.149456294229046605e-01,1.627452534969270059e-01,-6.120238533204470643e-01,-1.540906429538169975e-01,-9.349978450757169546e-02,6.848702757119962126e-01,-1.069733306335971662e-01,5.551985540425907750e-02,1.257440286861074771e-02,-1.166507811609457101e-01,1.132037238758714509e-01,-2.837597194076856288e-01,8.886539621478541928e-01,9.152356195080598722e-01,2.623880299505840230e-01,-1.280494193330027342e-01,1.432603602170146040e-01,6.606489810485933756e-01,-7.596720964006010712e-01
4.494163768946755622e-01,3.358248475813317008e-02,7.499421532147187985e-01,5.141885152386030389e-02,2.571231608570828057e-03,1.338217627488542082e-02,9.985842016746160343e-01,8.392009440945319074e-03,-2.483728738528494517e-01,-1.267227005819294983e-02,3.049001016855611423e-01,-3.214036769198078125e-01,1.657611650084612753e-01,-6.135009235530036742e-01,-1.498653206108195857e-01,-9.728118542802786928e-02,6.311030483782787970e-01,-1.008251715255749914e-01,5.791941828908363926e-02,1.093173870269612685e-02,-1.232128777063144220e-01,1.120125322603866130e-01,-2.880858268716881554e-01,8.844363360681678499e-01,9.121216917102378252e-01,2.596418944883953639e-01,-1.286768941629733987e-01,1.449669031800464858e-01,6.645471346119555811e-01,-7.637480548343329456e-01
4.567184062155545399e-01,3.255321644861170621e-02,7.494611125802137508e-01,5.107011801142208318e-02,3.578266629364456469e-03,1.408642649760014944e-02,9.985893107993677464e-01,2.391313568264635467e-02,-2.478407177686659524e-01,-2.022335190029503696e-02,2.945743817979029067e-01,-3.273504063155959209e-01,1.695816321721059783e-01,-6.143866501012533732e-01,-1.448361383035871863e-01,-1.012054539560362093e-01,5.769888020909129667e-01,-9.465826348684183711e-02,6.224785141619766649e-02,9.193375263352548260e-03,-1.286959927324859143e-01,1.106899521905877204e-01,-2.927346103680685263e-01,8.803179809319071625e-01,9.088649701550464144e-01,2.569905290126163755e-01,-1.295880561562415267e-01,1.466991288888492839e-01,6.684948513868678166e-01,-7.681417370557196422e-01
4.640361375268103883e-01,3.151566214250039327e-02,7.489263781819819332e-01,5.069454639306376215e-02,4.576240010324013861e-03,1.491403953783152284e-02,9.985922888325527991e-01,3.670537670734345254e-02,-2.463303493734312344e-01,-2.670299724201621525e-02,2.875014889819413333e-01,-3.309559509356538309e-01,1.685985416401520609e-01,-6.141874390150635632e-01,-1.401484041744852083e-01,-1.059768820735272621e-01,5.221670414684074224e-01,-8.874187781007267239e-02,6.778282702458880704e-02,7.044066435633612386e-03,-1.333760675655399075e-01,1.090567414934002083e-01,-2.976430290288896718e-01,8.764370747714297361e-01,9.056629070579768070e-01,2.541436102960338839e-01,-1.308193620284223702e-01,1.480886065179886912e-01,6.722443488040162896e-01,-7.727368692861943389e-01
4.713551733034715974e-01,3.044644623651358156e-02,7.485268919773876428e-01,5.107642208424668234e-02,5.330147313763682060e-03,1.542115468641631210e-02,9.985614536045454015e-01,4.696440581351088439e-02,-2.454756535915983418e-01,-2.814491992200188197e-02,2.843752912790210585e-01,-3.311990482937931524e-01,1.630870322666632677e-01,-6.119238556062281953e-01,-1.369429379073523190e-01,-1.100330410135934717e-01,4.674028737167557068e-01,-8.271251300019717700e-02,7.349923916761350040e-02,4.964998344483814718e-03,-1.371591506827192497e-01,1.074795056696616347e-01,-3.026162355863413755e-01,8.730104951237210864e-01,9.024195632127367528e-01,2.507853356146819146e-01,-1.318106457179323010e-01,1.490954941048163729e-01,6.764560289987925357e-01,-7.773989011405774141e-01
4.787977151696785616e-01,2.942953439638364144e-02,7.480917107577567116e-01,5.109379627821655778e-02,6.351361679994273375e-03,1.559416506490323220e-02,9.985519046111815955e-01,5.764104475917590509e-02,-2.439676198764181014e-01,-2.956824806724946825e-02,2.803950810063189913e-01,-3.313763641769710278e-01,1.591604362263274730e-01,-6.072110741063397876e-01,-1.329909609003771531e-01,-1.141438580867027153e-01,4.130822905667398404e-01,-7.714333297384223798e-02,7.887398780770865647e-02,3.008804428747508322e-03,-1.402540424112386774e-01,1.056963531120650862e-01,-3.077275115920261039e-01,8.696757566932518113e-01,8.989393167485971725e-01,2.478719571414875755e-01,-1.331135252095446142e-01,1.497583527879757792e-01,6.799723448838957962e-01,-7.819589599341104647e-01
4.863514726335532168e-01,2.843420684802996923e-02,7.475322973857172482e-01,5.087586720800931633e-02,7.726197275812464633e-03,1.595897371907134890e-02,9.985475768181113487e-01,6.866143372937645595e-02,-2.421491373440730621e-01,-3.166293795317413895e-02,2.753945696000296706e-01,-3.322375675643406412e-01,1.573379930300391194e-01,-5.995092428383118621e-01,-1.290637429697774341e-01,-1.175386713329298616e-01,3.628418148205254656e-01,-7.533440686367878780e-02,8.595989023941161267e-02,7.201428127722501148e-04,-1.430137046314176041e-01,1.040109542198188186e-01,-3.130073271799047596e-01,8.662515108494441840e-01,8.954323407220838860e-01,2.458147014389704121e-01,-1.343227176099907882e-01,1.498743205214377594e-01,6.828570911920148756e-01,-7.862007360831477776e-01
4.937449533444642213e-01,2.743741607495769202e-02,7.469008256421697522e-01,5.088563169583736057e-02,9.104891885506944185e-03,1.646375041895542166e-02,9.985272368652051700e-01,7.836129441432858334e-02,-2.407305835132722283e-01,-3.446570492941416347e-02,2.720377605070590232e-01,-3.333649790951166980e-01,1.554616454472904086e-01,-5.905883888632533774e-01,-1.256564057904168141e-01,-1.191175066373736657e-01,3.199929489083792600e-01,-7.667143790091553168e-02,9.413727574947026999e-02,-1.088873149625643223e-03,-1.459146372679958892e-01,1.025664517510125051e-01,-3.181625378267676219e-01,8.627427837875991656e-01,8.922346259186355599e-01,2.439382559659978855e-01,-1.350251634948133606e-01,1.492431511344465001e-01,6.857731256243596585e-01,-7.898925533772910290e-01
5.008588965526290515e-01,2.649265227412374649e-02,7.463414829401885386e-01,5.125267204297807855e-02,1.035168471847829931e-02,1.666985664891655963e-02,9.984929254187275838e-01,8.658088067860733594e-02,-2.400319663638218748e-01,-3.714109925317996691e-02,2.707726465187130227e-01,-3.343317731039198160e-01,1.529066680900897923e-01,-5.821930173313788481e-01,-1.226104735242575100e-01,-1.187232609378292558e-01,2.849528302519457323e-01,-7.821069037359494602e-02,1.023622579554512579e-01,-1.944005060807566399e-03,-1.485515611705749972e-01,1.012600919402767002e-01,-3.230197266412096480e-01,8.593867910353706341e-01,8.891591943385172003e-01,2.417699093333792459e-01,-1.352881158531176742e-01,1.479528361240101120e-01,6.888990333050515336e-01,-7.930286169667978280e-01
5.077882133612743321e-01,2.569234091607682652e-02,7.458870887937590899e-01,5.161326080255748683e-02,1.156750980592147031e-02,1.677602087617280358e-02,9.984592275850723286e-01,9.449003922884444129e-02,-2.395134103659022629e-01,-3.932106649899340389e-02,2.698751826165299295e-01,-3.351916619300870370e-01,1.504897409935221364e-01,-5.749689331628617950e-01,-1.199529633752340618e-01,-1.168442743977634729e-01,2.575775391665289238e-01,-8.072139649984216847e-02,1.121058106618521844e-01,-3.022424226484981928e-03,-1.500086399403036397e-01,9.978829353015247761e-02,-3.278564679803178672e-01,8.564580758612110323e-01,8.858713379748529571e-01,2.399149914912573345e-01,-1.355647114211353255e-01,1.460427121544537188e-01,6.913838228402848785e-01,-7.956641548908685024e-01
5.145541830220501378e-01,2.503884867850469931e-02,7.454067693359370805e-01,5.193049207694987873e-02,1.271764868523301423e-02,1.687925954837312878e-02,9.984270509164219209e-01,1.023160814186781231e-01,-2.391342697745797719e-01,-4.073743987695694485e-02,2.692668841994497742e-01,-3.363714188812484407e-01,1.484964857878426359e-01,-5.693775435620495040e-01,-1.176053293333578775e-01,-1.135884692529385565e-01,2.374913101407176708e-01,-8.375962420968476041e-02,1.227820838470945475e-01,-4.547655610877858121e-03,-1.503733889950239488e-01,9.808000384257457849e-02,-3.325692490607973784e-01,8.540582131545891853e-01,8.824366317861690456e-01,2.385760937662029790e-01,-1.359205251877028953e-01,1.434917091729797090e-01,6.931696005266869687e-01,-7.978671255053717548e-01
5.211297181737241102e-01,2.446685188459412144e-02,7.446375383508621049e-01,5.244663621909362305e-02,1.365287449461242801e-02,1.691808293725070855e-02,9.983870615162193651e-01,1.100359955289459124e-01,-2.390220630414150449e-01,-4.013054786827052745e-02,2.704262868553842236e-01,-3.398575449180438746e-01,1.472327341623276276e-01,-5.659775762030804236e-01,-1.154972369810206706e-01,-1.085817399194090593e-01,2.244020443141294396e-01,-8.549488627883750080e-02,1.326362903677748561e-01,-5.920632755191918874e-03,-1.504132629202174221e-01,9.625963074410347209e-02,-3.367635430951635978e-01,8.520865458234069267e-01,8.790301335927048765e-01,2.375823601460253787e-01,-1.361731052519050689e-01,1.403866805401962625e-01,6.947520516838991966e-01,-7.997050348673502285e-01
5.275502848595428063e-01,2.393664410104190052e-02,7.436525635184321192e-01,5.305571694219419349e-02,1.439363616462398937e-02,1.691764587692775809e-02,9.983444833301247101e-01,1.171891369605421729e-01,-2.391690672083494063e-01,-4.041305355912487574e-02,2.730514021896919274e-01,-3.442072324386866722e-01,1.455482464448157598e-01,-5.640780146619128743e-01,-1.132685701130322353e-01,-1.024679668796878718e-01,2.167552208117325130e-01,-8.567373923798722590e-02,1.399771525380315573e-01,-7.042503799054574548e-03,-1.500359244840472062e-01,9.439618074171408912e-02,-3.404276806309797232e-01,8.505842303548921679e-01,8.756623755793316866e-01,2.367960254264896425e-01,-1.362750072212355890e-01,1.369416686096512348e-01,6.962837107492810818e-01,-8.011166457872965774e-01
5.339245641279456445e-01,2.341434244046934621e-02,7.428293419266295272e-01,5.352563878248129542e-02,1.510490118175068439e-02,1.690806107002544925e-02,9.983090530612600544e-01,1.233288368052742057e-01,-2.390187523253255730e-01,-4.330420092130873866e-02,2.772446752771867695e-01,-3.482718507067873448e-01,1.430373165424266846e-01,-5.622073395105517957e-01,-1.104997534805561288e-01,-9.612888417125098339e-02,2.121721028750845894e-01,-8.527892369906654724e-02,1.445045919985331884e-01,-8.046511783099528914e-03,-1.484054828299981033e-01,9.258893120290018208e-02,-3.437991999816588096e-01,8.497520698696222619e-01,8.722989751398755320e-01,2.361829653422289899e-01,-1.361364340346325197e-01,1.333618956009098300e-01,6.977258654993740983e-01,-8.020166019406720359e-01
5.403553902444251378e-01,2.286254530392814108e-02,7.423028455394817815e-01,5.381475232515089968e-02,1.578936505761039527e-02,1.684148883303885486e-02,9.982840440661903125e-01,1.288886114101150948e-01,-2.385217119117962747e-01,-4.722115248728929460e-02,2.822768694778032827e-01,-3.509812784860725787e-01,1.404784339423169326e-01,-5.604300930688893567e-01,-1.071273931606054469e-01,-8.938136549818523346e-02,2.103306584689655090e-01,-8.357388259950609966e-02,1.476994787623810701e-01,-8.917054011791193668e-03,-1.455804665799830533e-01,9.083657101278723445e-02,-3.468137244858045531e-01,8.496023613328960167e-01,8.689503862106267018e-01,2.359017564918804433e-01,-1.356663334707837176e-01,1.296746857205220982e-01,6.991257691846823885e-01,-8.026373921548893842e-01
5.469673253762088461e-01,2.221950208519309772e-02,7.420008484021120010e-01,5.397728395099462423e-02,1.632209262885781290e-02,1.685379180299571150e-02,9.982664834497305684e-01,1.349007703940378611e-01,-2.376834844484950193e-01,-4.940901921237988298e-02,2.872669587071938757e-01,-3.518358318154567455e-01,1.388178468879917304e-01,-5.594580090593901378e-01,-1.033372107429119252e-01,-8.201256503051365665e-02,2.121895737445599062e-01,-7.929029258368718025e-02,1.495753926946730150e-01,-9.960313182022463227e-03,-1.423108763382177622e-01,8.910957116550367874e-02,-3.493047936579570800e-01,8.499785020861554408e-01,8.656349075176201779e-01,2.363803255935785219e-01,-1.347320415678566197e-01,1.258608385415065922e-01,7.006424689669638051e-01,-8.032592699082847787e-01
5.537763904340117227e-01,2.144938485875479139e-02,7.418875357808660809e-01,5.392454582698963383e-02,1.673269330485957496e-02,1.692289485460317031e-02,9.982613765752225143e-01,1.414381353065890523e-01,-2.361332187161566121e-01,-4.981643862182418697e-02,2.920285380797171260e-01,-3.507583659802153697e-01,1.378721449799146237e-01,-5.599202002170211578e-01,-9.891284257026369819e-02,-7.484547477125240433e-02,2.182192900843699657e-01,-7.095626860749762455e-02,1.463378706439915355e-01,-1.121470369239818514e-02,-1.388547273537963367e-01,8.739550337168375260e-02,-3.512054389700403623e-01,8.510180434794542004e-01,8.623663787467188424e-01,2.374390884478639330e-01,-1.333612498385189360e-01,1.220761118401636203e-01,7.023916774186385048e-01,-8.038838042469593770e-01
5.607131534423744901e-01,2.052958672561003284e-02,7.419352592529024903e-01,5.360797009062340940e-02,1.710176532403737820e-02,1.680175126083811171e-02,9.982742190000366556e-01,1.481377534447858857e-01,-2.336319369134266799e-01,-5.049774046767195601e-02,2.966902557385560080e-01,-3.478798014840958630e-01,1.365214463389185784e-01,-5.622128233253210761e-01,-9.346649971194956330e-02,-6.856210839681384228e-02,2.284652149879989047e-01,-5.851229690366763214e-02,1.350207475483222175e-01,-1.234119021204674663e-02,-1.350356751479498407e-01,8.580951646311948955e-02,-3.525002101098145268e-01,8.529794135790463860e-01,8.591537256635899400e-01,2.384344338555023923e-01,-1.315932792190750433e-01,1.185095453441973590e-01,7.043887719719723606e-01,-8.044451346256155100e-01
5.677540496525207425e-01,1.948921229114710177e-02,7.420354028655117284e-01,5.310210682586830044e-02,1.739975870367061264e-02,1.665322735732891954e-02,9.982985949435635442e-01,1.549162033228875524e-01,-2.303768990395877181e-01,-5.187616754245563677e-02,3.015562149290253458e-01,-3.436334461734830148e-01,1.342955364750301750e-01,-5.651917117971601012e-01,-8.791978580445078406e-02,-6.327920624954078144e-02,2.418220381988827605e-01,-4.508606460246878528e-02,1.208571341701538959e-01,-1.349292925919167406e-02,-1.306050428576062961e-01,8.436797921694275115e-02,-3.533535346060698301e-01,8.558569489016648602e-01,8.561733706473458883e-01,2.393991906556168781e-01,-1.294526097517277319e-01,1.150155198081188046e-01,7.066104132261478155e-01,-8.050212491883862453e-01
5.748407520296143769e-01,1.841694744448705082e-02,7.420703791832649054e-01,5.237511177058742917e-02,1.765535847178603332e-02,1.656474763044236617e-02,9.983339800126852515e-01,1.616130119337777504e-01,-2.265195461383653630e-01,-5.277809646353935624e-02,3.069027816461156188e-01,-3.389219665670928361e-01,1.313900753549113731e-01,-5.680467165093466830e-01,-8.298204036048495436e-02,-5.971167320462997946e-02,2.567249110902461440e-01,-3.096853102952934478e-02,1.060983642622540246e-01,-1.458524730650257936e-02,-1.253642812708007370e-01,8.287922412246809256e-02,-3.538927757683271169e-01,8.595345127588795986e-01,8.535985788260043172e-01,2.404727718301250539e-01,-1.271188713841550355e-01,1.113508150383672735e-01,7.091723748048762710e-01,-8.057048120016919723e-01
5.819596656245604738e-01,1.732674645219112880e-02,7.420566438304688761e-01,5.150154677909186962e-02,1.782600023663742997e-02,1.649208079932210427e-02,9.983776017448675599e-01,1.683571882910620543e-01,-2.222601924418509400e-01,-5.308330986157983739e-02,3.126300390433368603e-01,-3.337713322892771339e-01,1.281164814119464257e-01,-5.702666285734585561e-01,-7.874938773066707254e-02,-5.785664833983658606e-02,2.722868644955241391e-01,-1.609063997853145064e-02,9.134440357325998572e-02,-1.556960922890875641e-02,-1.192870597793757592e-01,8.136097632245938016e-02,-3.540947632640937259e-01,8.640702053277649064e-01,8.514073296378800171e-01,2.416001526600780602e-01,-1.246337578502130228e-01,1.075625070284029067e-01,7.121200007246090147e-01,-8.064760257946276267e-01
5.891472192217861448e-01,1.618068743504167545e-02,7.421097230047927207e-01,5.061133623379167334e-02,1.784635608332545142e-02,1.640891021358227217e-02,9.984241322628275572e-01,1.752812630710172126e-01,-2.178188220404915498e-01,-5.336506266945750115e-02,3.185881623296158982e-01,-3.274951980829305387e-01,1.248072665116161106e-01,-5.713912414628895542e-01,-7.487870759380006735e-02,-5.694389087440412944e-02,2.879495985289825533e-01,-7.407218560765965049e-04,7.698800739101448187e-02,-1.659928164105712450e-02,-1.124278113212086455e-01,7.994973734778838825e-02,-3.539012318585184613e-01,8.696482713669188014e-01,8.495281996625110299e-01,2.427111178202500386e-01,-1.219441420897685591e-01,1.037818508436531006e-01,7.154368429555137965e-01,-8.072933103294908097e-01
5.964032068239617512e-01,1.496196778471777129e-02,7.424012263312796955e-01,4.963516374482633553e-02,1.779816594364799082e-02,1.621462464468809844e-02,9.984771713748386013e-01,1.821462243640409318e-01,-2.129593989982867530e-01,-5.328774210576916331e-02,3.245990055666450047e-01,-3.194911994176118375e-01,1.209173984765580523e-01,-5.708786265511008873e-01,-7.084548991602999946e-02,-5.661832757516128967e-02,3.027284623979005218e-01,1.389436570289099768e-02,6.366836123099348099e-02,-1.742824101798739686e-02,-1.048615684829797695e-01,7.863516304925419198e-02,-3.531923814006114326e-01,8.762179709965258745e-01,8.480597709502505355e-01,2.438342360935059350e-01,-1.190441482225344239e-01,1.000454145216935764e-01,7.191750674628886175e-01,-8.081745780805825730e-01
6.036955578255986943e-01,1.365472122841063750e-02,7.431289739253693627e-01,4.844619178886284960e-02,1.784440641214739276e-02,1.584853579427716180e-02,9.985406089346160474e-01,1.884534477703664335e-01,-2.072445507863943659e-01,-5.208234186952021699e-02,3.304733538514837976e-01,-3.090904833382386308e-01,1.154488165811509703e-01,-5.682785976273656559e-01,-6.622341694607510043e-02,-5.678331449608483433e-02,3.155146368110510746e-01,2.618754940700893444e-02,5.210121343766020707e-02,-1.771666775238833758e-02,-9.673135926716278088e-02,7.742143216789597326e-02,-3.518621514571387832e-01,8.835345227628720322e-01,8.470960302705810019e-01,2.450487704523036658e-01,-1.158839805190632066e-01,9.639081009548683410e-02,7.233732349090483682e-01,-8.091432434071771373e-01
6.108967169085534055e-01,1.231300150390719772e-02,7.441314214945171646e-01,4.705885830128482550e-02,1.793583012962976161e-02,1.560503260054975187e-02,9.986091591861533390e-01,1.936043314814643312e-01,-2.008640712318229549e-01,-5.031625626986761107e-02,3.373194575013536145e-01,-2.971563878569904449e-01,1.088632533650321782e-01,-5.645519416194650919e-01,-6.162355865985272990e-02,-5.779271292346076921e-02,3.274389559963521434e-01,3.511526947509106822e-02,4.196600903149627637e-02,-1.831728965975714871e-02,-8.826338637574404622e-02,7.624845658228121548e-02,-3.499818116089699616e-01,8.915883782858060602e-01,8.465155309844657472e-01,2.462102555540221227e-01,-1.125743784372552209e-01,9.271318666237328421e-02,7.278939697605257830e-01,-8.101451701290899310e-01
6.179157982160886631e-01,1.106713679951603323e-02,7.450318872015588845e-01,4.565446253043985853e-02,1.779777801350521799e-02,1.521357655526026434e-02,9.986828606906376082e-01,1.991739646503258021e-01,-1.953199185903464474e-01,-4.984692535597461810e-02,3.489073963102523046e-01,-2.892034928509096825e-01,1.010301954452624412e-01,-5.610259047963042089e-01,-5.771464802144164047e-02,-6.004290003534590303e-02,3.405961936757705422e-01,4.025989871889165683e-02,3.188040157796756535e-02,-1.952873405829643264e-02,-7.921231858869820508e-02,7.493160381763876166e-02,-3.476829608488377632e-01,9.005014654295997456e-01,8.461741111045743002e-01,2.471507248018571523e-01,-1.094169110063699241e-01,8.890006597487556950e-02,7.327002666125242980e-01,-8.111302362697481172e-01
6.247718572168361462e-01,9.898196513455482723e-03,7.458557898244591033e-01,4.416870417929306264e-02,1.750066766730332471e-02,1.445996575355918377e-02,9.987661195659003344e-01,2.049554616401118301e-01,-1.903036650872812763e-01,-5.019498240212242474e-02,3.648786585899682078e-01,-2.846157777077911732e-01,9.313255199926530337e-02,-5.573728790253109633e-01,-5.371581161641024449e-02,-6.312585654001633129e-02,3.543025476479257363e-01,4.126561954643829383e-02,2.115054387426892890e-02,-2.081782988007536278e-02,-6.953557047153155479e-02,7.350309324535141131e-02,-3.449556871398484770e-01,9.100526909343683579e-01,8.460029367327379646e-01,2.479525714364091693e-01,-1.063584454878750418e-01,8.497748628106574498e-02,7.379427258337749596e-01,-8.120963350717874674e-01
6.314497990600483890e-01,8.690077712740097021e-03,7.468382283190314608e-01,4.226010130455012948e-02,1.729607530703226176e-02,1.383485487116249170e-02,9.988611020416520159e-01,2.079164374610278088e-01,-1.839484874801940728e-01,-5.012461761187980702e-02,3.820744537758682391e-01,-2.745886344946258384e-01,8.521899327604091912e-02,-5.525911543237777002e-01,-4.834154664130516782e-02,-6.634265212518307420e-02,3.666609772999009365e-01,3.791369458557121430e-02,1.032023055362834944e-02,-2.219001025247750031e-02,-5.989885682101560999e-02,7.211091248930204256e-02,-3.417373692016103526e-01,9.198178018947594792e-01,8.459648286431683539e-01,2.487292170639405220e-01,-1.031784180279699814e-01,8.098785225915765273e-02,7.435376788138924331e-01,-8.130444813940189697e-01
6.379481298614443352e-01,7.421720084244773190e-03,7.478468174949466363e-01,3.990228061799994119e-02,1.711865365373283279e-02,1.347616091432898323e-02,9.989660418580686985e-01,2.079368651610533636e-01,-1.759633869981854504e-01,-5.009507983432340272e-02,4.012177514549816748e-01,-2.560514121644821839e-01,7.703114382070244681e-02,-5.469538650546660330e-01,-4.172048564524407505e-02,-6.981695631198517327e-02,3.779845603774077967e-01,3.087054540769722244e-02,-6.135143233350001668e-04,-2.373954476245866696e-02,-5.053201505118033732e-02,7.089285046003970803e-02,-3.382326984415838789e-01,9.297524656234974483e-01,8.460300351006606601e-01,2.494138758184069049e-01,-9.986542084294425248e-02,7.689136112030657555e-02,7.492093563534264478e-01,-8.138712952552574764e-01
6.443010868190999219e-01,6.138423617929769475e-03,7.485866631925334191e-01,3.734799815188869637e-02,1.678956182887899468e-02,1.306484855816185571e-02,9.990758466601986632e-01,2.068147736946055748e-01,-1.675588390223488322e-01,-5.128856932429604748e-02,4.227301239400798050e-01,-2.364344699678372075e-01,6.682272555188215057e-02,-5.413440262188266017e-01,-3.472758477111718978e-02,-7.383208782085520783e-02,3.895398562625845829e-01,2.151829035448150559e-02,-1.193547145436860656e-02,-2.529336606361009751e-02,-4.114214978304508996e-02,6.991562842010590195e-02,-3.346599609420786714e-01,9.400960113042794442e-01,8.461774475485825953e-01,2.497603356190951085e-01,-9.652186997747662367e-02,7.261697397377153695e-02,7.548857579087279168e-01,-8.144984758900777333e-01
6.505277631661038340e-01,4.823457903081107036e-03,7.491419843594997463e-01,3.453380857239169571e-02,1.642062486012571543e-02,1.279889846011725459e-02,9.991866529046992129e-01,2.036303118835787740e-01,-1.581805603125242266e-01,-5.311050561926436431e-02,4.462252087471245687e-01,-2.136609580443944445e-01,5.260376920409013529e-02,-5.354477035866317403e-01,-2.750112130191758111e-02,-7.863504900900757100e-02,4.006062379478556035e-01,1.059305181785545787e-02,-2.327513070822437996e-02,-2.697463647831731953e-02,-3.193792465078529319e-02,6.923602629567285338e-02,-3.313759155923609590e-01,9.506817273180978578e-01,8.465216203024045205e-01,2.496757874454713921e-01,-9.312853925185524129e-02,6.813897056112709627e-02,7.604188183185468519e-01,-8.149771396189064987e-01
6.566529326219192608e-01,3.424840972286713990e-03,7.498101698077219712e-01,3.137179102610559295e-02,1.614778918715005507e-02,1.291976102825691253e-02,9.992937963199785001e-01,1.965271931575115205e-01,-1.473742933316892212e-01,-5.470944210894338605e-02,4.724978077426522649e-01,-1.854028253740028775e-01,3.470896066033041932e-02,-5.284161026522984361e-01,-1.982679891067539238e-02,-8.423326205980886938e-02,4.098270408153389943e-01,-1.904188876416806767e-03,-3.401957566631972490e-02,-2.867792086231812573e-02,-2.335927291863516483e-02,6.894802969153185357e-02,-3.286050018095622582e-01,9.611258816528113202e-01,8.471543885197825308e-01,2.490795970079903443e-01,-8.954466957435959495e-02,6.351370802084654876e-02,7.657004954218321613e-01,-8.153700918310778922e-01
6.627563171906267758e-01,1.932121343523812663e-03,7.506053865276823833e-01,2.802359768173430174e-02,1.589619801304345548e-02,1.337144814393966680e-02,9.993914114280932903e-01,1.860460973141967733e-01,-1.361212256080968908e-01,-5.635723918190646553e-02,5.025903344069716505e-01,-1.552453907845055825e-01,1.544618343787830181e-02,-5.201193484428819902e-01,-1.203908514466621102e-02,-9.055266927432653601e-02,4.171375724069188440e-01,-1.512126068556422440e-02,-4.402353955887633452e-02,-3.027327709391072069e-02,-1.525343010736144797e-02,6.925408768379003044e-02,-3.267404766411367567e-01,9.711374111984844015e-01,8.485051063675933536e-01,2.479844862506662972e-01,-8.572892224864231414e-02,5.874295604921439540e-02,7.707392929934266945e-01,-8.156212699070427563e-01
6.689256048434090163e-01,3.472967541439358607e-04,7.513831295402743082e-01,2.463968452977241541e-02,1.558503637061817854e-02,1.409176396158787550e-02,9.994755698745471095e-01,1.734692290027656514e-01,-1.249360303755738949e-01,-5.848473229978620042e-02,5.360736997112977020e-01,-1.246925693102437088e-01,-4.768424417045731556e-03,-5.108789038653037684e-01,-4.556371174581705027e-03,-9.761498511781699361e-02,4.230601640105694505e-01,-2.787412071778021597e-02,-5.338416482912932554e-02,-3.184343255432864339e-02,-7.261844433850679278e-03,7.031564477667760771e-02,-3.260767972201876197e-01,9.805980554569608820e-01,8.508664235651770547e-01,2.464711923517708680e-01,-8.171564626410732224e-02,5.377997723966057575e-02,7.755374978314413248e-01,-8.156817024831242158e-01
6.750929188715478757e-01,-1.298242166195051660e-03,7.520565984894703737e-01,2.122155568729464092e-02,1.526699202392412837e-02,1.514762725993311007e-02,9.995434527408734171e-01,1.581880231357404298e-01,-1.138476957467374484e-01,-6.076608092890219831e-02,5.736092289695847724e-01,-9.376264004438987498e-02,-2.575677271245241720e-02,-5.010973102543846425e-01,2.603958624313052611e-03,-1.054098903579400170e-01,4.278621753369251657e-01,-4.024069709914805670e-02,-6.238768564598118349e-02,-3.352962357000584953e-02,2.666664200280301905e-04,7.220599481279967036e-02,-3.268306933109275669e-01,9.894240749331661977e-01,8.544009313411751183e-01,2.446289605306324610e-01,-7.764278509833402731e-02,4.870878950129219759e-02,7.801152469351566587e-01,-8.156372446481291449e-01
6.811345044495452639e-01,-2.954746349308581040e-03,7.525669568118610320e-01,1.771252063858688372e-02,1.496141749390804063e-02,1.658019663403427491e-02,9.995936619660635847e-01,1.395876745627496196e-01,-1.028244209620154254e-01,-6.279012882449980237e-02,6.158445821106227624e-01,-6.237725672318700926e-02,-4.679574351150695560e-02,-4.910245755166426362e-01,9.642322005616725880e-03,-1.138281508920595958e-01,4.316786873446999961e-01,-5.272525303920581885e-02,-7.129993881417953649e-02,-3.537205038618264352e-02,6.753960313979486332e-03,7.491928614781966089e-02,-3.290418604888435961e-01,9.975078057393605979e-01,8.591274961036299285e-01,2.425653098394545681e-01,-7.368678147408470880e-02,4.365745712285771379e-02,7.845245792167526711e-01,-8.155689618759803805e-01
6.870808748253808274e-01,-4.631218735076549423e-03,7.528400183979940818e-01,1.410078506472087212e-02,1.466537810605691126e-02,1.844183995957720396e-02,9.996229254496268313e-01,1.183329762414111197e-01,-9.170083979826569587e-02,-6.475563225804578660e-02,6.618942797391533794e-01,-3.038540592079726210e-02,-6.798060624529975171e-02,-4.809818324183426919e-01,1.655626556372116753e-02,-1.229074093563000819e-01,4.349103739965549664e-01,-6.463388524450472405e-02,-8.025425516023337869e-02,-3.735743988461507487e-02,1.185251280682412048e-02,7.856841139999420909e-02,-3.329237897798550949e-01,1.004890619243083094e+00,8.651041854579885060e-01,2.407646691183205345e-01,-6.998387620752730132e-02,3.866803843471115082e-02,7.886682720488650267e-01,-8.154132150493151876e-01
6.930087429879407956e-01,-6.365427856642203244e-03,7.528010389855795959e-01,1.039037454610579683e-02,1.439853012917385183e-02,2.084548342990499847e-02,9.996250238301781499e-01,9.494989947368011329e-02,-8.018998566971122233e-02,-6.676628614968897757e-02,7.108186820414601481e-01,2.582157518640992855e-03,-8.968418984302505004e-02,-4.713540554385840520e-01,2.322927244307161632e-02,-1.328148330344427475e-01,4.380518145164886135e-01,-7.485226236647074538e-02,-8.938607063209134951e-02,-3.957890929986292855e-02,1.528545019054856902e-02,8.327354318202197236e-02,-3.385365199123553381e-01,1.011644261551773782e+00,8.723056664316882758e-01,2.397212927459743681e-01,-6.664180572873092123e-02,3.371408443586287190e-02,7.925111808335255636e-01,-8.151165695400719446e-01
6.991399848219203017e-01,-8.199323893232631638e-03,7.526445604619335095e-01,6.664791895973564209e-03,1.413379639734870484e-02,2.350914225078409164e-02,9.996014888839521717e-01,7.089311384281407613e-02,-6.814022511337951282e-02,-6.861253014236524950e-02,7.599782865138842158e-01,3.803146110125157214e-02,-1.125651186158439093e-01,-4.616910618644062270e-01,2.960159677870279060e-02,-1.434397740838148083e-01,4.411082889789192385e-01,-8.338060334107760818e-02,-9.813932782134122956e-02,-4.169102571464770868e-02,1.746335682901266340e-02,8.896460638897051021e-02,-3.456322176897129173e-01,1.018029626517069186e+00,8.804326979112151452e-01,2.397258351165101053e-01,-6.377004888195290933e-02,2.902820167407110449e-02,7.962657048531965875e-01,-8.147773106707894009e-01
7.057015692890687975e-01,-1.018607343823676493e-02,7.526785472587474990e-01,2.977430576160237236e-03,1.389172920261396750e-02,2.629175888998273522e-02,9.995533425897711322e-01,4.636093511596238448e-02,-5.524160628856499000e-02,-7.012977453055040111e-02,8.075129054779000004e-01,7.852027876310513355e-02,-1.379227841178178315e-01,-4.514148790269387201e-01,3.541783677864026453e-02,-1.548594317412219090e-01,4.438664726688817397e-01,-9.048654139491196791e-02,-1.048762422101707781e-01,-4.366524245423031303e-02,1.882891890558124545e-02,9.552840406408488749e-02,-3.539460224993098425e-01,1.024318142223929584e+00,8.892201802537240685e-01,2.408903589511937615e-01,-6.139185162933884221e-02,2.476511513335409934e-02,8.001165269849758177e-01,-8.144758575512371923e-01
7.124164387244364960e-01,-1.223054575501520899e-02,7.527712108179085426e-01,-7.708048539567712238e-04,1.371574857649794470e-02,2.954998981249503179e-02,9.994689000679035651e-01,2.014740122142095677e-02,-4.181995162996813425e-02,-7.167903431396431546e-02,8.546536208298424198e-01,1.239529822837035500e-01,-1.636029576295631449e-01,-4.405474519062153038e-01,4.082765591241363512e-02,-1.672167696537356085e-01,4.459839782263407271e-01,-9.743081617651522253e-02,-1.107940044546032315e-01,-4.620136407052689853e-02,1.916002624793401027e-02,1.027103263792454729e-01,-3.628609716059459922e-01,1.029750124699640113e+00,8.981674565949332445e-01,2.421860450909760487e-01,-5.956439562216712946e-02,2.099414912300073127e-02,8.036901853273830110e-01,-8.144090116403547297e-01
7.189564625945239484e-01,-1.416096405351923576e-02,7.527186496838074170e-01,-4.451282794627013477e-03,1.353329632660804638e-02,3.297164476781192649e-02,9.993547451297380979e-01,-6.386273998805806762e-03,-2.963851784959104646e-02,-7.294101258806467980e-02,9.039101197314521885e-01,1.632822754477805949e-01,-1.845319004613519276e-01,-4.294395660325329156e-01,4.587716460709020949e-02,-1.797716702577617509e-01,4.473489015994660534e-01,-1.043030173593266635e-01,-1.158599610783362932e-01,-4.888615739378283226e-02,1.857085525454037211e-02,1.102307459825082603e-01,-3.718161272731795863e-01,1.033735584129495289e+00,9.069469534067245986e-01,2.423431688485166990e-01,-5.828352762618909527e-02,1.778845497949228111e-02,8.069593632407968675e-01,-8.146961007993765991e-01
7.253965130562967101e-01,-1.601704347690699817e-02,7.527095368977523293e-01,-7.685625557114267661e-03,1.320447767676042466e-02,3.613008859450234089e-02,9.992302985934889969e-01,-3.272164860838314843e-02,-1.930743803596714908e-02,-7.260809978574687962e-02,9.554171822320604024e-01,1.865457436972285110e-01,-1.973347174966181006e-01,-4.176146692304541497e-01,5.064430443833205231e-02,-1.913007096054497591e-01,4.479198545061595649e-01,-1.120017697817553420e-01,-1.201413291225292695e-01,-5.097090348186854997e-02,1.803063341927970201e-02,1.181975122925207067e-01,-3.801191756141761857e-01,1.036161163021863452e+00,9.150086328643758371e-01,2.413430295002991777e-01,-5.705619465585747702e-02,1.534308249452703832e-02,8.104355732112442645e-01,-8.154489860245850430e-01
7.318106874552650076e-01,-1.782407799915334407e-02,7.528374511335774733e-01,-1.090826287814186842e-02,1.285572888914314829e-02,3.944156948237141636e-02,9.990796280974223453e-01,-5.948713796812741400e-02,-8.775475865838119546e-03,-7.213254451396659828e-02,1.002937286173021247e+00,2.111621992439475792e-01,-2.065291847570900341e-01,-4.049557484654638384e-01,5.604683162155112836e-02,-2.019836141395122964e-01,4.474769961268957874e-01,-1.219174289955328727e-01,-1.237121734779112331e-01,-5.276853274199759525e-02,1.794816597430174548e-02,1.263016377558817960e-01,-3.874951610303710159e-01,1.036897423722481504e+00,9.220745899674956947e-01,2.398724318776672693e-01,-5.598248227506422842e-02,1.371966750124251413e-02,8.134443342759473117e-01,-8.166787566239549490e-01
7.382101299671847139e-01,-1.957698918638189206e-02,7.530257879891893991e-01,-1.400445879192476623e-02,1.242574209346108613e-02,4.278903248288790095e-02,9.989086919065980341e-01,-8.648721170413345427e-02,1.567387605419382976e-03,-7.159106915648172365e-02,1.047633137856328167e+00,2.326348297499715445e-01,-2.118995777459439789e-01,-3.911831439609191330e-01,6.197697535522076612e-02,-2.117401414660409487e-01,4.453209006390797531e-01,-1.321536018964412362e-01,-1.269169351128543177e-01,-5.432585248576941861e-02,1.840884806465073464e-02,1.344509717178393460e-01,-3.933114939497887041e-01,1.035861134532749528e+00,9.274943316676741434e-01,2.377770598397017376e-01,-5.517849667500188127e-02,1.297534065963208867e-02,8.159712073276161881e-01,-8.184705273532298930e-01
7.445542460624990921e-01,-2.124337466793645504e-02,7.531824687338123381e-01,-1.689333145640121991e-02,1.189421069080168376e-02,4.597898810750608578e-02,9.987287298145364201e-01,-1.137081855928951946e-01,1.089585681297632579e-02,-7.102086725987516447e-02,1.090296524193405947e+00,2.434642423874261719e-01,-2.127923075738104297e-01,-3.765445947154320017e-01,6.829884943899577898e-02,-2.205058854197432250e-01,4.413755911409085186e-01,-1.412756587485378690e-01,-1.301768637193112532e-01,-5.574714296575559308e-02,1.922251665589507288e-02,1.425030869350342178e-01,-3.972217258246728555e-01,1.033218605582369998e+00,9.309904880338695232e-01,2.346014295709855646e-01,-5.486286394976807451e-02,1.303020550511356859e-02,8.182065795058223179e-01,-8.208392173554405202e-01
7.508508131341974368e-01,-2.280198562865668951e-02,7.533343800464963325e-01,-1.953470688512350117e-02,1.124584503940460195e-02,4.890820172922285408e-02,9.985489041603701210e-01,-1.407909533762191634e-01,1.885292015416810754e-02,-7.017575930970913756e-02,1.130172734141960733e+00,2.462979173556030521e-01,-2.110202683255808509e-01,-3.615891189006978368e-01,7.460026372930567140e-02,-2.283610938568303161e-01,4.368094002440671697e-01,-1.505439718308446695e-01,-1.333963450495226355e-01,-5.658820738464660077e-02,2.040015330599534438e-02,1.503353812918832577e-01,-3.989678574909313880e-01,1.028906836318556506e+00,9.322641014776643642e-01,2.305630779119676732e-01,-5.495753234568007822e-02,1.376020476408008550e-02,8.202937301504343859e-01,-8.237116696414559236e-01
7.571214031459710947e-01,-2.422474564179866868e-02,7.535692665317568206e-01,-2.206369860827080143e-02,1.046821915594828636e-02,5.159165113248512929e-02,9.983696383360722848e-01,-1.674485495715714034e-01,2.553854918823532730e-02,-6.899122551361852596e-02,1.166714629214958832e+00,2.441931026453157960e-01,-2.079253002449404919e-01,-3.466751182325945035e-01,8.064202862319534704e-02,-2.357761717951866454e-01,4.328877926892680805e-01,-1.624891938232708444e-01,-1.364225780277997513e-01,-5.645026281609998031e-02,2.197655208802231849e-02,1.577633593929832767e-01,-3.985264295769202492e-01,1.022954878190435402e+00,9.313130877819427722e-01,2.260315679006165701e-01,-5.538485015150288598e-02,1.506608947140922368e-02,8.224209372801525308e-01,-8.270048252822518320e-01
7.633767853540165405e-01,-2.554241371956105996e-02,7.537212658984627778e-01,-2.437803989761827897e-02,9.600645139655524657e-03,5.404193651783480851e-02,9.981948747018564161e-01,-1.937023282076005548e-01,3.101842710689040744e-02,-6.833140131532644546e-02,1.199997871579132847e+00,2.363432062340246054e-01,-2.038763085091676863e-01,-3.318273016342359050e-01,8.681397378644145624e-02,-2.421208711082815934e-01,4.288705931379664382e-01,-1.744567767276579140e-01,-1.392471520685558684e-01,-5.607599617991464863e-02,2.415573010903811213e-02,1.648561913185920824e-01,-3.958194964223054058e-01,1.015290617787077077e+00,9.280678872981148464e-01,2.210120128823394037e-01,-5.608514476618807476e-02,1.700356968772883531e-02,8.244537157219047341e-01,-8.307255457919048292e-01
7.695781341066995074e-01,-2.676136857870339142e-02,7.536042679145729117e-01,-2.655996274474002605e-02,8.694933857717196055e-03,5.601120550694687478e-02,9.980389327886294293e-01,-2.197141722693173593e-01,3.604129525437624326e-02,-6.905912221734665513e-02,1.230274554687619259e+00,2.223041333938776953e-01,-1.990262256940642238e-01,-3.176681956780408878e-01,9.381538412370259150e-02,-2.468015359348401661e-01,4.248782762202177321e-01,-1.848696338817494289e-01,-1.420242090808095936e-01,-5.599082388719295311e-02,2.695259388137262804e-02,1.714591657031961924e-01,-3.909047944924423645e-01,1.006127065182991442e+00,9.226551698698602921e-01,2.152056199931313141e-01,-5.719972414128796784e-02,1.953068713816528273e-02,8.263073168023239434e-01,-8.348537935288316003e-01
7.757608466394647628e-01,-2.788568307996145898e-02,7.533934402209141457e-01,-2.848718452912142249e-02,7.724427259037490098e-03,5.746415275157446684e-02,9.979111607200649159e-01,-2.450073574483286887e-01,4.007532123214628539e-02,-6.988912012909631599e-02,1.256548120293181858e+00,2.062332357972417596e-01,-1.934784725208555933e-01,-3.038198798149057134e-01,1.009171163932121029e-01,-2.501240959707469735e-01,4.211311568657525872e-01,-1.950207828060807891e-01,-1.447546511775404110e-01,-5.552886217779687272e-02,3.045890107206261285e-02,1.776507149103578043e-01,-3.839776865754732649e-01,9.954378087327060420e-01,9.155609854284352256e-01,2.087434350732051414e-01,-5.845870637749830262e-02,2.253262398647084067e-02,8.280845312974700612e-01,-8.392495162747436455e-01
7.819871658825847671e-01,-2.889765171616912390e-02,7.534010403325377414e-01,-3.030937838304128759e-02,6.695492599232012905e-03,5.867360412168630412e-02,9.977945464199374781e-01,-2.693262495759072839e-01,4.266200212674143427e-02,-6.976246538798744345e-02,1.278325172054634695e+00,1.907498568841996256e-01,-1.873443519215500785e-01,-2.896112231042679008e-01,1.074341701316329500e-01,-2.533560320701193080e-01,4.179346501285417514e-01,-2.085282192929124867e-01,-1.474351907504469483e-01,-5.418705735696342091e-02,3.475431717574416907e-02,1.833580561342185999e-01,-3.753087250365018668e-01,9.833738557740520081e-01,9.071787690906419899e-01,2.018996143821877032e-01,-5.969538610809930340e-02,2.593707319802722108e-02,8.299423550226883162e-01,-8.438108308843861316e-01
7.882668715292688866e-01,-2.980720871435826522e-02,7.534585921586340884e-01,-3.196897571897422408e-02,5.637338512535348782e-03,5.969254971042389779e-02,9.976888315076214431e-01,-2.926820675472439071e-01,4.360297546552287934e-02,-6.952241899580288709e-02,1.295924298342324921e+00,1.747102708864312071e-01,-1.811027528036409096e-01,-2.751473529025513787e-01,1.134379269608110918e-01,-2.563610017937863472e-01,4.147868699050900054e-01,-2.231241414561671577e-01,-1.499209527282067689e-01,-5.237030577170736362e-02,3.992979970883085011e-02,1.887597830273788080e-01,-3.652202175401217943e-01,9.698649446698214271e-01,8.976973871385351966e-01,1.945545193442692333e-01,-6.088623690432477809e-02,2.947013636584529944e-02,8.320444553261328036e-01,-8.484546063536823057e-01
7.945585974329311130e-01,-3.061037377347721258e-02,7.533080068099986537e-01,-3.352941996186051266e-02,4.563833968217026298e-03,6.032986621817119227e-02,9.976047597413661983e-01,-3.151792057984665330e-01,4.338568476830255427e-02,-7.023750834626298067e-02,1.309840420741951617e+00,1.572372211271229614e-01,-1.749962755158379069e-01,-2.612123521666993020e-01,1.195090751183310873e-01,-2.585846967412916975e-01,4.120281531268439323e-01,-2.367872829927319400e-01,-1.521345212462305863e-01,-5.034785394436160078e-02,4.591148655052074146e-02,1.938828086100799208e-01,-3.539488898450969812e-01,9.550192711264019474e-01,8.872778067642920208e-01,1.863554082698775094e-01,-6.219272884109744437e-02,3.288748690651099177e-02,8.345650838812309624e-01,-8.531338107209425203e-01
8.008754628617051896e-01,-3.130672554795249640e-02,7.528994158365938105e-01,-3.489054709485867739e-02,3.475950079244393386e-03,6.061545046399297032e-02,9.975451541957963686e-01,-3.367252997986158736e-01,4.235371401001718911e-02,-7.122374720491396471e-02,1.319731429557581492e+00,1.400057184306856828e-01,-1.695257201137553293e-01,-2.473659673027288619e-01,1.252209560587610737e-01,-2.603684398201306371e-01,4.087554956706964115e-01,-2.472070009121896672e-01,-1.547071582905063802e-01,-4.798163601535517658e-02,5.255953910683559133e-02,1.986647280608465904e-01,-3.415889785070529983e-01,9.394194997143489045e-01,8.762542268421356084e-01,1.776714635706451717e-01,-6.360773929912734437e-02,3.617834688527899606e-02,8.372618949385556286e-01,-8.578646108996800246e-01
8.072320500095720996e-01,-3.189036028025481195e-02,7.522413893499856341e-01,-3.601435384892996000e-02,2.393540450106184086e-03,6.063709965579892891e-02,9.975071034738324238e-01,-3.573482759483797566e-01,4.084610065988988903e-02,-7.173232520699376891e-02,1.325514544059636757e+00,1.239616805884412032e-01,-1.648974522032038981e-01,-2.332954052199721351e-01,1.301935077790091488e-01,-2.622080224106618229e-01,4.044162821279237430e-01,-2.531519966683040690e-01,-1.583229406873963296e-01,-4.511326844147159343e-02,5.977944137128491514e-02,2.030202092769190780e-01,-3.282542904679819351e-01,9.235707414381058022e-01,8.648381792134612889e-01,1.689006819454969277e-01,-6.514763586047996047e-02,3.938411763641537500e-02,8.399337702858834520e-01,-8.626553790293323143e-01
8.135846128925701137e-01,-3.237060675572377838e-02,7.513812926230079015e-01,-3.698859685151383025e-02,1.394465628840243013e-03,6.032724534164447122e-02,9.974921165794020661e-01,-3.772708556903994759e-01,3.946102434200866177e-02,-7.218447990732709818e-02,1.327213578681676109e+00,1.065837359495624553e-01,-1.599850566584274103e-01,-2.201533855793645633e-01,1.347813139495296630e-01,-2.636172762115265300e-01,4.008627418333740589e-01,-2.574046597662965064e-01,-1.626877703466802771e-01,-4.182374355710168773e-02,6.711465169142614984e-02,2.068268515943250119e-01,-3.143597393524454331e-01,9.075732496510912073e-01,8.531232898994559610e-01,1.600784093716825507e-01,-6.683171028925617707e-02,4.238727865827054964e-02,8.425245798378651063e-01,-8.672872664811133170e-01
8.198911474254924059e-01,-3.275793484396592042e-02,7.503639218913851217e-01,-3.784202212793313924e-02,5.079725887582471058e-04,5.963734219469456893e-02,9.975024364587142811e-01,-3.966237440224478772e-01,3.858404688234517987e-02,-7.324783161833796352e-02,1.324939575674893177e+00,8.647427912624611190e-02,-1.542253371119448047e-01,-2.086009281743024801e-01,1.391265599615961190e-01,-2.642065746727470521e-01,3.993024706990546124e-01,-2.618891329158404835e-01,-1.673312650159014259e-01,-3.833153679764205596e-02,7.410428576137029211e-02,2.099347792369155308e-01,-3.001650409405205444e-01,8.913652817582301546e-01,8.411750360079363054e-01,1.512209006661287269e-01,-6.867204039842787766e-02,4.510083197467479321e-02,8.449807358703874671e-01,-8.716594203164439447e-01
8.262436917092312871e-01,-3.304697333406943216e-02,7.495645974395549471e-01,-3.856243679858020051e-02,-3.000012490289761949e-04,5.880989075663871357e-02,9.975240574625749979e-01,-4.158133545954782462e-01,3.664075512163393611e-02,-7.527780097448140417e-02,1.319739367451447709e+00,6.538235833069470926e-02,-1.474876346580492603e-01,-1.962754258015869391e-01,1.436891003887756646e-01,-2.638325773911907035e-01,3.967188920101187843e-01,-2.668138588813897538e-01,-1.722721842922680102e-01,-3.522779173662805158e-02,8.088604410587930948e-02,2.122315112639416024e-01,-2.857287088340143555e-01,8.751381394403147107e-01,8.292004680349013279e-01,1.428044802902319887e-01,-7.054879212204727412e-02,4.778395244942693770e-02,8.467826520471883889e-01,-8.758362320694128567e-01
8.327762101414503126e-01,-3.324819441152527394e-02,7.493678724809991198e-01,-3.892553213112422139e-02,-9.565042279776587259e-04,5.793010055188892171e-02,9.975610591239839620e-01,-4.353148474565778359e-01,3.190619159349358108e-02,-7.754427752930609374e-02,1.312635350063349193e+00,4.447531283597083024e-02,-1.398220045223620145e-01,-1.810107205526294838e-01,1.485158330118676595e-01,-2.620792637344747100e-01,3.898380951139576167e-01,-2.719440938523942641e-01,-1.777021929152725055e-01,-3.275392801094652306e-02,8.781440807499851786e-02,2.138256796757651568e-01,-2.711212536199248402e-01,8.589190028580541147e-01,8.172971476244567102e-01,1.354173972969155981e-01,-7.217772473110789511e-02,5.066937122658198706e-02,8.474499952918953527e-01,-8.798756207876117230e-01
8.393771572900572409e-01,-3.342339882398880774e-02,7.491602161100251456e-01,-3.899904625566114058e-02,-1.452448864878049667e-03,5.670537450491729137e-02,9.976279192593301426e-01,-4.539017904687663307e-01,2.780577140215281795e-02,-7.843040064301519398e-02,1.302139938301582811e+00,2.297916445241731526e-02,-1.316295237067489909e-01,-1.669171619287544983e-01,1.525940900053469607e-01,-2.593977203903199968e-01,3.843421997857077166e-01,-2.778558426784296653e-01,-1.824291044104893456e-01,-2.913813284482515489e-02,9.492648302059859822e-02,2.151123083460085295e-01,-2.566856188461265065e-01,8.426789419110792823e-01,8.057320986718348177e-01,1.283888312135564869e-01,-7.348322782272752318e-02,5.352811624225879694e-02,8.465811740518316419e-01,-8.833210201288694829e-01
8.458143092456040790e-01,-3.354222119281043829e-02,7.484424473637817377e-01,-4.017773002964918766e-02,-2.122367357788547491e-03,5.512323164739772741e-02,9.976686197827464575e-01,-4.700239246749882693e-01,2.950699427714846210e-02,-7.962416320238549505e-02,1.287138000736698817e+00,3.322626994830442382e-04,-1.231697623916902795e-01,-1.590314072783406973e-01,1.565752723146544567e-01,-2.613952430834351470e-01,3.880588788957373692e-01,-2.840510014037634368e-01,-1.845874691155901803e-01,-2.313935298776655450e-02,1.019308060301421098e-01,2.154556441375743148e-01,-2.425470554466068185e-01,8.272823679850438428e-01,7.946063925544567530e-01,1.201483888302749825e-01,-7.514623621325478009e-02,5.608529508591331841e-02,8.446552969903821095e-01,-8.859981816273311273e-01
8.523270655767849480e-01,-3.364243036491328803e-02,7.476689255260717815e-01,-4.116308549434902209e-02,-2.828083406479307144e-03,5.387800709981786090e-02,9.976947241956243273e-01,-4.852297719030798651e-01,3.102663356653258611e-02,-8.166673844090460710e-02,1.268639894195434881e+00,-2.034776396395634665e-02,-1.160499786895013707e-01,-1.508406147192489499e-01,1.602322468720568938e-01,-2.628021340396112238e-01,3.924215780365201134e-01,-2.911811443515804898e-01,-1.872656209445481001e-01,-1.799517256809256976e-02,1.089538277781639947e-01,2.154706915072713558e-01,-2.292007153592323931e-01,8.123105449437174608e-01,7.839205268980639074e-01,1.121802834207770022e-01,-7.672323926559070084e-02,5.856359890512469885e-02,8.420179075618607900e-01,-8.883105272515479101e-01
8.591335789125786881e-01,-3.368133316738412819e-02,7.476100049374305723e-01,-4.136885238800243336e-02,-3.334730807103183925e-03,5.263999540901508761e-02,9.977507652248732706e-01,-5.014110500422691574e-01,2.904255111587498647e-02,-8.395275549166034135e-02,1.247986186436608635e+00,-3.761198591105442690e-02,-1.108585706312542329e-01,-1.384524033232401030e-01,1.643805767132131557e-01,-2.616928063651350334e-01,3.910163709115384023e-01,-2.991884034782845703e-01,-1.946134843384248192e-01,-1.530748850635686893e-02,1.156611454670784106e-01,2.147780033834444935e-01,-2.165414602633961016e-01,7.980533222176480201e-01,7.736585495771649557e-01,1.061270179200669989e-01,-7.819909636870298053e-02,6.109396009307319075e-02,8.392753574628418756e-01,-8.904817107273325094e-01
8.661304208958170436e-01,-3.369074860862728699e-02,7.477544508087151653e-01,-4.101193611272779121e-02,-3.653093948970181568e-03,5.108229370051490387e-02,9.978453163046765440e-01,-5.178690595734003477e-01,2.741267785316317887e-02,-8.531923126179161154e-02,1.224407607604000470e+00,-5.358438821734318180e-02,-1.064496953795821960e-01,-1.248073533635944421e-01,1.676687472845425908e-01,-2.587180996016678058e-01,3.877965596831190465e-01,-3.075667886876415902e-01,-2.012829465813748830e-01,-1.222413292387888699e-02,1.221167984300685766e-01,2.139863539952394089e-01,-2.046323472269871990e-01,7.838733700338308408e-01,7.641525495304614113e-01,1.011893565063667344e-01,-7.953031079829013528e-02,6.359403639590083257e-02,8.356323944676739002e-01,-8.920533338495892917e-01
8.731404112760233760e-01,-3.360078275957543992e-02,7.477773508278195980e-01,-4.206051112061068298e-02,-4.187438045287717944e-03,4.979162319274869214e-02,9.978648069887631200e-01,-5.333549812415347979e-01,3.187633440269007495e-02,-8.828124695155394053e-02,1.198796505769204268e+00,-6.917939086726528075e-02,-1.023518746686687408e-01,-1.136686025886098211e-01,1.708168183648875460e-01,-2.570904975651048807e-01,3.901661034092511748e-01,-3.190922192098102350e-01,-1.934956924134042799e-01,-7.113970713834467073e-03,1.280565057728268452e-01,2.125430142778645670e-01,-1.935356235133772473e-01,7.706141561773426352e-01,7.554905236497488907e-01,9.574468023819060480e-02,-8.149071803076712861e-02,6.584070267023187095e-02,8.312716975017664378e-01,-8.928620762552758050e-01
8.801927368344033553e-01,-3.351228246726009607e-02,7.478839923926993150e-01,-4.276288005901815459e-02,-4.602794835823706583e-03,4.842801572700251855e-02,9.979002343228018379e-01,-5.469525098491239135e-01,3.600996648441324305e-02,-8.944840982352122993e-02,1.170150878944284489e+00,-8.038111750420059987e-02,-9.979209508543931961e-02,-1.019292141713087352e-01,1.734183488155959518e-01,-2.547143149834624754e-01,3.912694190840511066e-01,-3.292726026553511320e-01,-1.840578185606625838e-01,-1.328486356523984196e-03,1.344329963567924557e-01,2.116278068638207388e-01,-1.838219303677282312e-01,7.578019937142500551e-01,7.479565731854037614e-01,8.967935494808446095e-02,-8.323104486826553294e-02,6.790723476259639957e-02,8.262017318820380485e-01,-8.931857237414121409e-01
8.872458319371986368e-01,-3.337059891478348639e-02,7.486878650523373091e-01,-4.327750827736625422e-02,-4.721884888772210319e-03,4.704227211662886238e-02,9.979438201758603633e-01,-5.584367513704218133e-01,3.731204178788215947e-02,-8.886987920112988937e-02,1.139653799249480182e+00,-8.784287910602905924e-02,-9.700357068144094264e-02,-8.931506582167600405e-02,1.764079870687492446e-01,-2.502138725023149712e-01,3.886386648288906454e-01,-3.274164608707609281e-01,-1.757823483179244417e-01,3.103483951186011662e-03,1.411117032338631005e-01,2.104180893886988257e-01,-1.755914610443312651e-01,7.467412691302318661e-01,7.416106665055260949e-01,8.314602020161780682e-02,-8.509675545531034113e-02,6.963327151639876755e-02,8.208036090563736176e-01,-8.931745685932205303e-01
8.942367494845880893e-01,-3.330785321493361789e-02,7.501212473080288712e-01,-4.324426049338245259e-02,-4.685398866390242008e-03,4.526888924058033309e-02,9.980274087612860390e-01,-5.670715489991648983e-01,3.547099071778306995e-02,-8.592302461065229324e-02,1.108055950287178293e+00,-9.323700226413260406e-02,-9.240775356443174660e-02,-7.891076395143828415e-02,1.790975599984926669e-01,-2.425084027905806405e-01,3.871250968185118713e-01,-3.169451420181025880e-01,-1.719919774374785160e-01,7.987209209539328919e-03,1.473251283584193494e-01,2.093560424542559306e-01,-1.687248317898907835e-01,7.362489089518838847e-01,7.364944903211734228e-01,7.702663023725346558e-02,-8.670547269103459631e-02,7.135040727497021784e-02,8.153186574892428151e-01,-8.925098947431171492e-01
9.010963721062672516e-01,-3.339162128865307000e-02,7.520790019955707617e-01,-4.301508023639971645e-02,-4.784592775410294839e-03,4.351843014018352829e-02,9.981147012154281128e-01,-5.727989270134467015e-01,3.056493464420764056e-02,-8.102761676167725968e-02,1.073386360082139834e+00,-9.647484317532949161e-02,-8.699162021862502647e-02,-7.254996198339457025e-02,1.824321554435485437e-01,-2.307748694000554546e-01,3.900914554132339229e-01,-3.010137101281857852e-01,-1.769379771883110852e-01,1.392198240395957701e-02,1.520896322529148026e-01,2.082978328736666274e-01,-1.630080830179855833e-01,7.255520007838889285e-01,7.325098277811156189e-01,7.220045202448717447e-02,-8.817504858925401257e-02,7.326610969081920333e-02,8.099677928835108398e-01,-8.911177333837921877e-01
9.078825805845867070e-01,-3.350697078741679547e-02,7.540146586900438042e-01,-4.387887793191463937e-02,-4.935395600327610079e-03,4.272931100013164368e-02,9.981104607823515495e-01,-5.767577914726814692e-01,2.772964228557876776e-02,-7.648930342650468728e-02,1.034410922836268565e+00,-9.650793773750389326e-02,-8.224520062807223753e-02,-6.580827101979491722e-02,1.879138574116016314e-01,-2.197998433847962729e-01,3.921629714769701014e-01,-2.834288268737821803e-01,-1.831358405902734632e-01,1.800829993453157210e-02,1.552943901536661953e-01,2.065379622498919876e-01,-1.586217737654450899e-01,7.167909072066790399e-01,7.296855551110088545e-01,6.836681293761509570e-02,-8.979377144103253827e-02,7.534032588085612381e-02,8.047879979609247059e-01,-8.895609613269299665e-01
9.145902246494289622e-01,-3.350544104833250852e-02,7.551311259877505622e-01,-4.531564638621046054e-02,-4.749938844423797803e-03,4.094042902974810022e-02,9.981220325053279385e-01,-5.789170033619763789e-01,3.061833607373184649e-02,-7.314294440515024809e-02,9.928441809579672261e-01,-9.480648628471952111e-02,-7.687831267428521520e-02,-5.786190173086544486e-02,1.875986350298434469e-01,-2.213321119947391225e-01,3.870580095864045722e-01,-2.958071047104945950e-01,-1.790164188160194014e-01,2.178697183299686119e-02,1.580416894093386593e-01,2.041569504973484162e-01,-1.553910600060508518e-01,7.102938877435110987e-01,7.279027433153151261e-01,6.426507499109376798e-02,-9.129023414725388752e-02,7.780388622008546640e-02,7.995901982851414402e-01,-8.880989368722786992e-01
9.212327334359101672e-01,-3.342958646973027276e-02,7.557631399102344716e-01,-4.624637790111019164e-02,-4.412866361777559830e-03,3.913291848958341812e-02,9.981535021388184825e-01,-5.788620490864568868e-01,3.339734545413790973e-02,-6.976097682382374765e-02,9.484978918391496761e-01,-9.313229724434392287e-02,-7.128597959728230626e-02,-5.037706867493291218e-02,1.863053852105428509e-01,-2.209852959496699243e-01,3.833413408056050020e-01,-3.057656651972784356e-01,-1.704311740694532951e-01,2.434908480583074589e-02,1.600488843475232348e-01,2.019230620805397280e-01,-1.532373461458324260e-01,7.053214099851804475e-01,7.271642139318379439e-01,6.002866802439554145e-02,-9.248775628247175862e-02,8.048791177342701220e-02,7.940310747677634673e-01,-8.861504080633927360e-01
9.277841947537156519e-01,-3.307626870907576927e-02,7.563555595587470037e-01,-4.625943923104443301e-02,-4.095064882879653756e-03,3.775776131482029563e-02,9.982072160559285479e-01,-5.764661741962840980e-01,3.241978564914904659e-02,-6.380793532768100351e-02,9.015607263303248020e-01,-9.295494170028766046e-02,-6.537299693938569689e-02,-4.426332946734850421e-02,1.822301294058911170e-01,-2.171429237323719841e-01,3.802718789570421198e-01,-3.031769148428933858e-01,-1.577570027719904511e-01,2.598206809823901814e-02,1.608986699870501580e-01,1.992576241503107581e-01,-1.520121313418674736e-01,7.017032613626708049e-01,7.273774297828362601e-01,5.575682092753156405e-02,-9.449135632285657338e-02,8.327905653747576242e-02,7.876887386095053900e-01,-8.835294575308280107e-01
9.344756489750641881e-01,-3.249563679608397093e-02,7.567156811633176661e-01,-4.612678861158929500e-02,-3.842076892415565749e-03,3.641522602452543222e-02,9.982642381309253521e-01,-5.722941088357411665e-01,3.088452714206994104e-02,-5.648460525410103905e-02,8.521619173206739228e-01,-7.876396817434450082e-02,-6.551659238397777862e-02,-3.837661878046652597e-02,1.787358529657332717e-01,-2.101700426319208503e-01,3.780295437217290888e-01,-2.939341109187306178e-01,-1.507832925557704429e-01,2.813962083050092211e-02,1.622233571515823980e-01,1.966402008713726834e-01,-1.518170291296156993e-01,6.984840889684544862e-01,7.285222305534361231e-01,5.170440901726091470e-02,-9.718999321614207876e-02,8.594602890361745240e-02,7.814149447013235550e-01,-8.808658069251439349e-01
9.415175901548142878e-01,-3.178997374571607137e-02,7.567245550738715965e-01,-4.619046105540053349e-02,-3.686129399019058041e-03,3.489879101281466445e-02,9.983160533088347721e-01,-5.666260210620394089e-01,3.081971543194867921e-02,-4.879705335903324059e-02,8.033510016147391575e-01,-5.304430457082590783e-02,-7.089746530893263621e-02,-3.133274263856748731e-02,1.772969201183479115e-01,-2.012749810520410576e-01,3.764767048707645669e-01,-2.850125605568155640e-01,-1.506226774649724043e-01,3.179750079764724624e-02,1.654124130815561311e-01,1.947369365503386907e-01,-1.525502417630242857e-01,6.953680503279977554e-01,7.305014899015220831e-01,4.799504823878239512e-02,-1.000696280769760027e-01,8.833462131555218366e-02,7.762747345102888330e-01,-8.784011178066079006e-01
9.485696201089299784e-01,-3.104695110184199983e-02,7.569964057952504044e-01,-4.642867460074133479e-02,-3.613651662143539493e-03,3.340965032244611749e-02,9.983562064522938373e-01,-5.538642429166286130e-01,3.164421832227157921e-02,-4.415240076607575281e-02,7.511946172403489719e-01,-3.453415488180168469e-02,-7.432240899189186678e-02,-2.442919333557515282e-02,1.753453053484150259e-01,-1.939243727311959486e-01,3.766040241299301039e-01,-2.742708741872572076e-01,-1.425200103793893835e-01,3.570934276834422660e-02,1.688684238198000231e-01,1.931637663826005491e-01,-1.537899070862523143e-01,6.925042026997305644e-01,7.327833160857066819e-01,4.369327861378517058e-02,-1.032582398562065518e-01,9.033124399961353634e-02,7.723280605447397917e-01,-8.760142631263798663e-01
9.552405028965104128e-01,-3.031546648772952268e-02,7.581624674399128905e-01,-4.735631159422209330e-02,-3.030079254760732234e-03,3.210391596518383933e-02,9.983574194403531665e-01,-5.319795512167905249e-01,3.239613119852791795e-02,-4.947852949393707900e-02,6.875431532091214049e-01,-4.183185261801090904e-02,-7.177426451491730752e-02,-2.007222770784952703e-02,1.715768369920767089e-01,-1.918576970412478322e-01,3.794052543569269575e-01,-2.669175373566355369e-01,-1.085573982001167281e-01,3.882166112516471229e-02,1.709327869747596651e-01,1.911860543405169144e-01,-1.553718301943783076e-01,6.899768320460867299e-01,7.351521696905386483e-01,3.824878295962572811e-02,-1.072887070402383375e-01,9.184143390219857983e-02,7.691937165987163816e-01,-8.736441698051774507e-01
9.615928304567299412e-01,-2.994712897004367380e-02,7.602393306661929806e-01,-4.851161168664650664e-02,-2.099819379737086125e-03,3.051851757788931821e-02,9.983540626325835277e-01,-5.155515669998743666e-01,3.639935920391607072e-02,-5.121507791254957531e-02,6.344724459265470573e-01,-4.278251270939232437e-02,-7.142060931873854546e-02,-1.626001248606285740e-02,1.697106897062281017e-01,-1.905057713859968915e-01,3.802601491954832880e-01,-2.456354913422054420e-01,-7.946771652618372928e-02,3.994182990592410470e-02,1.730014777091163358e-01,1.896419244415661065e-01,-1.568242125242525487e-01,6.881661132837844086e-01,7.381327881335079111e-01,3.454441867702227886e-02,-1.101680441830009544e-01,9.406587584792934498e-02,7.658392395167614719e-01,-8.714268195831713637e-01
9.676206064296720699e-01,-3.048849382359118676e-02,7.631858785148779578e-01,-4.756108951776026605e-02,-1.806001812809426106e-03,2.883000063085297549e-02,9.984505775873885325e-01,-5.148845580949289458e-01,4.258887914112344242e-02,-3.971265809925468571e-02,6.047678332397735668e-01,-2.454827475082182325e-02,-7.326500260847894352e-02,-9.893684828436347112e-03,1.704420325381798829e-01,-1.799706425069561300e-01,3.780598500515939819e-01,-2.389650586931490739e-01,-8.755088370476560300e-02,3.711346552120604186e-02,1.755258509977100367e-01,1.907529662582327090e-01,-1.577480549258065412e-01,6.871354985484069422e-01,7.418345242020598640e-01,3.487760151423469068e-02,-1.086581799148754746e-01,9.775582399495109931e-02,7.618526361008337577e-01,-8.693914401666374969e-01
9.729937126765841882e-01,-3.120242304553626569e-02,7.660677576446977000e-01,-4.680988919839966511e-02,-1.633614700048451095e-03,2.689283283586249573e-02,9.985404053508840638e-01,-5.189113209392001158e-01,5.263712063135707331e-02,-2.665978124833087368e-02,5.772347041586292082e-01,1.088382322580961487e-02,-7.496569965234520239e-02,-1.280370244480268788e-03,1.725344546281706026e-01,-1.704098491579367491e-01,3.711130869243577379e-01,-2.282624381885191289e-01,-1.015032334103334322e-01,3.582358953136820234e-02,1.760778615469750230e-01,1.912715810188366783e-01,-1.584220075007483353e-01,6.868392384298922515e-01,7.457325307383112500e-01,3.436192640180373709e-02,-1.062038993519905938e-01,1.014794366057891334e-01,7.583564407351818248e-01,-8.670247385149412178e-01
9.768194560517141634e-01,-3.152610472588186080e-02,7.677999104045661882e-01,-4.750819533284585117e-02,8.705079535698608418e-05,2.686532286038175246e-02,9.985094983153556258e-01,-5.310659157820964982e-01,5.828602430776935045e-02,-2.663665445776602567e-02,5.220378313489110189e-01,-2.395819420544904876e-02,-6.326650386026733131e-02,5.453364201531970407e-03,1.747419231315225918e-01,-1.625847828661700079e-01,3.616929368903942787e-01,-2.620872915685197868e-01,-8.455797893571115331e-02,3.760898102517000463e-02,1.704368247384089596e-01,1.892428211822230200e-01,-1.593461451740220691e-01,6.858042862415643093e-01,7.496212747934671849e-01,2.712756190649646265e-02,-1.054713609898825788e-01,1.036806485291492108e-01,7.550039804466128768e-01,-8.641766338537758552e-01
9.808836601572118452e-01,-3.150668717488897680e-02,7.685419371348690687e-01,-4.857157185842390923e-02,1.699740165859955042e-03,2.678119385204033934e-02,9.984591533690451159e-01,-5.406126394676401548e-01,6.164197676640165158e-02,-2.780229031218727637e-02,4.602856601645051171e-01,-5.091799806921392529e-02,-5.459685194198080765e-02,1.387479085462809021e-02,1.774074742779314928e-01,-1.561327103282032225e-01,3.516888911530334783e-01,-2.897992815409261569e-01,-7.074506112709597061e-02,4.112637433932500586e-02,1.660072127180476365e-01,1.867251530226716472e-01,-1.608750938193223290e-01,6.842996933916799529e-01,7.538835176683278405e-01,1.895555907834595849e-02,-1.061967900349427701e-01,1.058350133096366968e-01,7.511788915550204893e-01,-8.612592105203229487e-01
9.870102018741178096e-01,-3.121514073976216705e-02,7.685002116658520288e-01,-4.853432846979679333e-02,2.357110802825153513e-03,2.520162157342063433e-02,9.985007292549530344e-01,-5.364567336621082205e-01,6.236158553616968914e-02,-2.133328508579418123e-02,4.073960336812276206e-01,-4.146102054106554774e-02,-5.355926450315633136e-02,2.639320398964419695e-02,1.794298323829832120e-01,-1.515041834404683985e-01,3.435412802212508554e-01,-2.900099185473654639e-01,-7.034714085250860782e-02,4.442338516603119847e-02,1.694808119047421513e-01,1.857258508508854156e-01,-1.632477448500604944e-01,6.840727698294147840e-01,7.586098638473541822e-01,1.591371075010374406e-02,-1.075761428083932547e-01,1.086820471057393656e-01,7.476257731073113755e-01,-8.584302123614083735e-01
9.936500870056604873e-01,-3.118682511862404597e-02,7.674722881042802536e-01,-4.757946232424028338e-02,3.290576904742798826e-03,2.281806057423325582e-02,9.986013734119338903e-01,-5.317490052579852966e-01,5.904574448538809500e-02,-1.876983905963373889e-02,3.609284636239561972e-01,-4.118724412612430330e-02,-5.727387940460205995e-02,3.861431411193291807e-02,1.815127066364685127e-01,-1.475210520478106857e-01,3.378248395157271156e-01,-2.846921472971120082e-01,-7.031299500838657235e-02,4.904855924186123095e-02,1.767488918566472167e-01,1.871516208424507666e-01,-1.665726107125039823e-01,6.906675853713898361e-01,7.637162002525018645e-01,1.137096986973979221e-02,-1.069511765245299284e-01,1.139943857308795272e-01,7.463596103740699483e-01,-8.556010850439855764e-01
1.000468748917217265e+00,-3.134486865248584803e-02,7.653849602474236402e-01,-4.669957970933238944e-02,4.181135534155069888e-03,2.027628858061268288e-02,9.986944174681323672e-01,-5.280719048353124112e-01,5.546832552956711127e-02,-1.660008483835001547e-02,3.202409390028592706e-01,-4.247467402390048274e-02,-6.169335274376014366e-02,5.007719304670774085e-02,1.859481345660130847e-01,-1.427037920548518968e-01,3.375847770908124157e-01,-2.806269735550481759e-01,-7.099482864515661851e-02,5.478202606779587064e-02,1.856843570338346516e-01,1.895910024822032580e-01,-1.700230713370019242e-01,6.996075300342960990e-01,7.691058662164522719e-01,6.496541409791985709e-03,-1.052903764009611720e-01,1.198482250291319079e-01,7.458365871844956363e-01,-8.530339138236463503e-01
1.007204823816054029e+00,-3.159514501979673179e-02,7.621938522975877373e-01,-4.660161937806694965e-02,4.783999115214089722e-03,1.833226269679287534e-02,9.987338637335890779e-01,-5.266286244454125853e-01,5.338145096036216869e-02,-1.372735267026688882e-02,2.845041231834525286e-01,-4.254167785034398963e-02,-6.559705858355419084e-02,6.098581877583360983e-02,1.937519539855176443e-01,-1.370431944480816622e-01,3.435398907754255715e-01,-2.805798120639538262e-01,-7.261554027686932533e-02,6.112196589432952742e-02,1.941210679763788471e-01,1.919238346558153341e-01,-1.732483735835029237e-01,7.076868261666571236e-01,7.746940353323522599e-01,2.369491352942214996e-03,-1.036202403295058139e-01,1.251165224143303834e-01,7.453364602573319120e-01,-8.507671206663406371e-01
1.013796602428975957e+00,-3.168308348694989091e-02,7.580781064223328647e-01,-4.649017976996841495e-02,5.326549886074840104e-03,1.646365118547390635e-02,9.987688357140400708e-01,-5.276605739542981066e-01,5.098815906471855508e-02,-1.250216593592317141e-02,2.550134020881950070e-01,-4.250924429324640097e-02,-6.824360721074060332e-02,7.177514963473211052e-02,1.989007072794510000e-01,-1.326559198811279594e-01,3.488850715324915419e-01,-2.783587352134684889e-01,-6.857355985714987112e-02,6.685647006988812424e-02,2.019412617872469173e-01,1.937614769588099084e-01,-1.765410814028010311e-01,7.153592916117822442e-01,7.800101315300792537e-01,-1.433713164896125054e-03,-1.025593303354649377e-01,1.303606594685437492e-01,7.447137105944954261e-01,-8.491014604671152100e-01
1.020215323537356555e+00,-3.151363070832782776e-02,7.533385969518079373e-01,-4.585041059512450640e-02,5.973211877131640729e-03,1.462914470403001328e-02,9.988233320829855710e-01,-5.310192672441248485e-01,4.765618265360475891e-02,-1.224471411728534666e-02,2.335126920651706961e-01,-3.918622583040529128e-02,-6.901716839915109092e-02,8.273217278981871703e-02,2.010715101179890718e-01,-1.269834437699741136e-01,3.531077351135532005e-01,-2.814709299083092420e-01,-5.999386672768159540e-02,7.043173768556533487e-02,2.087012069505826406e-01,1.951089684751739495e-01,-1.802129544383783977e-01,7.232423813362881537e-01,7.849597617040903197e-01,-4.903509303223106686e-03,-1.020087558291661173e-01,1.356120533992795918e-01,7.441593998357181050e-01,-8.480731332683358881e-01
1.026511208487203897e+00,-3.125174961385261685e-02,7.488162130325672905e-01,-4.508415124931355183e-02,6.609494854093491724e-03,1.273794884612608307e-02,9.988801121972026298e-01,-5.353387868437371466e-01,4.431704738933518739e-02,-1.247849116845815495e-02,2.206320513378643433e-01,-3.514215972965131080e-02,-6.778717929539257447e-02,9.313867430741616660e-02,2.026623235922895838e-01,-1.214144316976593641e-01,3.566317782984014251e-01,-2.859213262486748341e-01,-5.593999461944641760e-02,7.311989966749812830e-02,2.142705680755343511e-01,1.962775844789421409e-01,-1.838656626726041521e-01,7.311123375805896885e-01,7.899376147489445277e-01,-7.368254489420815803e-03,-1.015264506798796568e-01,1.407372312512725765e-01,7.438366691912258188e-01,-8.477678557390708747e-01
1.032755265751930107e+00,-3.101147967421797463e-02,7.452971540585141552e-01,-4.451751063749059129e-02,7.141728000904244526e-03,1.092533111492883027e-02,9.989233324474061648e-01,-5.393475730812973268e-01,4.133826159051785104e-02,-1.406251934956074569e-02,2.146942059160477922e-01,-3.266897042319689970e-02,-6.587243777150236790e-02,1.025889228374856632e-01,2.042863274372350713e-01,-1.171812351238321198e-01,3.598969605139109573e-01,-2.889125961360501371e-01,-5.621423075965677196e-02,7.559312723023207947e-02,2.186759484672636811e-01,1.974977558351759532e-01,-1.872213248474843550e-01,7.387054962062861163e-01,7.950466520727713648e-01,-8.216669608219526189e-03,-1.009293980636981475e-01,1.458161977508720675e-01,7.438448017705567850e-01,-8.481323396608334564e-01
1.039057566114821807e+00,-3.071335286298857228e-02,7.426535323726384252e-01,-4.418709868194749951e-02,7.561994106376982577e-03,9.180775169879936901e-03,9.989524395365582121e-01,-5.433801704164649138e-01,3.912423409025005128e-02,-1.626613012688154711e-02,2.147592484182841988e-01,-3.033646404572405003e-02,-6.434243130822893397e-02,1.110281570251403921e-01,2.056544895651356841e-01,-1.141846173719785751e-01,3.636614598801912734e-01,-2.901740692378470543e-01,-5.851427277020842393e-02,7.752586975708150585e-02,2.227762653269596826e-01,1.984539433091154770e-01,-1.903886484215324137e-01,7.462875421063352999e-01,8.000769553115868460e-01,-7.726619201364849816e-03,-1.005401138821635648e-01,1.510995619833470638e-01,7.440073085755900539e-01,-8.491787434067799012e-01
1.045525762946722947e+00,-3.028275048000480391e-02,7.407521197102757693e-01,-4.410970580079088404e-02,7.772365209429497011e-03,7.508922048577847813e-03,9.989682378749021874e-01,-5.474775797003339495e-01,3.773455491061027123e-02,-1.853629273137080355e-02,2.202369035309477141e-01,-2.734007675794878495e-02,-6.313517330592914589e-02,1.187838856062098242e-01,2.065650615231842679e-01,-1.122708887511045528e-01,3.683709313105243410e-01,-2.895368997338851336e-01,-6.090585624569708895e-02,7.872105199292275812e-02,2.272364776784977780e-01,1.988852173027627901e-01,-1.935158683376637656e-01,7.541044466735862262e-01,8.049746670488256983e-01,-6.146245946567219405e-03,-1.006116394499523281e-01,1.565997608834248933e-01,7.441735232588603255e-01,-8.508392761702114893e-01
1.052189897511985883e+00,-2.970253026047029593e-02,7.394103724910087161e-01,-4.387895390939573759e-02,7.822508307486559370e-03,5.826785870526397619e-03,9.989892363454249136e-01,-5.513950428546556815e-01,3.568219877290677855e-02,-2.099497039806541565e-02,2.299366158452422482e-01,-2.327236440479767826e-02,-6.076274065013886200e-02,1.261357524514909179e-01,2.063084834972326864e-01,-1.103632045512733112e-01,3.739485809613293799e-01,-2.875281736789769838e-01,-6.294205476530970178e-02,7.989975586942106578e-02,2.314858941320731833e-01,1.989872536022450622e-01,-1.962979572133135842e-01,7.618217739127166599e-01,8.097505266721639616e-01,-3.836630050949340828e-03,-1.008916071825831373e-01,1.619305636539563331e-01,7.444039172584840935e-01,-8.530298422289541715e-01
1.059010490197941134e+00,-2.897893702217232276e-02,7.385246236447834400e-01,-4.307609946995970968e-02,7.878391857919943633e-03,4.190408645229861360e-03,9.990319419676093604e-01,-5.559836890518421448e-01,3.075517648025657275e-02,-2.353941266134091173e-02,2.429876036815139528e-01,-1.371819270451487237e-02,-4.894789918171738030e-02,1.329022313301610470e-01,2.041749003926483785e-01,-1.077735227254245781e-01,3.802565143855238250e-01,-2.830732170581671259e-01,-6.428767181562458632e-02,8.140346352300188715e-02,2.347687032644871497e-01,1.989983173326914934e-01,-1.984712158617442657e-01,7.693908569263523400e-01,8.144131231251801051e-01,-1.364815150275158328e-03,-1.010665773610437551e-01,1.669423893084887311e-01,7.449066072592332999e-01,-8.556491484877732923e-01
1.066058809713249067e+00,-2.812360613718372510e-02,7.380205604763333538e-01,-4.203035229428835756e-02,7.864848210181525634e-03,2.586327069089127025e-03,9.990819671057424856e-01,-5.595887372729980713e-01,2.450629551587930888e-02,-2.651327453044150309e-02,2.573078388650443249e-01,-2.075074840164684562e-04,-3.378618173164230770e-02,1.397166157889038751e-01,2.009776243341411250e-01,-1.047954517134202651e-01,3.868947396689055296e-01,-2.776060918550687928e-01,-6.542784263459426597e-02,8.304854975756031932e-02,2.375429640866763004e-01,1.986722595224194865e-01,-1.998580773444215974e-01,7.772117981670697562e-01,8.189202268617687963e-01,1.495982829030456564e-03,-1.011052060605202030e-01,1.719496297207587787e-01,7.455725095112117895e-01,-8.584254558163840754e-01
1.073375359989361177e+00,-2.714949184196729925e-02,7.378299174822835482e-01,-4.096240159253124874e-02,7.845073741051500696e-03,1.230194942801588528e-03,9.991291323418470816e-01,-5.615837684752446046e-01,1.792505743988712791e-02,-2.933579525691297138e-02,2.713793875919068288e-01,1.633716936623637664e-02,-1.890914520204600019e-02,1.467044991317115188e-01,1.973111714417619400e-01,-1.018821157673531347e-01,3.935782085445183043e-01,-2.709086245304943019e-01,-6.667462506715508830e-02,8.435763983878440120e-02,2.401013191306350381e-01,1.978676039191431257e-01,-2.004943355379864289e-01,7.855346849005424570e-01,8.232488969985478633e-01,5.004731456313032609e-03,-1.009732572919746357e-01,1.770071137620365109e-01,7.463307484434461569e-01,-8.612504187007714584e-01
1.080878798360748849e+00,-2.609376511320682032e-02,7.380098159533131641e-01,-3.975379953776843334e-02,7.812784042385619021e-03,-8.638848826794838509e-05,9.991789571267235548e-01,-5.612892188188679521e-01,1.209457365750625166e-02,-3.111271998503208416e-02,2.843002490546896466e-01,3.358866393999014599e-02,-5.972876818198543866e-03,1.531218027878707977e-01,1.928464297983812914e-01,-9.910885720327260173e-02,4.012123167734677476e-01,-2.628717878883460313e-01,-6.731691080708510078e-02,8.568332974323866758e-02,2.424339775506005323e-01,1.964758922994969681e-01,-2.002435871706229054e-01,7.940098172473747384e-01,8.271277324132210174e-01,9.086553155037329146e-03,-1.007722426861536041e-01,1.816582044531235840e-01,7.474839537022540670e-01,-8.639853638906683786e-01
1.088484877603265177e+00,-2.498186054696161298e-02,7.385946771596397786e-01,-3.834154487627267072e-02,7.762667871995577312e-03,-1.230037053993901161e-03,9.992337834225057946e-01,-5.587576666556877125e-01,7.470846511158511088e-03,-3.099178286474915320e-02,2.954822784006692626e-01,5.061929168861044326e-02,3.305245990517732130e-03,1.585630620345569175e-01,1.874527528845466307e-01,-9.679856484176072029e-02,4.102427106520733502e-01,-2.533662231299495526e-01,-6.679054810110744700e-02,8.680700723183618073e-02,2.444196683687126781e-01,1.944028376827179327e-01,-1.991642989510508110e-01,8.023999246757720361e-01,8.305105373348421471e-01,1.377186708126170930e-02,-1.007157708456581924e-01,1.856599715923306915e-01,7.490886597191067642e-01,-8.665482822553944864e-01
1.096143700447791192e+00,-2.386249071114431367e-02,7.395391792510742635e-01,-3.659145381015400239e-02,7.649646725757569890e-03,-2.164811208681820080e-03,9.992986485043335865e-01,-5.543967515128906953e-01,3.084833781969615295e-03,-2.970055934410025661e-02,3.055815678735223084e-01,6.570003114553098211e-02,8.511267028496950771e-03,1.626713460957439072e-01,1.809695102623941898e-01,-9.481198100800197759e-02,4.213383707773967202e-01,-2.425342764269987350e-01,-6.509124207237955428e-02,8.773529770298248154e-02,2.460618265760040613e-01,1.918978252140012830e-01,-1.972146120899292698e-01,8.107567923690719436e-01,8.333454229742602859e-01,1.929872180426735889e-02,-1.004772868024683685e-01,1.890171424700895497e-01,7.512580343945522987e-01,-8.685191160386872555e-01
1.103827010489195404e+00,-2.276458400572066096e-02,7.407869373137517810e-01,-3.450162486319117289e-02,7.407692903162009165e-03,-2.905655953940068474e-03,9.993729639784786345e-01,-5.484072864608228182e-01,-1.460288573831939989e-03,-2.768641399932181626e-02,3.149630257767084274e-01,7.780945421331715572e-02,9.833909609888826994e-03,1.654409364099650448e-01,1.734637145536551406e-01,-9.305400755382703393e-02,4.347683741402486590e-01,-2.304195628384434202e-01,-6.218841340409380497e-02,8.853029530079277454e-02,2.474334383105338264e-01,1.891106416941789048e-01,-1.944197567883291788e-01,8.191302794006484200e-01,8.356593973956871757e-01,2.583729390336940088e-02,-9.988051107055374855e-02,1.917642021029666299e-01,7.540588391434651649e-01,-8.698114609673059938e-01
1.111571544766732034e+00,-2.161977647035347866e-02,7.422828741934586194e-01,-3.229233320129636792e-02,7.125406750822957554e-03,-3.414051900659026938e-03,9.994472362484532191e-01,-5.413241844628544630e-01,-6.033868354590268997e-03,-2.492904567343497482e-02,3.238742779383029236e-01,8.695868662142833272e-02,8.893393029747242301e-03,1.667164078512144432e-01,1.652057862870396354e-01,-9.198893012743869502e-02,4.504861985327492380e-01,-2.166039011674095460e-01,-5.762365401888371041e-02,8.913652582604143781e-02,2.484561663547772414e-01,1.858037016815924647e-01,-1.908197375314561184e-01,8.276811373416037565e-01,8.373847894791239810e-01,3.299928035933047399e-02,-9.910897443565656884e-02,1.934570732305464502e-01,7.575799128321182296e-01,-8.702982673596150187e-01
1.119400032863566263e+00,-2.038259377906145517e-02,7.439646631985562530e-01,-3.007997541890984269e-02,6.834661249699227129e-03,-3.691440774985972357e-03,9.995173113805505549e-01,-5.334252169825780543e-01,-1.066194790699285383e-02,-2.148978014515963431e-02,3.324511898326492076e-01,9.330976932551592051e-02,6.963155839379306898e-03,1.663925087563389027e-01,1.563266643463568917e-01,-9.179375200439121585e-02,4.685570626903778346e-01,-2.008156603488062131e-01,-5.111104075361052462e-02,8.956611409251050149e-02,2.490394604197379846e-01,1.819083006741355202e-01,-1.865241728650384179e-01,8.364168476864503043e-01,8.385577881603042405e-01,4.043640361969995378e-02,-9.830321090475402368e-02,1.939622738991200468e-01,7.618134349084371149e-01,-8.699845921125749504e-01
1.127257992333509762e+00,-1.909480751991500525e-02,7.456795463459485740e-01,-2.766756588202749431e-02,6.514181812764597776e-03,-3.811661492439003245e-03,9.995886596682203029e-01,-5.247840708539466270e-01,-1.588824519320986006e-02,-1.708805439929234060e-02,3.407310749168560027e-01,9.617779762451966752e-02,6.269241686635704941e-03,1.640741960263238375e-01,1.466423783607350706e-01,-9.174478710129511938e-02,4.897850386745583040e-01,-1.835874596023130134e-01,-4.307465779502171743e-02,8.985795573051778840e-02,2.489869098670928482e-01,1.778377804167938503e-01,-1.817355299771017674e-01,8.451131784677682335e-01,8.392133613664115588e-01,4.809538918134693974e-02,-9.727456874196514780e-02,1.935196657664093045e-01,7.666953481610181420e-01,-8.686816439329093642e-01
1.135125865792093958e+00,-1.777734749360908653e-02,7.472838725360168022e-01,-2.503179601920194411e-02,6.148325854965859018e-03,-3.813342686757982460e-03,9.996604752088517065e-01,-5.152634074555610955e-01,-2.198669728612390878e-02,-1.178705128862017268e-02,3.485833441422821477e-01,9.462739093929350975e-02,8.902141949926455772e-03,1.597237259908394769e-01,1.362810563614734738e-01,-9.140882991216134346e-02,5.144758116416450200e-01,-1.652848131003178955e-01,-3.390270208445340244e-02,8.999406977177225320e-02,2.482285172783770255e-01,1.738044536727170464e-01,-1.765971931680543339e-01,8.536498316406804232e-01,8.394515367605247524e-01,5.601352051615469257e-02,-9.597103838709955537e-02,1.923064797401927983e-01,7.721225256431322181e-01,-8.664375334714768950e-01
1.143065745255281929e+00,-1.639225901361728369e-02,7.487810440965366743e-01,-2.230769040614210066e-02,5.835281562535397926e-03,-3.735665417514543764e-03,9.997271433954956210e-01,-5.046136332613259112e-01,-2.893545866892163754e-02,-6.309607489624744457e-03,3.553030343077772102e-01,8.917927833556048289e-02,1.418328470056874624e-02,1.527104993026221214e-01,1.254252441757255365e-01,-9.102344558957775611e-02,5.431419389130673903e-01,-1.452730114538344774e-01,-2.394635134968006035e-02,8.998403100785312692e-02,2.469958028906117375e-01,1.696558942523211932e-01,-1.714144746638487926e-01,8.619873758221702209e-01,8.395313181106989209e-01,6.415766645610351815e-02,-9.454427582391342066e-02,1.901817924379377023e-01,7.781595707058176492e-01,-8.633547172031592609e-01
1.151104086286744765e+00,-1.491708363714713131e-02,7.501735020357966910e-01,-1.956824550850884067e-02,5.587922643317281765e-03,-3.590415498119561670e-03,9.997864611029706472e-01,-4.927270051285358443e-01,-3.670640455094501681e-02,-1.149555990450849829e-03,3.604672529298343919e-01,8.080554849514229310e-02,2.121675484335524414e-02,1.426977766718737217e-01,1.141506160565916028e-01,-9.077726173141575927e-02,5.761030735612804321e-01,-1.229248246824439922e-01,-1.341661977809257764e-02,8.979566050303976199e-02,2.453357927564248642e-01,1.653161958117488062e-01,-1.663694622585387140e-01,8.700498683517025045e-01,8.395587793375129948e-01,7.238307969228126304e-02,-9.311210190892890703e-02,1.871871196005568949e-01,7.847452012824505108e-01,-8.595430612564980422e-01
1.159153487862153664e+00,-1.336980320273114045e-02,7.514386566449188232e-01,-1.677415541710084931e-02,5.346358421618160363e-03,-3.629666002470031700e-03,9.998383980129101900e-01,-4.795364801364808138e-01,-4.476567655463994239e-02,4.089474976699329981e-03,3.638354710457160079e-01,7.030110025337771296e-02,2.935967240501290501e-02,1.294638881928625584e-01,1.023144730432421073e-01,-9.028692005211534644e-02,6.136233557910685255e-01,-9.796455666556318220e-02,-1.967135396899192396e-03,8.971442801740830975e-02,2.428749810863733427e-01,1.610350587245788778e-01,-1.615724725172340837e-01,8.775546343506067659e-01,8.396181650310050593e-01,8.018984000197545980e-02,-9.162484653069313811e-02,1.838703143532590956e-01,7.915220308573801544e-01,-8.550586770856176688e-01
1.167174162678665361e+00,-1.175589318974684314e-02,7.525580872394712628e-01,-1.389782888076180993e-02,5.101894795302629355e-03,-3.888956634704255570e-03,9.998828416560573418e-01,-4.654260835189243384e-01,-5.295408717964091710e-02,9.553629446200648592e-03,3.656787360133438858e-01,5.873704255307138355e-02,3.793511305541021755e-02,1.131829984205233730e-01,8.990394724013026084e-02,-8.924957957224577410e-02,6.553067245546001507e-01,-7.009129204765297827e-02,1.078439633472090368e-02,8.966032462481787757e-02,2.393874533667961491e-01,1.569737912773858934e-01,-1.570891159058730169e-01,8.843708083875423398e-01,8.397796788222966491e-01,8.730086165028924650e-02,-9.006882084229189678e-02,1.805720560055777690e-01,7.982604428345524417e-01,-8.500770260433544445e-01
1.175308437909864390e+00,-1.001644484666271498e-02,7.535287553198325439e-01,-1.091921334623665620e-02,4.953495303438202983e-03,-4.213661160718692317e-03,9.999192361004966001e-01,-4.515515137251456812e-01,-6.163434259391664671e-02,1.489159971055623553e-02,3.673904287676062475e-01,4.736032449896901420e-02,4.568892104570659862e-02,9.499657861288834937e-02,7.702225174231627780e-02,-8.716916527172946516e-02,6.993118504924346057e-01,-3.905442945530214482e-02,2.545658163117223149e-02,8.927627818830290163e-02,2.353740787480351204e-01,1.530588044684064730e-01,-1.532348294182600545e-01,8.904580626109465102e-01,8.402804726311392525e-01,9.407191679619707203e-02,-8.890815329409039458e-02,1.776599037556832739e-01,8.050338403816100774e-01,-8.451229092325404091e-01
1.183598863429039527e+00,-8.124477456642624495e-03,7.543316109179382112e-01,-7.776200885046206067e-03,4.915023552154377043e-03,-4.711735163561895680e-03,9.999465849709301413e-01,-4.383143031255270494e-01,-7.071127946166777534e-02,2.034821224480654056e-02,3.695954183975823093e-01,3.654573929649577307e-02,5.201318233081202169e-02,7.521081370692177248e-02,6.328201507425511296e-02,-8.452306985795009220e-02,7.448039683954719159e-01,-4.516408830721824197e-03,4.198253368694193632e-02,8.873301882854220390e-02,2.310736091478900467e-01,1.492074821420163733e-01,-1.500929015347591267e-01,8.957614104336520944e-01,8.411683373777616435e-01,1.005290595889137828e-01,-8.845945827434723019e-02,1.753202768184058957e-01,8.118347930885826402e-01,-8.403951150872136511e-01
1.191829937092209635e+00,-6.200651604824261587e-03,7.548193616690853647e-01,-4.495483997987992364e-03,4.877753762179265311e-03,-5.567325395343701924e-03,9.999624835489636654e-01,-4.248288805435304072e-01,-7.920560811015178726e-02,2.670688628557975342e-02,3.708811389489817811e-01,2.589150184614513045e-02,5.706572887283998391e-02,5.359925823608011064e-02,4.848395228049025285e-02,-8.234859725527142460e-02,7.923770740924499512e-01,3.240471665844587429e-02,6.022079444552256439e-02,8.856363829661940967e-02,2.263646456253709527e-01,1.455337073724814745e-01,-1.476630054087468003e-01,8.998657752744835259e-01,8.424641120649817294e-01,1.061676648383790417e-01,-8.882204356643894072e-02,1.740582509688308188e-01,8.181954884758868562e-01,-8.360931028534328568e-01
1.199869457450802868e+00,-4.378285442876741346e-03,7.549547477887065261e-01,-1.104008260344017467e-03,4.794574512596600814e-03,-6.572820792407242305e-03,9.999662950559060626e-01,-4.110391569468594963e-01,-8.712076735041372755e-02,3.379673700153893595e-02,3.709152606162361976e-01,1.553043369479072990e-02,6.103203895934020823e-02,3.098609251991543342e-02,3.378128165504624275e-02,-8.076452664240381385e-02,8.421720763920864661e-01,6.793147444158792458e-02,8.049651350391932858e-02,8.857295862160541322e-02,2.211692010812545683e-01,1.422446586861600970e-01,-1.459231055625566653e-01,9.027942583625067074e-01,8.441372082605840266e-01,1.108594974297924529e-01,-8.982527125378818311e-02,1.740891872027931775e-01,8.239922318304222504e-01,-8.323519617019710104e-01
1.207693596887466025e+00,-2.646584347776190227e-03,7.549009381399602869e-01,2.272651270512150538e-03,4.797304036240368844e-03,-7.694685539001830735e-03,9.999563054177130761e-01,-3.976995496806444708e-01,-9.457689099981758662e-02,4.111233406838957216e-02,3.702125460199212070e-01,6.182137803795900374e-03,6.401329566781960301e-02,7.330254078532372902e-03,1.938677313903880428e-02,-7.948813105651819644e-02,8.922254780724016010e-01,1.037994720178933156e-01,1.023976557609163618e-01,8.852262429596452487e-02,2.156625659161708342e-01,1.392349273114741603e-01,-1.449202057624476847e-01,9.047195860298766767e-01,8.461516320564144156e-01,1.149622063255241466e-01,-9.172505188195820280e-02,1.758448282245620997e-01,8.289488371814918155e-01,-8.296334672817556877e-01
1.215264782801072085e+00,-1.014101814086034586e-03,7.548044982013530912e-01,5.663734185439759164e-03,4.896446418764128020e-03,-9.008874417108641078e-03,9.999313912010573402e-01,-3.850339904878994357e-01,-1.018321462520629384e-01,4.842867086621798628e-02,3.692498725469446352e-01,-2.916956861695985462e-03,6.631344076409904920e-02,-1.751273222053081891e-02,5.322255527132011346e-03,-7.839484506437413569e-02,9.409280545127819417e-01,1.395902700576573396e-01,1.255898556266295263e-01,8.839675157694629193e-02,2.099116336019711537e-01,1.365230430422551544e-01,-1.445757635980784994e-01,9.057403971263621179e-01,8.484370497806981160e-01,1.185668924975497446e-01,-9.452496525991214982e-02,1.794065005209470598e-01,8.330024303903232896e-01,-8.280414955830887047e-01
1.222600130848874089e+00,5.374250495913009129e-04,7.547104209367653249e-01,9.106234523506407871e-03,4.992165048516398161e-03,-1.037946707435783919e-02,9.998921915371734581e-01,-3.726928599658942409e-01,-1.092843199106518087e-01,5.561766499892700777e-02,3.680253898036424109e-01,-1.220563787832529973e-02,6.878536678806919380e-02,-4.324899039026928321e-02,-8.678219742227263195e-03,-7.740113151053851226e-02,9.876541502448537013e-01,1.736348114785209451e-01,1.479818234939603849e-01,8.800745536395361557e-02,2.038962803328719930e-01,1.341050513796594179e-01,-1.447563748231538994e-01,9.058898569514172161e-01,8.508596525611273886e-01,1.216854329989234124e-01,-9.827040148769433658e-02,1.848010316916503804e-01,8.360850221609986699e-01,-8.277412883936253740e-01
1.229729561334342192e+00,2.022628802344429017e-03,7.546518703153171082e-01,1.254321832496661966e-02,5.034533750131966849e-03,-1.166269368933174448e-02,9.998406386619218544e-01,-3.604332107745311653e-01,-1.169698575848392291e-01,6.248360178862860659e-02,3.664258731223600796e-01,-2.165743747215723158e-02,7.152893122763963329e-02,-6.960518158836298541e-02,-2.266435851963587156e-02,-7.651456233233948356e-02,1.032347820568032093e+00,2.053620969139722252e-01,1.686135901827386929e-01,8.723389121742938790e-02,1.975946985450705018e-01,1.319506918570147735e-01,-1.453603495571083870e-01,9.052593397570281031e-01,8.533511498128616424e-01,1.244988315155194647e-01,-1.030119160439351422e-01,1.918876283805493188e-01,8.380781876388083695e-01,-8.286734394492728528e-01
1.236684879791576597e+00,3.424143046675164753e-03,7.546699401497859450e-01,1.585631328135949855e-02,5.054397513917194794e-03,-1.281601151702127170e-02,9.997793657821162361e-01,-3.482716156940491303e-01,-1.246568789891075585e-01,6.880030149660745775e-02,3.644755011341075934e-01,-3.126341026864599970e-02,7.445570657313915763e-02,-9.630684956448638812e-02,-3.606475397700834029e-02,-7.573639086204041193e-02,1.074441264465523682e+00,2.323856704760456360e-01,1.860191537489451208e-01,8.624672755876182373e-02,1.909245688964343324e-01,1.300614602043084211e-01,-1.462613418096389561e-01,9.040293917915624977e-01,8.558339933477426831e-01,1.274442564906270448e-01,-1.087888500500663880e-01,2.005508153285517903e-01,8.386940445982224990e-01,-8.307880207384660265e-01
1.243489902150616278e+00,4.731228755212663756e-03,7.547746246610425036e-01,1.897519682440377067e-02,5.057032370849517261e-03,-1.382084415094424201e-02,9.997116347207483100e-01,-3.361785286775029191e-01,-1.322055751948090219e-01,7.444863847848916250e-02,3.621815985210034561e-01,-4.096709178656215977e-02,7.766347557894566489e-02,-1.231674065813770924e-01,-4.854355142648895949e-02,-7.509448518841364828e-02,1.113647703979018244e+00,2.536547180620595809e-01,1.998375759333584079e-01,8.516453519470304490e-02,1.838770623529456805e-01,1.284345187010418887e-01,-1.473493395591019550e-01,9.023819838718477593e-01,8.583149170529060790e-01,1.307336855698116307e-01,-1.155248655967742594e-01,2.104684787693388293e-01,8.378293377523376995e-01,-8.338781127723432496e-01
1.250143448598194817e+00,5.944775533944863383e-03,7.549079340893105616e-01,2.194007785578497988e-02,4.997765962968319167e-03,-1.459839212127137138e-02,9.996401928195310926e-01,-3.242970848701234310e-01,-1.397324753894589044e-01,7.943094834719226227e-02,3.598592523812392807e-01,-5.070427944432833595e-02,8.127496206435674830e-02,-1.499946937587515461e-01,-6.006009333274898998e-02,-7.440666519850808180e-02,1.149534514576405542e+00,2.671834106318032864e-01,2.093707486892799619e-01,8.390778890719131911e-02,1.764400258392579690e-01,1.270688657772173769e-01,-1.485350788100492647e-01,9.007454055670964799e-01,8.609000539840968580e-01,1.342516771770757567e-01,-1.228767116461591258e-01,2.209116842009527237e-01,8.353910744217459827e-01,-8.375543228120398975e-01
1.256651976627573220e+00,7.060665494751341281e-03,7.550293570293507006e-01,2.479937443564908181e-02,4.864070934405021092e-03,-1.514007762976634849e-02,9.995659607504198130e-01,-3.127018116768906508e-01,-1.473049113768566121e-01,8.380527257382017203e-02,3.576854023223738355e-01,-6.043767668858328335e-02,8.533745453223974542e-02,-1.767801158271356254e-01,-7.057915921396595849e-02,-7.349616733904175414e-02,1.182006399343648484e+00,2.727245920696638737e-01,2.150663470039711755e-01,8.249323477417248862e-02,1.686912469303820938e-01,1.259919644213229606e-01,-1.498242402322499944e-01,8.993057720611165040e-01,8.635286410596393347e-01,1.379469545725720836e-01,-1.305642423893090542e-01,2.314413421716166597e-01,8.313677549417181067e-01,-8.415965678057737431e-01
1.263064899351180603e+00,8.063357851895987943e-03,7.551525865391994774e-01,2.752194829847093294e-02,4.669491647350304010e-03,-1.545456829351938254e-02,9.994908176308935355e-01,-3.012659578223746415e-01,-1.548064088842965869e-01,8.750373159714069926e-02,3.556189557920841904e-01,-7.021593769131295737e-02,8.970336208073073636e-02,-2.033766767858769253e-01,-7.971014086489346118e-02,-7.236308487334479345e-02,1.211065161448032779e+00,2.699957411270809127e-01,2.180392593095062115e-01,8.094566104181685762e-02,1.608066376415857868e-01,1.252339248012934447e-01,-1.513972520410198641e-01,8.980275236829668994e-01,8.659272743443326981e-01,1.421827862239727069e-01,-1.383060716477073904e-01,2.416241371400007776e-01,8.256599127036252650e-01,-8.458052502910637926e-01
1.269414269795797523e+00,8.949861117287894602e-03,7.552635335493843582e-01,3.012172787081758910e-02,4.419116371883851681e-03,-1.558367412663406656e-02,9.994149798863745104e-01,-2.899442158750646925e-01,-1.621954248672154708e-01,9.056374570098948973e-02,3.536970052822816513e-01,-8.007334402241546301e-02,9.424302100658921155e-02,-2.296868854618809297e-01,-8.751099536225512288e-02,-7.110710304823594785e-02,1.236831150330840901e+00,2.598543876159981059e-01,2.189396658440914967e-01,7.929579960002401673e-02,1.528861468040533522e-01,1.247653166611785297e-01,-1.533047535645805093e-01,8.968987474092112722e-01,8.680917516760876529e-01,1.471284086785750733e-01,-1.458595110642505743e-01,2.511052328430195546e-01,8.183460334472120179e-01,-8.499681698822723064e-01
1.275690125333945879e+00,9.745115075677223543e-03,7.552858022035883190e-01,3.265758713445808537e-02,4.101820518591958384e-03,-1.550716250979801078e-02,9.993378579538005901e-01,-2.790155454268566926e-01,-1.695722962982670057e-01,9.308199406226877470e-02,3.523390731371482398e-01,-9.003506978002856487e-02,9.884663673739137180e-02,-2.555441905132074254e-01,-9.482010047345566794e-02,-6.989953598657917822e-02,1.259275171379950597e+00,2.437134533917310608e-01,2.182592711524730389e-01,7.743086558838033207e-02,1.447432790954491233e-01,1.244782773411008958e-01,-1.555875403775275612e-01,8.959812511941028790e-01,8.701965716515898119e-01,1.527398689224860329e-01,-1.529260188560124245e-01,2.591569070895964888e-01,8.095663741546287318e-01,-8.536559608503597740e-01
1.281887153455702144e+00,1.045956950886161793e-02,7.551889088529309957e-01,3.515315062505856153e-02,3.718536720764428760e-03,-1.521523901549566918e-02,9.992591880926039449e-01,-2.685880686594170896e-01,-1.769685105165471617e-01,9.510433366282092238e-02,3.517295051277182782e-01,-1.001112374459295629e-01,1.034620215313765829e-01,-2.808684003165337062e-01,-1.021003105321751647e-01,-6.877752343251056222e-02,1.278394053472075020e+00,2.230288307863325936e-01,2.160627421501609413e-01,7.532017264944322610e-02,1.361840307306957654e-01,1.242995724665512530e-01,-1.582797373482166536e-01,8.953244697857094536e-01,8.722907595992729357e-01,1.589637083137012685e-01,-1.592883062482263468e-01,2.654522460841485798e-01,7.995573865936638214e-01,-8.565943916857332585e-01
1.288027272499750575e+00,1.107957416628882127e-02,7.550438024546792803e-01,3.750164203703053312e-02,3.271555094322564725e-03,-1.469198069788109698e-02,9.991832011573075212e-01,-2.583344677022141322e-01,-1.841888630594227527e-01,9.643968746388090207e-02,3.515269491529602330e-01,-1.102635526198711552e-01,1.081675379494509148e-01,-3.055279928107247911e-01,-1.091504618801105719e-01,-6.806758084647114571e-02,1.293856803456788995e+00,1.997801672578993215e-01,2.118449650725179045e-01,7.308816374512830394e-02,1.270116625526336585e-01,1.241808763531300625e-01,-1.614855349032114640e-01,8.950440635772486386e-01,8.743606187438609512e-01,1.658758969024745900e-01,-1.647400077530783991e-01,2.696657084130189008e-01,7.886221385038113540e-01,-8.582839871922602892e-01
1.294127038791945683e+00,1.159823313230191541e-02,7.548937315300352502e-01,3.964722702107092989e-02,2.768262414395916519e-03,-1.394603520040615247e-02,9.991125773479851979e-01,-2.480320973561915832e-01,-1.911079631778990484e-01,9.699193953884149844e-02,3.514617126468266850e-01,-1.204440875501451291e-01,1.129677675513006546e-01,-3.294687515102740494e-01,-1.159419127171373715e-01,-6.790818040140057799e-02,1.305560519842158262e+00,1.751261214491793561e-01,2.057254976637271360e-01,7.080760509280968618e-02,1.171406229504781821e-01,1.240379203106020123e-01,-1.651821244689534174e-01,8.951832628216227494e-01,8.765242002687734235e-01,1.734252878635343664e-01,-1.691156399441163805e-01,2.716987090601536980e-01,7.770321927737583456e-01,-8.585953030763839866e-01
1.300186852440812890e+00,1.202568846693499380e-02,7.547373389327757254e-01,4.161543845792985835e-02,2.190661580816018542e-03,-1.299586351705347802e-02,9.990467604158004278e-01,-2.375855603593429455e-01,-1.977449282589577029e-01,9.678993706801831964e-02,3.514450958634140476e-01,-1.305971429079537671e-01,1.177101879506765314e-01,-3.525921274649185810e-01,-1.227593833657956296e-01,-6.814102801072026427e-02,1.313182101636136023e+00,1.502650953140801660e-01,1.980541638659866766e-01,6.847855835461194585e-02,1.065160602958031277e-01,1.237141380479733488e-01,-1.692757567375789141e-01,8.958815157547894703e-01,8.791055175966734359e-01,1.813617004485796602e-01,-1.721548737170081611e-01,2.712910152123082508e-01,7.650407155839876738e-01,-8.573685548580499693e-01
1.306210314347204804e+00,1.236054790324022865e-02,7.545813610237532831e-01,4.341782134198421406e-02,1.555218809495934615e-03,-1.186228417446221275e-02,9.989853654075891987e-01,-2.269573560996661077e-01,-2.040877950934959495e-01,9.586931585605239226e-02,3.513683697507272718e-01,-1.406845039525781438e-01,1.223375735546699816e-01,-3.749043534493185503e-01,-1.295525844094644885e-01,-6.856056281393675678e-02,1.316691235786276559e+00,1.256051485123758082e-01,1.895191975215979319e-01,6.610471434490888809e-02,9.512130326629555932e-02,1.231626848593884022e-01,-1.737605638150793996e-01,8.971263461803262729e-01,8.821110772072945361e-01,1.895123869604582179e-01,-1.737259838279043012e-01,2.685819797973860168e-01,7.528568088969103123e-01,-8.546521365804569115e-01
1.312212031623023023e+00,1.258051933962535743e-02,7.544604504702013825e-01,4.503060476801871298e-02,9.013683621585668552e-04,-1.058972459110871754e-02,9.989290715072750571e-01,-2.160520430688886717e-01,-2.100452187466348153e-01,9.424707195692234862e-02,3.510004544305239116e-01,-1.506955376366129473e-01,1.269743952231215112e-01,-3.963709201407014660e-01,-1.356496461802932652e-01,-6.903596754303463479e-02,1.316048475434959286e+00,1.013293877987791330e-01,1.813940675296726868e-01,6.374105449409607493e-02,8.293844242901010633e-02,1.225040068500547058e-01,-1.787070588117203596e-01,8.988427239004865843e-01,8.853906925355767843e-01,1.978640725341956896e-01,-1.737913566676675681e-01,2.639037932221389715e-01,7.407934732148955259e-01,-8.504746737730378703e-01
1.318204479998594580e+00,1.268383921025725489e-02,7.543680606969772606e-01,4.645300647006897488e-02,2.646406735939675647e-04,-9.227035157784115385e-03,9.988778253507295535e-01,-2.049317336703673220e-01,-2.155761849769278482e-01,9.198365122562746077e-02,3.503404392518540411e-01,-1.606957046575304693e-01,1.316736828797004377e-01,-4.170583780899809190e-01,-1.407747738119681791e-01,-6.949184978174820226e-02,1.311427643222932593e+00,7.756545344193535585e-02,1.737712968166266747e-01,6.136797669386519910e-02,7.006213431905529421e-02,1.217841176303169487e-01,-1.840658653467112660e-01,9.008900757685901484e-01,8.889117704309513757e-01,2.063640245544688945e-01,-1.724769673225601818e-01,2.575038665816067884e-01,7.289613975358827380e-01,-8.449651884044383499e-01
1.324192646798633799e+00,1.270349309812146207e-02,7.542316109738997909e-01,4.771463298402171815e-02,-3.587663777342352213e-04,-7.793903723571773273e-03,9.988305172612873539e-01,-1.939010391103669628e-01,-2.207330033433525240e-01,8.917777545652857962e-02,3.498773850848831413e-01,-1.709384481322547278e-01,1.363170170929359493e-01,-4.370747121943597269e-01,-1.451584823630679977e-01,-6.964783093765716804e-02,1.302963563794269586e+00,5.460901935218766268e-02,1.661192502568478169e-01,5.879345598390048333e-02,5.670001470759390011e-02,1.209505377399162918e-01,-1.897110090169792929e-01,9.030964301479303957e-01,8.927291006841193699e-01,2.148209828540683097e-01,-1.701478154513687557e-01,2.494190612424758979e-01,7.173062637084146598e-01,-8.382203350373969020e-01
1.330190100784961915e+00,1.265084268951898253e-02,7.540217597466695176e-01,4.885448564730857091e-02,-9.645170904419070237e-04,-6.314997295916219625e-03,9.987854773413915588e-01,-1.830532326996271164e-01,-2.255623761567866203e-01,8.592359437302464487e-02,3.497826859604017402e-01,-1.814964350685911443e-01,1.407849280828230853e-01,-4.564295427936456151e-01,-1.489709835519975323e-01,-6.941584462141889289e-02,1.290785607095515708e+00,3.232924968593112180e-02,1.582518709880010310e-01,5.597132189032286848e-02,4.304955786851054345e-02,1.200856172410203065e-01,-1.956261532371621481e-01,9.052860282950255799e-01,8.967346807753197035e-01,2.231356769686035635e-01,-1.670944162425616331e-01,2.399194002579045359e-01,7.059338648949533557e-01,-8.304205691025545732e-01
1.336228229191783745e+00,1.250328779010878230e-02,7.537886638789904614e-01,4.985557955524932278e-02,-1.523356843689564625e-03,-4.791370896766928601e-03,9.987437826269890406e-01,-1.722300430725287601e-01,-2.299666470826289832e-01,8.220525793415568716e-02,3.497696089332255620e-01,-1.920885994837817079e-01,1.449768380775515453e-01,-4.748629476665951477e-01,-1.521630331308736483e-01,-6.921426777686268128e-02,1.274791733054883913e+00,1.033686398081083702e-02,1.500827682021148579e-01,5.301667211647551753e-02,2.938825789341387856e-02,1.194308779705836043e-01,-2.018777056664545766e-01,9.072277584261565497e-01,9.006861316686416430e-01,2.313848076134337184e-01,-1.634906778708949959e-01,2.295229460868774274e-01,6.952376744051173008e-01,-8.217769682505124962e-01
1.342304346751089561e+00,1.225561867266243207e-02,7.535580029287276549e-01,5.069171622137303573e-02,-2.018722188630246543e-03,-3.248251286805106317e-03,9.987070258743724338e-01,-1.614589481340502619e-01,-2.338083398119506773e-01,7.806876760548633887e-02,3.497459736930356722e-01,-2.023436449288855965e-01,1.486566634553148081e-01,-4.924554728161111838e-01,-1.547790735722646138e-01,-6.923990844980600079e-02,1.255204406178982435e+00,-1.090796745689887742e-02,1.414962381957137194e-01,5.003364803571537511e-02,1.600812239656221325e-02,1.190617669909967979e-01,-2.083703538357243590e-01,9.088943306550389956e-01,9.045583806747740097e-01,2.395010174817928106e-01,-1.595395019777456347e-01,2.185849984198617035e-01,6.853965732189568616e-01,-8.125615956433926979e-01
1.348357336317783428e+00,1.192910302177898826e-02,7.533255617286260808e-01,5.132275304321419485e-02,-2.493194435818566791e-03,-1.690350792626997426e-03,9.986775530422977720e-01,-1.509780170059980275e-01,-2.369173011258121075e-01,7.359803347502133497e-02,3.499497602076807046e-01,-2.117224068507207457e-01,1.513413695375534773e-01,-5.096612797609567647e-01,-1.570734032384852041e-01,-6.938324554826158508e-02,1.232423420080877241e+00,-3.005191802359532746e-02,1.322582549942751817e-01,4.701320524153182467e-02,3.270011322578066874e-03,1.188317223667907929e-01,-2.149077289368012678e-01,9.104747588308280681e-01,9.084309643775382304e-01,2.470979081084531126e-01,-1.554683352366793836e-01,2.073760197072027078e-01,6.764097792122224506e-01,-8.031389177260567225e-01
1.354350661599581729e+00,1.152484127068833727e-02,7.531029616223839929e-01,5.177034881692616636e-02,-2.962667641110295052e-03,-1.316096123324555535e-04,9.986546130984085279e-01,-1.407418307507834199e-01,-2.393421283136251132e-01,6.884600795090288494e-02,3.502642479540588605e-01,-2.199790116943422524e-01,1.530047159612484275e-01,-5.266546578823660951e-01,-1.589714874226884900e-01,-6.955876310277329944e-02,1.205988473253892579e+00,-4.745623400876931852e-02,1.227698576613326792e-01,4.402702850197313250e-02,-8.707341498439161859e-03,1.187474898234229387e-01,-2.214476608208061359e-01,9.118638756151197233e-01,9.122013875528256488e-01,2.538575428319229665e-01,-1.513600804525908616e-01,1.962006081608245467e-01,6.683287164244063883e-01,-7.937691659661846311e-01
1.360306308937704545e+00,1.103368337428250676e-02,7.529430440066273711e-01,5.206655990821097008e-02,-3.313035043900974634e-03,1.374219658162691322e-03,9.986371756841689873e-01,-1.304581461311845603e-01,-2.413156433898187847e-01,6.375655966512137895e-02,3.500337664924723091e-01,-2.274103532006639117e-01,1.544932640652592615e-01,-5.430293369964273031e-01,-1.599497283896369471e-01,-7.008041707923706731e-02,1.176001062663808439e+00,-6.396345945750282758e-02,1.135118655543708027e-01,4.125038705539390421e-02,-2.012347218872918841e-02,1.189030933277446245e-01,-2.280360121723223610e-01,9.126127913218723409e-01,9.156210167826737134e-01,2.595538497800362610e-01,-1.472269118304924129e-01,1.855144399800628952e-01,6.614285601672075243e-01,-7.847572205075139529e-01
1.366260478868443151e+00,1.047780320784285832e-02,7.528697579452664490e-01,5.221212071357861362e-02,-3.482263653357594354e-03,2.841238352850321280e-03,9.986259037572886577e-01,-1.199249010957886274e-01,-2.429769657324409304e-01,5.821594281904307611e-02,3.488940957118215058e-01,-2.343829802229835946e-01,1.562668987438078916e-01,-5.579718384850579360e-01,-1.599859843269259285e-01,-7.104002093383178507e-02,1.143436377522993652e+00,-7.914091400438025281e-02,1.042153138498180670e-01,3.870120974750123483e-02,-3.114070900938697983e-02,1.191602163566507916e-01,-2.345598051641679671e-01,9.126604822297840203e-01,9.186402555239829848e-01,2.641257197002038759e-01,-1.432151342461272792e-01,1.755878152931005798e-01,6.558790778263213772e-01,-7.763441389611733801e-01
1.372249282270383564e+00,9.893964894240225155e-03,7.528416310789001198e-01,5.228736386200609487e-02,-3.503329484187522880e-03,4.312105791901004945e-03,9.986165983023419512e-01,-1.090022777919752855e-01,-2.445518963790251632e-01,5.219772866601953693e-02,3.468583175682099506e-01,-2.413420139614147197e-01,1.582315122434528043e-01,-5.704038236371579140e-01,-1.594407419870478571e-01,-7.181420412181348245e-02,1.107542681775354865e+00,-9.148782263376217805e-02,9.514864477762567663e-02,3.627485135987779802e-02,-4.185323048936221563e-02,1.192644464584348141e-01,-2.407655660491602456e-01,9.121951136058508158e-01,9.212600924366294297e-01,2.675832333122887818e-01,-1.395551496614545750e-01,1.666983733793447886e-01,6.518230510141009848e-01,-7.688567129825727431e-01
1.378293825838722952e+00,9.309217019318898750e-03,7.527650148776956485e-01,5.232535684993130931e-02,-3.327265798095522219e-03,5.706052444762269200e-03,9.986082451583974118e-01,-9.818948074958870620e-02,-2.460537004049319354e-01,4.587353704519797626e-02,3.445782898252346960e-01,-2.487693656345075777e-01,1.601063112950137923e-01,-5.802301087048116202e-01,-1.588792458719377743e-01,-7.228547046903059659e-02,1.068319531325902183e+00,-1.016843538899768473e-01,8.662084087584187575e-02,3.381764599051324122e-02,-5.222304246363609903e-02,1.191413368553153190e-01,-2.465944392631068960e-01,9.112209464791857227e-01,9.233303156486198926e-01,2.700275121477210827e-01,-1.363724359526983232e-01,1.590660256796425920e-01,6.491298369273938995e-01,-7.624898297782672918e-01
1.384410044788012106e+00,8.711721460235338083e-03,7.525224765732694276e-01,5.243168674465795154e-02,-3.038371399780621582e-03,6.854444800385542033e-03,9.985963664618581204e-01,-8.820966575857348835e-02,-2.470622604217980189e-01,4.022723035564273325e-02,3.438366202106398206e-01,-2.582667137313817696e-01,1.610949158906331002e-01,-5.879185969207286755e-01,-1.594760628987693385e-01,-7.267737932624648844e-02,1.027066106020852798e+00,-1.098434475235179758e-01,7.919440050716161639e-02,3.088998557709458914e-02,-6.205522565293117992e-02,1.190313646323282043e-01,-2.520316546434568372e-01,9.097170601187463124e-01,9.245537970739403644e-01,2.715356367396015158e-01,-1.335152757256479472e-01,1.529599474139055615e-01,6.477495211386313789e-01,-7.574995018794737911e-01
1.390594711834997277e+00,8.113046053490283877e-03,7.521184496348625181e-01,5.245927404870115440e-02,-2.680881973751310030e-03,7.765620246438589142e-03,9.985892712123008996e-01,-7.874291266996714944e-02,-2.477551279065919598e-01,3.467183079947630531e-02,3.439845413065463209e-01,-2.685169028833350180e-01,1.613094670264571540e-01,-5.937419927020345378e-01,-1.607568890963841091e-01,-7.330967240289248954e-02,9.839582341548406275e-01,-1.157691251900692664e-01,7.279472986987195471e-02,2.759788843096708591e-02,-7.134116999469683473e-02,1.188099962550122485e-01,-2.571378723338920702e-01,9.077835333779042948e-01,9.250028252494073566e-01,2.722587645694574121e-01,-1.311366525478511180e-01,1.482813257787574945e-01,6.474282405657642014e-01,-7.539151598919360264e-01
1.396813095798921767e+00,7.484227300102948982e-03,7.517912190312645571e-01,5.239721040031552340e-02,-2.180971718702043923e-03,8.698595393976032292e-03,9.985860315161403378e-01,-6.874120163341508605e-02,-2.483502120439598781e-01,2.862250971279713119e-02,3.428541258946352088e-01,-2.781285153610604244e-01,1.616097835341639144e-01,-5.980870581203410197e-01,-1.614003121738460667e-01,-7.493467422032104586e-02,9.385021201068971530e-01,-1.190569643499915925e-01,6.703562981291315281e-02,2.466125774488848663e-02,-8.009078590929791241e-02,1.182690341106640425e-01,-2.619936309863974966e-01,9.054478368032543578e-01,9.248881617329576255e-01,2.721057405347627189e-01,-1.293882974542229225e-01,1.447275908271320188e-01,6.480986926090029909e-01,-7.517521860997652405e-01
1.403072854231618205e+00,6.804031132601241066e-03,7.515897710310113222e-01,5.228228974820600672e-02,-1.504706447020350609e-03,9.675603876620506721e-03,9.985843383144037411e-01,-5.784726141864565685e-02,-2.489059622380725700e-01,2.197985384934702385e-02,3.396210533317767233e-01,-2.865217296410482728e-01,1.621700063985410389e-01,-6.016226882866946291e-01,-1.610372371625162224e-01,-7.801276135791865296e-02,8.905875004965673192e-01,-1.197068597668590334e-01,6.234471035002956546e-02,2.226606069312082187e-02,-8.817265349861228008e-02,1.174133732372695249e-01,-2.666593732780120352e-01,9.026608340579889145e-01,9.241756418545131746e-01,2.711126986769790137e-01,-1.283060690504935486e-01,1.422857263668484140e-01,6.495137206995187373e-01,-7.509590518752073951e-01
1.409445834811676068e+00,6.061701700236201557e-03,7.513630026762965208e-01,5.219696957966492301e-02,-7.837761335301356505e-04,1.047694571331476976e-02,9.985815418232965035e-01,-4.606694989510980165e-02,-2.492785549116237898e-01,1.531999290389000207e-02,3.349325816435291814e-01,-2.941932446076547247e-01,1.623327165841410014e-01,-6.048333558559803036e-01,-1.602476024906634433e-01,-8.158170239965958914e-02,8.412549306223415790e-01,-1.186752143835974604e-01,5.876354554031262833e-02,1.980958611931969010e-02,-9.543898106648109059e-02,1.164903511215597820e-01,-2.711560725680060013e-01,8.995995963803122830e-01,9.226908640188350441e-01,2.694970305213368889e-01,-1.276988243306128035e-01,1.411528354739469138e-01,6.515515895362054000e-01,-7.515161265234695520e-01
1.415961196479282647e+00,5.248623219368492993e-03,7.510546225609481263e-01,5.210868912148131776e-02,-7.723588194328011346e-05,1.114365814766579525e-02,9.985792394375857528e-01,-3.350067908313858478e-02,-2.493278671301836225e-01,8.753413195050498141e-03,3.292371265820100978e-01,-3.014707461179181314e-01,1.620005143860950847e-01,-6.077312136975503432e-01,-1.591111217184853766e-01,-8.515302731229740241e-02,7.907858779067566957e-01,-1.160406062542999606e-01,5.629714053956647729e-02,1.709251648952850311e-02,-1.022277014410053753e-01,1.155391402430229753e-01,-2.754921229290562823e-01,8.963694982742915762e-01,9.205681697892900139e-01,2.674654600504413615e-01,-1.274492477827703085e-01,1.411484507050246584e-01,6.541454104251628321e-01,-7.532797339882938426e-01
1.422586905178433891e+00,4.354604544900445712e-03,7.507093689484671817e-01,5.191493755642453273e-02,7.201059689944783702e-04,1.188511333153869504e-02,9.985804914830987977e-01,-2.051208337941018423e-02,-2.490314369948369577e-01,1.916916339037704007e-03,3.226200162514501479e-01,-3.083709147510042548e-01,1.618682459873949930e-01,-6.101220993214421240e-01,-1.571405727152091203e-01,-8.918562497235414666e-02,7.384860268671677996e-01,-1.120395063276198033e-01,5.513441428351187334e-02,1.460003870521497417e-02,-1.093227781105007845e-01,1.144288971080516804e-01,-2.796474570496232936e-01,8.927382108615155021e-01,9.180560396859430705e-01,2.650678817118548025e-01,-1.275881737622198420e-01,1.419215873702114605e-01,6.571939109381053079e-01,-7.560852952824923534e-01
1.429365552155058117e+00,3.384295259284412355e-03,7.503430828927679652e-01,5.164750482106517104e-02,1.629552614294776545e-03,1.269658245233758719e-02,9.985833348289296918e-01,-6.834996161827843961e-03,-2.485812022016787026e-01,-5.267120081855859032e-03,3.147262303875779654e-01,-3.149456294229046605e-01,1.627452534969270059e-01,-6.120238533204470643e-01,-1.540906429538169975e-01,-9.349978450757169546e-02,6.848702757119962126e-01,-1.069733306335971662e-01,5.551985540425907750e-02,1.257440286861074771e-02,-1.166507811609457101e-01,1.132037238758714509e-01,-2.837597194076856288e-01,8.886539621478541928e-01,9.152356195080598722e-01,2.623880299505840230e-01,-1.280494193330027342e-01,1.432603602170146040e-01,6.606489810485933756e-01,-7.596720964006010712e-01
1.436426578768793538e+00,2.367344018371058539e-03,7.499421532147187985e-01,5.141885152386030389e-02,2.571231608570828057e-03,1.338217627488542082e-02,9.985842016746160343e-01,8.392009440945319074e-03,-2.483728738528494517e-01,-1.267227005819294983e-02,3.049001016855611423e-01,-3.214036769198078125e-01,1.657611650084612753e-01,-6.135009235530036742e-01,-1.498653206108195857e-01,-9.728118542802786928e-02,6.311030483782787970e-01,-1.008251715255749914e-01,5.791941828908363926e-02,1.093173870269612685e-02,-1.232128777063144220e-01,1.120125322603866130e-01,-2.880858268716881554e-01,8.844363360681678499e-01,9.121216917102378252e-01,2.596418944883953639e-01,-1.286768941629733987e-01,1.449669031800464858e-01,6.645471346119555811e-01,-7.637480548343329456e-01
1.443728608089672516e+00,1.338075708849594675e-03,7.494611125802137508e-01,5.107011801142208318e-02,3.578266629364456469e-03,1.408642649760014944e-02,9.985893107993677464e-01,2.391313568264635467e-02,-2.478407177686659524e-01,-2.022335190029503696e-02,2.945743817979029067e-01,-3.273504063155959209e-01,1.695816321721059783e-01,-6.143866501012533732e-01,-1.448361383035871863e-01,-1.012054539560362093e-01,5.769888020909129667e-01,-9.465826348684183711e-02,6.224785141619766649e-02,9.193375263352548260e-03,-1.286959927324859143e-01,1.106899521905877204e-01,-2.927346103680685263e-01,8.803179809319071625e-01,9.088649701550464144e-01,2.569905290126163755e-01,-1.295880561562415267e-01,1.466991288888492839e-01,6.684948513868678166e-01,-7.681417370557196422e-01
1.451046339400928309e+00,3.005214027382817343e-04,7.489263781819819332e-01,5.069454639306376215e-02,4.576240010324013861e-03,1.491403953783152284e-02,9.985922888325527991e-01,3.670537670734345254e-02,-2.463303493734312344e-01,-2.670299724201621525e-02,2.875014889819413333e-01,-3.309559509356538309e-01,1.685985416401520609e-01,-6.141874390150635632e-01,-1.401484041744852083e-01,-1.059768820735272621e-01,5.221670414684074224e-01,-8.874187781007267239e-02,6.778282702458880704e-02,7.044066435633612386e-03,-1.333760675655399075e-01,1.090567414934002083e-01,-2.976430290288896718e-01,8.764370747714297361e-01,9.056629070579768070e-01,2.541436102960338839e-01,-1.308193620284223702e-01,1.480886065179886912e-01,6.722443488040162896e-01,-7.727368692861943389e-01
1.458365375177589573e+00,-7.686945032485299756e-04,7.485268919773876428e-01,5.107642208424668234e-02,5.330147313763682060e-03,1.542115468641631210e-02,9.985614536045454015e-01,4.696440581351088439e-02,-2.454756535915983418e-01,-2.814491992200188197e-02,2.843752912790210585e-01,-3.311990482937931524e-01,1.630870322666632677e-01,-6.119238556062281953e-01,-1.369429379073523190e-01,-1.100330410135934717e-01,4.674028737167557068e-01,-8.271251300019717700e-02,7.349923916761350040e-02,4.964998344483814718e-03,-1.371591506827192497e-01,1.074795056696616347e-01,-3.026162355863413755e-01,8.730104951237210864e-01,9.024195632127367528e-01,2.507853356146819146e-01,-1.318106457179323010e-01,1.490954941048163729e-01,6.764560289987925357e-01,-7.773989011405774141e-01
1.465807917043796538e+00,-1.785606343378470101e-03,7.480917107577567116e-01,5.109379627821655778e-02,6.351361679994273375e-03,1.559416506490323220e-02,9.985519046111815955e-01,5.764104475917590509e-02,-2.439676198764181014e-01,-2.956824806724946825e-02,2.803950810063189913e-01,-3.313763641769710278e-01,1.591604362263274730e-01,-6.072110741063397876e-01,-1.329909609003771531e-01,-1.141438580867027153e-01,4.130822905667398404e-01,-7.714333297384223798e-02,7.887398780770865647e-02,3.008804428747508322e-03,-1.402540424112386774e-01,1.056963531120650862e-01,-3.077275115920261039e-01,8.696757566932518113e-01,8.989393167485971725e-01,2.478719571414875755e-01,-1.331135252095446142e-01,1.497583527879757792e-01,6.799723448838957962e-01,-7.819589599341104647e-01
1.473361674507671193e+00,-2.780933891732142310e-03,7.475322973857172482e-01,5.087586720800931633e-02,7.726197275812464633e-03,1.595897371907134890e-02,9.985475768181113487e-01,6.866143372937645595e-02,-2.421491373440730621e-01,-3.166293795317413895e-02,2.753945696000296706e-01,-3.322375675643406412e-01,1.573379930300391194e-01,-5.995092428383118621e-01,-1.290637429697774341e-01,-1.175386713329298616e-01,3.628418148205254656e-01,-7.533440686367878780e-02,8.595989023941161267e-02,7.201428127722501148e-04,-1.430137046314176041e-01,1.040109542198188186e-01,-3.130073271799047596e-01,8.662515108494441840e-01,8.954323407220838860e-01,2.458147014389704121e-01,-1.343227176099907882e-01,1.498743205214377594e-01,6.828570911920148756e-01,-7.862007360831477776e-01
1.480755155218582253e+00,-3.777724664804419513e-03,7.469008256421697522e-01,5.088563169583736057e-02,9.104891885506944185e-03,1.646375041895542166e-02,9.985272368652051700e-01,7.836129441432858334e-02,-2.407305835132722283e-01,-3.446570492941416347e-02,2.720377605070590232e-01,-3.333649790951166980e-01,1.554616454472904086e-01,-5.905883888632533774e-01,-1.256564057904168141e-01,-1.191175066373736657e-01,3.199929489083792600e-01,-7.667143790091553168e-02,9.413727574947026999e-02,-1.088873149625643223e-03,-1.459146372679958892e-01,1.025664517510125051e-01,-3.181625378267676219e-01,8.627427837875991656e-01,8.922346259186355599e-01,2.439382559659978855e-01,-1.350251634948133606e-01,1.492431511344465001e-01,6.857731256243596585e-01,-7.898925533772910290e-01
1.487869098426747083e+00,-4.722488465638365052e-03,7.463414829401885386e-01,5.125267204297807855e-02,1.035168471847829931e-02,1.666985664891655963e-02,9.984929254187275838e-01,8.658088067860733594e-02,-2.400319663638218748e-01,-3.714109925317996691e-02,2.707726465187130227e-01,-3.343317731039198160e-01,1.529066680900897923e-01,-5.821930173313788481e-01,-1.226104735242575100e-01,-1.187232609378292558e-01,2.849528302519457323e-01,-7.821069037359494602e-02,1.023622579554512579e-01,-1.944005060807566399e-03,-1.485515611705749972e-01,1.012600919402767002e-01,-3.230197266412096480e-01,8.593867910353706341e-01,8.891591943385172003e-01,2.417699093333792459e-01,-1.352881158531176742e-01,1.479528361240101120e-01,6.888990333050515336e-01,-7.930286169667978280e-01
1.494798415235392142e+00,-5.522799823685285020e-03,7.458870887937590899e-01,5.161326080255748683e-02,1.156750980592147031e-02,1.677602087617280358e-02,9.984592275850723286e-01,9.449003922884444129e-02,-2.395134103659022629e-01,-3.932106649899340389e-02,2.698751826165299295e-01,-3.351916619300870370e-01,1.504897409935221364e-01,-5.749689331628617950e-01,-1.199529633752340618e-01,-1.168442743977634729e-01,2.575775391665289238e-01,-8.072139649984216847e-02,1.121058106618521844e-01,-3.022424226484981928e-03,-1.500086399403036397e-01,9.978829353015247761e-02,-3.278564679803178672e-01,8.564580758612110323e-01,8.858713379748529571e-01,2.399149914912573345e-01,-1.355647114211353255e-01,1.460427121544537188e-01,6.913838228402848785e-01,-7.956641548908685024e-01
1.501564384896167947e+00,-6.176292061257412230e-03,7.454067693359370805e-01,5.193049207694987873e-02,1.271764868523301423e-02,1.687925954837312878e-02,9.984270509164219209e-01,1.023160814186781231e-01,-2.391342697745797719e-01,-4.073743987695694485e-02,2.692668841994497742e-01,-3.363714188812484407e-01,1.484964857878426359e-01,-5.693775435620495040e-01,-1.176053293333578775e-01,-1.135884692529385565e-01,2.374913101407176708e-01,-8.375962420968476041e-02,1.227820838470945475e-01,-4.547655610877858121e-03,-1.503733889950239488e-01,9.808000384257457849e-02,-3.325692490607973784e-01,8.540582131545891853e-01,8.824366317861690456e-01,2.385760937662029790e-01,-1.359205251877028953e-01,1.434917091729797090e-01,6.931696005266869687e-01,-7.978671255053717548e-01
1.508139920047842031e+00,-6.748288855167990097e-03,7.446375383508621049e-01,5.244663621909362305e-02,1.365287449461242801e-02,1.691808293725070855e-02,9.983870615162193651e-01,1.100359955289459124e-01,-2.390220630414150449e-01,-4.013054786827052745e-02,2.704262868553842236e-01,-3.398575449180438746e-01,1.472327341623276276e-01,-5.659775762030804236e-01,-1.154972369810206706e-01,-1.085817399194090593e-01,2.244020443141294396e-01,-8.549488627883750080e-02,1.326362903677748561e-01,-5.920632755191918874e-03,-1.504132629202174221e-01,9.625963074410347209e-02,-3.367635430951635978e-01,8.520865458234069267e-01,8.790301335927048765e-01,2.375823601460253787e-01,-1.361731052519050689e-01,1.403866805401962625e-01,6.947520516838991966e-01,-7.997050348673502285e-01
1.514560486733660838e+00,-7.278496638720211021e-03,7.436525635184321192e-01,5.305571694219419349e-02,1.439363616462398937e-02,1.691764587692775809e-02,9.983444833301247101e-01,1.171891369605421729e-01,-2.391690672083494063e-01,-4.041305355912487574e-02,2.730514021896919274e-01,-3.442072324386866722e-01,1.455482464448157598e-01,-5.640780146619128743e-01,-1.132685701130322353e-01,-1.024679668796878718e-01,2.167552208117325130e-01,-8.567373923798722590e-02,1.399771525380315573e-01,-7.042503799054574548e-03,-1.500359244840472062e-01,9.439618074171408912e-02,-3.404276806309797232e-01,8.505842303548921679e-01,8.756623755793316866e-01,2.367960254264896425e-01,-1.362750072212355890e-01,1.369416686096512348e-01,6.962837107492810818e-01,-8.011166457872965774e-01
1.520934766002063565e+00,-7.800798299292765331e-03,7.428293419266295272e-01,5.352563878248129542e-02,1.510490118175068439e-02,1.690806107002544925e-02,9.983090530612600544e-01,1.233288368052742057e-01,-2.390187523253255730e-01,-4.330420092130873866e-02,2.772446752771867695e-01,-3.482718507067873448e-01,1.430373165424266846e-01,-5.622073395105517957e-01,-1.104997534805561288e-01,-9.612888417125098339e-02,2.121721028750845894e-01,-8.527892369906654724e-02,1.445045919985331884e-01,-8.046511783099528914e-03,-1.484054828299981033e-01,9.258893120290018208e-02,-3.437991999816588096e-01,8.497520698696222619e-01,8.722989751398755320e-01,2.361829653422289899e-01,-1.361364340346325197e-01,1.333618956009098300e-01,6.977258654993740983e-01,-8.020166019406720359e-01
1.527365592118543169e+00,-8.352595435833970461e-03,7.423028455394817815e-01,5.381475232515089968e-02,1.578936505761039527e-02,1.684148883303885486e-02,9.982840440661903125e-01,1.288886114101150948e-01,-2.385217119117962747e-01,-4.722115248728929460e-02,2.822768694778032827e-01,-3.509812784860725787e-01,1.404784339423169326e-01,-5.604300930688893567e-01,-1.071273931606054469e-01,-8.938136549818523346e-02,2.103306584689655090e-01,-8.357388259950609966e-02,1.476994787623810701e-01,-8.917054011791193668e-03,-1.455804665799830533e-01,9.083657101278723445e-02,-3.468137244858045531e-01,8.496023613328960167e-01,8.689503862106267018e-01,2.359017564918804433e-01,-1.356663334707837176e-01,1.296746857205220982e-01,6.991257691846823885e-01,-8.026373921548893842e-01
1.533977527250326656e+00,-8.995638654569013820e-03,7.420008484021120010e-01,5.397728395099462423e-02,1.632209262885781290e-02,1.685379180299571150e-02,9.982664834497305684e-01,1.349007703940378611e-01,-2.376834844484950193e-01,-4.940901921237988298e-02,2.872669587071938757e-01,-3.518358318154567455e-01,1.388178468879917304e-01,-5.594580090593901378e-01,-1.033372107429119252e-01,-8.201256503051365665e-02,2.121895737445599062e-01,-7.929029258368718025e-02,1.495753926946730150e-01,-9.960313182022463227e-03,-1.423108763382177622e-01,8.910957116550367874e-02,-3.493047936579570800e-01,8.499785020861554408e-01,8.656349075176201779e-01,2.363803255935785219e-01,-1.347320415678566197e-01,1.258608385415065922e-01,7.006424689669638051e-01,-8.032592699082847787e-01
1.540786592308129643e+00,-9.765755881007320144e-03,7.418875357808660809e-01,5.392454582698963383e-02,1.673269330485957496e-02,1.692289485460317031e-02,9.982613765752225143e-01,1.414381353065890523e-01,-2.361332187161566121e-01,-4.981643862182418697e-02,2.920285380797171260e-01,-3.507583659802153697e-01,1.378721449799146237e-01,-5.599202002170211578e-01,-9.891284257026369819e-02,-7.484547477125240433e-02,2.182192900843699657e-01,-7.095626860749762455e-02,1.463378706439915355e-01,-1.121470369239818514e-02,-1.388547273537963367e-01,8.739550337168375260e-02,-3.512054389700403623e-01,8.510180434794542004e-01,8.623663787467188424e-01,2.374390884478639330e-01,-1.333612498385189360e-01,1.220761118401636203e-01,7.023916774186385048e-01,-8.038838042469593770e-01
1.547723355316492411e+00,-1.068555401415207870e-02,7.419352592529024903e-01,5.360797009062340940e-02,1.710176532403737820e-02,1.680175126083811171e-02,9.982742190000366556e-01,1.481377534447858857e-01,-2.336319369134266799e-01,-5.049774046767195601e-02,2.966902557385560080e-01,-3.478798014840958630e-01,1.365214463389185784e-01,-5.622128233253210761e-01,-9.346649971194956330e-02,-6.856210839681384228e-02,2.284652149879989047e-01,-5.851229690366763214e-02,1.350207475483222175e-01,-1.234119021204674663e-02,-1.350356751479498407e-01,8.580951646311948955e-02,-3.525002101098145268e-01,8.529794135790463860e-01,8.591537256635899400e-01,2.384344338555023923e-01,-1.315932792190750433e-01,1.185095453441973590e-01,7.043887719719723606e-01,-8.044451346256155100e-01
1.554764251526638663e+00,-1.172592844861500977e-02,7.420354028655117284e-01,5.310210682586830044e-02,1.739975870367061264e-02,1.665322735732891954e-02,9.982985949435635442e-01,1.549162033228875524e-01,-2.303768990395877181e-01,-5.187616754245563677e-02,3.015562149290253458e-01,-3.436334461734830148e-01,1.342955364750301750e-01,-5.651917117971601012e-01,-8.791978580445078406e-02,-6.327920624954078144e-02,2.418220381988827605e-01,-4.508606460246878528e-02,1.208571341701538959e-01,-1.349292925919167406e-02,-1.306050428576062961e-01,8.436797921694275115e-02,-3.533535346060698301e-01,8.558569489016648602e-01,8.561733706473458883e-01,2.393991906556168781e-01,-1.294526097517277319e-01,1.150155198081188046e-01,7.066104132261478155e-01,-8.050212491883862453e-01
1.561850953903732186e+00,-1.279819329527506072e-02,7.420703791832649054e-01,5.237511177058742917e-02,1.765535847178603332e-02,1.656474763044236617e-02,9.983339800126852515e-01,1.616130119337777504e-01,-2.265195461383653630e-01,-5.277809646353935624e-02,3.069027816461156188e-01,-3.389219665670928361e-01,1.313900753549113731e-01,-5.680467165093466830e-01,-8.298204036048495436e-02,-5.971167320462997946e-02,2.567249110902461440e-01,-3.096853102952934478e-02,1.060983642622540246e-01,-1.458524730650257936e-02,-1.253642812708007370e-01,8.287922412246809256e-02,-3.538927757683271169e-01,8.595345127588795986e-01,8.535985788260043172e-01,2.404727718301250539e-01,-1.271188713841550355e-01,1.113508150383672735e-01,7.091723748048762710e-01,-8.057048120016919723e-01
1.568969867498678283e+00,-1.388839428757098274e-02,7.420566438304688761e-01,5.150154677909186962e-02,1.782600023663742997e-02,1.649208079932210427e-02,9.983776017448675599e-01,1.683571882910620543e-01,-2.222601924418509400e-01,-5.308330986157983739e-02,3.126300390433368603e-01,-3.337713322892771339e-01,1.281164814119464257e-01,-5.702666285734585561e-01,-7.874938773066707254e-02,-5.785664833983658606e-02,2.722868644955241391e-01,-1.609063997853145064e-02,9.134440357325998572e-02,-1.556960922890875641e-02,-1.192870597793757592e-01,8.136097632245938016e-02,-3.540947632640937259e-01,8.640702053277649064e-01,8.514073296378800171e-01,2.416001526600780602e-01,-1.246337578502130228e-01,1.075625070284029067e-01,7.121200007246090147e-01,-8.064760257946276267e-01
1.576157421095904176e+00,-1.503445330472043609e-02,7.421097230047927207e-01,5.061133623379167334e-02,1.784635608332545142e-02,1.640891021358227217e-02,9.984241322628275572e-01,1.752812630710172126e-01,-2.178188220404915498e-01,-5.336506266945750115e-02,3.185881623296158982e-01,-3.274951980829305387e-01,1.248072665116161106e-01,-5.713912414628895542e-01,-7.487870759380006735e-02,-5.694389087440412944e-02,2.879495985289825533e-01,-7.407218560765965049e-04,7.698800739101448187e-02,-1.659928164105712450e-02,-1.124278113212086455e-01,7.994973734778838825e-02,-3.539012318585184613e-01,8.696482713669188014e-01,8.495281996625110299e-01,2.427111178202500386e-01,-1.219441420897685591e-01,1.037818508436531006e-01,7.154368429555137965e-01,-8.072933103294908097e-01
1.583413408698079561e+00,-1.625317295504433851e-02,7.424012263312796955e-01,4.963516374482633553e-02,1.779816594364799082e-02,1.621462464468809844e-02,9.984771713748386013e-01,1.821462243640409318e-01,-2.129593989982867530e-01,-5.328774210576916331e-02,3.245990055666450047e-01,-3.194911994176118375e-01,1.209173984765580523e-01,-5.708786265511008873e-01,-7.084548991602999946e-02,-5.661832757516128967e-02,3.027284623979005218e-01,1.389436570289099768e-02,6.366836123099348099e-02,-1.742824101798739686e-02,-1.048615684829797695e-01,7.863516304925419198e-02,-3.531923814006114326e-01,8.762179709965258745e-01,8.480597709502505355e-01,2.438342360935059350e-01,-1.190441482225344239e-01,1.000454145216935764e-01,7.191750674628886175e-01,-8.081745780805825730e-01
1.590705759699716726e+00,-1.756041951135147577e-02,7.431289739253693627e-01,4.844619178886284960e-02,1.784440641214739276e-02,1.584853579427716180e-02,9.985406089346160474e-01,1.884534477703664335e-01,-2.072445507863943659e-01,-5.208234186952021699e-02,3.304733538514837976e-01,-3.090904833382386308e-01,1.154488165811509703e-01,-5.682785976273656559e-01,-6.622341694607510043e-02,-5.678331449608483433e-02,3.155146368110510746e-01,2.618754940700893444e-02,5.210121343766020707e-02,-1.771666775238833758e-02,-9.673135926716278088e-02,7.742143216789597326e-02,-3.518621514571387832e-01,8.835345227628720322e-01,8.470960302705810019e-01,2.450487704523036658e-01,-1.158839805190632066e-01,9.639081009548683410e-02,7.233732349090483682e-01,-8.091432434071771373e-01
1.597906918782671326e+00,-1.890213923585491382e-02,7.441314214945171646e-01,4.705885830128482550e-02,1.793583012962976161e-02,1.560503260054975187e-02,9.986091591861533390e-01,1.936043314814643312e-01,-2.008640712318229549e-01,-5.031625626986761107e-02,3.373194575013536145e-01,-2.971563878569904449e-01,1.088632533650321782e-01,-5.645519416194650919e-01,-6.162355865985272990e-02,-5.779271292346076921e-02,3.274389559963521434e-01,3.511526947509106822e-02,4.196600903149627637e-02,-1.831728965975714871e-02,-8.826338637574404622e-02,7.624845658228121548e-02,-3.499818116089699616e-01,8.915883782858060602e-01,8.465155309844657472e-01,2.462102555540221227e-01,-1.125743784372552209e-01,9.271318666237328421e-02,7.278939697605257830e-01,-8.101451701290899310e-01
1.604926000090206584e+00,-2.014800394024608005e-02,7.450318872015588845e-01,4.565446253043985853e-02,1.779777801350521799e-02,1.521357655526026434e-02,9.986828606906376082e-01,1.991739646503258021e-01,-1.953199185903464474e-01,-4.984692535597461810e-02,3.489073963102523046e-01,-2.892034928509096825e-01,1.010301954452624412e-01,-5.610259047963042089e-01,-5.771464802144164047e-02,-6.004290003534590303e-02,3.405961936757705422e-01,4.025989871889165683e-02,3.188040157796756535e-02,-1.952873405829643264e-02,-7.921231858869820508e-02,7.493160381763876166e-02,-3.476829608488377632e-01,9.005014654295997456e-01,8.461741111045743002e-01,2.471507248018571523e-01,-1.094169110063699241e-01,8.890006597487556950e-02,7.327002666125242980e-01,-8.111302362697481172e-01
1.611782059090954178e+00,-2.131694422630663055e-02,7.458557898244591033e-01,4.416870417929306264e-02,1.750066766730332471e-02,1.445996575355918377e-02,9.987661195659003344e-01,2.049554616401118301e-01,-1.903036650872812763e-01,-5.019498240212242474e-02,3.648786585899682078e-01,-2.846157777077911732e-01,9.313255199926530337e-02,-5.573728790253109633e-01,-5.371581161641024449e-02,-6.312585654001633129e-02,3.543025476479257363e-01,4.126561954643829383e-02,2.115054387426892890e-02,-2.081782988007536278e-02,-6.953557047153155479e-02,7.350309324535141131e-02,-3.449556871398484770e-01,9.100526909343683579e-01,8.460029367327379646e-01,2.479525714364091693e-01,-1.063584454878750418e-01,8.497748628106574498e-02,7.379427258337749596e-01,-8.120963350717874674e-01
1.618460000934166310e+00,-2.252506302702201452e-02,7.468382283190314608e-01,4.226010130455012948e-02,1.729607530703226176e-02,1.383485487116249170e-02,9.988611020416520159e-01,2.079164374610278088e-01,-1.839484874801940728e-01,-5.012461761187980702e-02,3.820744537758682391e-01,-2.745886344946258384e-01,8.521899327604091912e-02,-5.525911543237777002e-01,-4.834154664130516782e-02,-6.634265212518307420e-02,3.666609772999009365e-01,3.791369458557121430e-02,1.032023055362834944e-02,-2.219001025247750031e-02,-5.989885682101560999e-02,7.211091248930204256e-02,-3.417373692016103526e-01,9.198178018947594792e-01,8.459648286431683539e-01,2.487292170639405220e-01,-1.031784180279699814e-01,8.098785225915765273e-02,7.435376788138924331e-01,-8.130444813940189697e-01
1.624958331735562256e+00,-2.379342065551733748e-02,7.478468174949466363e-01,3.990228061799994119e-02,1.711865365373283279e-02,1.347616091432898323e-02,9.989660418580686985e-01,2.079368651610533636e-01,-1.759633869981854504e-01,-5.009507983432340272e-02,4.012177514549816748e-01,-2.560514121644821839e-01,7.703114382070244681e-02,-5.469538650546660330e-01,-4.172048564524407505e-02,-6.981695631198517327e-02,3.779845603774077967e-01,3.087054540769722244e-02,-6.135143233350001668e-04,-2.373954476245866696e-02,-5.053201505118033732e-02,7.089285046003970803e-02,-3.382326984415838789e-01,9.297524656234974483e-01,8.460300351006606601e-01,2.494138758184069049e-01,-9.986542084294425248e-02,7.689136112030657555e-02,7.492093563534264478e-01,-8.138712952552574764e-01
1.631311288693217953e+00,-2.507671712183234120e-02,7.485866631925334191e-01,3.734799815188869637e-02,1.678956182887899468e-02,1.306484855816185571e-02,9.990758466601986632e-01,2.068147736946055748e-01,-1.675588390223488322e-01,-5.128856932429604748e-02,4.227301239400798050e-01,-2.364344699678372075e-01,6.682272555188215057e-02,-5.413440262188266017e-01,-3.472758477111718978e-02,-7.383208782085520783e-02,3.895398562625845829e-01,2.151829035448150559e-02,-1.193547145436860656e-02,-2.529336606361009751e-02,-4.114214978304508996e-02,6.991562842010590195e-02,-3.346599609420786714e-01,9.400960113042794442e-01,8.461774475485825953e-01,2.497603356190951085e-01,-9.652186997747662367e-02,7.261697397377153695e-02,7.548857579087279168e-01,-8.144984758900777333e-01
1.637537965040221755e+00,-2.639168283668100537e-02,7.491419843594997463e-01,3.453380857239169571e-02,1.642062486012571543e-02,1.279889846011725459e-02,9.991866529046992129e-01,2.036303118835787740e-01,-1.581805603125242266e-01,-5.311050561926436431e-02,4.462252087471245687e-01,-2.136609580443944445e-01,5.260376920409013529e-02,-5.354477035866317403e-01,-2.750112130191758111e-02,-7.863504900900757100e-02,4.006062379478556035e-01,1.059305181785545787e-02,-2.327513070822437996e-02,-2.697463647831731953e-02,-3.193792465078529319e-02,6.923602629567285338e-02,-3.313759155923609590e-01,9.506817273180978578e-01,8.465216203024045205e-01,2.496757874454713921e-01,-9.312853925185524129e-02,6.813897056112709627e-02,7.604188183185468519e-01,-8.149771396189064987e-01
1.643663134496037070e+00,-2.779029976747539668e-02,7.498101698077219712e-01,3.137179102610559295e-02,1.614778918715005507e-02,1.291976102825691253e-02,9.992937963199785001e-01,1.965271931575115205e-01,-1.473742933316892212e-01,-5.470944210894338605e-02,4.724978077426522649e-01,-1.854028253740028775e-01,3.470896066033041932e-02,-5.284161026522984361e-01,-1.982679891067539238e-02,-8.423326205980886938e-02,4.098270408153389943e-01,-1.904188876416806767e-03,-3.401957566631972490e-02,-2.867792086231812573e-02,-2.335927291863516483e-02,6.894802969153185357e-02,-3.286050018095622582e-01,9.611258816528113202e-01,8.471543885197825308e-01,2.490795970079903443e-01,-8.954466957435959495e-02,6.351370802084654876e-02,7.657004954218321613e-01,-8.153700918310778922e-01
1.649766519064744585e+00,-2.928301939623829953e-02,7.506053865276823833e-01,2.802359768173430174e-02,1.589619801304345548e-02,1.337144814393966680e-02,9.993914114280932903e-01,1.860460973141967733e-01,-1.361212256080968908e-01,-5.635723918190646553e-02,5.025903344069716505e-01,-1.552453907845055825e-01,1.544618343787830181e-02,-5.201193484428819902e-01,-1.203908514466621102e-02,-9.055266927432653601e-02,4.171375724069188440e-01,-1.512126068556422440e-02,-4.402353955887633452e-02,-3.027327709391072069e-02,-1.525343010736144797e-02,6.925408768379003044e-02,-3.267404766411367567e-01,9.711374111984844015e-01,8.485051063675933536e-01,2.479844862506662972e-01,-8.572892224864231414e-02,5.874295604921439540e-02,7.707392929934266945e-01,-8.156212699070427563e-01
1.655935806717526937e+00,-3.086784398561817633e-02,7.513831295402743082e-01,2.463968452977241541e-02,1.558503637061817854e-02,1.409176396158787550e-02,9.994755698745471095e-01,1.734692290027656514e-01,-1.249360303755738949e-01,-5.848473229978620042e-02,5.360736997112977020e-01,-1.246925693102437088e-01,-4.768424417045731556e-03,-5.108789038653037684e-01,-4.556371174581705027e-03,-9.761498511781699361e-02,4.230601640105694505e-01,-2.787412071778021597e-02,-5.338416482912932554e-02,-3.184343255432864339e-02,-7.261844433850679278e-03,7.031564477667760771e-02,-3.260767972201876197e-01,9.805980554569608820e-01,8.508664235651770547e-01,2.464711923517708680e-01,-8.171564626410732224e-02,5.377997723966057575e-02,7.755374978314413248e-01,-8.156817024831242158e-01
1.662103120745665796e+00,-3.251338290595716385e-02,7.520565984894703737e-01,2.122155568729464092e-02,1.526699202392412837e-02,1.514762725993311007e-02,9.995434527408734171e-01,1.581880231357404298e-01,-1.138476957467374484e-01,-6.076608092890219831e-02,5.736092289695847724e-01,-9.376264004438987498e-02,-2.575677271245241720e-02,-5.010973102543846425e-01,2.603958624313052611e-03,-1.054098903579400170e-01,4.278621753369251657e-01,-4.024069709914805670e-02,-6.238768564598118349e-02,-3.352962357000584953e-02,2.666664200280301905e-04,7.220599481279967036e-02,-3.268306933109275669e-01,9.894240749331661977e-01,8.544009313411751183e-01,2.446289605306324610e-01,-7.764278509833402731e-02,4.870878950129219759e-02,7.801152469351566587e-01,-8.156372446481291449e-01
1.668144706323663184e+00,-3.416988708907069128e-02,7.525669568118610320e-01,1.771252063858688372e-02,1.496141749390804063e-02,1.658019663403427491e-02,9.995936619660635847e-01,1.395876745627496196e-01,-1.028244209620154254e-01,-6.279012882449980237e-02,6.158445821106227624e-01,-6.237725672318700926e-02,-4.679574351150695560e-02,-4.910245755166426362e-01,9.642322005616725880e-03,-1.138281508920595958e-01,4.316786873446999961e-01,-5.272525303920581885e-02,-7.129993881417953649e-02,-3.537205038618264352e-02,6.753960313979486332e-03,7.491928614781966089e-02,-3.290418604888435961e-01,9.975078057393605979e-01,8.591274961036299285e-01,2.425653098394545681e-01,-7.368678147408470880e-02,4.365745712285771379e-02,7.845245792167526711e-01,-8.155689618759803805e-01
1.674091076699498748e+00,-3.584635947483866270e-02,7.528400183979940818e-01,1.410078506472087212e-02,1.466537810605691126e-02,1.844183995957720396e-02,9.996229254496268313e-01,1.183329762414111197e-01,-9.170083979826569587e-02,-6.475563225804578660e-02,6.618942797391533794e-01,-3.038540592079726210e-02,-6.798060624529975171e-02,-4.809818324183426919e-01,1.655626556372116753e-02,-1.229074093563000819e-01,4.349103739965549664e-01,-6.463388524450472405e-02,-8.025425516023337869e-02,-3.735743988461507487e-02,1.185251280682412048e-02,7.856841139999420909e-02,-3.329237897798550949e-01,1.004890619243083094e+00,8.651041854579885060e-01,2.407646691183205345e-01,-6.998387620752730132e-02,3.866803843471115082e-02,7.886682720488650267e-01,-8.154132150493151876e-01
1.680018944862058827e+00,-3.758056859640431652e-02,7.528010389855795959e-01,1.039037454610579683e-02,1.439853012917385183e-02,2.084548342990499847e-02,9.996250238301781499e-01,9.494989947368011329e-02,-8.018998566971122233e-02,-6.676628614968897757e-02,7.108186820414601481e-01,2.582157518640992855e-03,-8.968418984302505004e-02,-4.713540554385840520e-01,2.322927244307161632e-02,-1.328148330344427475e-01,4.380518145164886135e-01,-7.485226236647074538e-02,-8.938607063209134951e-02,-3.957890929986292855e-02,1.528545019054856902e-02,8.327354318202197236e-02,-3.385365199123553381e-01,1.011644261551773782e+00,8.723056664316882758e-01,2.397212927459743681e-01,-6.664180572873092123e-02,3.371408443586287190e-02,7.925111808335255636e-01,-8.151165695400719446e-01
1.686150186696038222e+00,-3.941446463299474318e-02,7.526445604619335095e-01,6.664791895973564209e-03,1.413379639734870484e-02,2.350914225078409164e-02,9.996014888839521717e-01,7.089311384281407613e-02,-6.814022511337951282e-02,-6.861253014236524950e-02,7.599782865138842158e-01,3.803146110125157214e-02,-1.125651186158439093e-01,-4.616910618644062270e-01,2.960159677870279060e-02,-1.434397740838148083e-01,4.411082889789192385e-01,-8.338060334107760818e-02,-9.813932782134122956e-02,-4.169102571464770868e-02,1.746335682901266340e-02,8.896460638897051021e-02,-3.456322176897129173e-01,1.018029626517069186e+00,8.804326979112151452e-01,2.397258351165101053e-01,-6.377004888195290933e-02,2.902820167407110449e-02,7.962657048531965875e-01,-8.147773106707894009e-01
1.692711771163186718e+00,-4.140121417799887821e-02,7.526785472587474990e-01,2.977430576160237236e-03,1.389172920261396750e-02,2.629175888998273522e-02,9.995533425897711322e-01,4.636093511596238448e-02,-5.524160628856499000e-02,-7.012977453055040111e-02,8.075129054779000004e-01,7.852027876310513355e-02,-1.379227841178178315e-01,-4.514148790269387201e-01,3.541783677864026453e-02,-1.548594317412219090e-01,4.438664726688817397e-01,-9.048654139491196791e-02,-1.048762422101707781e-01,-4.366524245423031303e-02,1.882891890558124545e-02,9.552840406408488749e-02,-3.539460224993098425e-01,1.024318142223929584e+00,8.892201802537240685e-01,2.408903589511937615e-01,-6.139185162933884221e-02,2.476511513335409934e-02,8.001165269849758177e-01,-8.144758575512371923e-01
1.699426640598554528e+00,-4.344568649477732053e-02,7.527712108179085426e-01,-7.708048539567712238e-04,1.371574857649794470e-02,2.954998981249503179e-02,9.994689000679035651e-01,2.014740122142095677e-02,-4.181995162996813425e-02,-7.167903431396431546e-02,8.546536208298424198e-01,1.239529822837035500e-01,-1.636029576295631449e-01,-4.405474519062153038e-01,4.082765591241363512e-02,-1.672167696537356085e-01,4.459839782263407271e-01,-9.743081617651522253e-02,-1.107940044546032315e-01,-4.620136407052689853e-02,1.916002624793401027e-02,1.027103263792454729e-01,-3.628609716059459922e-01,1.029750124699640113e+00,8.981674565949332445e-01,2.421860450909760487e-01,-5.956439562216712946e-02,2.099414912300073127e-02,8.036901853273830110e-01,-8.144090116403547297e-01
1.705966664468641980e+00,-4.537610479328134383e-02,7.527186496838074170e-01,-4.451282794627013477e-03,1.353329632660804638e-02,3.297164476781192649e-02,9.993547451297380979e-01,-6.386273998805806762e-03,-2.963851784959104646e-02,-7.294101258806467980e-02,9.039101197314521885e-01,1.632822754477805949e-01,-1.845319004613519276e-01,-4.294395660325329156e-01,4.587716460709020949e-02,-1.797716702577617509e-01,4.473489015994660534e-01,-1.043030173593266635e-01,-1.158599610783362932e-01,-4.888615739378283226e-02,1.857085525454037211e-02,1.102307459825082603e-01,-3.718161272731795863e-01,1.033735584129495289e+00,9.069469534067245986e-01,2.423431688485166990e-01,-5.828352762618909527e-02,1.778845497949228111e-02,8.069593632407968675e-01,-8.146961007993765991e-01
1.712406714930414520e+00,-4.723218421666910971e-02,7.527095368977523293e-01,-7.685625557114267661e-03,1.320447767676042466e-02,3.613008859450234089e-02,9.992302985934889969e-01,-3.272164860838314843e-02,-1.930743803596714908e-02,-7.260809978574687962e-02,9.554171822320604024e-01,1.865457436972285110e-01,-1.973347174966181006e-01,-4.176146692304541497e-01,5.064430443833205231e-02,-1.913007096054497591e-01,4.479198545061595649e-01,-1.120017697817553420e-01,-1.201413291225292695e-01,-5.097090348186854997e-02,1.803063341927970201e-02,1.181975122925207067e-01,-3.801191756141761857e-01,1.036161163021863452e+00,9.150086328643758371e-01,2.413430295002991777e-01,-5.705619465585747702e-02,1.534308249452703832e-02,8.104355732112442645e-01,-8.154489860245850430e-01
1.718820889329383039e+00,-4.903921873891545213e-02,7.528374511335774733e-01,-1.090826287814186842e-02,1.285572888914314829e-02,3.944156948237141636e-02,9.990796280974223453e-01,-5.948713796812741400e-02,-8.775475865838119546e-03,-7.213254451396659828e-02,1.002937286173021247e+00,2.111621992439475792e-01,-2.065291847570900341e-01,-4.049557484654638384e-01,5.604683162155112836e-02,-2.019836141395122964e-01,4.474769961268957874e-01,-1.219174289955328727e-01,-1.237121734779112331e-01,-5.276853274199759525e-02,1.794816597430174548e-02,1.263016377558817960e-01,-3.874951610303710159e-01,1.036897423722481504e+00,9.220745899674956947e-01,2.398724318776672693e-01,-5.598248227506422842e-02,1.371966750124251413e-02,8.134443342759473117e-01,-8.166787566239549490e-01
1.725220331841302635e+00,-5.079212992614400013e-02,7.530257879891893991e-01,-1.400445879192476623e-02,1.242574209346108613e-02,4.278903248288790095e-02,9.989086919065980341e-01,-8.648721170413345427e-02,1.567387605419382976e-03,-7.159106915648172365e-02,1.047633137856328167e+00,2.326348297499715445e-01,-2.118995777459439789e-01,-3.911831439609191330e-01,6.197697535522076612e-02,-2.117401414660409487e-01,4.453209006390797531e-01,-1.321536018964412362e-01,-1.269169351128543177e-01,-5.432585248576941861e-02,1.840884806465073464e-02,1.344509717178393460e-01,-3.933114939497887041e-01,1.035861134532749528e+00,9.274943316676741434e-01,2.377770598397017376e-01,-5.517849667500188127e-02,1.297534065963208867e-02,8.159712073276161881e-01,-8.184705273532298930e-01
1.731564447936617013e+00,-5.245851540769856658e-02,7.531824687338123381e-01,-1.689333145640121991e-02,1.189421069080168376e-02,4.597898810750608578e-02,9.987287298145364201e-01,-1.137081855928951946e-01,1.089585681297632579e-02,-7.102086725987516447e-02,1.090296524193405947e+00,2.434642423874261719e-01,-2.127923075738104297e-01,-3.765445947154320017e-01,6.829884943899577898e-02,-2.205058854197432250e-01,4.413755911409085186e-01,-1.412756587485378690e-01,-1.301768637193112532e-01,-5.574714296575559308e-02,1.922251665589507288e-02,1.425030869350342178e-01,-3.972217258246728555e-01,1.033218605582369998e+00,9.309904880338695232e-01,2.346014295709855646e-01,-5.486286394976807451e-02,1.303020550511356859e-02,8.182065795058223179e-01,-8.208392173554405202e-01
1.737861015008315357e+00,-5.401712636841880105e-02,7.533343800464963325e-01,-1.953470688512350117e-02,1.124584503940460195e-02,4.890820172922285408e-02,9.985489041603701210e-01,-1.407909533762191634e-01,1.885292015416810754e-02,-7.017575930970913756e-02,1.130172734141960733e+00,2.462979173556030521e-01,-2.110202683255808509e-01,-3.615891189006978368e-01,7.460026372930567140e-02,-2.283610938568303161e-01,4.368094002440671697e-01,-1.505439718308446695e-01,-1.333963450495226355e-01,-5.658820738464660077e-02,2.040015330599534438e-02,1.503353812918832577e-01,-3.989678574909313880e-01,1.028906836318556506e+00,9.322641014776643642e-01,2.305630779119676732e-01,-5.495753234568007822e-02,1.376020476408008550e-02,8.202937301504343859e-01,-8.237116696414559236e-01
1.744131605020089015e+00,-5.543988638156077675e-02,7.535692665317568206e-01,-2.206369860827080143e-02,1.046821915594828636e-02,5.159165113248512929e-02,9.983696383360722848e-01,-1.674485495715714034e-01,2.553854918823532730e-02,-6.899122551361852596e-02,1.166714629214958832e+00,2.441931026453157960e-01,-2.079253002449404919e-01,-3.466751182325945035e-01,8.064202862319534704e-02,-2.357761717951866454e-01,4.328877926892680805e-01,-1.624891938232708444e-01,-1.364225780277997513e-01,-5.645026281609998031e-02,2.197655208802231849e-02,1.577633593929832767e-01,-3.985264295769202492e-01,1.022954878190435402e+00,9.313130877819427722e-01,2.260315679006165701e-01,-5.538485015150288598e-02,1.506608947140922368e-02,8.224209372801525308e-01,-8.270048252822518320e-01
1.750386987228134572e+00,-5.675755445932317150e-02,7.537212658984627778e-01,-2.437803989761827897e-02,9.600645139655524657e-03,5.404193651783480851e-02,9.981948747018564161e-01,-1.937023282076005548e-01,3.101842710689040744e-02,-6.833140131532644546e-02,1.199997871579132847e+00,2.363432062340246054e-01,-2.038763085091676863e-01,-3.318273016342359050e-01,8.681397378644145624e-02,-2.421208711082815934e-01,4.288705931379664382e-01,-1.744567767276579140e-01,-1.392471520685558684e-01,-5.607599617991464863e-02,2.415573010903811213e-02,1.648561913185920824e-01,-3.958194964223054058e-01,1.015290617787077077e+00,9.280678872981148464e-01,2.210120128823394037e-01,-5.608514476618807476e-02,1.700356968772883531e-02,8.244537157219047341e-01,-8.307255457919048292e-01
1.756588335980817428e+00,-5.797650931846549949e-02,7.536042679145729117e-01,-2.655996274474002605e-02,8.694933857717196055e-03,5.601120550694687478e-02,9.980389327886294293e-01,-2.197141722693173593e-01,3.604129525437624326e-02,-6.905912221734665513e-02,1.230274554687619259e+00,2.223041333938776953e-01,-1.990262256940642238e-01,-3.176681956780408878e-01,9.381538412370259150e-02,-2.468015359348401661e-01,4.248782762202177321e-01,-1.848696338817494289e-01,-1.420242090808095936e-01,-5.599082388719295311e-02,2.695259388137262804e-02,1.714591657031961924e-01,-3.909047944924423645e-01,1.006127065182991442e+00,9.226551698698602921e-01,2.152056199931313141e-01,-5.719972414128796784e-02,1.953068713816528273e-02,8.263073168023239434e-01,-8.348537935288316003e-01
1.762771048513582794e+00,-5.910082381972357052e-02,7.533934402209141457e-01,-2.848718452912142249e-02,7.724427259037490098e-03,5.746415275157446684e-02,9.979111607200649159e-01,-2.450073574483286887e-01,4.007532123214628539e-02,-6.988912012909631599e-02,1.256548120293181858e+00,2.062332357972417596e-01,-1.934784725208555933e-01,-3.038198798149057134e-01,1.009171163932121029e-01,-2.501240959707469735e-01,4.211311568657525872e-01,-1.950207828060807891e-01,-1.447546511775404110e-01,-5.552886217779687272e-02,3.045890107206261285e-02,1.776507149103578043e-01,-3.839776865754732649e-01,9.954378087327060420e-01,9.155609854284352256e-01,2.087434350732051414e-01,-5.845870637749830262e-02,2.253262398647084067e-02,8.280845312974700612e-01,-8.392495162747436455e-01
1.768997367756702577e+00,-6.011279245593123544e-02,7.534010403325377414e-01,-3.030937838304128759e-02,6.695492599232012905e-03,5.867360412168630412e-02,9.977945464199374781e-01,-2.693262495759072839e-01,4.266200212674143427e-02,-6.976246538798744345e-02,1.278325172054634695e+00,1.907498568841996256e-01,-1.873443519215500785e-01,-2.896112231042679008e-01,1.074341701316329500e-01,-2.533560320701193080e-01,4.179346501285417514e-01,-2.085282192929124867e-01,-1.474351907504469483e-01,-5.418705735696342091e-02,3.475431717574416907e-02,1.833580561342185999e-01,-3.753087250365018668e-01,9.833738557740520081e-01,9.071787690906419899e-01,2.018996143821877032e-01,-5.969538610809930340e-02,2.593707319802722108e-02,8.299423550226883162e-01,-8.438108308843861316e-01
1.775277073403386918e+00,-6.102234945412037675e-02,7.534585921586340884e-01,-3.196897571897422408e-02,5.637338512535348782e-03,5.969254971042389779e-02,9.976888315076214431e-01,-2.926820675472439071e-01,4.360297546552287934e-02,-6.952241899580288709e-02,1.295924298342324921e+00,1.747102708864312071e-01,-1.811027528036409096e-01,-2.751473529025513787e-01,1.134379269608110918e-01,-2.563610017937863472e-01,4.147868699050900054e-01,-2.231241414561671577e-01,-1.499209527282067689e-01,-5.237030577170736362e-02,3.992979970883085011e-02,1.887597830273788080e-01,-3.652202175401217943e-01,9.698649446698214271e-01,8.976973871385351966e-01,1.945545193442692333e-01,-6.088623690432477809e-02,2.947013636584529944e-02,8.320444553261328036e-01,-8.484546063536823057e-01
1.781568799307049034e+00,-6.182551451323932412e-02,7.533080068099986537e-01,-3.352941996186051266e-02,4.563833968217026298e-03,6.032986621817119227e-02,9.976047597413661983e-01,-3.151792057984665330e-01,4.338568476830255427e-02,-7.023750834626298067e-02,1.309840420741951617e+00,1.572372211271229614e-01,-1.749962755158379069e-01,-2.612123521666993020e-01,1.195090751183310873e-01,-2.585846967412916975e-01,4.120281531268439323e-01,-2.367872829927319400e-01,-1.521345212462305863e-01,-5.034785394436160078e-02,4.591148655052074146e-02,1.938828086100799208e-01,-3.539488898450969812e-01,9.550192711264019474e-01,8.872778067642920208e-01,1.863554082698775094e-01,-6.219272884109744437e-02,3.288748690651099177e-02,8.345650838812309624e-01,-8.531338107209425203e-01
1.787885664735822999e+00,-6.252186628771461141e-02,7.528994158365938105e-01,-3.489054709485867739e-02,3.475950079244393386e-03,6.061545046399297032e-02,9.975451541957963686e-01,-3.367252997986158736e-01,4.235371401001718911e-02,-7.122374720491396471e-02,1.319731429557581492e+00,1.400057184306856828e-01,-1.695257201137553293e-01,-2.473659673027288619e-01,1.252209560587610737e-01,-2.603684398201306371e-01,4.087554956706964115e-01,-2.472070009121896672e-01,-1.547071582905063802e-01,-4.798163601535517658e-02,5.255953910683559133e-02,1.986647280608465904e-01,-3.415889785070529983e-01,9.394194997143489045e-01,8.762542268421356084e-01,1.776714635706451717e-01,-6.360773929912734437e-02,3.617834688527899606e-02,8.372618949385556286e-01,-8.578646108996800246e-01
1.794242251883690020e+00,-6.310550102001692696e-02,7.522413893499856341e-01,-3.601435384892996000e-02,2.393540450106184086e-03,6.063709965579892891e-02,9.975071034738324238e-01,-3.573482759483797566e-01,4.084610065988988903e-02,-7.173232520699376891e-02,1.325514544059636757e+00,1.239616805884412032e-01,-1.648974522032038981e-01,-2.332954052199721351e-01,1.301935077790091488e-01,-2.622080224106618229e-01,4.044162821279237430e-01,-2.531519966683040690e-01,-1.583229406873963296e-01,-4.511326844147159343e-02,5.977944137128491514e-02,2.030202092769190780e-01,-3.282542904679819351e-01,9.235707414381058022e-01,8.648381792134612889e-01,1.689006819454969277e-01,-6.514763586047996047e-02,3.938411763641537500e-02,8.399337702858834520e-01,-8.626553790293323143e-01
1.800594814766688145e+00,-6.358574749548588645e-02,7.513812926230079015e-01,-3.698859685151383025e-02,1.394465628840243013e-03,6.032724534164447122e-02,9.974921165794020661e-01,-3.772708556903994759e-01,3.946102434200866177e-02,-7.218447990732709818e-02,1.327213578681676109e+00,1.065837359495624553e-01,-1.599850566584274103e-01,-2.201533855793645633e-01,1.347813139495296630e-01,-2.636172762115265300e-01,4.008627418333740589e-01,-2.574046597662965064e-01,-1.626877703466802771e-01,-4.182374355710168773e-02,6.711465169142614984e-02,2.068268515943250119e-01,-3.143597393524454331e-01,9.075732496510912073e-01,8.531232898994559610e-01,1.600784093716825507e-01,-6.683171028925617707e-02,4.238727865827054964e-02,8.425245798378651063e-01,-8.672872664811133170e-01
1.806901349299610438e+00,-6.397307558372802849e-02,7.503639218913851217e-01,-3.784202212793313924e-02,5.079725887582471058e-04,5.963734219469456893e-02,9.975024364587142811e-01,-3.966237440224478772e-01,3.858404688234517987e-02,-7.324783161833796352e-02,1.324939575674893177e+00,8.647427912624611190e-02,-1.542253371119448047e-01,-2.086009281743024801e-01,1.391265599615961190e-01,-2.642065746727470521e-01,3.993024706990546124e-01,-2.618891329158404835e-01,-1.673312650159014259e-01,-3.833153679764205596e-02,7.410428576137029211e-02,2.099347792369155308e-01,-3.001650409405205444e-01,8.913652817582301546e-01,8.411750360079363054e-01,1.512209006661287269e-01,-6.867204039842787766e-02,4.510083197467479321e-02,8.449807358703874671e-01,-8.716594203164439447e-01
1.813253893583349097e+00,-6.426211407383154717e-02,7.495645974395549471e-01,-3.856243679858020051e-02,-3.000012490289761949e-04,5.880989075663871357e-02,9.975240574625749979e-01,-4.158133545954782462e-01,3.664075512163393611e-02,-7.527780097448140417e-02,1.319739367451447709e+00,6.538235833069470926e-02,-1.474876346580492603e-01,-1.962754258015869391e-01,1.436891003887756646e-01,-2.638325773911907035e-01,3.967188920101187843e-01,-2.668138588813897538e-01,-1.722721842922680102e-01,-3.522779173662805158e-02,8.088604410587930948e-02,2.122315112639416024e-01,-2.857287088340143555e-01,8.751381394403147107e-01,8.292004680349013279e-01,1.428044802902319887e-01,-7.054879212204727412e-02,4.778395244942693770e-02,8.467826520471883889e-01,-8.758362320694128567e-01
1.819786412015568233e+00,-6.446333515128738201e-02,7.493678724809991198e-01,-3.892553213112422139e-02,-9.565042279776587259e-04,5.793010055188892171e-02,9.975610591239839620e-01,-4.353148474565778359e-01,3.190619159349358108e-02,-7.754427752930609374e-02,1.312635350063349193e+00,4.447531283597083024e-02,-1.398220045223620145e-01,-1.810107205526294838e-01,1.485158330118676595e-01,-2.620792637344747100e-01,3.898380951139576167e-01,-2.719440938523942641e-01,-1.777021929152725055e-01,-3.275392801094652306e-02,8.781440807499851786e-02,2.138256796757651568e-01,-2.711212536199248402e-01,8.589190028580541147e-01,8.172971476244567102e-01,1.354173972969155981e-01,-7.217772473110789511e-02,5.066937122658198706e-02,8.474499952918953527e-01,-8.798756207876117230e-01
1.826387359164175272e+00,-6.463853956375091581e-02,7.491602161100251456e-01,-3.899904625566114058e-02,-1.452448864878049667e-03,5.670537450491729137e-02,9.976279192593301426e-01,-4.539017904687663307e-01,2.780577140215281795e-02,-7.843040064301519398e-02,1.302139938301582811e+00,2.297916445241731526e-02,-1.316295237067489909e-01,-1.669171619287544983e-01,1.525940900053469607e-01,-2.593977203903199968e-01,3.843421997857077166e-01,-2.778558426784296653e-01,-1.824291044104893456e-01,-2.913813284482515489e-02,9.492648302059859822e-02,2.151123083460085295e-01,-2.566856188461265065e-01,8.426789419110792823e-01,8.057320986718348177e-01,1.283888312135564869e-01,-7.348322782272752318e-02,5.352811624225879694e-02,8.465811740518316419e-01,-8.833210201288694829e-01
1.832824511119722111e+00,-6.475736193257254636e-02,7.484424473637817377e-01,-4.017773002964918766e-02,-2.122367357788547491e-03,5.512323164739772741e-02,9.976686197827464575e-01,-4.700239246749882693e-01,2.950699427714846210e-02,-7.962416320238549505e-02,1.287138000736698817e+00,3.322626994830442382e-04,-1.231697623916902795e-01,-1.590314072783406973e-01,1.565752723146544567e-01,-2.613952430834351470e-01,3.880588788957373692e-01,-2.840510014037634368e-01,-1.845874691155901803e-01,-2.313935298776655450e-02,1.019308060301421098e-01,2.154556441375743148e-01,-2.425470554466068185e-01,8.272823679850438428e-01,7.946063925544567530e-01,1.201483888302749825e-01,-7.514623621325478009e-02,5.608529508591331841e-02,8.446552969903821095e-01,-8.859981816273311273e-01
1.839337267450902758e+00,-6.485757110467539610e-02,7.476689255260717815e-01,-4.116308549434902209e-02,-2.828083406479307144e-03,5.387800709981786090e-02,9.976947241956243273e-01,-4.852297719030798651e-01,3.102663356653258611e-02,-8.166673844090460710e-02,1.268639894195434881e+00,-2.034776396395634665e-02,-1.160499786895013707e-01,-1.508406147192489499e-01,1.602322468720568938e-01,-2.628021340396112238e-01,3.924215780365201134e-01,-2.911811443515804898e-01,-1.872656209445481001e-01,-1.799517256809256976e-02,1.089538277781639947e-01,2.154706915072713558e-01,-2.292007153592323931e-01,8.123105449437174608e-01,7.839205268980639074e-01,1.121802834207770022e-01,-7.672323926559070084e-02,5.856359890512469885e-02,8.420179075618607900e-01,-8.883105272515479101e-01
1.846143780786696720e+00,-6.489647390714624320e-02,7.476100049374305723e-01,-4.136885238800243336e-02,-3.334730807103183925e-03,5.263999540901508761e-02,9.977507652248732706e-01,-5.014110500422691574e-01,2.904255111587498647e-02,-8.395275549166034135e-02,1.247986186436608635e+00,-3.761198591105442690e-02,-1.108585706312542329e-01,-1.384524033232401030e-01,1.643805767132131557e-01,-2.616928063651350334e-01,3.910163709115384023e-01,-2.991884034782845703e-01,-1.946134843384248192e-01,-1.530748850635686893e-02,1.156611454670784106e-01,2.147780033834444935e-01,-2.165414602633961016e-01,7.980533222176480201e-01,7.736585495771649557e-01,1.061270179200669989e-01,-7.819909636870298053e-02,6.109396009307319075e-02,8.392753574628418756e-01,-8.904817107273325094e-01
1.853140622769934964e+00,-6.490588934838939505e-02,7.477544508087151653e-01,-4.101193611272779121e-02,-3.653093948970181568e-03,5.108229370051490387e-02,9.978453163046765440e-01,-5.178690595734003477e-01,2.741267785316317887e-02,-8.531923126179161154e-02,1.224407607604000470e+00,-5.358438821734318180e-02,-1.064496953795821960e-01,-1.248073533635944421e-01,1.676687472845425908e-01,-2.587180996016678058e-01,3.877965596831190465e-01,-3.075667886876415902e-01,-2.012829465813748830e-01,-1.222413292387888699e-02,1.221167984300685766e-01,2.139863539952394089e-01,-2.046323472269871990e-01,7.838733700338308408e-01,7.641525495304614113e-01,1.011893565063667344e-01,-7.953031079829013528e-02,6.359403639590083257e-02,8.356323944676739002e-01,-8.920533338495892917e-01
1.860150613150141297e+00,-6.481592349933755492e-02,7.477773508278195980e-01,-4.206051112061068298e-02,-4.187438045287717944e-03,4.979162319274869214e-02,9.978648069887631200e-01,-5.333549812415347979e-01,3.187633440269007495e-02,-8.828124695155394053e-02,1.198796505769204268e+00,-6.917939086726528075e-02,-1.023518746686687408e-01,-1.136686025886098211e-01,1.708168183648875460e-01,-2.570904975651048807e-01,3.901661034092511748e-01,-3.190922192098102350e-01,-1.934956924134042799e-01,-7.113970713834467073e-03,1.280565057728268452e-01,2.125430142778645670e-01,-1.935356235133772473e-01,7.706141561773426352e-01,7.554905236497488907e-01,9.574468023819060480e-02,-8.149071803076712861e-02,6.584070267023187095e-02,8.312716975017664378e-01,-8.928620762552758050e-01
1.867202938708521387e+00,-6.472742320702221108e-02,7.478839923926993150e-01,-4.276288005901815459e-02,-4.602794835823706583e-03,4.842801572700251855e-02,9.979002343228018379e-01,-5.469525098491239135e-01,3.600996648441324305e-02,-8.944840982352122993e-02,1.170150878944284489e+00,-8.038111750420059987e-02,-9.979209508543931961e-02,-1.019292141713087352e-01,1.734183488155959518e-01,-2.547143149834624754e-01,3.912694190840511066e-01,-3.292726026553511320e-01,-1.840578185606625838e-01,-1.328486356523984196e-03,1.344329963567924557e-01,2.116278068638207388e-01,-1.838219303677282312e-01,7.578019937142500551e-01,7.479565731854037614e-01,8.967935494808446095e-02,-8.323104486826553294e-02,6.790723476259639957e-02,8.262017318820380485e-01,-8.931857237414121409e-01
1.874256033811316557e+00,-6.458573965454560140e-02,7.486878650523373091e-01,-4.327750827736625422e-02,-4.721884888772210319e-03,4.704227211662886238e-02,9.979438201758603633e-01,-5.584367513704218133e-01,3.731204178788215947e-02,-8.886987920112988937e-02,1.139653799249480182e+00,-8.784287910602905924e-02,-9.700357068144094264e-02,-8.931506582167600405e-02,1.764079870687492446e-01,-2.502138725023149712e-01,3.886386648288906454e-01,-3.274164608707609281e-01,-1.757823483179244417e-01,3.103483951186011662e-03,1.411117032338631005e-01,2.104180893886988257e-01,-1.755914610443312651e-01,7.467412691302318661e-01,7.416106665055260949e-01,8.314602020161780682e-02,-8.509675545531034113e-02,6.963327151639876755e-02,8.208036090563736176e-01,-8.931745685932205303e-01
1.881246951358706010e+00,-6.452299395469572596e-02,7.501212473080288712e-01,-4.324426049338245259e-02,-4.685398866390242008e-03,4.526888924058033309e-02,9.980274087612860390e-01,-5.670715489991648983e-01,3.547099071778306995e-02,-8.592302461065229324e-02,1.108055950287178293e+00,-9.323700226413260406e-02,-9.240775356443174660e-02,-7.891076395143828415e-02,1.790975599984926669e-01,-2.425084027905806405e-01,3.871250968185118713e-01,-3.169451420181025880e-01,-1.719919774374785160e-01,7.987209209539328919e-03,1.473251283584193494e-01,2.093560424542559306e-01,-1.687248317898907835e-01,7.362489089518838847e-01,7.364944903211734228e-01,7.702663023725346558e-02,-8.670547269103459631e-02,7.135040727497021784e-02,8.153186574892428151e-01,-8.925098947431171492e-01
1.888106573980385061e+00,-6.460676202841518501e-02,7.520790019955707617e-01,-4.301508023639971645e-02,-4.784592775410294839e-03,4.351843014018352829e-02,9.981147012154281128e-01,-5.727989270134467015e-01,3.056493464420764056e-02,-8.102761676167725968e-02,1.073386360082139834e+00,-9.647484317532949161e-02,-8.699162021862502647e-02,-7.254996198339457025e-02,1.824321554435485437e-01,-2.307748694000554546e-01,3.900914554132339229e-01,-3.010137101281857852e-01,-1.769379771883110852e-01,1.392198240395957701e-02,1.520896322529148026e-01,2.082978328736666274e-01,-1.630080830179855833e-01,7.255520007838889285e-01,7.325098277811156189e-01,7.220045202448717447e-02,-8.817504858925401257e-02,7.326610969081920333e-02,8.099677928835108398e-01,-8.911177333837921877e-01
1.894892782458704517e+00,-6.472211152717891047e-02,7.540146586900438042e-01,-4.387887793191463937e-02,-4.935395600327610079e-03,4.272931100013164368e-02,9.981104607823515495e-01,-5.767577914726814692e-01,2.772964228557876776e-02,-7.648930342650468728e-02,1.034410922836268565e+00,-9.650793773750389326e-02,-8.224520062807223753e-02,-6.580827101979491722e-02,1.879138574116016314e-01,-2.197998433847962729e-01,3.921629714769701014e-01,-2.834288268737821803e-01,-1.831358405902734632e-01,1.800829993453157210e-02,1.552943901536661953e-01,2.065379622498919876e-01,-1.586217737654450899e-01,7.167909072066790399e-01,7.296855551110088545e-01,6.836681293761509570e-02,-8.979377144103253827e-02,7.534032588085612381e-02,8.047879979609247059e-01,-8.895609613269299665e-01
1.901600426523546883e+00,-6.472058178809461659e-02,7.551311259877505622e-01,-4.531564638621046054e-02,-4.749938844423797803e-03,4.094042902974810022e-02,9.981220325053279385e-01,-5.789170033619763789e-01,3.061833607373184649e-02,-7.314294440515024809e-02,9.928441809579672261e-01,-9.480648628471952111e-02,-7.687831267428521520e-02,-5.786190173086544486e-02,1.875986350298434469e-01,-2.213321119947391225e-01,3.870580095864045722e-01,-2.958071047104945950e-01,-1.790164188160194014e-01,2.178697183299686119e-02,1.580416894093386593e-01,2.041569504973484162e-01,-1.553910600060508518e-01,7.102938877435110987e-01,7.279027433153151261e-01,6.426507499109376798e-02,-9.129023414725388752e-02,7.780388622008546640e-02,7.995901982851414402e-01,-8.880989368722786992e-01
1.908242935310028088e+00,-6.464472720949238083e-02,7.557631399102344716e-01,-4.624637790111019164e-02,-4.412866361777559830e-03,3.913291848958341812e-02,9.981535021388184825e-01,-5.788620490864568868e-01,3.339734545413790973e-02,-6.976097682382374765e-02,9.484978918391496761e-01,-9.313229724434392287e-02,-7.128597959728230626e-02,-5.037706867493291218e-02,1.863053852105428509e-01,-2.209852959496699243e-01,3.833413408056050020e-01,-3.057656651972784356e-01,-1.704311740694532951e-01,2.434908480583074589e-02,1.600488843475232348e-01,2.019230620805397280e-01,-1.532373461458324260e-01,7.053214099851804475e-01,7.271642139318379439e-01,6.002866802439554145e-02,-9.248775628247175862e-02,8.048791177342701220e-02,7.940310747677634673e-01,-8.861504080633927360e-01
1.914794396627833573e+00,-6.429140944883787734e-02,7.563555595587470037e-01,-4.625943923104443301e-02,-4.095064882879653756e-03,3.775776131482029563e-02,9.982072160559285479e-01,-5.764661741962840980e-01,3.241978564914904659e-02,-6.380793532768100351e-02,9.015607263303248020e-01,-9.295494170028766046e-02,-6.537299693938569689e-02,-4.426332946734850421e-02,1.822301294058911170e-01,-2.171429237323719841e-01,3.802718789570421198e-01,-3.031769148428933858e-01,-1.577570027719904511e-01,2.598206809823901814e-02,1.608986699870501580e-01,1.992576241503107581e-01,-1.520121313418674736e-01,7.017032613626708049e-01,7.273774297828362601e-01,5.575682092753156405e-02,-9.449135632285657338e-02,8.327905653747576242e-02,7.876887386095053900e-01,-8.835294575308280107e-01
1.921485850849182109e+00,-6.371077753584608594e-02,7.567156811633176661e-01,-4.612678861158929500e-02,-3.842076892415565749e-03,3.641522602452543222e-02,9.982642381309253521e-01,-5.722941088357411665e-01,3.088452714206994104e-02,-5.648460525410103905e-02,8.521619173206739228e-01,-7.876396817434450082e-02,-6.551659238397777862e-02,-3.837661878046652597e-02,1.787358529657332717e-01,-2.101700426319208503e-01,3.780295437217290888e-01,-2.939341109187306178e-01,-1.507832925557704429e-01,2.813962083050092211e-02,1.622233571515823980e-01,1.966402008713726834e-01,-1.518170291296156993e-01,6.984840889684544862e-01,7.285222305534361231e-01,5.170440901726091470e-02,-9.718999321614207876e-02,8.594602890361745240e-02,7.814149447013235550e-01,-8.808658069251439349e-01
1.928527792028932097e+00,-6.300511448547818638e-02,7.567245550738715965e-01,-4.619046105540053349e-02,-3.686129399019058041e-03,3.489879101281466445e-02,9.983160533088347721e-01,-5.666260210620394089e-01,3.081971543194867921e-02,-4.879705335903324059e-02,8.033510016147391575e-01,-5.304430457082590783e-02,-7.089746530893263621e-02,-3.133274263856748731e-02,1.772969201183479115e-01,-2.012749810520410576e-01,3.764767048707645669e-01,-2.850125605568155640e-01,-1.506226774649724043e-01,3.179750079764724624e-02,1.654124130815561311e-01,1.947369365503386907e-01,-1.525502417630242857e-01,6.953680503279977554e-01,7.305014899015220831e-01,4.799504823878239512e-02,-1.000696280769760027e-01,8.833462131555218366e-02,7.762747345102888330e-01,-8.784011178066079006e-01
1.935579821983048010e+00,-6.226209184160411136e-02,7.569964057952504044e-01,-4.642867460074133479e-02,-3.613651662143539493e-03,3.340965032244611749e-02,9.983562064522938373e-01,-5.538642429166286130e-01,3.164421832227157921e-02,-4.415240076607575281e-02,7.511946172403489719e-01,-3.453415488180168469e-02,-7.432240899189186678e-02,-2.442919333557515282e-02,1.753453053484150259e-01,-1.939243727311959486e-01,3.766040241299301039e-01,-2.742708741872572076e-01,-1.425200103793893835e-01,3.570934276834422660e-02,1.688684238198000231e-01,1.931637663826005491e-01,-1.537899070862523143e-01,6.925042026997305644e-01,7.327833160857066819e-01,4.369327861378517058e-02,-1.032582398562065518e-01,9.033124399961353634e-02,7.723280605447397917e-01,-8.760142631263798663e-01
1.942250704770628333e+00,-6.153060722749163769e-02,7.581624674399128905e-01,-4.735631159422209330e-02,-3.030079254760732234e-03,3.210391596518383933e-02,9.983574194403531665e-01,-5.319795512167905249e-01,3.239613119852791795e-02,-4.947852949393707900e-02,6.875431532091214049e-01,-4.183185261801090904e-02,-7.177426451491730752e-02,-2.007222770784952703e-02,1.715768369920767089e-01,-1.918576970412478322e-01,3.794052543569269575e-01,-2.669175373566355369e-01,-1.085573982001167281e-01,3.882166112516471229e-02,1.709327869747596651e-01,1.911860543405169144e-01,-1.553718301943783076e-01,6.899768320460867299e-01,7.351521696905386483e-01,3.824878295962572811e-02,-1.072887070402383375e-01,9.184143390219857983e-02,7.691937165987163816e-01,-8.736441698051774507e-01
1.948603032330847862e+00,-6.116226970980578881e-02,7.602393306661929806e-01,-4.851161168664650664e-02,-2.099819379737086125e-03,3.051851757788931821e-02,9.983540626325835277e-01,-5.155515669998743666e-01,3.639935920391607072e-02,-5.121507791254957531e-02,6.344724459265470573e-01,-4.278251270939232437e-02,-7.142060931873854546e-02,-1.626001248606285740e-02,1.697106897062281017e-01,-1.905057713859968915e-01,3.802601491954832880e-01,-2.456354913422054420e-01,-7.946771652618372928e-02,3.994182990592410470e-02,1.730014777091163358e-01,1.896419244415661065e-01,-1.568242125242525487e-01,6.881661132837844086e-01,7.381327881335079111e-01,3.454441867702227886e-02,-1.101680441830009544e-01,9.406587584792934498e-02,7.658392395167614719e-01,-8.714268195831713637e-01
1.954630808303789991e+00,-6.170363456335330177e-02,7.631858785148779578e-01,-4.756108951776026605e-02,-1.806001812809426106e-03,2.883000063085297549e-02,9.984505775873885325e-01,-5.148845580949289458e-01,4.258887914112344242e-02,-3.971265809925468571e-02,6.047678332397735668e-01,-2.454827475082182325e-02,-7.326500260847894352e-02,-9.893684828436347112e-03,1.704420325381798829e-01,-1.799706425069561300e-01,3.780598500515939819e-01,-2.389650586931490739e-01,-8.755088370476560300e-02,3.711346552120604186e-02,1.755258509977100367e-01,1.907529662582327090e-01,-1.577480549258065412e-01,6.871354985484069422e-01,7.418345242020598640e-01,3.487760151423469068e-02,-1.086581799148754746e-01,9.775582399495109931e-02,7.618526361008337577e-01,-8.693914401666374969e-01
1.960003914550702220e+00,-6.241756378529837723e-02,7.660677576446977000e-01,-4.680988919839966511e-02,-1.633614700048451095e-03,2.689283283586249573e-02,9.985404053508840638e-01,-5.189113209392001158e-01,5.263712063135707331e-02,-2.665978124833087368e-02,5.772347041586292082e-01,1.088382322580961487e-02,-7.496569965234520239e-02,-1.280370244480268788e-03,1.725344546281706026e-01,-1.704098491579367491e-01,3.711130869243577379e-01,-2.282624381885191289e-01,-1.015032334103334322e-01,3.582358953136820234e-02,1.760778615469750230e-01,1.912715810188366783e-01,-1.584220075007483353e-01,6.868392384298922515e-01,7.457325307383112500e-01,3.436192640180373709e-02,-1.062038993519905938e-01,1.014794366057891334e-01,7.583564407351818248e-01,-8.670247385149412178e-01
1.963829657925832084e+00,-6.274124546564396887e-02,7.677999104045661882e-01,-4.750819533284585117e-02,8.705079535698608418e-05,2.686532286038175246e-02,9.985094983153556258e-01,-5.310659157820964982e-01,5.828602430776935045e-02,-2.663665445776602567e-02,5.220378313489110189e-01,-2.395819420544904876e-02,-6.326650386026733131e-02,5.453364201531970407e-03,1.747419231315225918e-01,-1.625847828661700079e-01,3.616929368903942787e-01,-2.620872915685197868e-01,-8.455797893571115331e-02,3.760898102517000463e-02,1.704368247384089596e-01,1.892428211822230200e-01,-1.593461451740220691e-01,6.858042862415643093e-01,7.496212747934671849e-01,2.712756190649646265e-02,-1.054713609898825788e-01,1.036806485291492108e-01,7.550039804466128768e-01,-8.641766338537758552e-01
1.967893862031329766e+00,-6.272182791465108487e-02,7.685419371348690687e-01,-4.857157185842390923e-02,1.699740165859955042e-03,2.678119385204033934e-02,9.984591533690451159e-01,-5.406126394676401548e-01,6.164197676640165158e-02,-2.780229031218727637e-02,4.602856601645051171e-01,-5.091799806921392529e-02,-5.459685194198080765e-02,1.387479085462809021e-02,1.774074742779314928e-01,-1.561327103282032225e-01,3.516888911530334783e-01,-2.897992815409261569e-01,-7.074506112709597061e-02,4.112637433932500586e-02,1.660072127180476365e-01,1.867251530226716472e-01,-1.608750938193223290e-01,6.842996933916799529e-01,7.538835176683278405e-01,1.895555907834595849e-02,-1.061967900349427701e-01,1.058350133096366968e-01,7.511788915550204893e-01,-8.612592105203229487e-01
1.974020403748235841e+00,-6.243028147952427859e-02,7.685002116658520288e-01,-4.853432846979679333e-02,2.357110802825153513e-03,2.520162157342063433e-02,9.985007292549530344e-01,-5.364567336621082205e-01,6.236158553616968914e-02,-2.133328508579418123e-02,4.073960336812276206e-01,-4.146102054106554774e-02,-5.355926450315633136e-02,2.639320398964419695e-02,1.794298323829832120e-01,-1.515041834404683985e-01,3.435412802212508554e-01,-2.900099185473654639e-01,-7.034714085250860782e-02,4.442338516603119847e-02,1.694808119047421513e-01,1.857258508508854156e-01,-1.632477448500604944e-01,6.840727698294147840e-01,7.586098638473541822e-01,1.591371075010374406e-02,-1.075761428083932547e-01,1.086820471057393656e-01,7.476257731073113755e-01,-8.584302123614083735e-01
1.980660288879778408e+00,-6.240196585838615750e-02,7.674722881042802536e-01,-4.757946232424028338e-02,3.290576904742798826e-03,2.281806057423325582e-02,9.986013734119338903e-01,-5.317490052579852966e-01,5.904574448538809500e-02,-1.876983905963373889e-02,3.609284636239561972e-01,-4.118724412612430330e-02,-5.727387940460205995e-02,3.861431411193291807e-02,1.815127066364685127e-01,-1.475210520478106857e-01,3.378248395157271156e-01,-2.846921472971120082e-01,-7.031299500838657235e-02,4.904855924186123095e-02,1.767488918566472167e-01,1.871516208424507666e-01,-1.665726107125039823e-01,6.906675853713898361e-01,7.637162002525018645e-01,1.137096986973979221e-02,-1.069511765245299284e-01,1.139943857308795272e-01,7.463596103740699483e-01,-8.556010850439855764e-01
1.987478950791335075e+00,-6.256000939224795609e-02,7.653849602474236402e-01,-4.669957970933238944e-02,4.181135534155069888e-03,2.027628858061268288e-02,9.986944174681323672e-01,-5.280719048353124112e-01,5.546832552956711127e-02,-1.660008483835001547e-02,3.202409390028592706e-01,-4.247467402390048274e-02,-6.169335274376014366e-02,5.007719304670774085e-02,1.859481345660130847e-01,-1.427037920548518968e-01,3.375847770908124157e-01,-2.806269735550481759e-01,-7.099482864515661851e-02,5.478202606779587064e-02,1.856843570338346516e-01,1.895910024822032580e-01,-1.700230713370019242e-01,6.996075300342960990e-01,7.691058662164522719e-01,6.496541409791985709e-03,-1.052903764009611720e-01,1.198482250291319079e-01,7.458365871844956363e-01,-8.530339138236463503e-01
1.994215025690172061e+00,-6.281028575955883986e-02,7.621938522975877373e-01,-4.660161937806694965e-02,4.783999115214089722e-03,1.833226269679287534e-02,9.987338637335890779e-01,-5.266286244454125853e-01,5.338145096036216869e-02,-1.372735267026688882e-02,2.845041231834525286e-01,-4.254167785034398963e-02,-6.559705858355419084e-02,6.098581877583360983e-02,1.937519539855176443e-01,-1.370431944480816622e-01,3.435398907754255715e-01,-2.805798120639538262e-01,-7.261554027686932533e-02,6.112196589432952742e-02,1.941210679763788471e-01,1.919238346558153341e-01,-1.732483735835029237e-01,7.076868261666571236e-01,7.746940353323522599e-01,2.369491352942214996e-03,-1.036202403295058139e-01,1.251165224143303834e-01,7.453364602573319120e-01,-8.507671206663406371e-01
2.000806804303093767e+00,-6.289822422671199897e-02,7.580781064223328647e-01,-4.649017976996841495e-02,5.326549886074840104e-03,1.646365118547390635e-02,9.987688357140400708e-01,-5.276605739542981066e-01,5.098815906471855508e-02,-1.250216593592317141e-02,2.550134020881950070e-01,-4.250924429324640097e-02,-6.824360721074060332e-02,7.177514963473211052e-02,1.989007072794510000e-01,-1.326559198811279594e-01,3.488850715324915419e-01,-2.783587352134684889e-01,-6.857355985714987112e-02,6.685647006988812424e-02,2.019412617872469173e-01,1.937614769588099084e-01,-1.765410814028010311e-01,7.153592916117822442e-01,7.800101315300792537e-01,-1.433713164896125054e-03,-1.025593303354649377e-01,1.303606594685437492e-01,7.447137105944954261e-01,-8.491014604671152100e-01
2.007225525411474365e+00,-6.272877144808994276e-02,7.533385969518079373e-01,-4.585041059512450640e-02,5.973211877131640729e-03,1.462914470403001328e-02,9.988233320829855710e-01,-5.310192672441248485e-01,4.765618265360475891e-02,-1.224471411728534666e-02,2.335126920651706961e-01,-3.918622583040529128e-02,-6.901716839915109092e-02,8.273217278981871703e-02,2.010715101179890718e-01,-1.269834437699741136e-01,3.531077351135532005e-01,-2.814709299083092420e-01,-5.999386672768159540e-02,7.043173768556533487e-02,2.087012069505826406e-01,1.951089684751739495e-01,-1.802129544383783977e-01,7.232423813362881537e-01,7.849597617040903197e-01,-4.903509303223106686e-03,-1.020087558291661173e-01,1.356120533992795918e-01,7.441593998357181050e-01,-8.480731332683358881e-01
2.013521410361321706e+00,-6.246689035361473186e-02,7.488162130325672905e-01,-4.508415124931355183e-02,6.609494854093491724e-03,1.273794884612608307e-02,9.988801121972026298e-01,-5.353387868437371466e-01,4.431704738933518739e-02,-1.247849116845815495e-02,2.206320513378643433e-01,-3.514215972965131080e-02,-6.778717929539257447e-02,9.313867430741616660e-02,2.026623235922895838e-01,-1.214144316976593641e-01,3.566317782984014251e-01,-2.859213262486748341e-01,-5.593999461944641760e-02,7.311989966749812830e-02,2.142705680755343511e-01,1.962775844789421409e-01,-1.838656626726041521e-01,7.311123375805896885e-01,7.899376147489445277e-01,-7.368254489420815803e-03,-1.015264506798796568e-01,1.407372312512725765e-01,7.438366691912258188e-01,-8.477678557390708747e-01
2.019765467626048139e+00,-6.222662041398008964e-02,7.452971540585141552e-01,-4.451751063749059129e-02,7.141728000904244526e-03,1.092533111492883027e-02,9.989233324474061648e-01,-5.393475730812973268e-01,4.133826159051785104e-02,-1.406251934956074569e-02,2.146942059160477922e-01,-3.266897042319689970e-02,-6.587243777150236790e-02,1.025889228374856632e-01,2.042863274372350713e-01,-1.171812351238321198e-01,3.598969605139109573e-01,-2.889125961360501371e-01,-5.621423075965677196e-02,7.559312723023207947e-02,2.186759484672636811e-01,1.974977558351759532e-01,-1.872213248474843550e-01,7.387054962062861163e-01,7.950466520727713648e-01,-8.216669608219526189e-03,-1.009293980636981475e-01,1.458161977508720675e-01,7.438448017705567850e-01,-8.481323396608334564e-01
2.026067767988939838e+00,-6.192849360275068382e-02,7.426535323726384252e-01,-4.418709868194749951e-02,7.561994106376982577e-03,9.180775169879936901e-03,9.989524395365582121e-01,-5.433801704164649138e-01,3.912423409025005128e-02,-1.626613012688154711e-02,2.147592484182841988e-01,-3.033646404572405003e-02,-6.434243130822893397e-02,1.110281570251403921e-01,2.056544895651356841e-01,-1.141846173719785751e-01,3.636614598801912734e-01,-2.901740692378470543e-01,-5.851427277020842393e-02,7.752586975708150585e-02,2.227762653269596826e-01,1.984539433091154770e-01,-1.903886484215324137e-01,7.462875421063352999e-01,8.000769553115868460e-01,-7.726619201364849816e-03,-1.005401138821635648e-01,1.510995619833470638e-01,7.440073085755900539e-01,-8.491787434067799012e-01
2.032535964820840757e+00,-6.149789121976691891e-02,7.407521197102757693e-01,-4.410970580079088404e-02,7.772365209429497011e-03,7.508922048577847813e-03,9.989682378749021874e-01,-5.474775797003339495e-01,3.773455491061027123e-02,-1.853629273137080355e-02,2.202369035309477141e-01,-2.734007675794878495e-02,-6.313517330592914589e-02,1.187838856062098242e-01,2.065650615231842679e-01,-1.122708887511045528e-01,3.683709313105243410e-01,-2.895368997338851336e-01,-6.090585624569708895e-02,7.872105199292275812e-02,2.272364776784977780e-01,1.988852173027627901e-01,-1.935158683376637656e-01,7.541044466735862262e-01,8.049746670488256983e-01,-6.146245946567219405e-03,-1.006116394499523281e-01,1.565997608834248933e-01,7.441735232588603255e-01,-8.508392761702114893e-01
2.039200099386103915e+00,-6.091767100023241094e-02,7.394103724910087161e-01,-4.387895390939573759e-02,7.822508307486559370e-03,5.826785870526397619e-03,9.989892363454249136e-01,-5.513950428546556815e-01,3.568219877290677855e-02,-2.099497039806541565e-02,2.299366158452422482e-01,-2.327236440479767826e-02,-6.076274065013886200e-02,1.261357524514909179e-01,2.063084834972326864e-01,-1.103632045512733112e-01,3.739485809613293799e-01,-2.875281736789769838e-01,-6.294205476530970178e-02,7.989975586942106578e-02,2.314858941320731833e-01,1.989872536022450622e-01,-1.962979572133135842e-01,7.618217739127166599e-01,8.097505266721639616e-01,-3.836630050949340828e-03,-1.008916071825831373e-01,1.619305636539563331e-01,7.444039172584840935e-01,-8.530298422289541715e-01
2.046020692072059166e+00,-6.019407776193443083e-02,7.385246236447834400e-01,-4.307609946995970968e-02,7.878391857919943633e-03,4.190408645229861360e-03,9.990319419676093604e-01,-5.559836890518421448e-01,3.075517648025657275e-02,-2.353941266134091173e-02,2.429876036815139528e-01,-1.371819270451487237e-02,-4.894789918171738030e-02,1.329022313301610470e-01,2.041749003926483785e-01,-1.077735227254245781e-01,3.802565143855238250e-01,-2.830732170581671259e-01,-6.428767181562458632e-02,8.140346352300188715e-02,2.347687032644871497e-01,1.989983173326914934e-01,-1.984712158617442657e-01,7.693908569263523400e-01,8.144131231251801051e-01,-1.364815150275158328e-03,-1.010665773610437551e-01,1.669423893084887311e-01,7.449066072592332999e-01,-8.556491484877732923e-01
2.053069011587366877e+00,-5.933874687694583316e-02,7.380205604763333538e-01,-4.203035229428835756e-02,7.864848210181525634e-03,2.586327069089127025e-03,9.990819671057424856e-01,-5.595887372729980713e-01,2.450629551587930888e-02,-2.651327453044150309e-02,2.573078388650443249e-01,-2.075074840164684562e-04,-3.378618173164230770e-02,1.397166157889038751e-01,2.009776243341411250e-01,-1.047954517134202651e-01,3.868947396689055296e-01,-2.776060918550687928e-01,-6.542784263459426597e-02,8.304854975756031932e-02,2.375429640866763004e-01,1.986722595224194865e-01,-1.998580773444215974e-01,7.772117981670697562e-01,8.189202268617687963e-01,1.495982829030456564e-03,-1.011052060605202030e-01,1.719496297207587787e-01,7.455725095112117895e-01,-8.584254558163840754e-01
2.060385561863478987e+00,-5.836463258172941426e-02,7.378299174822835482e-01,-4.096240159253124874e-02,7.845073741051500696e-03,1.230194942801588528e-03,9.991291323418470816e-01,-5.615837684752446046e-01,1.792505743988712791e-02,-2.933579525691297138e-02,2.713793875919068288e-01,1.633716936623637664e-02,-1.890914520204600019e-02,1.467044991317115188e-01,1.973111714417619400e-01,-1.018821157673531347e-01,3.935782085445183043e-01,-2.709086245304943019e-01,-6.667462506715508830e-02,8.435763983878440120e-02,2.401013191306350381e-01,1.978676039191431257e-01,-2.004943355379864289e-01,7.855346849005424570e-01,8.232488969985478633e-01,5.004731456313032609e-03,-1.009732572919746357e-01,1.770071137620365109e-01,7.463307484434461569e-01,-8.612504187007714584e-01
2.067889000234866881e+00,-5.730890585296893186e-02,7.380098159533131641e-01,-3.975379953776843334e-02,7.812784042385619021e-03,-8.638848826794838509e-05,9.991789571267235548e-01,-5.612892188188679521e-01,1.209457365750625166e-02,-3.111271998503208416e-02,2.843002490546896466e-01,3.358866393999014599e-02,-5.972876818198543866e-03,1.531218027878707977e-01,1.928464297983812914e-01,-9.910885720327260173e-02,4.012123167734677476e-01,-2.628717878883460313e-01,-6.731691080708510078e-02,8.568332974323866758e-02,2.424339775506005323e-01,1.964758922994969681e-01,-2.002435871706229054e-01,7.940098172473747384e-01,8.271277324132210174e-01,9.086553155037329146e-03,-1.007722426861536041e-01,1.816582044531235840e-01,7.474839537022540670e-01,-8.639853638906683786e-01
2.075495079477382987e+00,-5.619700128672372452e-02,7.385946771596397786e-01,-3.834154487627267072e-02,7.762667871995577312e-03,-1.230037053993901161e-03,9.992337834225057946e-01,-5.587576666556877125e-01,7.470846511158511088e-03,-3.099178286474915320e-02,2.954822784006692626e-01,5.061929168861044326e-02,3.305245990517732130e-03,1.585630620345569175e-01,1.874527528845466307e-01,-9.679856484176072029e-02,4.102427106520733502e-01,-2.533662231299495526e-01,-6.679054810110744700e-02,8.680700723183618073e-02,2.444196683687126781e-01,1.944028376827179327e-01,-1.991642989510508110e-01,8.023999246757720361e-01,8.305105373348421471e-01,1.377186708126170930e-02,-1.007157708456581924e-01,1.856599715923306915e-01,7.490886597191067642e-01,-8.665482822553944864e-01
2.083153902321909001e+00,-5.507763145090642520e-02,7.395391792510742635e-01,-3.659145381015400239e-02,7.649646725757569890e-03,-2.164811208681820080e-03,9.992986485043335865e-01,-5.543967515128906953e-01,3.084833781969615295e-03,-2.970055934410025661e-02,3.055815678735223084e-01,6.570003114553098211e-02,8.511267028496950771e-03,1.626713460957439072e-01,1.809695102623941898e-01,-9.481198100800197759e-02,4.213383707773967202e-01,-2.425342764269987350e-01,-6.509124207237955428e-02,8.773529770298248154e-02,2.460618265760040613e-01,1.918978252140012830e-01,-1.972146120899292698e-01,8.107567923690719436e-01,8.333454229742602859e-01,1.929872180426735889e-02,-1.004772868024683685e-01,1.890171424700895497e-01,7.512580343945522987e-01,-8.685191160386872555e-01
2.090837212363313213e+00,-5.397972474548277250e-02,7.407869373137517810e-01,-3.450162486319117289e-02,7.407692903162009165e-03,-2.905655953940068474e-03,9.993729639784786345e-01,-5.484072864608228182e-01,-1.460288573831939989e-03,-2.768641399932181626e-02,3.149630257767084274e-01,7.780945421331715572e-02,9.833909609888826994e-03,1.654409364099650448e-01,1.734637145536551406e-01,-9.305400755382703393e-02,4.347683741402486590e-01,-2.304195628384434202e-01,-6.218841340409380497e-02,8.853029530079277454e-02,2.474334383105338264e-01,1.891106416941789048e-01,-1.944197567883291788e-01,8.191302794006484200e-01,8.356593973956871757e-01,2.583729390336940088e-02,-9.988051107055374855e-02,1.917642021029666299e-01,7.540588391434651649e-01,-8.698114609673059938e-01
2.098581746640849843e+00,-5.283491721011558673e-02,7.422828741934586194e-01,-3.229233320129636792e-02,7.125406750822957554e-03,-3.414051900659026938e-03,9.994472362484532191e-01,-5.413241844628544630e-01,-6.033868354590268997e-03,-2.492904567343497482e-02,3.238742779383029236e-01,8.695868662142833272e-02,8.893393029747242301e-03,1.667164078512144432e-01,1.652057862870396354e-01,-9.198893012743869502e-02,4.504861985327492380e-01,-2.166039011674095460e-01,-5.762365401888371041e-02,8.913652582604143781e-02,2.484561663547772414e-01,1.858037016815924647e-01,-1.908197375314561184e-01,8.276811373416037565e-01,8.373847894791239810e-01,3.299928035933047399e-02,-9.910897443565656884e-02,1.934570732305464502e-01,7.575799128321182296e-01,-8.702982673596150187e-01
2.106410234737684295e+00,-5.159773451882356671e-02,7.439646631985562530e-01,-3.007997541890984269e-02,6.834661249699227129e-03,-3.691440774985972357e-03,9.995173113805505549e-01,-5.334252169825780543e-01,-1.066194790699285383e-02,-2.148978014515963431e-02,3.324511898326492076e-01,9.330976932551592051e-02,6.963155839379306898e-03,1.663925087563389027e-01,1.563266643463568917e-01,-9.179375200439121585e-02,4.685570626903778346e-01,-2.008156603488062131e-01,-5.111104075361052462e-02,8.956611409251050149e-02,2.490394604197379846e-01,1.819083006741355202e-01,-1.865241728650384179e-01,8.364168476864503043e-01,8.385577881603042405e-01,4.043640361969995378e-02,-9.830321090475402368e-02,1.939622738991200468e-01,7.618134349084371149e-01,-8.699845921125749504e-01
2.114268194207627793e+00,-5.030994825967712025e-02,7.456795463459485740e-01,-2.766756588202749431e-02,6.514181812764597776e-03,-3.811661492439003245e-03,9.995886596682203029e-01,-5.247840708539466270e-01,-1.588824519320986006e-02,-1.708805439929234060e-02,3.407310749168560027e-01,9.617779762451966752e-02,6.269241686635704941e-03,1.640741960263238375e-01,1.466423783607350706e-01,-9.174478710129511938e-02,4.897850386745583040e-01,-1.835874596023130134e-01,-4.307465779502171743e-02,8.985795573051778840e-02,2.489869098670928482e-01,1.778377804167938503e-01,-1.817355299771017674e-01,8.451131784677682335e-01,8.392133613664115588e-01,4.809538918134693974e-02,-9.727456874196514780e-02,1.935196657664093045e-01,7.666953481610181420e-01,-8.686816439329093642e-01
2.122136067666211989e+00,-4.899248823337119807e-02,7.472838725360168022e-01,-2.503179601920194411e-02,6.148325854965859018e-03,-3.813342686757982460e-03,9.996604752088517065e-01,-5.152634074555610955e-01,-2.198669728612390878e-02,-1.178705128862017268e-02,3.485833441422821477e-01,9.462739093929350975e-02,8.902141949926455772e-03,1.597237259908394769e-01,1.362810563614734738e-01,-9.140882991216134346e-02,5.144758116416450200e-01,-1.652848131003178955e-01,-3.390270208445340244e-02,8.999406977177225320e-02,2.482285172783770255e-01,1.738044536727170464e-01,-1.765971931680543339e-01,8.536498316406804232e-01,8.394515367605247524e-01,5.601352051615469257e-02,-9.597103838709955537e-02,1.923064797401927983e-01,7.721225256431322181e-01,-8.664375334714768950e-01
2.130075947129399960e+00,-4.760739975337939522e-02,7.487810440965366743e-01,-2.230769040614210066e-02,5.835281562535397926e-03,-3.735665417514543764e-03,9.997271433954956210e-01,-5.046136332613259112e-01,-2.893545866892163754e-02,-6.309607489624744457e-03,3.553030343077772102e-01,8.917927833556048289e-02,1.418328470056874624e-02,1.527104993026221214e-01,1.254252441757255365e-01,-9.102344558957775611e-02,5.431419389130673903e-01,-1.452730114538344774e-01,-2.394635134968006035e-02,8.998403100785312692e-02,2.469958028906117375e-01,1.696558942523211932e-01,-1.714144746638487926e-01,8.619873758221702209e-01,8.395313181106989209e-01,6.415766645610351815e-02,-9.454427582391342066e-02,1.901817924379377023e-01,7.781595707058176492e-01,-8.633547172031592609e-01
2.138114288160862575e+00,-4.613222437690923938e-02,7.501735020357966910e-01,-1.956824550850884067e-02,5.587922643317281765e-03,-3.590415498119561670e-03,9.997864611029706472e-01,-4.927270051285358443e-01,-3.670640455094501681e-02,-1.149555990450849829e-03,3.604672529298343919e-01,8.080554849514229310e-02,2.121675484335524414e-02,1.426977766718737217e-01,1.141506160565916028e-01,-9.077726173141575927e-02,5.761030735612804321e-01,-1.229248246824439922e-01,-1.341661977809257764e-02,8.979566050303976199e-02,2.453357927564248642e-01,1.653161958117488062e-01,-1.663694622585387140e-01,8.700498683517025045e-01,8.395587793375129948e-01,7.238307969228126304e-02,-9.311210190892890703e-02,1.871871196005568949e-01,7.847452012824505108e-01,-8.595430612564980422e-01
2.146163689736271696e+00,-4.458494394249325199e-02,7.514386566449188232e-01,-1.677415541710084931e-02,5.346358421618160363e-03,-3.629666002470031700e-03,9.998383980129101900e-01,-4.795364801364808138e-01,-4.476567655463994239e-02,4.089474976699329981e-03,3.638354710457160079e-01,7.030110025337771296e-02,2.935967240501290501e-02,1.294638881928625584e-01,1.023144730432421073e-01,-9.028692005211534644e-02,6.136233557910685255e-01,-9.796455666556318220e-02,-1.967135396899192396e-03,8.971442801740830975e-02,2.428749810863733427e-01,1.610350587245788778e-01,-1.615724725172340837e-01,8.775546343506067659e-01,8.396181650310050593e-01,8.018984000197545980e-02,-9.162484653069313811e-02,1.838703143532590956e-01,7.915220308573801544e-01,-8.550586770856176688e-01
2.154184364552783393e+00,-4.297103392950895467e-02,7.525580872394712628e-01,-1.389782888076180993e-02,5.101894795302629355e-03,-3.888956634704255570e-03,9.998828416560573418e-01,-4.654260835189243384e-01,-5.295408717964091710e-02,9.553629446200648592e-03,3.656787360133438858e-01,5.873704255307138355e-02,3.793511305541021755e-02,1.131829984205233730e-01,8.990394724013026084e-02,-8.924957957224577410e-02,6.553067245546001507e-01,-7.009129204765297827e-02,1.078439633472090368e-02,8.966032462481787757e-02,2.393874533667961491e-01,1.569737912773858934e-01,-1.570891159058730169e-01,8.843708083875423398e-01,8.397796788222966491e-01,8.730086165028924650e-02,-9.006882084229189678e-02,1.805720560055777690e-01,7.982604428345524417e-01,-8.500770260433544445e-01
2.162318639783982199e+00,-4.123158558642482652e-02,7.535287553198325439e-01,-1.091921334623665620e-02,4.953495303438202983e-03,-4.213661160718692317e-03,9.999192361004966001e-01,-4.515515137251456812e-01,-6.163434259391664671e-02,1.489159971055623553e-02,3.673904287676062475e-01,4.736032449896901420e-02,4.568892104570659862e-02,9.499657861288834937e-02,7.702225174231627780e-02,-8.716916527172946516e-02,6.993118504924346057e-01,-3.905442945530214482e-02,2.545658163117223149e-02,8.927627818830290163e-02,2.353740787480351204e-01,1.530588044684064730e-01,-1.532348294182600545e-01,8.904580626109465102e-01,8.402804726311392525e-01,9.407191679619707203e-02,-8.890815329409039458e-02,1.776599037556832739e-01,8.050338403816100774e-01,-8.451229092325404091e-01
2.170609065303157337e+00,-3.933961819640473256e-02,7.543316109179382112e-01,-7.776200885046206067e-03,4.915023552154377043e-03,-4.711735163561895680e-03,9.999465849709301413e-01,-4.383143031255270494e-01,-7.071127946166777534e-02,2.034821224480654056e-02,3.695954183975823093e-01,3.654573929649577307e-02,5.201318233081202169e-02,7.521081370692177248e-02,6.328201507425511296e-02,-8.452306985795009220e-02,7.448039683954719159e-01,-4.516408830721824197e-03,4.198253368694193632e-02,8.873301882854220390e-02,2.310736091478900467e-01,1.492074821420163733e-01,-1.500929015347591267e-01,8.957614104336520944e-01,8.411683373777616435e-01,1.005290595889137828e-01,-8.845945827434723019e-02,1.753202768184058957e-01,8.118347930885826402e-01,-8.403951150872136511e-01
2.178840138966327444e+00,-3.741579234458637659e-02,7.548193616690853647e-01,-4.495483997987992364e-03,4.877753762179265311e-03,-5.567325395343701924e-03,9.999624835489636654e-01,-4.248288805435304072e-01,-7.920560811015178726e-02,2.670688628557975342e-02,3.708811389489817811e-01,2.589150184614513045e-02,5.706572887283998391e-02,5.359925823608011064e-02,4.848395228049025285e-02,-8.234859725527142460e-02,7.923770740924499512e-01,3.240471665844587429e-02,6.022079444552256439e-02,8.856363829661940967e-02,2.263646456253709527e-01,1.455337073724814745e-01,-1.476630054087468003e-01,8.998657752744835259e-01,8.424641120649817294e-01,1.061676648383790417e-01,-8.882204356643894072e-02,1.740582509688308188e-01,8.181954884758868562e-01,-8.360931028534328568e-01
2.186879659324920677e+00,-3.559342618263885288e-02,7.549547477887065261e-01,-1.104008260344017467e-03,4.794574512596600814e-03,-6.572820792407242305e-03,9.999662950559060626e-01,-4.110391569468594963e-01,-8.712076735041372755e-02,3.379673700153893595e-02,3.709152606162361976e-01,1.553043369479072990e-02,6.103203895934020823e-02,3.098609251991543342e-02,3.378128165504624275e-02,-8.076452664240381385e-02,8.421720763920864661e-01,6.793147444158792458e-02,8.049651350391932858e-02,8.857295862160541322e-02,2.211692010812545683e-01,1.422446586861600970e-01,-1.459231055625566653e-01,9.027942583625067074e-01,8.441372082605840266e-01,1.108594974297924529e-01,-8.982527125378818311e-02,1.740891872027931775e-01,8.239922318304222504e-01,-8.323519617019710104e-01
2.194703798761584057e+00,-3.386172508753830523e-02,7.549009381399602869e-01,2.272651270512150538e-03,4.797304036240368844e-03,-7.694685539001830735e-03,9.999563054177130761e-01,-3.976995496806444708e-01,-9.457689099981758662e-02,4.111233406838957216e-02,3.702125460199212070e-01,6.182137803795900374e-03,6.401329566781960301e-02,7.330254078532372902e-03,1.938677313903880428e-02,-7.948813105651819644e-02,8.922254780724016010e-01,1.037994720178933156e-01,1.023976557609163618e-01,8.852262429596452487e-02,2.156625659161708342e-01,1.392349273114741603e-01,-1.449202057624476847e-01,9.047195860298766767e-01,8.461516320564144156e-01,1.149622063255241466e-01,-9.172505188195820280e-02,1.758448282245620997e-01,8.289488371814918155e-01,-8.296334672817556877e-01
2.202274984675189895e+00,-3.222924255384814612e-02,7.548044982013530912e-01,5.663734185439759164e-03,4.896446418764128020e-03,-9.008874417108641078e-03,9.999313912010573402e-01,-3.850339904878994357e-01,-1.018321462520629384e-01,4.842867086621798628e-02,3.692498725469446352e-01,-2.916956861695985462e-03,6.631344076409904920e-02,-1.751273222053081891e-02,5.322255527132011346e-03,-7.839484506437413569e-02,9.409280545127819417e-01,1.395902700576573396e-01,1.255898556266295263e-01,8.839675157694629193e-02,2.099116336019711537e-01,1.365230430422551544e-01,-1.445757635980784994e-01,9.057403971263621179e-01,8.484370497806981160e-01,1.185668924975497446e-01,-9.452496525991214982e-02,1.794065005209470598e-01,8.330024303903232896e-01,-8.280414955830887047e-01
2.209610332722991899e+00,-3.067771569017081063e-02,7.547104209367653249e-01,9.106234523506407871e-03,4.992165048516398161e-03,-1.037946707435783919e-02,9.998921915371734581e-01,-3.726928599658942409e-01,-1.092843199106518087e-01,5.561766499892700777e-02,3.680253898036424109e-01,-1.220563787832529973e-02,6.878536678806919380e-02,-4.324899039026928321e-02,-8.678219742227263195e-03,-7.740113151053851226e-02,9.876541502448537013e-01,1.736348114785209451e-01,1.479818234939603849e-01,8.800745536395361557e-02,2.038962803328719930e-01,1.341050513796594179e-01,-1.447563748231538994e-01,9.058898569514172161e-01,8.508596525611273886e-01,1.216854329989234124e-01,-9.827040148769433658e-02,1.848010316916503804e-01,8.360850221609986699e-01,-8.277412883936253740e-01
2.216739763208460001e+00,-2.919251193741768252e-02,7.546518703153171082e-01,1.254321832496661966e-02,5.034533750131966849e-03,-1.166269368933174448e-02,9.998406386619218544e-01,-3.604332107745311653e-01,-1.169698575848392291e-01,6.248360178862860659e-02,3.664258731223600796e-01,-2.165743747215723158e-02,7.152893122763963329e-02,-6.960518158836298541e-02,-2.266435851963587156e-02,-7.651456233233948356e-02,1.032347820568032093e+00,2.053620969139722252e-01,1.686135901827386929e-01,8.723389121742938790e-02,1.975946985450705018e-01,1.319506918570147735e-01,-1.453603495571083870e-01,9.052593397570281031e-01,8.533511498128616424e-01,1.244988315155194647e-01,-1.030119160439351422e-01,1.918876283805493188e-01,8.380781876388083695e-01,-8.286734394492728528e-01
2.223695081665694406e+00,-2.779099769308694678e-02,7.546699401497859450e-01,1.585631328135949855e-02,5.054397513917194794e-03,-1.281601151702127170e-02,9.997793657821162361e-01,-3.482716156940491303e-01,-1.246568789891075585e-01,6.880030149660745775e-02,3.644755011341075934e-01,-3.126341026864599970e-02,7.445570657313915763e-02,-9.630684956448638812e-02,-3.606475397700834029e-02,-7.573639086204041193e-02,1.074441264465523682e+00,2.323856704760456360e-01,1.860191537489451208e-01,8.624672755876182373e-02,1.909245688964343324e-01,1.300614602043084211e-01,-1.462613418096389561e-01,9.040293917915624977e-01,8.558339933477426831e-01,1.274442564906270448e-01,-1.087888500500663880e-01,2.005508153285517903e-01,8.386940445982224990e-01,-8.307880207384660265e-01
2.230500104024734309e+00,-2.648391198454944778e-02,7.547746246610425036e-01,1.897519682440377067e-02,5.057032370849517261e-03,-1.382084415094424201e-02,9.997116347207483100e-01,-3.361785286775029191e-01,-1.322055751948090219e-01,7.444863847848916250e-02,3.621815985210034561e-01,-4.096709178656215977e-02,7.766347557894566489e-02,-1.231674065813770924e-01,-4.854355142648895949e-02,-7.509448518841364828e-02,1.113647703979018244e+00,2.536547180620595809e-01,1.998375759333584079e-01,8.516453519470304490e-02,1.838770623529456805e-01,1.284345187010418887e-01,-1.473493395591019550e-01,9.023819838718477593e-01,8.583149170529060790e-01,1.307336855698116307e-01,-1.155248655967742594e-01,2.104684787693388293e-01,8.378293377523376995e-01,-8.338781127723432496e-01
2.237153650472312627e+00,-2.527036520581724816e-02,7.549079340893105616e-01,2.194007785578497988e-02,4.997765962968319167e-03,-1.459839212127137138e-02,9.996401928195310926e-01,-3.242970848701234310e-01,-1.397324753894589044e-01,7.943094834719226227e-02,3.598592523812392807e-01,-5.070427944432833595e-02,8.127496206435674830e-02,-1.499946937587515461e-01,-6.006009333274898998e-02,-7.440666519850808180e-02,1.149534514576405542e+00,2.671834106318032864e-01,2.093707486892799619e-01,8.390778890719131911e-02,1.764400258392579690e-01,1.270688657772173769e-01,-1.485350788100492647e-01,9.007454055670964799e-01,8.609000539840968580e-01,1.342516771770757567e-01,-1.228767116461591258e-01,2.209116842009527237e-01,8.353910744217459827e-01,-8.375543228120398975e-01
2.243662178501691251e+00,-2.415447524501077026e-02,7.550293570293507006e-01,2.479937443564908181e-02,4.864070934405021092e-03,-1.514007762976634849e-02,9.995659607504198130e-01,-3.127018116768906508e-01,-1.473049113768566121e-01,8.380527257382017203e-02,3.576854023223738355e-01,-6.043767668858328335e-02,8.533745453223974542e-02,-1.767801158271356254e-01,-7.057915921396595849e-02,-7.349616733904175414e-02,1.182006399343648484e+00,2.727245920696638737e-01,2.150663470039711755e-01,8.249323477417248862e-02,1.686912469303820938e-01,1.259919644213229606e-01,-1.498242402322499944e-01,8.993057720611165040e-01,8.635286410596393347e-01,1.379469545725720836e-01,-1.305642423893090542e-01,2.314413421716166597e-01,8.313677549417181067e-01,-8.415965678057737431e-01
2.250075101225298635e+00,-2.315178288786612359e-02,7.551525865391994774e-01,2.752194829847093294e-02,4.669491647350304010e-03,-1.545456829351938254e-02,9.994908176308935355e-01,-3.012659578223746415e-01,-1.548064088842965869e-01,8.750373159714069926e-02,3.556189557920841904e-01,-7.021593769131295737e-02,8.970336208073073636e-02,-2.033766767858769253e-01,-7.971014086489346118e-02,-7.236308487334479345e-02,1.211065161448032779e+00,2.699957411270809127e-01,2.180392593095062115e-01,8.094566104181685762e-02,1.608066376415857868e-01,1.252339248012934447e-01,-1.513972520410198641e-01,8.980275236829668994e-01,8.659272743443326981e-01,1.421827862239727069e-01,-1.383060716477073904e-01,2.416241371400007776e-01,8.256599127036252650e-01,-8.458052502910637926e-01
2.256424471669915555e+00,-2.226527962247421694e-02,7.552635335493843582e-01,3.012172787081758910e-02,4.419116371883851681e-03,-1.558367412663406656e-02,9.994149798863745104e-01,-2.899442158750646925e-01,-1.621954248672154708e-01,9.056374570098948973e-02,3.536970052822816513e-01,-8.007334402241546301e-02,9.424302100658921155e-02,-2.296868854618809297e-01,-8.751099536225512288e-02,-7.110710304823594785e-02,1.236831150330840901e+00,2.598543876159981059e-01,2.189396658440914967e-01,7.929579960002401673e-02,1.528861468040533522e-01,1.247653166611785297e-01,-1.533047535645805093e-01,8.968987474092112722e-01,8.680917516760876529e-01,1.471284086785750733e-01,-1.458595110642505743e-01,2.511052328430195546e-01,8.183460334472120179e-01,-8.499681698822723064e-01
2.262700327208063911e+00,-2.147002566408488800e-02,7.552858022035883190e-01,3.265758713445808537e-02,4.101820518591958384e-03,-1.550716250979801078e-02,9.993378579538005901e-01,-2.790155454268566926e-01,-1.695722962982670057e-01,9.308199406226877470e-02,3.523390731371482398e-01,-9.003506978002856487e-02,9.884663673739137180e-02,-2.555441905132074254e-01,-9.482010047345566794e-02,-6.989953598657917822e-02,1.259275171379950597e+00,2.437134533917310608e-01,2.182592711524730389e-01,7.743086558838033207e-02,1.447432790954491233e-01,1.244782773411008958e-01,-1.555875403775275612e-01,8.959812511941028790e-01,8.701965716515898119e-01,1.527398689224860329e-01,-1.529260188560124245e-01,2.591569070895964888e-01,8.095663741546287318e-01,-8.536559608503597740e-01
2.268897355329820176e+00,-2.075557123090049361e-02,7.551889088529309957e-01,3.515315062505856153e-02,3.718536720764428760e-03,-1.521523901549566918e-02,9.992591880926039449e-01,-2.685880686594170896e-01,-1.769685105165471617e-01,9.510433366282092238e-02,3.517295051277182782e-01,-1.001112374459295629e-01,1.034620215313765829e-01,-2.808684003165337062e-01,-1.021003105321751647e-01,-6.877752343251056222e-02,1.278394053472075020e+00,2.230288307863325936e-01,2.160627421501609413e-01,7.532017264944322610e-02,1.361840307306957654e-01,1.242995724665512530e-01,-1.582797373482166536e-01,8.953244697857094536e-01,8.722907595992729357e-01,1.589637083137012685e-01,-1.592883062482263468e-01,2.654522460841485798e-01,7.995573865936638214e-01,-8.565943916857332585e-01
2.275037474373868385e+00,-2.013556657347329026e-02,7.550438024546792803e-01,3.750164203703053312e-02,3.271555094322564725e-03,-1.469198069788109698e-02,9.991832011573075212e-01,-2.583344677022141322e-01,-1.841888630594227527e-01,9.643968746388090207e-02,3.515269491529602330e-01,-1.102635526198711552e-01,1.081675379494509148e-01,-3.055279928107247911e-01,-1.091504618801105719e-01,-6.806758084647114571e-02,1.293856803456788995e+00,1.997801672578993215e-01,2.118449650725179045e-01,7.308816374512830394e-02,1.270116625526336585e-01,1.241808763531300625e-01,-1.614855349032114640e-01,8.950440635772486386e-01,8.743606187438609512e-01,1.658758969024745900e-01,-1.647400077530783991e-01,2.696657084130189008e-01,7.886221385038113540e-01,-8.582839871922602892e-01
2.281137240666063715e+00,-1.961690760746019613e-02,7.548937315300352502e-01,3.964722702107092989e-02,2.768262414395916519e-03,-1.394603520040615247e-02,9.991125773479851979e-01,-2.480320973561915832e-01,-1.911079631778990484e-01,9.699193953884149844e-02,3.514617126468266850e-01,-1.204440875501451291e-01,1.129677675513006546e-01,-3.294687515102740494e-01,-1.159419127171373715e-01,-6.790818040140057799e-02,1.305560519842158262e+00,1.751261214491793561e-01,2.057254976637271360e-01,7.080760509280968618e-02,1.171406229504781821e-01,1.240379203106020123e-01,-1.651821244689534174e-01,8.951832628216227494e-01,8.765242002687734235e-01,1.734252878635343664e-01,-1.691156399441163805e-01,2.716987090601536980e-01,7.770321927737583456e-01,-8.585953030763839866e-01
2.287197054314930700e+00,-1.918945227282711774e-02,7.547373389327757254e-01,4.161543845792985835e-02,2.190661580816018542e-03,-1.299586351705347802e-02,9.990467604158004278e-01,-2.375855603593429455e-01,-1.977449282589577029e-01,9.678993706801831964e-02,3.514450958634140476e-01,-1.305971429079537671e-01,1.177101879506765314e-01,-3.525921274649185810e-01,-1.227593833657956296e-01,-6.814102801072026427e-02,1.313182101636136023e+00,1.502650953140801660e-01,1.980541638659866766e-01,6.847855835461194585e-02,1.065160602958031277e-01,1.237141380479733488e-01,-1.692757567375789141e-01,8.958815157547894703e-01,8.791055175966734359e-01,1.813617004485796602e-01,-1.721548737170081611e-01,2.712910152123082508e-01,7.650407155839876738e-01,-8.573685548580499693e-01
2.293220516221322836e+00,-1.885459283652188289e-02,7.545813610237532831e-01,4.341782134198421406e-02,1.555218809495934615e-03,-1.186228417446221275e-02,9.989853654075891987e-01,-2.269573560996661077e-01,-2.040877950934959495e-01,9.586931585605239226e-02,3.513683697507272718e-01,-1.406845039525781438e-01,1.223375735546699816e-01,-3.749043534493185503e-01,-1.295525844094644885e-01,-6.856056281393675678e-02,1.316691235786276559e+00,1.256051485123758082e-01,1.895191975215979319e-01,6.610471434490888809e-02,9.512130326629555932e-02,1.231626848593884022e-01,-1.737605638150793996e-01,8.971263461803262729e-01,8.821110772072945361e-01,1.895123869604582179e-01,-1.737259838279043012e-01,2.685819797973860168e-01,7.528568088969103123e-01,-8.546521365804569115e-01
2.299222233497141055e+00,-1.863462140013675411e-02,7.544604504702013825e-01,4.503060476801871298e-02,9.013683621585668552e-04,-1.058972459110871754e-02,9.989290715072750571e-01,-2.160520430688886717e-01,-2.100452187466348153e-01,9.424707195692234862e-02,3.510004544305239116e-01,-1.506955376366129473e-01,1.269743952231215112e-01,-3.963709201407014660e-01,-1.356496461802932652e-01,-6.903596754303463479e-02,1.316048475434959286e+00,1.013293877987791330e-01,1.813940675296726868e-01,6.374105449409607493e-02,8.293844242901010633e-02,1.225040068500547058e-01,-1.787070588117203596e-01,8.988427239004865843e-01,8.853906925355767843e-01,1.978640725341956896e-01,-1.737913566676675681e-01,2.639037932221389715e-01,7.407934732148955259e-01,-8.504746737730378703e-01
2.305214681872712390e+00,-1.853130152950485665e-02,7.543680606969772606e-01,4.645300647006897488e-02,2.646406735939675647e-04,-9.227035157784115385e-03,9.988778253507295535e-01,-2.049317336703673220e-01,-2.155761849769278482e-01,9.198365122562746077e-02,3.503404392518540411e-01,-1.606957046575304693e-01,1.316736828797004377e-01,-4.170583780899809190e-01,-1.407747738119681791e-01,-6.949184978174820226e-02,1.311427643222932593e+00,7.756545344193535585e-02,1.737712968166266747e-01,6.136797669386519910e-02,7.006213431905529421e-02,1.217841176303169487e-01,-1.840658653467112660e-01,9.008900757685901484e-01,8.889117704309513757e-01,2.063640245544688945e-01,-1.724769673225601818e-01,2.575038665816067884e-01,7.289613975358827380e-01,-8.449651884044383499e-01
2.311202848672751387e+00,-1.851164764164064946e-02,7.542316109738997909e-01,4.771463298402171815e-02,-3.587663777342352213e-04,-7.793903723571773273e-03,9.988305172612873539e-01,-1.939010391103669628e-01,-2.207330033433525240e-01,8.917777545652857962e-02,3.498773850848831413e-01,-1.709384481322547278e-01,1.363170170929359493e-01,-4.370747121943597269e-01,-1.451584823630679977e-01,-6.964783093765716804e-02,1.302963563794269586e+00,5.460901935218766268e-02,1.661192502568478169e-01,5.879345598390048333e-02,5.670001470759390011e-02,1.209505377399162918e-01,-1.897110090169792929e-01,9.030964301479303957e-01,8.927291006841193699e-01,2.148209828540683097e-01,-1.701478154513687557e-01,2.494190612424758979e-01,7.173062637084146598e-01,-8.382203350373969020e-01
2.317200302659079725e+00,-1.856429805024312901e-02,7.540217597466695176e-01,4.885448564730857091e-02,-9.645170904419070237e-04,-6.314997295916219625e-03,9.987854773413915588e-01,-1.830532326996271164e-01,-2.255623761567866203e-01,8.592359437302464487e-02,3.497826859604017402e-01,-1.814964350685911443e-01,1.407849280828230853e-01,-4.564295427936456151e-01,-1.489709835519975323e-01,-6.941584462141889289e-02,1.290785607095515708e+00,3.232924968593112180e-02,1.582518709880010310e-01,5.597132189032286848e-02,4.304955786851054345e-02,1.200856172410203065e-01,-1.956261532371621481e-01,9.052860282950255799e-01,8.967346807753197035e-01,2.231356769686035635e-01,-1.670944162425616331e-01,2.399194002579045359e-01,7.059338648949533557e-01,-8.304205691025545732e-01
2.323238431065901555e+00,-1.871185294965332924e-02,7.537886638789904614e-01,4.985557955524932278e-02,-1.523356843689564625e-03,-4.791370896766928601e-03,9.987437826269890406e-01,-1.722300430725287601e-01,-2.299666470826289832e-01,8.220525793415568716e-02,3.497696089332255620e-01,-1.920885994837817079e-01,1.449768380775515453e-01,-4.748629476665951477e-01,-1.521630331308736483e-01,-6.921426777686268128e-02,1.274791733054883913e+00,1.033686398081083702e-02,1.500827682021148579e-01,5.301667211647551753e-02,2.938825789341387856e-02,1.194308779705836043e-01,-2.018777056664545766e-01,9.072277584261565497e-01,9.006861316686416430e-01,2.313848076134337184e-01,-1.634906778708949959e-01,2.295229460868774274e-01,6.952376744051173008e-01,-8.217769682505124962e-01
2.329314548625207593e+00,-1.895952206709967947e-02,7.535580029287276549e-01,5.069171622137303573e-02,-2.018722188630246543e-03,-3.248251286805106317e-03,9.987070258743724338e-01,-1.614589481340502619e-01,-2.338083398119506773e-01,7.806876760548633887e-02,3.497459736930356722e-01,-2.023436449288855965e-01,1.486566634553148081e-01,-4.924554728161111838e-01,-1.547790735722646138e-01,-6.923990844980600079e-02,1.255204406178982435e+00,-1.090796745689887742e-02,1.414962381957137194e-01,5.003364803571537511e-02,1.600812239656221325e-02,1.190617669909967979e-01,-2.083703538357243590e-01,9.088943306550389956e-01,9.045583806747740097e-01,2.395010174817928106e-01,-1.595395019777456347e-01,2.185849984198617035e-01,6.853965732189568616e-01,-8.125615956433926979e-01
2.335367538191901460e+00,-1.928603771798312327e-02,7.533255617286260808e-01,5.132275304321419485e-02,-2.493194435818566791e-03,-1.690350792626997426e-03,9.986775530422977720e-01,-1.509780170059980275e-01,-2.369173011258121075e-01,7.359803347502133497e-02,3.499497602076807046e-01,-2.117224068507207457e-01,1.513413695375534773e-01,-5.096612797609567647e-01,-1.570734032384852041e-01,-6.938324554826158508e-02,1.232423420080877241e+00,-3.005191802359532746e-02,1.322582549942751817e-01,4.701320524153182467e-02,3.270011322578066874e-03,1.188317223667907929e-01,-2.149077289368012678e-01,9.104747588308280681e-01,9.084309643775382304e-01,2.470979081084531126e-01,-1.554683352366793836e-01,2.073760197072027078e-01,6.764097792122224506e-01,-8.031389177260567225e-01
2.341360863473699538e+00,-1.969029946907377426e-02,7.531029616223839929e-01,5.177034881692616636e-02,-2.962667641110295052e-03,-1.316096123324555535e-04,9.986546130984085279e-01,-1.407418307507834199e-01,-2.393421283136251132e-01,6.884600795090288494e-02,3.502642479540588605e-01,-2.199790116943422524e-01,1.530047159612484275e-01,-5.266546578823660951e-01,-1.589714874226884900e-01,-6.955876310277329944e-02,1.205988473253892579e+00,-4.745623400876931852e-02,1.227698576613326792e-01,4.402702850197313250e-02,-8.707341498439161859e-03,1.187474898234229387e-01,-2.214476608208061359e-01,9.118638756151197233e-01,9.122013875528256488e-01,2.538575428319229665e-01,-1.513600804525908616e-01,1.962006081608245467e-01,6.683287164244063883e-01,-7.937691659661846311e-01
2.347316510811822354e+00,-2.018145736547960478e-02,7.529430440066273711e-01,5.206655990821097008e-02,-3.313035043900974634e-03,1.374219658162691322e-03,9.986371756841689873e-01,-1.304581461311845603e-01,-2.413156433898187847e-01,6.375655966512137895e-02,3.500337664924723091e-01,-2.274103532006639117e-01,1.544932640652592615e-01,-5.430293369964273031e-01,-1.599497283896369471e-01,-7.008041707923706731e-02,1.176001062663808439e+00,-6.396345945750282758e-02,1.135118655543708027e-01,4.125038705539390421e-02,-2.012347218872918841e-02,1.189030933277446245e-01,-2.280360121723223610e-01,9.126127913218723409e-01,9.156210167826737134e-01,2.595538497800362610e-01,-1.472269118304924129e-01,1.855144399800628952e-01,6.614285601672075243e-01,-7.847572205075139529e-01
2.353270680742561183e+00,-2.073733753191925322e-02,7.528697579452664490e-01,5.221212071357861362e-02,-3.482263653357594354e-03,2.841238352850321280e-03,9.986259037572886577e-01,-1.199249010957886274e-01,-2.429769657324409304e-01,5.821594281904307611e-02,3.488940957118215058e-01,-2.343829802229835946e-01,1.562668987438078916e-01,-5.579718384850579360e-01,-1.599859843269259285e-01,-7.104002093383178507e-02,1.143436377522993652e+00,-7.914091400438025281e-02,1.042153138498180670e-01,3.870120974750123483e-02,-3.114070900938697983e-02,1.191602163566507916e-01,-2.345598051641679671e-01,9.126604822297840203e-01,9.186402555239829848e-01,2.641257197002038759e-01,-1.432151342461272792e-01,1.755878152931005798e-01,6.558790778263213772e-01,-7.763441389611733801e-01
2.359259484144501595e+00,-2.132117584552188638e-02,7.528416310789001198e-01,5.228736386200609487e-02,-3.503329484187522880e-03,4.312105791901004945e-03,9.986165983023419512e-01,-1.090022777919752855e-01,-2.445518963790251632e-01,5.219772866601953693e-02,3.468583175682099506e-01,-2.413420139614147197e-01,1.582315122434528043e-01,-5.704038236371579140e-01,-1.594407419870478571e-01,-7.181420412181348245e-02,1.107542681775354865e+00,-9.148782263376217805e-02,9.514864477762567663e-02,3.627485135987779802e-02,-4.185323048936221563e-02,1.192644464584348141e-01,-2.407655660491602456e-01,9.121951136058508158e-01,9.212600924366294297e-01,2.675832333122887818e-01,-1.395551496614545750e-01,1.666983733793447886e-01,6.518230510141009848e-01,-7.688567129825727431e-01
2.365304027712840984e+00,-2.190592372044321279e-02,7.527650148776956485e-01,5.232535684993130931e-02,-3.327265798095522219e-03,5.706052444762269200e-03,9.986082451583974118e-01,-9.818948074958870620e-02,-2.460537004049319354e-01,4.587353704519797626e-02,3.445782898252346960e-01,-2.487693656345075777e-01,1.601063112950137923e-01,-5.802301087048116202e-01,-1.588792458719377743e-01,-7.228547046903059659e-02,1.068319531325902183e+00,-1.016843538899768473e-01,8.662084087584187575e-02,3.381764599051324122e-02,-5.222304246363609903e-02,1.191413368553153190e-01,-2.465944392631068960e-01,9.112209464791857227e-01,9.233303156486198926e-01,2.700275121477210827e-01,-1.363724359526983232e-01,1.590660256796425920e-01,6.491298369273938995e-01,-7.624898297782672918e-01
2.371420246662129916e+00,-2.250341927952677346e-02,7.525224765732694276e-01,5.243168674465795154e-02,-3.038371399780621582e-03,6.854444800385542033e-03,9.985963664618581204e-01,-8.820966575857348835e-02,-2.470622604217980189e-01,4.022723035564273325e-02,3.438366202106398206e-01,-2.582667137313817696e-01,1.610949158906331002e-01,-5.879185969207286755e-01,-1.594760628987693385e-01,-7.267737932624648844e-02,1.027066106020852798e+00,-1.098434475235179758e-01,7.919440050716161639e-02,3.088998557709458914e-02,-6.205522565293117992e-02,1.190313646323282043e-01,-2.520316546434568372e-01,9.097170601187463124e-01,9.245537970739403644e-01,2.715356367396015158e-01,-1.335152757256479472e-01,1.529599474139055615e-01,6.477495211386313789e-01,-7.574995018794737911e-01
2.377604913709115309e+00,-2.310209468627182766e-02,7.521184496348625181e-01,5.245927404870115440e-02,-2.680881973751310030e-03,7.765620246438589142e-03,9.985892712123008996e-01,-7.874291266996714944e-02,-2.477551279065919598e-01,3.467183079947630531e-02,3.439845413065463209e-01,-2.685169028833350180e-01,1.613094670264571540e-01,-5.937419927020345378e-01,-1.607568890963841091e-01,-7.330967240289248954e-02,9.839582341548406275e-01,-1.157691251900692664e-01,7.279472986987195471e-02,2.759788843096708591e-02,-7.134116999469683473e-02,1.188099962550122485e-01,-2.571378723338920702e-01,9.077835333779042948e-01,9.250028252494073566e-01,2.722587645694574121e-01,-1.311366525478511180e-01,1.482813257787574945e-01,6.474282405657642014e-01,-7.539151598919360264e-01
2.383823297673039576e+00,-2.373091343965916256e-02,7.517912190312645571e-01,5.239721040031552340e-02,-2.180971718702043923e-03,8.698595393976032292e-03,9.985860315161403378e-01,-6.874120163341508605e-02,-2.483502120439598781e-01,2.862250971279713119e-02,3.428541258946352088e-01,-2.781285153610604244e-01,1.616097835341639144e-01,-5.980870581203410197e-01,-1.614003121738460667e-01,-7.493467422032104586e-02,9.385021201068971530e-01,-1.190569643499915925e-01,6.703562981291315281e-02,2.466125774488848663e-02,-8.009078590929791241e-02,1.182690341106640425e-01,-2.619936309863974966e-01,9.054478368032543578e-01,9.248881617329576255e-01,2.721057405347627189e-01,-1.293882974542229225e-01,1.447275908271320188e-01,6.480986926090029909e-01,-7.517521860997652405e-01
2.390083056105736237e+00,-2.441110960716087047e-02,7.515897710310113222e-01,5.228228974820600672e-02,-1.504706447020350609e-03,9.675603876620506721e-03,9.985843383144037411e-01,-5.784726141864565685e-02,-2.489059622380725700e-01,2.197985384934702385e-02,3.396210533317767233e-01,-2.865217296410482728e-01,1.621700063985410389e-01,-6.016226882866946291e-01,-1.610372371625162224e-01,-7.801276135791865296e-02,8.905875004965673192e-01,-1.197068597668590334e-01,6.234471035002956546e-02,2.226606069312082187e-02,-8.817265349861228008e-02,1.174133732372695249e-01,-2.666593732780120352e-01,9.026608340579889145e-01,9.241756418545131746e-01,2.711126986769790137e-01,-1.283060690504935486e-01,1.422857263668484140e-01,6.495137206995187373e-01,-7.509590518752073951e-01
2.396456036685793656e+00,-2.515343903952590998e-02,7.513630026762965208e-01,5.219696957966492301e-02,-7.837761335301356505e-04,1.047694571331476976e-02,9.985815418232965035e-01,-4.606694989510980165e-02,-2.492785549116237898e-01,1.531999290389000207e-02,3.349325816435291814e-01,-2.941932446076547247e-01,1.623327165841410014e-01,-6.048333558559803036e-01,-1.602476024906634433e-01,-8.158170239965958914e-02,8.412549306223415790e-01,-1.186752143835974604e-01,5.876354554031262833e-02,1.980958611931969010e-02,-9.543898106648109059e-02,1.164903511215597820e-01,-2.711560725680060013e-01,8.995995963803122830e-01,9.226908640188350441e-01,2.694970305213368889e-01,-1.276988243306128035e-01,1.411528354739469138e-01,6.515515895362054000e-01,-7.515161265234695520e-01
2.402971398353400456e+00,-2.596651752039361855e-02,7.510546225609481263e-01,5.210868912148131776e-02,-7.723588194328011346e-05,1.114365814766579525e-02,9.985792394375857528e-01,-3.350067908313858478e-02,-2.493278671301836225e-01,8.753413195050498141e-03,3.292371265820100978e-01,-3.014707461179181314e-01,1.620005143860950847e-01,-6.077312136975503432e-01,-1.591111217184853766e-01,-8.515302731229740241e-02,7.907858779067566957e-01,-1.160406062542999606e-01,5.629714053956647729e-02,1.709251648952850311e-02,-1.022277014410053753e-01,1.155391402430229753e-01,-2.754921229290562823e-01,8.963694982742915762e-01,9.205681697892900139e-01,2.674654600504413615e-01,-1.274492477827703085e-01,1.411484507050246584e-01,6.541454104251628321e-01,-7.532797339882938426e-01
2.409597107052551923e+00,-2.686053619486166583e-02,7.507093689484671817e-01,5.191493755642453273e-02,7.201059689944783702e-04,1.188511333153869504e-02,9.985804914830987977e-01,-2.051208337941018423e-02,-2.490314369948369577e-01,1.916916339037704007e-03,3.226200162514501479e-01,-3.083709147510042548e-01,1.618682459873949930e-01,-6.101220993214421240e-01,-1.571405727152091203e-01,-8.918562497235414666e-02,7.384860268671677996e-01,-1.120395063276198033e-01,5.513441428351187334e-02,1.460003870521497417e-02,-1.093227781105007845e-01,1.144288971080516804e-01,-2.796474570496232936e-01,8.927382108615155021e-01,9.180560396859430705e-01,2.650678817118548025e-01,-1.275881737622198420e-01,1.419215873702114605e-01,6.571939109381053079e-01,-7.560852952824923534e-01
2.416375754029175926e+00,-2.783084548047769918e-02,7.503430828927679652e-01,5.164750482106517104e-02,1.629552614294776545e-03,1.269658245233758719e-02,9.985833348289296918e-01,-6.834996161827843961e-03,-2.485812022016787026e-01,-5.267120081855859032e-03,3.147262303875779654e-01,-3.149456294229046605e-01,1.627452534969270059e-01,-6.120238533204470643e-01,-1.540906429538169975e-01,-9.349978450757169546e-02,6.848702757119962126e-01,-1.069733306335971662e-01,5.551985540425907750e-02,1.257440286861074771e-02,-1.166507811609457101e-01,1.132037238758714509e-01,-2.837597194076856288e-01,8.886539621478541928e-01,9.152356195080598722e-01,2.623880299505840230e-01,-1.280494193330027342e-01,1.432603602170146040e-01,6.606489810485933756e-01,-7.596720964006010712e-01
2.423436780642911348e+00,-2.884779672139105300e-02,7.499421532147187985e-01,5.141885152386030389e-02,2.571231608570828057e-03,1.338217627488542082e-02,9.985842016746160343e-01,8.392009440945319074e-03,-2.483728738528494517e-01,-1.267227005819294983e-02,3.049001016855611423e-01,-3.214036769198078125e-01,1.657611650084612753e-01,-6.135009235530036742e-01,-1.498653206108195857e-01,-9.728118542802786928e-02,6.311030483782787970e-01,-1.008251715255749914e-01,5.791941828908363926e-02,1.093173870269612685e-02,-1.232128777063144220e-01,1.120125322603866130e-01,-2.880858268716881554e-01,8.844363360681678499e-01,9.121216917102378252e-01,2.596418944883953639e-01,-1.286768941629733987e-01,1.449669031800464858e-01,6.645471346119555811e-01,-7.637480548343329456e-01
2.430738809963790548e+00,-2.987706503091251686e-02,7.494611125802137508e-01,5.107011801142208318e-02,3.578266629364456469e-03,1.408642649760014944e-02,9.985893107993677464e-01,2.391313568264635467e-02,-2.478407177686659524e-01,-2.022335190029503696e-02,2.945743817979029067e-01,-3.273504063155959209e-01,1.695816321721059783e-01,-6.143866501012533732e-01,-1.448361383035871863e-01,-1.012054539560362093e-01,5.769888020909129667e-01,-9.465826348684183711e-02,6.224785141619766649e-02,9.193375263352548260e-03,-1.286959927324859143e-01,1.106899521905877204e-01,-2.927346103680685263e-01,8.803179809319071625e-01,9.088649701550464144e-01,2.569905290126163755e-01,-1.295880561562415267e-01,1.466991288888492839e-01,6.684948513868678166e-01,-7.681417370557196422e-01
2.438056541275046118e+00,-3.091461933702382980e-02,7.489263781819819332e-01,5.069454639306376215e-02,4.576240010324013861e-03,1.491403953783152284e-02,9.985922888325527991e-01,3.670537670734345254e-02,-2.463303493734312344e-01,-2.670299724201621525e-02,2.875014889819413333e-01,-3.309559509356538309e-01,1.685985416401520609e-01,-6.141874390150635632e-01,-1.401484041744852083e-01,-1.059768820735272621e-01,5.221670414684074224e-01,-8.874187781007267239e-02,6.778282702458880704e-02,7.044066435633612386e-03,-1.333760675655399075e-01,1.090567414934002083e-01,-2.976430290288896718e-01,8.764370747714297361e-01,9.056629070579768070e-01,2.541436102960338839e-01,-1.308193620284223702e-01,1.480886065179886912e-01,6.722443488040162896e-01,-7.727368692861943389e-01
2.445375577051707605e+00,-3.198383524301064151e-02,7.485268919773876428e-01,5.107642208424668234e-02,5.330147313763682060e-03,1.542115468641631210e-02,9.985614536045454015e-01,4.696440581351088439e-02,-2.454756535915983418e-01,-2.814491992200188197e-02,2.843752912790210585e-01,-3.311990482937931524e-01,1.630870322666632677e-01,-6.119238556062281953e-01,-1.369429379073523190e-01,-1.100330410135934717e-01,4.674028737167557068e-01,-8.271251300019717700e-02,7.349923916761350040e-02,4.964998344483814718e-03,-1.371591506827192497e-01,1.074795056696616347e-01,-3.026162355863413755e-01,8.730104951237210864e-01,9.024195632127367528e-01,2.507853356146819146e-01,-1.318106457179323010e-01,1.490954941048163729e-01,6.764560289987925357e-01,-7.773989011405774141e-01
2.452818118917914347e+00,-3.300074708314058164e-02,7.480917107577567116e-01,5.109379627821655778e-02,6.351361679994273375e-03,1.559416506490323220e-02,9.985519046111815955e-01,5.764104475917590509e-02,-2.439676198764181014e-01,-2.956824806724946825e-02,2.803950810063189913e-01,-3.313763641769710278e-01,1.591604362263274730e-01,-6.072110741063397876e-01,-1.329909609003771531e-01,-1.141438580867027153e-01,4.130822905667398404e-01,-7.714333297384223798e-02,7.887398780770865647e-02,3.008804428747508322e-03,-1.402540424112386774e-01,1.056963531120650862e-01,-3.077275115920261039e-01,8.696757566932518113e-01,8.989393167485971725e-01,2.478719571414875755e-01,-1.331135252095446142e-01,1.497583527879757792e-01,6.799723448838957962e-01,-7.819589599341104647e-01
2.460371876381789225e+00,-3.399607463149425385e-02,7.475322973857172482e-01,5.087586720800931633e-02,7.726197275812464633e-03,1.595897371907134890e-02,9.985475768181113487e-01,6.866143372937645595e-02,-2.421491373440730621e-01,-3.166293795317413895e-02,2.753945696000296706e-01,-3.322375675643406412e-01,1.573379930300391194e-01,-5.995092428383118621e-01,-1.290637429697774341e-01,-1.175386713329298616e-01,3.628418148205254656e-01,-7.533440686367878780e-02,8.595989023941161267e-02,7.201428127722501148e-04,-1.430137046314176041e-01,1.040109542198188186e-01,-3.130073271799047596e-01,8.662515108494441840e-01,8.954323407220838860e-01,2.458147014389704121e-01,-1.343227176099907882e-01,1.498743205214377594e-01,6.828570911920148756e-01,-7.862007360831477776e-01
2.467765357092700285e+00,-3.499286540456653105e-02,7.469008256421697522e-01,5.088563169583736057e-02,9.104891885506944185e-03,1.646375041895542166e-02,9.985272368652051700e-01,7.836129441432858334e-02,-2.407305835132722283e-01,-3.446570492941416347e-02,2.720377605070590232e-01,-3.333649790951166980e-01,1.554616454472904086e-01,-5.905883888632533774e-01,-1.256564057904168141e-01,-1.191175066373736657e-01,3.199929489083792600e-01,-7.667143790091553168e-02,9.413727574947026999e-02,-1.088873149625643223e-03,-1.459146372679958892e-01,1.025664517510125051e-01,-3.181625378267676219e-01,8.627427837875991656e-01,8.922346259186355599e-01,2.439382559659978855e-01,-1.350251634948133606e-01,1.492431511344465001e-01,6.857731256243596585e-01,-7.898925533772910290e-01
2.474879300300864671e+00,-3.593762920540047312e-02,7.463414829401885386e-01,5.125267204297807855e-02,1.035168471847829931e-02,1.666985664891655963e-02,9.984929254187275838e-01,8.658088067860733594e-02,-2.400319663638218748e-01,-3.714109925317996691e-02,2.707726465187130227e-01,-3.343317731039198160e-01,1.529066680900897923e-01,-5.821930173313788481e-01,-1.226104735242575100e-01,-1.187232609378292558e-01,2.849528302519457323e-01,-7.821069037359494602e-02,1.023622579554512579e-01,-1.944005060807566399e-03,-1.485515611705749972e-01,1.012600919402767002e-01,-3.230197266412096480e-01,8.593867910353706341e-01,8.891591943385172003e-01,2.417699093333792459e-01,-1.352881158531176742e-01,1.479528361240101120e-01,6.888990333050515336e-01,-7.930286169667978280e-01
2.481808617109510173e+00,-3.673794056344739656e-02,7.458870887937590899e-01,5.161326080255748683e-02,1.156750980592147031e-02,1.677602087617280358e-02,9.984592275850723286e-01,9.449003922884444129e-02,-2.395134103659022629e-01,-3.932106649899340389e-02,2.698751826165299295e-01,-3.351916619300870370e-01,1.504897409935221364e-01,-5.749689331628617950e-01,-1.199529633752340618e-01,-1.168442743977634729e-01,2.575775391665289238e-01,-8.072139649984216847e-02,1.121058106618521844e-01,-3.022424226484981928e-03,-1.500086399403036397e-01,9.978829353015247761e-02,-3.278564679803178672e-01,8.564580758612110323e-01,8.858713379748529571e-01,2.399149914912573345e-01,-1.355647114211353255e-01,1.460427121544537188e-01,6.913838228402848785e-01,-7.956641548908685024e-01
2.488574586770285979e+00,-3.739143280101952377e-02,7.454067693359370805e-01,5.193049207694987873e-02,1.271764868523301423e-02,1.687925954837312878e-02,9.984270509164219209e-01,1.023160814186781231e-01,-2.391342697745797719e-01,-4.073743987695694485e-02,2.692668841994497742e-01,-3.363714188812484407e-01,1.484964857878426359e-01,-5.693775435620495040e-01,-1.176053293333578775e-01,-1.135884692529385565e-01,2.374913101407176708e-01,-8.375962420968476041e-02,1.227820838470945475e-01,-4.547655610877858121e-03,-1.503733889950239488e-01,9.808000384257457849e-02,-3.325692490607973784e-01,8.540582131545891853e-01,8.824366317861690456e-01,2.385760937662029790e-01,-1.359205251877028953e-01,1.434917091729797090e-01,6.931696005266869687e-01,-7.978671255053717548e-01
2.495150121921959840e+00,-3.796342959493009817e-02,7.446375383508621049e-01,5.244663621909362305e-02,1.365287449461242801e-02,1.691808293725070855e-02,9.983870615162193651e-01,1.100359955289459124e-01,-2.390220630414150449e-01,-4.013054786827052745e-02,2.704262868553842236e-01,-3.398575449180438746e-01,1.472327341623276276e-01,-5.659775762030804236e-01,-1.154972369810206706e-01,-1.085817399194090593e-01,2.244020443141294396e-01,-8.549488627883750080e-02,1.326362903677748561e-01,-5.920632755191918874e-03,-1.504132629202174221e-01,9.625963074410347209e-02,-3.367635430951635978e-01,8.520865458234069267e-01,8.790301335927048765e-01,2.375823601460253787e-01,-1.361731052519050689e-01,1.403866805401962625e-01,6.947520516838991966e-01,-7.997050348673502285e-01
2.501570688607778870e+00,-3.849363737848232603e-02,7.436525635184321192e-01,5.305571694219419349e-02,1.439363616462398937e-02,1.691764587692775809e-02,9.983444833301247101e-01,1.171891369605421729e-01,-2.391690672083494063e-01,-4.041305355912487574e-02,2.730514021896919274e-01,-3.442072324386866722e-01,1.455482464448157598e-01,-5.640780146619128743e-01,-1.132685701130322353e-01,-1.024679668796878718e-01,2.167552208117325130e-01,-8.567373923798722590e-02,1.399771525380315573e-01,-7.042503799054574548e-03,-1.500359244840472062e-01,9.439618074171408912e-02,-3.404276806309797232e-01,8.505842303548921679e-01,8.756623755793316866e-01,2.367960254264896425e-01,-1.362750072212355890e-01,1.369416686096512348e-01,6.962837107492810818e-01,-8.011166457872965774e-01
2.507944967876181597e+00,-3.901593903905487687e-02,7.428293419266295272e-01,5.352563878248129542e-02,1.510490118175068439e-02,1.690806107002544925e-02,9.983090530612600544e-01,1.233288368052742057e-01,-2.390187523253255730e-01,-4.330420092130873866e-02,2.772446752771867695e-01,-3.482718507067873448e-01,1.430373165424266846e-01,-5.622073395105517957e-01,-1.104997534805561288e-01,-9.612888417125098339e-02,2.121721028750845894e-01,-8.527892369906654724e-02,1.445045919985331884e-01,-8.046511783099528914e-03,-1.484054828299981033e-01,9.258893120290018208e-02,-3.437991999816588096e-01,8.497520698696222619e-01,8.722989751398755320e-01,2.361829653422289899e-01,-1.361364340346325197e-01,1.333618956009098300e-01,6.977258654993740983e-01,-8.020166019406720359e-01
2.514375793992661201e+00,-3.956773617559608547e-02,7.423028455394817815e-01,5.381475232515089968e-02,1.578936505761039527e-02,1.684148883303885486e-02,9.982840440661903125e-01,1.288886114101150948e-01,-2.385217119117962747e-01,-4.722115248728929460e-02,2.822768694778032827e-01,-3.509812784860725787e-01,1.404784339423169326e-01,-5.604300930688893567e-01,-1.071273931606054469e-01,-8.938136549818523346e-02,2.103306584689655090e-01,-8.357388259950609966e-02,1.476994787623810701e-01,-8.917054011791193668e-03,-1.455804665799830533e-01,9.083657101278723445e-02,-3.468137244858045531e-01,8.496023613328960167e-01,8.689503862106267018e-01,2.359017564918804433e-01,-1.356663334707837176e-01,1.296746857205220982e-01,6.991257691846823885e-01,-8.026373921548893842e-01
2.520987729124444687e+00,-4.021077939433112536e-02,7.420008484021120010e-01,5.397728395099462423e-02,1.632209262885781290e-02,1.685379180299571150e-02,9.982664834497305684e-01,1.349007703940378611e-01,-2.376834844484950193e-01,-4.940901921237988298e-02,2.872669587071938757e-01,-3.518358318154567455e-01,1.388178468879917304e-01,-5.594580090593901378e-01,-1.033372107429119252e-01,-8.201256503051365665e-02,2.121895737445599062e-01,-7.929029258368718025e-02,1.495753926946730150e-01,-9.960313182022463227e-03,-1.423108763382177622e-01,8.910957116550367874e-02,-3.493047936579570800e-01,8.499785020861554408e-01,8.656349075176201779e-01,2.363803255935785219e-01,-1.347320415678566197e-01,1.258608385415065922e-01,7.006424689669638051e-01,-8.032592699082847787e-01
2.527796794182247453e+00,-4.098089662076943168e-02,7.418875357808660809e-01,5.392454582698963383e-02,1.673269330485957496e-02,1.692289485460317031e-02,9.982613765752225143e-01,1.414381353065890523e-01,-2.361332187161566121e-01,-4.981643862182418697e-02,2.920285380797171260e-01,-3.507583659802153697e-01,1.378721449799146237e-01,-5.599202002170211578e-01,-9.891284257026369819e-02,-7.484547477125240433e-02,2.182192900843699657e-01,-7.095626860749762455e-02,1.463378706439915355e-01,-1.121470369239818514e-02,-1.388547273537963367e-01,8.739550337168375260e-02,-3.512054389700403623e-01,8.510180434794542004e-01,8.623663787467188424e-01,2.374390884478639330e-01,-1.333612498385189360e-01,1.220761118401636203e-01,7.023916774186385048e-01,-8.038838042469593770e-01
2.534733557190610220e+00,-4.190069475391419024e-02,7.419352592529024903e-01,5.360797009062340940e-02,1.710176532403737820e-02,1.680175126083811171e-02,9.982742190000366556e-01,1.481377534447858857e-01,-2.336319369134266799e-01,-5.049774046767195601e-02,2.966902557385560080e-01,-3.478798014840958630e-01,1.365214463389185784e-01,-5.622128233253210761e-01,-9.346649971194956330e-02,-6.856210839681384228e-02,2.284652149879989047e-01,-5.851229690366763214e-02,1.350207475483222175e-01,-1.234119021204674663e-02,-1.350356751479498407e-01,8.580951646311948955e-02,-3.525002101098145268e-01,8.529794135790463860e-01,8.591537256635899400e-01,2.384344338555023923e-01,-1.315932792190750433e-01,1.185095453441973590e-01,7.043887719719723606e-01,-8.044451346256155100e-01
2.541774453400756695e+00,-4.294106918837711784e-02,7.420354028655117284e-01,5.310210682586830044e-02,1.739975870367061264e-02,1.665322735732891954e-02,9.982985949435635442e-01,1.549162033228875524e-01,-2.303768990395877181e-01,-5.187616754245563677e-02,3.015562149290253458e-01,-3.436334461734830148e-01,1.342955364750301750e-01,-5.651917117971601012e-01,-8.791978580445078406e-02,-6.327920624954078144e-02,2.418220381988827605e-01,-4.508606460246878528e-02,1.208571341701538959e-01,-1.349292925919167406e-02,-1.306050428576062961e-01,8.436797921694275115e-02,-3.533535346060698301e-01,8.558569489016648602e-01,8.561733706473458883e-01,2.393991906556168781e-01,-1.294526097517277319e-01,1.150155198081188046e-01,7.066104132261478155e-01,-8.050212491883862453e-01
2.548861155777850218e+00,-4.401333403503716879e-02,7.420703791832649054e-01,5.237511177058742917e-02,1.765535847178603332e-02,1.656474763044236617e-02,9.983339800126852515e-01,1.616130119337777504e-01,-2.265195461383653630e-01,-5.277809646353935624e-02,3.069027816461156188e-01,-3.389219665670928361e-01,1.313900753549113731e-01,-5.680467165093466830e-01,-8.298204036048495436e-02,-5.971167320462997946e-02,2.567249110902461440e-01,-3.096853102952934478e-02,1.060983642622540246e-01,-1.458524730650257936e-02,-1.253642812708007370e-01,8.287922412246809256e-02,-3.538927757683271169e-01,8.595345127588795986e-01,8.535985788260043172e-01,2.404727718301250539e-01,-1.271188713841550355e-01,1.113508150383672735e-01,7.091723748048762710e-01,-8.057048120016919723e-01
2.555980069372796315e+00,-4.510353502733309428e-02,7.420566438304688761e-01,5.150154677909186962e-02,1.782600023663742997e-02,1.649208079932210427e-02,9.983776017448675599e-01,1.683571882910620543e-01,-2.222601924418509400e-01,-5.308330986157983739e-02,3.126300390433368603e-01,-3.337713322892771339e-01,1.281164814119464257e-01,-5.702666285734585561e-01,-7.874938773066707254e-02,-5.785664833983658606e-02,2.722868644955241391e-01,-1.609063997853145064e-02,9.134440357325998572e-02,-1.556960922890875641e-02,-1.192870597793757592e-01,8.136097632245938016e-02,-3.540947632640937259e-01,8.640702053277649064e-01,8.514073296378800171e-01,2.416001526600780602e-01,-1.246337578502130228e-01,1.075625070284029067e-01,7.121200007246090147e-01,-8.064760257946276267e-01
2.563167622970022208e+00,-4.624959404448254763e-02,7.421097230047927207e-01,5.061133623379167334e-02,1.784635608332545142e-02,1.640891021358227217e-02,9.984241322628275572e-01,1.752812630710172126e-01,-2.178188220404915498e-01,-5.336506266945750115e-02,3.185881623296158982e-01,-3.274951980829305387e-01,1.248072665116161106e-01,-5.713912414628895542e-01,-7.487870759380006735e-02,-5.694389087440412944e-02,2.879495985289825533e-01,-7.407218560765965049e-04,7.698800739101448187e-02,-1.659928164105712450e-02,-1.124278113212086455e-01,7.994973734778838825e-02,-3.539012318585184613e-01,8.696482713669188014e-01,8.495281996625110299e-01,2.427111178202500386e-01,-1.219441420897685591e-01,1.037818508436531006e-01,7.154368429555137965e-01,-8.072933103294908097e-01
2.570423610572197592e+00,-4.746831369480645352e-02,7.424012263312796955e-01,4.963516374482633553e-02,1.779816594364799082e-02,1.621462464468809844e-02,9.984771713748386013e-01,1.821462243640409318e-01,-2.129593989982867530e-01,-5.328774210576916331e-02,3.245990055666450047e-01,-3.194911994176118375e-01,1.209173984765580523e-01,-5.708786265511008873e-01,-7.084548991602999946e-02,-5.661832757516128967e-02,3.027284623979005218e-01,1.389436570289099768e-02,6.366836123099348099e-02,-1.742824101798739686e-02,-1.048615684829797695e-01,7.863516304925419198e-02,-3.531923814006114326e-01,8.762179709965258745e-01,8.480597709502505355e-01,2.438342360935059350e-01,-1.190441482225344239e-01,1.000454145216935764e-01,7.191750674628886175e-01,-8.081745780805825730e-01
2.577715961573834313e+00,-4.877556025111358384e-02,7.431289739253693627e-01,4.844619178886284960e-02,1.784440641214739276e-02,1.584853579427716180e-02,9.985406089346160474e-01,1.884534477703664335e-01,-2.072445507863943659e-01,-5.208234186952021699e-02,3.304733538514837976e-01,-3.090904833382386308e-01,1.154488165811509703e-01,-5.682785976273656559e-01,-6.622341694607510043e-02,-5.678331449608483433e-02,3.155146368110510746e-01,2.618754940700893444e-02,5.210121343766020707e-02,-1.771666775238833758e-02,-9.673135926716278088e-02,7.742143216789597326e-02,-3.518621514571387832e-01,8.835345227628720322e-01,8.470960302705810019e-01,2.450487704523036658e-01,-1.158839805190632066e-01,9.639081009548683410e-02,7.233732349090483682e-01,-8.091432434071771373e-01
2.584917120656789358e+00,-5.011727997561702536e-02,7.441314214945171646e-01,4.705885830128482550e-02,1.793583012962976161e-02,1.560503260054975187e-02,9.986091591861533390e-01,1.936043314814643312e-01,-2.008640712318229549e-01,-5.031625626986761107e-02,3.373194575013536145e-01,-2.971563878569904449e-01,1.088632533650321782e-01,-5.645519416194650919e-01,-6.162355865985272990e-02,-5.779271292346076921e-02,3.274389559963521434e-01,3.511526947509106822e-02,4.196600903149627637e-02,-1.831728965975714871e-02,-8.826338637574404622e-02,7.624845658228121548e-02,-3.499818116089699616e-01,8.915883782858060602e-01,8.465155309844657472e-01,2.462102555540221227e-01,-1.125743784372552209e-01,9.271318666237328421e-02,7.278939697605257830e-01,-8.101451701290899310e-01
2.591936201964324393e+00,-5.136314468000818811e-02,7.450318872015588845e-01,4.565446253043985853e-02,1.779777801350521799e-02,1.521357655526026434e-02,9.986828606906376082e-01,1.991739646503258021e-01,-1.953199185903464474e-01,-4.984692535597461810e-02,3.489073963102523046e-01,-2.892034928509096825e-01,1.010301954452624412e-01,-5.610259047963042089e-01,-5.771464802144164047e-02,-6.004290003534590303e-02,3.405961936757705422e-01,4.025989871889165683e-02,3.188040157796756535e-02,-1.952873405829643264e-02,-7.921231858869820508e-02,7.493160381763876166e-02,-3.476829608488377632e-01,9.005014654295997456e-01,8.461741111045743002e-01,2.471507248018571523e-01,-1.094169110063699241e-01,8.890006597487556950e-02,7.327002666125242980e-01,-8.111302362697481172e-01
2.598792260965072209e+00,-5.253208496606873862e-02,7.458557898244591033e-01,4.416870417929306264e-02,1.750066766730332471e-02,1.445996575355918377e-02,9.987661195659003344e-01,2.049554616401118301e-01,-1.903036650872812763e-01,-5.019498240212242474e-02,3.648786585899682078e-01,-2.846157777077911732e-01,9.313255199926530337e-02,-5.573728790253109633e-01,-5.371581161641024449e-02,-6.312585654001633129e-02,3.543025476479257363e-01,4.126561954643829383e-02,2.115054387426892890e-02,-2.081782988007536278e-02,-6.953557047153155479e-02,7.350309324535141131e-02,-3.449556871398484770e-01,9.100526909343683579e-01,8.460029367327379646e-01,2.479525714364091693e-01,-1.063584454878750418e-01,8.497748628106574498e-02,7.379427258337749596e-01,-8.120963350717874674e-01
2.605470202808284341e+00,-5.374020376678412259e-02,7.468382283190314608e-01,4.226010130455012948e-02,1.729607530703226176e-02,1.383485487116249170e-02,9.988611020416520159e-01,2.079164374610278088e-01,-1.839484874801940728e-01,-5.012461761187980702e-02,3.820744537758682391e-01,-2.745886344946258384e-01,8.521899327604091912e-02,-5.525911543237777002e-01,-4.834154664130516782e-02,-6.634265212518307420e-02,3.666609772999009365e-01,3.791369458557121430e-02,1.032023055362834944e-02,-2.219001025247750031e-02,-5.989885682101560999e-02,7.211091248930204256e-02,-3.417373692016103526e-01,9.198178018947594792e-01,8.459648286431683539e-01,2.487292170639405220e-01,-1.031784180279699814e-01,8.098785225915765273e-02,7.435376788138924331e-01,-8.130444813940189697e-01
2.611968533609680065e+00,-5.500856139527945249e-02,7.478468174949466363e-01,3.990228061799994119e-02,1.711865365373283279e-02,1.347616091432898323e-02,9.989660418580686985e-01,2.079368651610533636e-01,-1.759633869981854504e-01,-5.009507983432340272e-02,4.012177514549816748e-01,-2.560514121644821839e-01,7.703114382070244681e-02,-5.469538650546660330e-01,-4.172048564524407505e-02,-6.981695631198517327e-02,3.779845603774077967e-01,3.087054540769722244e-02,-6.135143233350001668e-04,-2.373954476245866696e-02,-5.053201505118033732e-02,7.089285046003970803e-02,-3.382326984415838789e-01,9.297524656234974483e-01,8.460300351006606601e-01,2.494138758184069049e-01,-9.986542084294425248e-02,7.689136112030657555e-02,7.492093563534264478e-01,-8.138712952552574764e-01
2.618321490567335985e+00,-5.629185786159445620e-02,7.485866631925334191e-01,3.734799815188869637e-02,1.678956182887899468e-02,1.306484855816185571e-02,9.990758466601986632e-01,2.068147736946055748e-01,-1.675588390223488322e-01,-5.128856932429604748e-02,4.227301239400798050e-01,-2.364344699678372075e-01,6.682272555188215057e-02,-5.413440262188266017e-01,-3.472758477111718978e-02,-7.383208782085520783e-02,3.895398562625845829e-01,2.151829035448150559e-02,-1.193547145436860656e-02,-2.529336606361009751e-02,-4.114214978304508996e-02,6.991562842010590195e-02,-3.346599609420786714e-01,9.400960113042794442e-01,8.461774475485825953e-01,2.497603356190951085e-01,-9.652186997747662367e-02,7.261697397377153695e-02,7.548857579087279168e-01,-8.144984758900777333e-01
2.624548166914339564e+00,-5.760682357644311691e-02,7.491419843594997463e-01,3.453380857239169571e-02,1.642062486012571543e-02,1.279889846011725459e-02,9.991866529046992129e-01,2.036303118835787740e-01,-1.581805603125242266e-01,-5.311050561926436431e-02,4.462252087471245687e-01,-2.136609580443944445e-01,5.260376920409013529e-02,-5.354477035866317403e-01,-2.750112130191758111e-02,-7.863504900900757100e-02,4.006062379478556035e-01,1.059305181785545787e-02,-2.327513070822437996e-02,-2.697463647831731953e-02,-3.193792465078529319e-02,6.923602629567285338e-02,-3.313759155923609590e-01,9.506817273180978578e-01,8.465216203024045205e-01,2.496757874454713921e-01,-9.312853925185524129e-02,6.813897056112709627e-02,7.604188183185468519e-01,-8.149771396189064987e-01
2.630673336370155102e+00,-5.900544050723750822e-02,7.498101698077219712e-01,3.137179102610559295e-02,1.614778918715005507e-02,1.291976102825691253e-02,9.992937963199785001e-01,1.965271931575115205e-01,-1.473742933316892212e-01,-5.470944210894338605e-02,4.724978077426522649e-01,-1.854028253740028775e-01,3.470896066033041932e-02,-5.284161026522984361e-01,-1.982679891067539238e-02,-8.423326205980886938e-02,4.098270408153389943e-01,-1.904188876416806767e-03,-3.401957566631972490e-02,-2.867792086231812573e-02,-2.335927291863516483e-02,6.894802969153185357e-02,-3.286050018095622582e-01,9.611258816528113202e-01,8.471543885197825308e-01,2.490795970079903443e-01,-8.954466957435959495e-02,6.351370802084654876e-02,7.657004954218321613e-01,-8.153700918310778922e-01
2.636776720938862617e+00,-6.049816013600040759e-02,7.506053865276823833e-01,2.802359768173430174e-02,1.589619801304345548e-02,1.337144814393966680e-02,9.993914114280932903e-01,1.860460973141967733e-01,-1.361212256080968908e-01,-5.635723918190646553e-02,5.025903344069716505e-01,-1.552453907845055825e-01,1.544618343787830181e-02,-5.201193484428819902e-01,-1.203908514466621102e-02,-9.055266927432653601e-02,4.171375724069188440e-01,-1.512126068556422440e-02,-4.402353955887633452e-02,-3.027327709391072069e-02,-1.525343010736144797e-02,6.925408768379003044e-02,-3.267404766411367567e-01,9.711374111984844015e-01,8.485051063675933536e-01,2.479844862506662972e-01,-8.572892224864231414e-02,5.874295604921439540e-02,7.707392929934266945e-01,-8.156212699070427563e-01
2.642946008591644969e+00,-6.208298472538028440e-02,7.513831295402743082e-01,2.463968452977241541e-02,1.558503637061817854e-02,1.409176396158787550e-02,9.994755698745471095e-01,1.734692290027656514e-01,-1.249360303755738949e-01,-5.848473229978620042e-02,5.360736997112977020e-01,-1.246925693102437088e-01,-4.768424417045731556e-03,-5.108789038653037684e-01,-4.556371174581705027e-03,-9.761498511781699361e-02,4.230601640105694505e-01,-2.787412071778021597e-02,-5.338416482912932554e-02,-3.184343255432864339e-02,-7.261844433850679278e-03,7.031564477667760771e-02,-3.260767972201876197e-01,9.805980554569608820e-01,8.508664235651770547e-01,2.464711923517708680e-01,-8.171564626410732224e-02,5.377997723966057575e-02,7.755374978314413248e-01,-8.156817024831242158e-01
2.649113322619783606e+00,-6.372852364571927886e-02,7.520565984894703737e-01,2.122155568729464092e-02,1.526699202392412837e-02,1.514762725993311007e-02,9.995434527408734171e-01,1.581880231357404298e-01,-1.138476957467374484e-01,-6.076608092890219831e-02,5.736092289695847724e-01,-9.376264004438987498e-02,-2.575677271245241720e-02,-5.010973102543846425e-01,2.603958624313052611e-03,-1.054098903579400170e-01,4.278621753369251657e-01,-4.024069709914805670e-02,-6.238768564598118349e-02,-3.352962357000584953e-02,2.666664200280301905e-04,7.220599481279967036e-02,-3.268306933109275669e-01,9.894240749331661977e-01,8.544009313411751183e-01,2.446289605306324610e-01,-7.764278509833402731e-02,4.870878950129219759e-02,7.801152469351566587e-01,-8.156372446481291449e-01
2.655154908197780994e+00,-6.538502782883280628e-02,7.525669568118610320e-01,1.771252063858688372e-02,1.496141749390804063e-02,1.658019663403427491e-02,9.995936619660635847e-01,1.395876745627496196e-01,-1.028244209620154254e-01,-6.279012882449980237e-02,6.158445821106227624e-01,-6.237725672318700926e-02,-4.679574351150695560e-02,-4.910245755166426362e-01,9.642322005616725880e-03,-1.138281508920595958e-01,4.316786873446999961e-01,-5.272525303920581885e-02,-7.129993881417953649e-02,-3.537205038618264352e-02,6.753960313979486332e-03,7.491928614781966089e-02,-3.290418604888435961e-01,9.975078057393605979e-01,8.591274961036299285e-01,2.425653098394545681e-01,-7.368678147408470880e-02,4.365745712285771379e-02,7.845245792167526711e-01,-8.155689618759803805e-01
2.661101278573616558e+00,-6.706150021460077770e-02,7.528400183979940818e-01,1.410078506472087212e-02,1.466537810605691126e-02,1.844183995957720396e-02,9.996229254496268313e-01,1.183329762414111197e-01,-9.170083979826569587e-02,-6.475563225804578660e-02,6.618942797391533794e-01,-3.038540592079726210e-02,-6.798060624529975171e-02,-4.809818324183426919e-01,1.655626556372116753e-02,-1.229074093563000819e-01,4.349103739965549664e-01,-6.463388524450472405e-02,-8.025425516023337869e-02,-3.735743988461507487e-02,1.185251280682412048e-02,7.856841139999420909e-02,-3.329237897798550949e-01,1.004890619243083094e+00,8.651041854579885060e-01,2.407646691183205345e-01,-6.998387620752730132e-02,3.866803843471115082e-02,7.886682720488650267e-01,-8.154132150493151876e-01
2.667029146736176415e+00,-6.879570933616642459e-02,7.528010389855795959e-01,1.039037454610579683e-02,1.439853012917385183e-02,2.084548342990499847e-02,9.996250238301781499e-01,9.494989947368011329e-02,-8.018998566971122233e-02,-6.676628614968897757e-02,7.108186820414601481e-01,2.582157518640992855e-03,-8.968418984302505004e-02,-4.713540554385840520e-01,2.322927244307161632e-02,-1.328148330344427475e-01,4.380518145164886135e-01,-7.485226236647074538e-02,-8.938607063209134951e-02,-3.957890929986292855e-02,1.528545019054856902e-02,8.327354318202197236e-02,-3.385365199123553381e-01,1.011644261551773782e+00,8.723056664316882758e-01,2.397212927459743681e-01,-6.664180572873092123e-02,3.371408443586287190e-02,7.925111808335255636e-01,-8.151165695400719446e-01
2.673160388570156254e+00,-7.062960537275685124e-02,7.526445604619335095e-01,6.664791895973564209e-03,1.413379639734870484e-02,2.350914225078409164e-02,9.996014888839521717e-01,7.089311384281407613e-02,-6.814022511337951282e-02,-6.861253014236524950e-02,7.599782865138842158e-01,3.803146110125157214e-02,-1.125651186158439093e-01,-4.616910618644062270e-01,2.960159677870279060e-02,-1.434397740838148083e-01,4.411082889789192385e-01,-8.338060334107760818e-02,-9.813932782134122956e-02,-4.169102571464770868e-02,1.746335682901266340e-02,8.896460638897051021e-02,-3.456322176897129173e-01,1.018029626517069186e+00,8.804326979112151452e-01,2.397258351165101053e-01,-6.377004888195290933e-02,2.902820167407110449e-02,7.962657048531965875e-01,-8.147773106707894009e-01
2.679721973037304750e+00,-7.261635491776098628e-02,7.526785472587474990e-01,2.977430576160237236e-03,1.389172920261396750e-02,2.629175888998273522e-02,9.995533425897711322e-01,4.636093511596238448e-02,-5.524160628856499000e-02,-7.012977453055040111e-02,8.075129054779000004e-01,7.852027876310513355e-02,-1.379227841178178315e-01,-4.514148790269387201e-01,3.541783677864026453e-02,-1.548594317412219090e-01,4.438664726688817397e-01,-9.048654139491196791e-02,-1.048762422101707781e-01,-4.366524245423031303e-02,1.882891890558124545e-02,9.552840406408488749e-02,-3.539460224993098425e-01,1.024318142223929584e+00,8.892201802537240685e-01,2.408903589511937615e-01,-6.139185162933884221e-02,2.476511513335409934e-02,8.001165269849758177e-01,-8.144758575512371923e-01
2.686436842472672559e+00,-7.466082723453942860e-02,7.527712108179085426e-01,-7.708048539567712238e-04,1.371574857649794470e-02,2.954998981249503179e-02,9.994689000679035651e-01,2.014740122142095677e-02,-4.181995162996813425e-02,-7.167903431396431546e-02,8.546536208298424198e-01,1.239529822837035500e-01,-1.636029576295631449e-01,-4.405474519062153038e-01,4.082765591241363512e-02,-1.672167696537356085e-01,4.459839782263407271e-01,-9.743081617651522253e-02,-1.107940044546032315e-01,-4.620136407052689853e-02,1.916002624793401027e-02,1.027103263792454729e-01,-3.628609716059459922e-01,1.029750124699640113e+00,8.981674565949332445e-01,2.421860450909760487e-01,-5.956439562216712946e-02,2.099414912300073127e-02,8.036901853273830110e-01,-8.144090116403547297e-01
2.692976866342760012e+00,-7.659124553304345884e-02,7.527186496838074170e-01,-4.451282794627013477e-03,1.353329632660804638e-02,3.297164476781192649e-02,9.993547451297380979e-01,-6.386273998805806762e-03,-2.963851784959104646e-02,-7.294101258806467980e-02,9.039101197314521885e-01,1.632822754477805949e-01,-1.845319004613519276e-01,-4.294395660325329156e-01,4.587716460709020949e-02,-1.797716702577617509e-01,4.473489015994660534e-01,-1.043030173593266635e-01,-1.158599610783362932e-01,-4.888615739378283226e-02,1.857085525454037211e-02,1.102307459825082603e-01,-3.718161272731795863e-01,1.033735584129495289e+00,9.069469534067245986e-01,2.423431688485166990e-01,-5.828352762618909527e-02,1.778845497949228111e-02,8.069593632407968675e-01,-8.146961007993765991e-01
2.699416916804532551e+00,-7.844732495643122472e-02,7.527095368977523293e-01,-7.685625557114267661e-03,1.320447767676042466e-02,3.613008859450234089e-02,9.992302985934889969e-01,-3.272164860838314843e-02,-1.930743803596714908e-02,-7.260809978574687962e-02,9.554171822320604024e-01,1.865457436972285110e-01,-1.973347174966181006e-01,-4.176146692304541497e-01,5.064430443833205231e-02,-1.913007096054497591e-01,4.479198545061595649e-01,-1.120017697817553420e-01,-1.201413291225292695e-01,-5.097090348186854997e-02,1.803063341927970201e-02,1.181975122925207067e-01,-3.801191756141761857e-01,1.036161163021863452e+00,9.150086328643758371e-01,2.413430295002991777e-01,-5.705619465585747702e-02,1.534308249452703832e-02,8.104355732112442645e-01,-8.154489860245850430e-01
2.705831091203500627e+00,-8.025435947867756714e-02,7.528374511335774733e-01,-1.090826287814186842e-02,1.285572888914314829e-02,3.944156948237141636e-02,9.990796280974223453e-01,-5.948713796812741400e-02,-8.775475865838119546e-03,-7.213254451396659828e-02,1.002937286173021247e+00,2.111621992439475792e-01,-2.065291847570900341e-01,-4.049557484654638384e-01,5.604683162155112836e-02,-2.019836141395122964e-01,4.474769961268957874e-01,-1.219174289955328727e-01,-1.237121734779112331e-01,-5.276853274199759525e-02,1.794816597430174548e-02,1.263016377558817960e-01,-3.874951610303710159e-01,1.036897423722481504e+00,9.220745899674956947e-01,2.398724318776672693e-01,-5.598248227506422842e-02,1.371966750124251413e-02,8.134443342759473117e-01,-8.166787566239549490e-01
2.712230533715420666e+00,-8.200727066590611514e-02,7.530257879891893991e-01,-1.400445879192476623e-02,1.242574209346108613e-02,4.278903248288790095e-02,9.989086919065980341e-01,-8.648721170413345427e-02,1.567387605419382976e-03,-7.159106915648172365e-02,1.047633137856328167e+00,2.326348297499715445e-01,-2.118995777459439789e-01,-3.911831439609191330e-01,6.197697535522076612e-02,-2.117401414660409487e-01,4.453209006390797531e-01,-1.321536018964412362e-01,-1.269169351128543177e-01,-5.432585248576941861e-02,1.840884806465073464e-02,1.344509717178393460e-01,-3.933114939497887041e-01,1.035861134532749528e+00,9.274943316676741434e-01,2.377770598397017376e-01,-5.517849667500188127e-02,1.297534065963208867e-02,8.159712073276161881e-01,-8.184705273532298930e-01
2.718574649810734822e+00,-8.367365614746068159e-02,7.531824687338123381e-01,-1.689333145640121991e-02,1.189421069080168376e-02,4.597898810750608578e-02,9.987287298145364201e-01,-1.137081855928951946e-01,1.089585681297632579e-02,-7.102086725987516447e-02,1.090296524193405947e+00,2.434642423874261719e-01,-2.127923075738104297e-01,-3.765445947154320017e-01,6.829884943899577898e-02,-2.205058854197432250e-01,4.413755911409085186e-01,-1.412756587485378690e-01,-1.301768637193112532e-01,-5.574714296575559308e-02,1.922251665589507288e-02,1.425030869350342178e-01,-3.972217258246728555e-01,1.033218605582369998e+00,9.309904880338695232e-01,2.346014295709855646e-01,-5.486286394976807451e-02,1.303020550511356859e-02,8.182065795058223179e-01,-8.208392173554405202e-01
2.724871216882433167e+00,-8.523226710818090912e-02,7.533343800464963325e-01,-1.953470688512350117e-02,1.124584503940460195e-02,4.890820172922285408e-02,9.985489041603701210e-01,-1.407909533762191634e-01,1.885292015416810754e-02,-7.017575930970913756e-02,1.130172734141960733e+00,2.462979173556030521e-01,-2.110202683255808509e-01,-3.615891189006978368e-01,7.460026372930567140e-02,-2.283610938568303161e-01,4.368094002440671697e-01,-1.505439718308446695e-01,-1.333963450495226355e-01,-5.658820738464660077e-02,2.040015330599534438e-02,1.503353812918832577e-01,-3.989678574909313880e-01,1.028906836318556506e+00,9.322641014776643642e-01,2.305630779119676732e-01,-5.495753234568007822e-02,1.376020476408008550e-02,8.202937301504343859e-01,-8.237116696414559236e-01
2.731141806894207047e+00,-8.665502712132289176e-02,7.535692665317568206e-01,-2.206369860827080143e-02,1.046821915594828636e-02,5.159165113248512929e-02,9.983696383360722848e-01,-1.674485495715714034e-01,2.553854918823532730e-02,-6.899122551361852596e-02,1.166714629214958832e+00,2.441931026453157960e-01,-2.079253002449404919e-01,-3.466751182325945035e-01,8.064202862319534704e-02,-2.357761717951866454e-01,4.328877926892680805e-01,-1.624891938232708444e-01,-1.364225780277997513e-01,-5.645026281609998031e-02,2.197655208802231849e-02,1.577633593929832767e-01,-3.985264295769202492e-01,1.022954878190435402e+00,9.313130877819427722e-01,2.260315679006165701e-01,-5.538485015150288598e-02,1.506608947140922368e-02,8.224209372801525308e-01,-8.270048252822518320e-01
2.737397189102252604e+00,-8.797269519908527957e-02,7.537212658984627778e-01,-2.437803989761827897e-02,9.600645139655524657e-03,5.404193651783480851e-02,9.981948747018564161e-01,-1.937023282076005548e-01,3.101842710689040744e-02,-6.833140131532644546e-02,1.199997871579132847e+00,2.363432062340246054e-01,-2.038763085091676863e-01,-3.318273016342359050e-01,8.681397378644145624e-02,-2.421208711082815934e-01,4.288705931379664382e-01,-1.744567767276579140e-01,-1.392471520685558684e-01,-5.607599617991464863e-02,2.415573010903811213e-02,1.648561913185920824e-01,-3.958194964223054058e-01,1.015290617787077077e+00,9.280678872981148464e-01,2.210120128823394037e-01,-5.608514476618807476e-02,1.700356968772883531e-02,8.244537157219047341e-01,-8.307255457919048292e-01
2.743598537854935238e+00,-8.919165005822761449e-02,7.536042679145729117e-01,-2.655996274474002605e-02,8.694933857717196055e-03,5.601120550694687478e-02,9.980389327886294293e-01,-2.197141722693173593e-01,3.604129525437624326e-02,-6.905912221734665513e-02,1.230274554687619259e+00,2.223041333938776953e-01,-1.990262256940642238e-01,-3.176681956780408878e-01,9.381538412370259150e-02,-2.468015359348401661e-01,4.248782762202177321e-01,-1.848696338817494289e-01,-1.420242090808095936e-01,-5.599082388719295311e-02,2.695259388137262804e-02,1.714591657031961924e-01,-3.909047944924423645e-01,1.006127065182991442e+00,9.226551698698602921e-01,2.152056199931313141e-01,-5.719972414128796784e-02,1.953068713816528273e-02,8.263073168023239434e-01,-8.348537935288316003e-01
2.749781250387700382e+00,-9.031596455948567859e-02,7.533934402209141457e-01,-2.848718452912142249e-02,7.724427259037490098e-03,5.746415275157446684e-02,9.979111607200649159e-01,-2.450073574483286887e-01,4.007532123214628539e-02,-6.988912012909631599e-02,1.256548120293181858e+00,2.062332357972417596e-01,-1.934784725208555933e-01,-3.038198798149057134e-01,1.009171163932121029e-01,-2.501240959707469735e-01,4.211311568657525872e-01,-1.950207828060807891e-01,-1.447546511775404110e-01,-5.552886217779687272e-02,3.045890107206261285e-02,1.776507149103578043e-01,-3.839776865754732649e-01,9.954378087327060420e-01,9.155609854284352256e-01,2.087434350732051414e-01,-5.845870637749830262e-02,2.253262398647084067e-02,8.280845312974700612e-01,-8.392495162747436455e-01
2.756007569630820608e+00,-9.132793319569335044e-02,7.534010403325377414e-01,-3.030937838304128759e-02,6.695492599232012905e-03,5.867360412168630412e-02,9.977945464199374781e-01,-2.693262495759072839e-01,4.266200212674143427e-02,-6.976246538798744345e-02,1.278325172054634695e+00,1.907498568841996256e-01,-1.873443519215500785e-01,-2.896112231042679008e-01,1.074341701316329500e-01,-2.533560320701193080e-01,4.179346501285417514e-01,-2.085282192929124867e-01,-1.474351907504469483e-01,-5.418705735696342091e-02,3.475431717574416907e-02,1.833580561342185999e-01,-3.753087250365018668e-01,9.833738557740520081e-01,9.071787690906419899e-01,2.018996143821877032e-01,-5.969538610809930340e-02,2.593707319802722108e-02,8.299423550226883162e-01,-8.438108308843861316e-01
2.762287275277504506e+00,-9.223749019388248482e-02,7.534585921586340884e-01,-3.196897571897422408e-02,5.637338512535348782e-03,5.969254971042389779e-02,9.976888315076214431e-01,-2.926820675472439071e-01,4.360297546552287934e-02,-6.952241899580288709e-02,1.295924298342324921e+00,1.747102708864312071e-01,-1.811027528036409096e-01,-2.751473529025513787e-01,1.134379269608110918e-01,-2.563610017937863472e-01,4.147868699050900054e-01,-2.231241414561671577e-01,-1.499209527282067689e-01,-5.237030577170736362e-02,3.992979970883085011e-02,1.887597830273788080e-01,-3.652202175401217943e-01,9.698649446698214271e-01,8.976973871385351966e-01,1.945545193442692333e-01,-6.088623690432477809e-02,2.947013636584529944e-02,8.320444553261328036e-01,-8.484546063536823057e-01
2.768579001181167065e+00,-9.304065525300143913e-02,7.533080068099986537e-01,-3.352941996186051266e-02,4.563833968217026298e-03,6.032986621817119227e-02,9.976047597413661983e-01,-3.151792057984665330e-01,4.338568476830255427e-02,-7.023750834626298067e-02,1.309840420741951617e+00,1.572372211271229614e-01,-1.749962755158379069e-01,-2.612123521666993020e-01,1.195090751183310873e-01,-2.585846967412916975e-01,4.120281531268439323e-01,-2.367872829927319400e-01,-1.521345212462305863e-01,-5.034785394436160078e-02,4.591148655052074146e-02,1.938828086100799208e-01,-3.539488898450969812e-01,9.550192711264019474e-01,8.872778067642920208e-01,1.863554082698775094e-01,-6.219272884109744437e-02,3.288748690651099177e-02,8.345650838812309624e-01,-8.531338107209425203e-01
2.774895866609941031e+00,-9.373700702747672642e-02,7.528994158365938105e-01,-3.489054709485867739e-02,3.475950079244393386e-03,6.061545046399297032e-02,9.975451541957963686e-01,-3.367252997986158736e-01,4.235371401001718911e-02,-7.122374720491396471e-02,1.319731429557581492e+00,1.400057184306856828e-01,-1.695257201137553293e-01,-2.473659673027288619e-01,1.252209560587610737e-01,-2.603684398201306371e-01,4.087554956706964115e-01,-2.472070009121896672e-01,-1.547071582905063802e-01,-4.798163601535517658e-02,5.255953910683559133e-02,1.986647280608465904e-01,-3.415889785070529983e-01,9.394194997143489045e-01,8.762542268421356084e-01,1.776714635706451717e-01,-6.360773929912734437e-02,3.617834688527899606e-02,8.372618949385556286e-01,-8.578646108996800246e-01
2.781252453757808052e+00,-9.432064175977902809e-02,7.522413893499856341e-01,-3.601435384892996000e-02,2.393540450106184086e-03,6.063709965579892891e-02,9.975071034738324238e-01,-3.573482759483797566e-01,4.084610065988988903e-02,-7.173232520699376891e-02,1.325514544059636757e+00,1.239616805884412032e-01,-1.648974522032038981e-01,-2.332954052199721351e-01,1.301935077790091488e-01,-2.622080224106618229e-01,4.044162821279237430e-01,-2.531519966683040690e-01,-1.583229406873963296e-01,-4.511326844147159343e-02,5.977944137128491514e-02,2.030202092769190780e-01,-3.282542904679819351e-01,9.235707414381058022e-01,8.648381792134612889e-01,1.689006819454969277e-01,-6.514763586047996047e-02,3.938411763641537500e-02,8.399337702858834520e-01,-8.626553790293323143e-01
2.787605016640806177e+00,-9.480088823524800146e-02,7.513812926230079015e-01,-3.698859685151383025e-02,1.394465628840243013e-03,6.032724534164447122e-02,9.974921165794020661e-01,-3.772708556903994759e-01,3.946102434200866177e-02,-7.218447990732709818e-02,1.327213578681676109e+00,1.065837359495624553e-01,-1.599850566584274103e-01,-2.201533855793645633e-01,1.347813139495296630e-01,-2.636172762115265300e-01,4.008627418333740589e-01,-2.574046597662965064e-01,-1.626877703466802771e-01,-4.182374355710168773e-02,6.711465169142614984e-02,2.068268515943250119e-01,-3.143597393524454331e-01,9.075732496510912073e-01,8.531232898994559610e-01,1.600784093716825507e-01,-6.683171028925617707e-02,4.238727865827054964e-02,8.425245798378651063e-01,-8.672872664811133170e-01
2.793911551173728469e+00,-9.518821632349014350e-02,7.503639218913851217e-01,-3.784202212793313924e-02,5.079725887582471058e-04,5.963734219469456893e-02,9.975024364587142811e-01,-3.966237440224478772e-01,3.858404688234517987e-02,-7.324783161833796352e-02,1.324939575674893177e+00,8.647427912624611190e-02,-1.542253371119448047e-01,-2.086009281743024801e-01,1.391265599615961190e-01,-2.642065746727470521e-01,3.993024706990546124e-01,-2.618891329158404835e-01,-1.673312650159014259e-01,-3.833153679764205596e-02,7.410428576137029211e-02,2.099347792369155308e-01,-3.001650409405205444e-01,8.913652817582301546e-01,8.411750360079363054e-01,1.512209006661287269e-01,-6.867204039842787766e-02,4.510083197467479321e-02,8.449807358703874671e-01,-8.716594203164439447e-01
2.800264095457467128e+00,-9.547725481359364830e-02,7.495645974395549471e-01,-3.856243679858020051e-02,-3.000012490289761949e-04,5.880989075663871357e-02,9.975240574625749979e-01,-4.158133545954782462e-01,3.664075512163393611e-02,-7.527780097448140417e-02,1.319739367451447709e+00,6.538235833069470926e-02,-1.474876346580492603e-01,-1.962754258015869391e-01,1.436891003887756646e-01,-2.638325773911907035e-01,3.967188920101187843e-01,-2.668138588813897538e-01,-1.722721842922680102e-01,-3.522779173662805158e-02,8.088604410587930948e-02,2.122315112639416024e-01,-2.857287088340143555e-01,8.751381394403147107e-01,8.292004680349013279e-01,1.428044802902319887e-01,-7.054879212204727412e-02,4.778395244942693770e-02,8.467826520471883889e-01,-8.758362320694128567e-01
2.806796613889686043e+00,-9.567847589104949702e-02,7.493678724809991198e-01,-3.892553213112422139e-02,-9.565042279776587259e-04,5.793010055188892171e-02,9.975610591239839620e-01,-4.353148474565778359e-01,3.190619159349358108e-02,-7.754427752930609374e-02,1.312635350063349193e+00,4.447531283597083024e-02,-1.398220045223620145e-01,-1.810107205526294838e-01,1.485158330118676595e-01,-2.620792637344747100e-01,3.898380951139576167e-01,-2.719440938523942641e-01,-1.777021929152725055e-01,-3.275392801094652306e-02,8.781440807499851786e-02,2.138256796757651568e-01,-2.711212536199248402e-01,8.589190028580541147e-01,8.172971476244567102e-01,1.354173972969155981e-01,-7.217772473110789511e-02,5.066937122658198706e-02,8.474499952918953527e-01,-8.798756207876117230e-01
2.813397561038293304e+00,-9.585368030351303081e-02,7.491602161100251456e-01,-3.899904625566114058e-02,-1.452448864878049667e-03,5.670537450491729137e-02,9.976279192593301426e-01,-4.539017904687663307e-01,2.780577140215281795e-02,-7.843040064301519398e-02,1.302139938301582811e+00,2.297916445241731526e-02,-1.316295237067489909e-01,-1.669171619287544983e-01,1.525940900053469607e-01,-2.593977203903199968e-01,3.843421997857077166e-01,-2.778558426784296653e-01,-1.824291044104893456e-01,-2.913813284482515489e-02,9.492648302059859822e-02,2.151123083460085295e-01,-2.566856188461265065e-01,8.426789419110792823e-01,8.057320986718348177e-01,1.283888312135564869e-01,-7.348322782272752318e-02,5.352811624225879694e-02,8.465811740518316419e-01,-8.833210201288694829e-01
2.819834712993840142e+00,-9.597250267233466137e-02,7.484424473637817377e-01,-4.017773002964918766e-02,-2.122367357788547491e-03,5.512323164739772741e-02,9.976686197827464575e-01,-4.700239246749882693e-01,2.950699427714846210e-02,-7.962416320238549505e-02,1.287138000736698817e+00,3.322626994830442382e-04,-1.231697623916902795e-01,-1.590314072783406973e-01,1.565752723146544567e-01,-2.613952430834351470e-01,3.880588788957373692e-01,-2.840510014037634368e-01,-1.845874691155901803e-01,-2.313935298776655450e-02,1.019308060301421098e-01,2.154556441375743148e-01,-2.425470554466068185e-01,8.272823679850438428e-01,7.946063925544567530e-01,1.201483888302749825e-01,-7.514623621325478009e-02,5.608529508591331841e-02,8.446552969903821095e-01,-8.859981816273311273e-01
2.826347469325020789e+00,-9.607271184443751111e-02,7.476689255260717815e-01,-4.116308549434902209e-02,-2.828083406479307144e-03,5.387800709981786090e-02,9.976947241956243273e-01,-4.852297719030798651e-01,3.102663356653258611e-02,-8.166673844090460710e-02,1.268639894195434881e+00,-2.034776396395634665e-02,-1.160499786895013707e-01,-1.508406147192489499e-01,1.602322468720568938e-01,-2.628021340396112238e-01,3.924215780365201134e-01,-2.911811443515804898e-01,-1.872656209445481001e-01,-1.799517256809256976e-02,1.089538277781639947e-01,2.154706915072713558e-01,-2.292007153592323931e-01,8.123105449437174608e-01,7.839205268980639074e-01,1.121802834207770022e-01,-7.672323926559070084e-02,5.856359890512469885e-02,8.420179075618607900e-01,-8.883105272515479101e-01
2.833153982660814307e+00,-9.611161464690834433e-02,7.476100049374305723e-01,-4.136885238800243336e-02,-3.334730807103183925e-03,5.263999540901508761e-02,9.977507652248732706e-01,-5.014110500422691574e-01,2.904255111587498647e-02,-8.395275549166034135e-02,1.247986186436608635e+00,-3.761198591105442690e-02,-1.108585706312542329e-01,-1.384524033232401030e-01,1.643805767132131557e-01,-2.616928063651350334e-01,3.910163709115384023e-01,-2.991884034782845703e-01,-1.946134843384248192e-01,-1.530748850635686893e-02,1.156611454670784106e-01,2.147780033834444935e-01,-2.165414602633961016e-01,7.980533222176480201e-01,7.736585495771649557e-01,1.061270179200669989e-01,-7.819909636870298053e-02,6.109396009307319075e-02,8.392753574628418756e-01,-8.904817107273325094e-01
2.840150824644052996e+00,-9.612103008815151006e-02,7.477544508087151653e-01,-4.101193611272779121e-02,-3.653093948970181568e-03,5.108229370051490387e-02,9.978453163046765440e-01,-5.178690595734003477e-01,2.741267785316317887e-02,-8.531923126179161154e-02,1.224407607604000470e+00,-5.358438821734318180e-02,-1.064496953795821960e-01,-1.248073533635944421e-01,1.676687472845425908e-01,-2.587180996016678058e-01,3.877965596831190465e-01,-3.075667886876415902e-01,-2.012829465813748830e-01,-1.222413292387888699e-02,1.221167984300685766e-01,2.139863539952394089e-01,-2.046323472269871990e-01,7.838733700338308408e-01,7.641525495304614113e-01,1.011893565063667344e-01,-7.953031079829013528e-02,6.359403639590083257e-02,8.356323944676739002e-01,-8.920533338495892917e-01
2.847160815024259328e+00,-9.603106423909965605e-02,7.477773508278195980e-01,-4.206051112061068298e-02,-4.187438045287717944e-03,4.979162319274869214e-02,9.978648069887631200e-01,-5.333549812415347979e-01,3.187633440269007495e-02,-8.828124695155394053e-02,1.198796505769204268e+00,-6.917939086726528075e-02,-1.023518746686687408e-01,-1.136686025886098211e-01,1.708168183648875460e-01,-2.570904975651048807e-01,3.901661034092511748e-01,-3.190922192098102350e-01,-1.934956924134042799e-01,-7.113970713834467073e-03,1.280565057728268452e-01,2.125430142778645670e-01,-1.935356235133772473e-01,7.706141561773426352e-01,7.554905236497488907e-01,9.574468023819060480e-02,-8.149071803076712861e-02,6.584070267023187095e-02,8.312716975017664378e-01,-8.928620762552758050e-01
2.854213140582639419e+00,-9.594256394678432609e-02,7.478839923926993150e-01,-4.276288005901815459e-02,-4.602794835823706583e-03,4.842801572700251855e-02,9.979002343228018379e-01,-5.469525098491239135e-01,3.600996648441324305e-02,-8.944840982352122993e-02,1.170150878944284489e+00,-8.038111750420059987e-02,-9.979209508543931961e-02,-1.019292141713087352e-01,1.734183488155959518e-01,-2.547143149834624754e-01,3.912694190840511066e-01,-3.292726026553511320e-01,-1.840578185606625838e-01,-1.328486356523984196e-03,1.344329963567924557e-01,2.116278068638207388e-01,-1.838219303677282312e-01,7.578019937142500551e-01,7.479565731854037614e-01,8.967935494808446095e-02,-8.323104486826553294e-02,6.790723476259639957e-02,8.262017318820380485e-01,-8.931857237414121409e-01
2.861266235685434367e+00,-9.580088039430770253e-02,7.486878650523373091e-01,-4.327750827736625422e-02,-4.721884888772210319e-03,4.704227211662886238e-02,9.979438201758603633e-01,-5.584367513704218133e-01,3.731204178788215947e-02,-8.886987920112988937e-02,1.139653799249480182e+00,-8.784287910602905924e-02,-9.700357068144094264e-02,-8.931506582167600405e-02,1.764079870687492446e-01,-2.502138725023149712e-01,3.886386648288906454e-01,-3.274164608707609281e-01,-1.757823483179244417e-01,3.103483951186011662e-03,1.411117032338631005e-01,2.104180893886988257e-01,-1.755914610443312651e-01,7.467412691302318661e-01,7.416106665055260949e-01,8.314602020161780682e-02,-8.509675545531034113e-02,6.963327151639876755e-02,8.208036090563736176e-01,-8.931745685932205303e-01
2.868257153232824042e+00,-9.573813469445784097e-02,7.501212473080288712e-01,-4.324426049338245259e-02,-4.685398866390242008e-03,4.526888924058033309e-02,9.980274087612860390e-01,-5.670715489991648983e-01,3.547099071778306995e-02,-8.592302461065229324e-02,1.108055950287178293e+00,-9.323700226413260406e-02,-9.240775356443174660e-02,-7.891076395143828415e-02,1.790975599984926669e-01,-2.425084027905806405e-01,3.871250968185118713e-01,-3.169451420181025880e-01,-1.719919774374785160e-01,7.987209209539328919e-03,1.473251283584193494e-01,2.093560424542559306e-01,-1.687248317898907835e-01,7.362489089518838847e-01,7.364944903211734228e-01,7.702663023725346558e-02,-8.670547269103459631e-02,7.135040727497021784e-02,8.153186574892428151e-01,-8.925098947431171492e-01
2.875116775854503093e+00,-9.582190276817728614e-02,7.520790019955707617e-01,-4.301508023639971645e-02,-4.784592775410294839e-03,4.351843014018352829e-02,9.981147012154281128e-01,-5.727989270134467015e-01,3.056493464420764056e-02,-8.102761676167725968e-02,1.073386360082139834e+00,-9.647484317532949161e-02,-8.699162021862502647e-02,-7.254996198339457025e-02,1.824321554435485437e-01,-2.307748694000554546e-01,3.900914554132339229e-01,-3.010137101281857852e-01,-1.769379771883110852e-01,1.392198240395957701e-02,1.520896322529148026e-01,2.082978328736666274e-01,-1.630080830179855833e-01,7.255520007838889285e-01,7.325098277811156189e-01,7.220045202448717447e-02,-8.817504858925401257e-02,7.326610969081920333e-02,8.099677928835108398e-01,-8.911177333837921877e-01
2.881902984332822548e+00,-9.593725226694102548e-02,7.540146586900438042e-01,-4.387887793191463937e-02,-4.935395600327610079e-03,4.272931100013164368e-02,9.981104607823515495e-01,-5.767577914726814692e-01,2.772964228557876776e-02,-7.648930342650468728e-02,1.034410922836268565e+00,-9.650793773750389326e-02,-8.224520062807223753e-02,-6.580827101979491722e-02,1.879138574116016314e-01,-2.197998433847962729e-01,3.921629714769701014e-01,-2.834288268737821803e-01,-1.831358405902734632e-01,1.800829993453157210e-02,1.552943901536661953e-01,2.065379622498919876e-01,-1.586217737654450899e-01,7.167909072066790399e-01,7.296855551110088545e-01,6.836681293761509570e-02,-8.979377144103253827e-02,7.534032588085612381e-02,8.047879979609247059e-01,-8.895609613269299665e-01
2.888610628397664915e+00,-9.593572252785673160e-02,7.551311259877505622e-01,-4.531564638621046054e-02,-4.749938844423797803e-03,4.094042902974810022e-02,9.981220325053279385e-01,-5.789170033619763789e-01,3.061833607373184649e-02,-7.314294440515024809e-02,9.928441809579672261e-01,-9.480648628471952111e-02,-7.687831267428521520e-02,-5.786190173086544486e-02,1.875986350298434469e-01,-2.213321119947391225e-01,3.870580095864045722e-01,-2.958071047104945950e-01,-1.790164188160194014e-01,2.178697183299686119e-02,1.580416894093386593e-01,2.041569504973484162e-01,-1.553910600060508518e-01,7.102938877435110987e-01,7.279027433153151261e-01,6.426507499109376798e-02,-9.129023414725388752e-02,7.780388622008546640e-02,7.995901982851414402e-01,-8.880989368722786992e-01
2.895253137184146119e+00,-9.585986794925449583e-02,7.557631399102344716e-01,-4.624637790111019164e-02,-4.412866361777559830e-03,3.913291848958341812e-02,9.981535021388184825e-01,-5.788620490864568868e-01,3.339734545413790973e-02,-6.976097682382374765e-02,9.484978918391496761e-01,-9.313229724434392287e-02,-7.128597959728230626e-02,-5.037706867493291218e-02,1.863053852105428509e-01,-2.209852959496699243e-01,3.833413408056050020e-01,-3.057656651972784356e-01,-1.704311740694532951e-01,2.434908480583074589e-02,1.600488843475232348e-01,2.019230620805397280e-01,-1.532373461458324260e-01,7.053214099851804475e-01,7.271642139318379439e-01,6.002866802439554145e-02,-9.248775628247175862e-02,8.048791177342701220e-02,7.940310747677634673e-01,-8.861504080633927360e-01
2.901804598501951382e+00,-9.550655018859999235e-02,7.563555595587470037e-01,-4.625943923104443301e-02,-4.095064882879653756e-03,3.775776131482029563e-02,9.982072160559285479e-01,-5.764661741962840980e-01,3.241978564914904659e-02,-6.380793532768100351e-02,9.015607263303248020e-01,-9.295494170028766046e-02,-6.537299693938569689e-02,-4.426332946734850421e-02,1.822301294058911170e-01,-2.171429237323719841e-01,3.802718789570421198e-01,-3.031769148428933858e-01,-1.577570027719904511e-01,2.598206809823901814e-02,1.608986699870501580e-01,1.992576241503107581e-01,-1.520121313418674736e-01,7.017032613626708049e-01,7.273774297828362601e-01,5.575682092753156405e-02,-9.449135632285657338e-02,8.327905653747576242e-02,7.876887386095053900e-01,-8.835294575308280107e-01
2.908496052723299918e+00,-9.492591827560820095e-02,7.567156811633176661e-01,-4.612678861158929500e-02,-3.842076892415565749e-03,3.641522602452543222e-02,9.982642381309253521e-01,-5.722941088357411665e-01,3.088452714206994104e-02,-5.648460525410103905e-02,8.521619173206739228e-01,-7.876396817434450082e-02,-6.551659238397777862e-02,-3.837661878046652597e-02,1.787358529657332717e-01,-2.101700426319208503e-01,3.780295437217290888e-01,-2.939341109187306178e-01,-1.507832925557704429e-01,2.813962083050092211e-02,1.622233571515823980e-01,1.966402008713726834e-01,-1.518170291296156993e-01,6.984840889684544862e-01,7.285222305534361231e-01,5.170440901726091470e-02,-9.718999321614207876e-02,8.594602890361745240e-02,7.814149447013235550e-01,-8.808658069251439349e-01
2.915537993903050129e+00,-9.422025522524030139e-02,7.567245550738715965e-01,-4.619046105540053349e-02,-3.686129399019058041e-03,3.489879101281466445e-02,9.983160533088347721e-01,-5.666260210620394089e-01,3.081971543194867921e-02,-4.879705335903324059e-02,8.033510016147391575e-01,-5.304430457082590783e-02,-7.089746530893263621e-02,-3.133274263856748731e-02,1.772969201183479115e-01,-2.012749810520410576e-01,3.764767048707645669e-01,-2.850125605568155640e-01,-1.506226774649724043e-01,3.179750079764724624e-02,1.654124130815561311e-01,1.947369365503386907e-01,-1.525502417630242857e-01,6.953680503279977554e-01,7.305014899015220831e-01,4.799504823878239512e-02,-1.000696280769760027e-01,8.833462131555218366e-02,7.762747345102888330e-01,-8.784011178066079006e-01
2.922590023857165598e+00,-9.347723258136622637e-02,7.569964057952504044e-01,-4.642867460074133479e-02,-3.613651662143539493e-03,3.340965032244611749e-02,9.983562064522938373e-01,-5.538642429166286130e-01,3.164421832227157921e-02,-4.415240076607575281e-02,7.511946172403489719e-01,-3.453415488180168469e-02,-7.432240899189186678e-02,-2.442919333557515282e-02,1.753453053484150259e-01,-1.939243727311959486e-01,3.766040241299301039e-01,-2.742708741872572076e-01,-1.425200103793893835e-01,3.570934276834422660e-02,1.688684238198000231e-01,1.931637663826005491e-01,-1.537899070862523143e-01,6.925042026997305644e-01,7.327833160857066819e-01,4.369327861378517058e-02,-1.032582398562065518e-01,9.033124399961353634e-02,7.723280605447397917e-01,-8.760142631263798663e-01
2.929260906644746143e+00,-9.274574796725373882e-02,7.581624674399128905e-01,-4.735631159422209330e-02,-3.030079254760732234e-03,3.210391596518383933e-02,9.983574194403531665e-01,-5.319795512167905249e-01,3.239613119852791795e-02,-4.947852949393707900e-02,6.875431532091214049e-01,-4.183185261801090904e-02,-7.177426451491730752e-02,-2.007222770784952703e-02,1.715768369920767089e-01,-1.918576970412478322e-01,3.794052543569269575e-01,-2.669175373566355369e-01,-1.085573982001167281e-01,3.882166112516471229e-02,1.709327869747596651e-01,1.911860543405169144e-01,-1.553718301943783076e-01,6.899768320460867299e-01,7.351521696905386483e-01,3.824878295962572811e-02,-1.072887070402383375e-01,9.184143390219857983e-02,7.691937165987163816e-01,-8.736441698051774507e-01
2.935613234204965671e+00,-9.237741044956790382e-02,7.602393306661929806e-01,-4.851161168664650664e-02,-2.099819379737086125e-03,3.051851757788931821e-02,9.983540626325835277e-01,-5.155515669998743666e-01,3.639935920391607072e-02,-5.121507791254957531e-02,6.344724459265470573e-01,-4.278251270939232437e-02,-7.142060931873854546e-02,-1.626001248606285740e-02,1.697106897062281017e-01,-1.905057713859968915e-01,3.802601491954832880e-01,-2.456354913422054420e-01,-7.946771652618372928e-02,3.994182990592410470e-02,1.730014777091163358e-01,1.896419244415661065e-01,-1.568242125242525487e-01,6.881661132837844086e-01,7.381327881335079111e-01,3.454441867702227886e-02,-1.101680441830009544e-01,9.406587584792934498e-02,7.658392395167614719e-01,-8.714268195831713637e-01
2.941641010177908022e+00,-9.291877530311540290e-02,7.631858785148779578e-01,-4.756108951776026605e-02,-1.806001812809426106e-03,2.883000063085297549e-02,9.984505775873885325e-01,-5.148845580949289458e-01,4.258887914112344242e-02,-3.971265809925468571e-02,6.047678332397735668e-01,-2.454827475082182325e-02,-7.326500260847894352e-02,-9.893684828436347112e-03,1.704420325381798829e-01,-1.799706425069561300e-01,3.780598500515939819e-01,-2.389650586931490739e-01,-8.755088370476560300e-02,3.711346552120604186e-02,1.755258509977100367e-01,1.907529662582327090e-01,-1.577480549258065412e-01,6.871354985484069422e-01,7.418345242020598640e-01,3.487760151423469068e-02,-1.086581799148754746e-01,9.775582399495109931e-02,7.618526361008337577e-01,-8.693914401666374969e-01
2.947014116424820251e+00,-9.363270452506049224e-02,7.660677576446977000e-01,-4.680988919839966511e-02,-1.633614700048451095e-03,2.689283283586249573e-02,9.985404053508840638e-01,-5.189113209392001158e-01,5.263712063135707331e-02,-2.665978124833087368e-02,5.772347041586292082e-01,1.088382322580961487e-02,-7.496569965234520239e-02,-1.280370244480268788e-03,1.725344546281706026e-01,-1.704098491579367491e-01,3.711130869243577379e-01,-2.282624381885191289e-01,-1.015032334103334322e-01,3.582358953136820234e-02,1.760778615469750230e-01,1.912715810188366783e-01,-1.584220075007483353e-01,6.868392384298922515e-01,7.457325307383112500e-01,3.436192640180373709e-02,-1.062038993519905938e-01,1.014794366057891334e-01,7.583564407351818248e-01,-8.670247385149412178e-01
2.950839859799950116e+00,-9.395638620540608388e-02,7.677999104045661882e-01,-4.750819533284585117e-02,8.705079535698608418e-05,2.686532286038175246e-02,9.985094983153556258e-01,-5.310659157820964982e-01,5.828602430776935045e-02,-2.663665445776602567e-02,5.220378313489110189e-01,-2.395819420544904876e-02,-6.326650386026733131e-02,5.453364201531970407e-03,1.747419231315225918e-01,-1.625847828661700079e-01,3.616929368903942787e-01,-2.620872915685197868e-01,-8.455797893571115331e-02,3.760898102517000463e-02,1.704368247384089596e-01,1.892428211822230200e-01,-1.593461451740220691e-01,6.858042862415643093e-01,7.496212747934671849e-01,2.712756190649646265e-02,-1.054713609898825788e-01,1.036806485291492108e-01,7.550039804466128768e-01,-8.641766338537758552e-01
2.954904063905447575e+00,-9.393696865441319988e-02,7.685419371348690687e-01,-4.857157185842390923e-02,1.699740165859955042e-03,2.678119385204033934e-02,9.984591533690451159e-01,-5.406126394676401548e-01,6.164197676640165158e-02,-2.780229031218727637e-02,4.602856601645051171e-01,-5.091799806921392529e-02,-5.459685194198080765e-02,1.387479085462809021e-02,1.774074742779314928e-01,-1.561327103282032225e-01,3.516888911530334783e-01,-2.897992815409261569e-01,-7.074506112709597061e-02,4.112637433932500586e-02,1.660072127180476365e-01,1.867251530226716472e-01,-1.608750938193223290e-01,6.842996933916799529e-01,7.538835176683278405e-01,1.895555907834595849e-02,-1.061967900349427701e-01,1.058350133096366968e-01,7.511788915550204893e-01,-8.612592105203229487e-01
2.961030605622353651e+00,-9.364542221928638666e-02,7.685002116658522509e-01,-4.853432846979682802e-02,2.357110802824243651e-03,2.520162157342063433e-02,9.985007292549530344e-01,-5.364567336621083316e-01,6.236158553616961975e-02,-2.133328508579419164e-02,4.073960336812276206e-01,-4.146102054106555468e-02,-5.355926450315633136e-02,2.639320398964430797e-02,1.794298323829832120e-01,-1.515041834404683985e-01,3.435412802212509109e-01,-2.900099185473654639e-01,-7.034714085250860782e-02,4.442338516603117765e-02,1.694808119047421513e-01,1.857258508508853878e-01,-1.632477448500604944e-01,6.840727698294147840e-01,7.586098638473541822e-01,1.591371075010374059e-02,-1.075761428083932547e-01,1.086820471057393794e-01,7.476257731073113755e-01,-8.584302123614083735e-01
2.961030605622353651e+00,-9.364542221928638666e-02,7.685002116658522509e-01,-4.853432846979682802e-02,2.357110802824243651e-03,2.520162157342063433e-02,9.985007292549530344e-01,-5.364567336621083316e-01,6.236158553616961975e-02,-2.133328508579419164e-02,4.073960336812276206e-01,-4.146102054106555468e-02,-5.355926450315633136e-02,2.639320398964430797e-02,1.794298323829832120e-01,-1.515041834404683985e-01,3.435412802212509109e-01,-2.900099185473654639e-01,-7.034714085250860782e-02,4.442338516603117765e-02,1.694808119047421513e-01,1.857258508508853878e-01,-1.632477448500604944e-01,6.840727698294147840e-01,7.586098638473541822e-01,1.591371075010374059e-02,-1.075761428083932547e-01,1.086820471057393794e-01,7.476257731073113755e-01,-8.584302123614083735e-01
2.961030605622353651e+00,-9.364542221928638666e-02,7.689177991828756165e-01,-4.754480345580687495e-02,2.487245778770033611e-03,2.468780721302359440e-02,9.985608564275492149e-01,-5.258206778730857289e-01,6.109190011706411988e-02,-2.089844253302288249e-02,3.973018289122229874e-01,-3.887902012186013334e-02,-5.246925910513273311e-02,2.554297533679442123e-02,1.757714276404733489e-01,-1.484128531661731420e-01,3.347492745024498451e-01,-2.823549814341539399e-01,-6.891495430449821880e-02,4.351678546876523723e-02,1.761852851311759560e-01,1.880579763437244534e-01,-1.599161582204674248e-01,6.803365908533043349e-01,7.431280298912856797e-01,2.575220644908121637e-02,-1.115031603020995160e-01,1.064640461443977504e-01,7.425925940643050005e-01,-8.409112284356653477e-01
2.961030605622353651e+00,-9.364542221928638666e-02,7.693353866998990931e-01,-4.655521836123969331e-02,2.617377611677021258e-03,2.417396165557450516e-02,9.986197217564043438e-01,-5.151846220840630153e-01,5.982221469795861307e-02,-2.046359998025156987e-02,3.872076241432182986e-01,-3.629701970265471200e-02,-5.137925370710912792e-02,2.469274668394453795e-02,1.721130228979634857e-01,-1.453215228918778301e-01,3.259572687836488347e-01,-2.747000443209423604e-01,-6.748276775648785752e-02,4.261018577149928988e-02,1.828897583576098163e-01,1.903901018365635467e-01,-1.565845715908743552e-01,6.766004118771937748e-01,7.276461959352172881e-01,3.559070214805868521e-02,-1.154301777958057634e-01,1.042460451830561352e-01,7.375594150212986255e-01,-8.233922445099223220e-01
2.961030605622353651e+00,-9.364542221928638666e-02,7.697529742169225697e-01,-4.556557443659670081e-02,2.747506137102511889e-03,2.366008555040065645e-02,9.986773251671330343e-01,-5.045485662950404127e-01,5.855252927885312014e-02,-2.002875742748026419e-02,3.771134193742136653e-01,-3.371501928344929760e-02,-5.028924830908553661e-02,2.384251803109465814e-02,1.684546181554536226e-01,-1.422301926175825737e-01,3.171652630648478244e-01,-2.670451072077308918e-01,-6.605058120847746850e-02,4.170358607423334946e-02,1.895942315840436487e-01,1.927222273294026123e-01,-1.532529849612812856e-01,6.728642329010832146e-01,7.121643619791488966e-01,4.542919784703616792e-02,-1.193571952895120386e-01,1.020280442217145200e-01,7.325262359782922506e-01,-8.058732605841792962e-01
2.961030605622353651e+00,-9.364542221928638666e-02,7.701705617339460463e-01,-4.457587293245363763e-02,2.877631190607988880e-03,2.314617954686791490e-02,9.987336665869435137e-01,-4.939125105060178655e-01,5.728284385974760640e-02,-1.959391487470895504e-02,3.670192146052090321e-01,-3.113301886424387974e-02,-4.919924291106193837e-02,2.299228937824477487e-02,1.647962134129437595e-01,-1.391388623432873173e-01,3.083732573460467585e-01,-2.593901700945193123e-01,-6.461839466046709335e-02,4.079698637696740904e-02,1.962987048104775090e-01,1.950543528222416778e-01,-1.499213983316882159e-01,6.691280539249727655e-01,6.966825280230803941e-01,5.526769354601363676e-02,-1.232842127832182999e-01,9.981004326037290486e-02,7.274930569352859866e-01,-7.883542766584362704e-01
2.961030605622353651e+00,-9.364542221928638666e-02,7.705881492509694120e-01,-4.358611509945902601e-02,3.007752607759324025e-03,2.263224429437994331e-02,9.987887459446397331e-01,-4.832764547169952629e-01,5.601315844064210653e-02,-1.915907232193763896e-02,3.569250098362043988e-01,-2.855101844503845840e-02,-4.810923751303833318e-02,2.214206072539488812e-02,1.611378086704338963e-01,-1.360475320689920331e-01,2.995812516272456927e-01,-2.517352329813077882e-01,-6.318620811245671820e-02,3.989038667970146862e-02,2.030031780369113137e-01,1.973864783150807711e-01,-1.465898117020951463e-01,6.653918749488622053e-01,6.812006940670118915e-01,6.510618924499110560e-02,-1.272112302769245473e-01,9.759204229903127581e-02,7.224598778922796116e-01,-7.708352927326932447e-01
2.961030605622353651e+00,-9.364542221928638666e-02,7.710057367679927776e-01,-4.259630218833253962e-02,3.137870224126984402e-03,2.211828044237736102e-02,9.988425631706195906e-01,-4.726403989279726048e-01,5.474347302153659972e-02,-1.872422976916632981e-02,3.468308050671997100e-01,-2.596901802583303706e-02,-4.701923211501474187e-02,2.129183207254500484e-02,1.574794039279240332e-01,-1.329562017946967489e-01,2.907892459084446268e-01,-2.440802958680962365e-01,-6.175402156444632917e-02,3.898378698243552126e-02,2.097076512633451739e-01,1.997186038079198089e-01,-1.432582250725020490e-01,6.616556959727517562e-01,6.657188601109435000e-01,7.494468494396859526e-02,-1.311382477706308225e-01,9.537404133768966064e-02,7.174266988492732366e-01,-7.533163088069502189e-01
2.961030605622353651e+00,-9.364542221928638666e-02,7.714233242850162542e-01,-4.160643544986349779e-02,3.267983875286238800e-03,2.160428864033693205e-02,9.988951181968768189e-01,-4.620043431389500022e-01,5.347378760243110679e-02,-1.828938721639502413e-02,3.367366002981950768e-01,-2.338701760662762266e-02,-4.592922671699114362e-02,2.044160341969512157e-02,1.538209991854141978e-01,-1.298648715204014925e-01,2.819972401896436720e-01,-2.364253587548847124e-01,-6.032183501643595402e-02,3.807718728516958084e-02,2.164121244897789786e-01,2.020507293007589023e-01,-1.399266384429090071e-01,6.579195169966411960e-01,6.502370261548751085e-01,8.478318064294605716e-02,-1.350652652643370699e-01,9.315604037634804546e-02,7.123935198062669727e-01,-7.357973248812071931e-01
2.961030605622353651e+00,-9.364542221928638666e-02,7.718409118020397308e-01,-4.061651613490917939e-02,3.398093396817366760e-03,2.109026953777072555e-02,9.989464109569987649e-01,-4.513682873499273995e-01,5.220410218332560692e-02,-1.785454466362371151e-02,3.266423955291904990e-01,-2.080501718742220479e-02,-4.483922131896754537e-02,1.959137476684524176e-02,1.501625944429043347e-01,-1.267735412461062083e-01,2.732052344708426062e-01,-2.287704216416731606e-01,-5.888964846842557194e-02,3.717058758790364043e-02,2.231165977162128111e-01,2.043828547935979956e-01,-1.365950518133159375e-01,6.541833380205307469e-01,6.347551921988066059e-01,9.462167634192353294e-02,-1.389922827580433451e-01,9.093803941500643029e-02,7.073603407632604867e-01,-7.182783409554641674e-01
2.961030605622353651e+00,-9.364542221928638666e-02,7.722584993190630964e-01,-3.962654549439335872e-02,3.528198624305868038e-03,2.057622378422532816e-02,9.989964413861693870e-01,-4.407322315609047969e-01,5.093441676422010012e-02,-1.741970211085240236e-02,3.165481907601858658e-01,-1.822301676821678346e-02,-4.374921592094394712e-02,1.874114611399535502e-02,1.465041897003944438e-01,-1.236822109718109380e-01,2.644132287520415958e-01,-2.211154845284616088e-01,-5.745746192041518985e-02,3.626398789063770001e-02,2.298210709426466436e-01,2.067149802864370611e-01,-1.332634651837228679e-01,6.504471590444201867e-01,6.192733582427381034e-01,1.044601720409010087e-01,-1.429193002517495925e-01,8.872003845366480124e-02,7.023271617202542227e-01,-7.007593570297211416e-01
2.961030605622353651e+00,-9.364542221928638666e-02,7.726760868360864620e-01,-3.863652477930463319e-02,3.658299393342666003e-03,2.006215202928099059e-02,9.990452094211668133e-01,-4.300961757718821388e-01,4.966473134511460025e-02,-1.698485955808108974e-02,3.064539859911811770e-01,-1.564101634901136212e-02,-4.265921052292034887e-02,1.789091746114546827e-02,1.428457849578845806e-01,-1.205908806975156677e-01,2.556212230332405300e-01,-2.134605474152500570e-01,-5.602527537240480776e-02,3.535738819337175265e-02,2.365255441690804483e-01,2.090471057792760989e-01,-1.299318785541297705e-01,6.467109800683097376e-01,6.037915242866696008e-01,1.142986677398784706e-01,-1.468463177454558399e-01,8.650203749232317219e-02,6.972939826772478478e-01,-6.832403731039781158e-01
2.961030605622353651e+00,-9.364542221928638666e-02,7.730936743531098276e-01,-3.764645524069488991e-02,3.788395539524320142e-03,1.954805492255082960e-02,9.990927150003647839e-01,-4.194601199828594806e-01,4.839504592600908650e-02,-1.655001700530978059e-02,2.963597812221765437e-01,-1.305901592980594078e-02,-4.156920512489674369e-02,1.704068880829558499e-02,1.391873802153747175e-01,-1.174995504232203836e-01,2.468292173144394919e-01,-2.058056103020385330e-01,-5.459308882439443261e-02,3.445078849610581223e-02,2.432300173955143086e-01,2.113792312721151645e-01,-1.266002919245367009e-01,6.429748010921991774e-01,5.883096903306012093e-01,1.241371634388559464e-01,-1.507733352391620874e-01,8.428403653098155701e-02,6.922608036342414728e-01,-6.657213891782350901e-01
2.961030605622353651e+00,-9.364542221928638666e-02,7.735112618701334153e-01,-3.665633812967772354e-02,3.918486898453231622e-03,1.903393311367999191e-02,9.991389580637324297e-01,-4.088240641938368780e-01,4.712536050690358663e-02,-1.611517445253847144e-02,2.862655764531718550e-01,-1.047701551060051944e-02,-4.047919972687314544e-02,1.619046015544570172e-02,1.355289754728648544e-01,-1.144082201489251133e-01,2.380372115956384538e-01,-1.981506731888269535e-01,-5.316090227638404359e-02,3.354418879883986487e-02,2.499344906219481410e-01,2.137113567649542578e-01,-1.232687052949436313e-01,6.392386221160886173e-01,5.728278563745327068e-01,1.339756591378334361e-01,-1.547003527328683625e-01,8.206603556963992796e-02,6.872276245912349868e-01,-6.482024052524919533e-01
2.961030605622353651e+00,-9.364542221928638666e-02,7.739288493871567809e-01,-3.566617469742681956e-02,4.048573305737849723e-03,1.851978725234484577e-02,9.991839385528340500e-01,-3.981880084048143309e-01,4.585567508779808676e-02,-1.568033189976716230e-02,2.761713716841672772e-01,-7.895015091395108514e-03,-3.938919432884954719e-02,1.534023150259582191e-02,1.318705707303550190e-01,-1.113168898746298568e-01,2.292452058768374157e-01,-1.904957360756154572e-01,-5.172871572837367538e-02,3.263758910157393139e-02,2.566389638483819735e-01,2.160434822577933234e-01,-1.199371186653505755e-01,6.355024431399781681e-01,5.573460224184643153e-01,1.438141548368108980e-01,-1.586273702265746377e-01,7.984803460829832666e-02,6.821944455482287228e-01,-6.306834213267490385e-01
2.961030605622353651e+00,-9.364542221928638666e-02,7.743464369041801465e-01,-3.467596619517439999e-02,4.178654596992881741e-03,1.800561798825214138e-02,9.992276564108292236e-01,-3.875519526157916728e-01,4.458598966869258690e-02,-1.524548934699585141e-02,2.660771669151625884e-01,-5.313014672189683707e-03,-3.829918893082594894e-02,1.449000284974593517e-02,1.282121659878451558e-01,-1.082255596003345727e-01,2.204532001580363498e-01,-1.828407989624039054e-01,-5.029652918036328635e-02,3.173098940430798404e-02,2.633434370748157782e-01,2.183756077506324167e-01,-1.166055320357574920e-01,6.317662641638677190e-01,5.418641884623958127e-01,1.536526505357883599e-01,-1.625543877202808851e-01,7.763003364695669761e-02,6.771612665052224589e-01,-6.131644374010060128e-01
2.961030605622353651e+00,-9.364542221928638666e-02,7.747640244212037341e-01,-3.368571387420968982e-02,4.308730607839500286e-03,1.749142597113822681e-02,9.992701115824740299e-01,-3.769158968267691256e-01,4.331630424958709397e-02,-1.481064679422454226e-02,2.559829621461579552e-01,-2.731014252984272778e-03,-3.720918353280235763e-02,1.363977419689605536e-02,1.245537612453353205e-01,-1.051342293260393163e-01,2.116611944392353672e-01,-1.751858618491923814e-01,-4.886434263235291814e-02,3.082438970704204709e-02,2.700479103012496385e-01,2.207077332434714823e-01,-1.132739454061644363e-01,6.280300851877572699e-01,5.263823545063274212e-01,1.634911462347658218e-01,-1.664814052139871325e-01,7.541203268561509632e-02,6.721280874622161949e-01,-5.956454534752629870e-01
2.961030605622353651e+00,-9.364542221928638666e-02,7.751816119382270998e-01,-3.269541898587719625e-02,4.438801173905549714e-03,1.697721185076816325e-02,9.993113040141186065e-01,-3.662798410377464675e-01,4.204661883048158716e-02,-1.437580424145323311e-02,2.458887573771533219e-01,-1.490138337788514400e-04,-3.611917813477875244e-02,1.278954554404616861e-02,1.208953565028254434e-01,-1.020428990517440321e-01,2.028691887204343292e-01,-1.675309247359808573e-01,-4.743215608434254299e-02,2.991779000977610320e-02,2.767523835276834987e-01,2.230398587363106033e-01,-1.099423587765713667e-01,6.242939062116467097e-01,5.109005205502590297e-01,1.733296419337433114e-01,-1.704084227076934077e-01,7.319403172427346727e-02,6.670949084192097089e-01,-5.781264695495199613e-01
2.961030605622353651e+00,-9.364542221928638666e-02,7.755991994552504654e-01,-3.170508278157529308e-02,4.568866130825754296e-03,1.646297627693497564e-02,9.993512336537102581e-01,-3.556437852487238094e-01,4.077693341137608729e-02,-1.394096168868192223e-02,2.357945526081486887e-01,2.432986585426573367e-03,-3.502917273675516113e-02,1.193931689119628187e-02,1.172369517603155803e-01,-9.895156877744876178e-02,1.940771830016332911e-01,-1.598759876227693055e-01,-4.599996953633215396e-02,2.901119031251015931e-02,2.834568567541173589e-01,2.253719842291496689e-01,-1.066107721469782971e-01,6.205577272355362606e-01,4.954186865941905271e-01,1.831681376327208011e-01,-1.743354402013996829e-01,7.097603076293185209e-02,6.620617293762034450e-01,-5.606074856237769355e-01
2.961030605622353651e+00,-9.364542221928638666e-02,7.760167869722738310e-01,-3.071470651275453462e-02,4.698925314241927248e-03,1.594871989945878879e-02,9.993899004507909023e-01,-3.450077294597012068e-01,3.950724799227057354e-02,-1.350611913591061135e-02,2.257003478391439999e-01,5.014987004631987766e-03,-3.393916733873156288e-02,1.108908823834640206e-02,1.135785470178057172e-01,-9.586023850315347761e-02,1.852851772828322252e-01,-1.522210505095577537e-01,-4.456778298832177881e-02,2.810459061524421542e-02,2.901613299805511637e-01,2.277041097219887067e-01,-1.032791855173852136e-01,6.168215482594257004e-01,4.799368526381220801e-01,1.930066333316982630e-01,-1.782624576951059303e-01,6.875802980159022304e-02,6.570285503331969590e-01,-5.430885016980339097e-01
2.961030605622353651e+00,-9.364542221928638666e-02,7.764343744892973076e-01,-2.972429143091611173e-02,4.828978559803178902e-03,1.543444336818601895e-02,9.994273043564991799e-01,-3.343716736706786041e-01,3.823756257316507368e-02,-1.307127658313930046e-02,2.156061430701393666e-01,7.596987423837412573e-03,-3.284916194070795770e-02,1.023885958549651531e-02,1.099201422752958540e-01,-9.276890822885820731e-02,1.764931715640311594e-01,-1.445661133963462297e-01,-4.313559644031138979e-02,2.719799091797827154e-02,2.968658032069849684e-01,2.300362352148278000e-01,-9.994759888779214396e-02,6.130853692833151403e-01,4.644550186820535775e-01,2.028451290306757526e-01,-1.821894751888121777e-01,6.654002884024860787e-02,6.519953712901906950e-01,-5.255695177722908840e-01
2.961030605622353651e+00,-9.364542221928638666e-02,7.768519620063206732e-01,-2.873383878761024551e-02,4.959025703166120534e-03,1.492014733298854118e-02,9.994634453235688998e-01,-3.237356178816559460e-01,3.696787715405956687e-02,-1.263643403036799132e-02,2.055119383011347056e-01,1.017898784304282697e-02,-3.175915654268435945e-02,9.388630932646632038e-03,1.062617375327859909e-01,-8.967757795456292313e-02,1.677011658452301213e-01,-1.369111762831346502e-01,-4.170340989230101464e-02,2.629139122071232765e-02,3.035702764334187731e-01,2.323683607076668378e-01,-9.661601225819906047e-02,6.093491903072046911e-01,4.489731847259851305e-01,2.126836247296531868e-01,-1.861164926825184529e-01,6.432202787890697882e-02,6.469621922471842090e-01,-5.080505338465478582e-01
2.961030605622353651e+00,-9.364542221928638666e-02,7.772695495233441498e-01,-2.774334983443464686e-02,5.089066579995076001e-03,1.440583244376288791e-02,9.994983233063303718e-01,-3.130995620926332879e-01,3.569819173495406700e-02,-1.220159147759668043e-02,1.954177335321300724e-01,1.276098826224824831e-02,-3.066915114466076120e-02,8.538402279796747027e-03,1.026033327902761139e-01,-8.658624768026765284e-02,1.589091601264290832e-01,-1.292562391699230984e-01,-4.027122334429063255e-02,2.538479152344638723e-02,3.102747496598526333e-01,2.347004862005059311e-01,-9.328442562860599085e-02,6.056130113310941310e-01,4.334913507699166280e-01,2.225221204286307042e-01,-1.900435101762247003e-01,6.210402691756535670e-02,6.419290132041779451e-01,-4.905315499208047769e-01
2.961030605622353651e+00,-9.364542221928638666e-02,7.776871370403676265e-01,-2.675282582303289275e-02,5.219101025962289038e-03,1.389149935042941278e-02,9.995319382607096292e-01,-3.024635063036107407e-01,3.442850631584856713e-02,-1.176674892482537128e-02,1.853235287631254391e-01,1.534298868145366271e-02,-2.957914574663716642e-02,7.688173626946866353e-03,9.894492804776627848e-02,-8.349491740597239642e-02,1.501171544076280728e-01,-1.216013020567116021e-01,-3.883903679628025740e-02,2.447819182618044681e-02,3.169792228862864936e-01,2.370326116933449967e-01,-8.995283899901293512e-02,6.018768323549836818e-01,4.180095168138482919e-01,2.323606161276081661e-01,-1.939705276699309477e-01,5.988602595622374847e-02,6.368958341611715701e-01,-4.730125659950618067e-01
2.961030605622353651e+00,-9.364542221928638666e-02,7.781047245573909921e-01,-2.576226800509285805e-02,5.349128876748125358e-03,1.337714870293146494e-02,9.995642901442283179e-01,-2.918274505145880826e-01,3.315882089674306726e-02,-1.133190637205406213e-02,1.752293239941207781e-01,1.792498910065908405e-02,-2.848914034861356470e-02,6.837944974096980474e-03,9.528652330525640146e-02,-8.040358713167711224e-02,1.413251486888270347e-01,-1.139463649435000503e-01,-3.740685024826987531e-02,2.357159212891450292e-02,3.236836961127202983e-01,2.393647371861840900e-01,-8.662125236941986550e-02,5.981406533788731217e-01,4.025276828577797894e-01,2.421991118265856557e-01,-1.978975451636372229e-01,5.766802499488212636e-02,6.318626551181651951e-01,-4.554935820693187809e-01
2.961030605622353651e+00,-9.364542221928638666e-02,7.785223120744144687e-01,-2.477167763234515430e-02,5.479149968041290356e-03,1.286278115123458930e-02,9.995953789160049174e-01,-2.811913947255654800e-01,3.188913547763756740e-02,-1.089706381928275125e-02,1.651351192251161171e-01,2.050698951986450538e-02,-2.739913495058996298e-02,5.987716321247096331e-03,9.162811856274653832e-02,-7.731225685738182807e-02,1.325331429700259966e-01,-1.062914278302884985e-01,-3.597466370025949323e-02,2.266499243164855903e-02,3.303881693391541585e-01,2.416968626790231278e-01,-8.328966573982678201e-02,5.944044744027625615e-01,3.870458489017113424e-01,2.520376075255631454e-01,-2.018245626573434981e-01,5.545002403354050424e-02,6.268294760751589312e-01,-4.379745981435756996e-01
2.961030605622353651e+00,-9.364542221928638666e-02,7.789398995914378343e-01,-2.378105595656151289e-02,5.609164135539027735e-03,1.234839734532568352e-02,9.996252045367537420e-01,-2.705553389365428774e-01,3.061945005853205712e-02,-1.046222126651144037e-02,1.550409144561114838e-01,2.308898993906993366e-02,-2.630912955256636820e-02,5.137487668397211320e-03,8.796971382023667518e-02,-7.422092658308657165e-02,1.237411372512249308e-01,-9.863649071707697447e-02,-3.454247715224911114e-02,2.175839273438261862e-02,3.370926425655879632e-01,2.440289881718622489e-01,-7.995807911023371239e-02,5.906682954266522234e-01,3.715640149456428398e-01,2.618761032245405795e-01,-2.057515801510497733e-01,5.323202307219887519e-02,6.217962970321524452e-01,-4.204556142178326739e-01
2.961030605622353651e+00,-9.364542221928638666e-02,7.793574871084611999e-01,-2.279040422955324122e-02,5.739171214947330277e-03,1.183399793521218955e-02,9.996537669687849403e-01,-2.599192831475202747e-01,2.934976463942656419e-02,-1.002737871374013122e-02,1.449467096871068783e-01,2.567099035827533418e-02,-2.521912415454277342e-02,4.287259015547330646e-03,8.431130907772682592e-02,-7.112959630879130135e-02,1.149491315324239205e-01,-9.098155360386545043e-02,-3.311029060423874293e-02,2.085179303711667820e-02,3.437971157920218235e-01,2.463611136647012867e-01,-7.662649248064065666e-02,5.869321164505416633e-01,3.560821809895744483e-01,2.717145989235180692e-01,-2.096785976447559929e-01,5.101402211085726696e-02,6.167631179891461812e-01,-4.029366302920897036e-01
2.961030605622353651e+00,-9.364542221928638666e-02,7.797750746254847876e-01,-2.179972370316960242e-02,5.869171041981150611e-03,1.131958357092126277e-02,9.996810661760056060e-01,-2.492832273584976721e-01,2.808007922032105738e-02,-9.592536160968822070e-03,1.348525049181022173e-01,2.825299077748076246e-02,-2.412911875651917171e-02,3.437030362697447369e-03,8.065290433521696278e-02,-6.803826603449601718e-02,1.061571258136228824e-01,-8.332661649065388476e-02,-3.167810405622835390e-02,1.994519333985073431e-02,3.505015890184556282e-01,2.486932391575403800e-01,-7.329490585104757316e-02,5.831959374744311031e-01,3.406003470335060013e-01,2.815530946224955033e-01,-2.136056151384622681e-01,4.879602114951564484e-02,6.117299389461398063e-01,-3.854176463663466778e-01
2.961030605622353651e+00,-9.364542221928638666e-02,7.801926621425081532e-01,-2.080901562929626802e-02,5.999163452364602439e-03,1.080515490249895835e-02,9.997071021239183342e-01,-2.386471715694750140e-01,2.681039380121555404e-02,-9.157693608197511187e-03,1.247583001490975563e-01,3.083499119668618380e-02,-2.303911335849556999e-02,2.586801709847560624e-03,7.699449959270709964e-02,-6.494693576020074688e-02,9.736512009482184427e-02,-7.567167937744236073e-02,-3.024591750821797875e-02,1.903859364258479042e-02,3.572060622448894884e-01,2.510253646503794456e-01,-6.996331922145450355e-02,5.794597584983205429e-01,3.251185130774375542e-01,2.913915903214729930e-01,-2.175326326321685155e-01,4.657802018817402273e-02,6.066967599031334313e-01,-3.678986624406035966e-01
2.961030605622353651e+00,-9.364542221928638666e-02,7.806102496595315188e-01,-1.981828125985371156e-02,6.129148281831173911e-03,1.029071258000941076e-02,9.997318747796229976e-01,-2.280111157804523836e-01,2.554070838211005071e-02,-8.722851055426200303e-03,1.146640953800929230e-01,3.341699161589160860e-02,-2.194910796047197174e-02,1.736573056997677347e-03,7.333609485019722263e-02,-6.185560548590546964e-02,8.857311437602079229e-02,-6.801674226423079506e-02,-2.881373096020759667e-02,1.813199394531885000e-02,3.639105354713233487e-01,2.533574901432185111e-01,-6.663173259186143393e-02,5.757235795222100938e-01,3.096366791213690517e-01,3.012300860204505382e-01,-2.214596501258747907e-01,4.436001922683240062e-02,6.016635808601271673e-01,-3.503796785148605708e-01
2.961030605622353651e+00,-9.364542221928638666e-02,7.810278371765549954e-01,-1.882752184679562998e-02,6.259125366123933186e-03,9.776257253534002822e-03,9.997553841118150819e-01,-2.173750599914298087e-01,2.427102296300455084e-02,-8.288008502654892889e-03,1.045698906110882898e-01,3.599899203509701606e-02,-2.085910256244838043e-02,8.863444041477975405e-04,6.967769010768738724e-02,-5.876427521161020628e-02,7.978110865721978195e-02,-6.036180515101929184e-02,-2.738154441219722152e-02,1.722539424805290958e-02,3.706150086977570979e-01,2.556896156360575767e-01,-6.330014596226836432e-02,5.719874005460996447e-01,2.941548451653006602e-01,3.110685817194279168e-01,-2.253866676195810381e-01,4.214201826549079238e-02,5.966304018171207924e-01,-3.328606945891176006e-01
2.961030605622353651e+00,-9.364542221928638666e-02,7.814454246935784720e-01,-1.783673864210738244e-02,6.389094540995733998e-03,9.261789573170550391e-03,9.997776300907865732e-01,-2.067390042024071783e-01,2.300133754389904750e-02,-7.853165949883582006e-03,9.447568584208362874e-02,3.858099245430243740e-02,-1.976909716442477871e-02,3.611575129791079475e-05,6.601928536517751023e-02,-5.567294493731493599e-02,7.098910293841872998e-02,-5.270686803780774699e-02,-2.594935786418683943e-02,1.631879455078696570e-02,3.773194819241909581e-01,2.580217411288966423e-01,-5.996855933267529470e-02,5.682512215699890845e-01,2.786730112092322131e-01,3.209070774184054620e-01,-2.293136851132873133e-01,3.992401730414917027e-02,5.915972227741144174e-01,-3.153417106633745748e-01
2.961030605622353651e+00,-9.364542221928638666e-02,7.818630122106018376e-01,-1.684593289780438388e-02,6.519055642209425558e-03,8.747310189032487041e-03,9.997986126884264024e-01,-1.961029484133845480e-01,2.173165212479354416e-02,-7.418323397112271123e-03,8.438148107307898160e-02,4.116299287350785874e-02,-1.867909176640118046e-02,-8.141129015519724815e-04,6.236088062266765403e-02,-5.258161466301965181e-02,6.219709721961769189e-02,-4.505193092459619519e-02,-2.451717131617646081e-02,1.541219485352102354e-02,3.840239551506248183e-01,2.603538666217357633e-01,-5.663697270308221815e-02,5.645150425938785244e-01,2.631911772531637106e-01,3.307455731173828961e-01,-2.332407026069935885e-01,3.770601634280754816e-02,5.865640437311080424e-01,-2.978227267376314935e-01
2.961030605622353651e+00,-9.364542221928638666e-02,7.822805997276252032e-01,-1.585510586593052648e-02,6.649008505538059853e-03,8.232819751248027923e-03,9.998183318782194462e-01,-1.854668926243619176e-01,2.046196670568804082e-02,-6.983480844340961106e-03,7.428727630407434834e-02,4.374499329271328008e-02,-1.758908636837757875e-02,-1.664341554401857493e-03,5.870247588015779089e-02,-4.949028438872438151e-02,5.340509150081664685e-02,-3.739699381138465034e-02,-2.308498476816607872e-02,1.450559515625507966e-02,3.907284283770586231e-01,2.626859921145748289e-01,-5.330538607348914854e-02,5.607788636177680752e-01,2.477093432970952636e-01,3.405840688163603858e-01,-2.371677201006998081e-01,3.548801538146592605e-02,5.815308646881016674e-01,-2.803037428118884677e-01
2.961030605622353651e+00,-9.364542221928638666e-02,7.826981872446486799e-01,-1.486425879855660624e-02,6.778952966765098946e-03,7.718318909959357051e-03,9.998367876352471928e-01,-1.748308368353392872e-01,1.919228128658253749e-02,-6.548638291569650223e-03,6.419307153506967345e-02,4.632699371191870141e-02,-1.649908097035397703e-02,-2.514570207251742504e-03,5.504407113764792775e-02,-4.639895411442910428e-02,4.461308578201558794e-02,-2.974205669817310549e-02,-2.165279822015569663e-02,1.359899545898913577e-02,3.974329016034924833e-01,2.650181176074138945e-01,-4.997379944389607198e-02,5.570426846416576261e-01,2.322275093410267888e-01,3.504225645153378754e-01,-2.410947375944060833e-01,3.327001442012430393e-02,5.764976856450952925e-01,-2.627847588861454420e-01
2.961030605622353651e+00,-9.364542221928638666e-02,7.831157747616721565e-01,-1.387339294777875480e-02,6.908888861684617938e-03,7.203808315321816313e-03,9.998539799361878533e-01,-1.641947810463167401e-01,1.792259586747704109e-02,-6.113795738798342809e-03,5.409886676606508182e-02,4.890899413112410887e-02,-1.540907557233038572e-02,-3.364798860101622310e-03,5.138566639513807849e-02,-4.330762384013384092e-02,3.582108006321459148e-02,-2.208711958496160227e-02,-2.022061167214532149e-02,1.269239576172319708e-02,4.041373748299262880e-01,2.673502431002529600e-01,-4.664221281430301624e-02,5.533065056655470659e-01,2.167456753849583972e-01,3.602610602143153096e-01,-2.450217550881123307e-01,3.105201345878268876e-02,5.714645066020890285e-01,-2.452657749604024717e-01
2.961030605622353651e+00,-9.364542221928638666e-02,7.835333622786955221e-01,-1.288250956571680532e-02,7.038816026101527880e-03,6.689288617503053730e-03,9.998699087593164725e-01,-1.535587252572940820e-01,1.665291044837153775e-02,-5.678953186027031926e-03,4.400466199706042081e-02,5.149099455032953021e-02,-1.431907017430678573e-02,-4.215027512951508189e-03,4.772726165262821535e-02,-4.021629356583856368e-02,2.702907434441353951e-02,-1.443218247175004354e-02,-1.878842512413493940e-02,1.178579606445725493e-02,4.108418480563601483e-01,2.696823685930920256e-01,-4.331062618470993969e-02,5.495703266894366168e-01,2.012638414288899502e-01,3.700995559132927992e-01,-2.489487725818186059e-01,2.883401249744106665e-02,5.664313275590826535e-01,-2.277467910346594182e-01
2.961030605622353651e+00,-9.364542221928638666e-02,7.839509497957188877e-01,-1.189160990451277461e-02,7.168734295831759654e-03,6.174760466682236749e-03,9.998845740845040408e-01,-1.429226694682714516e-01,1.538322502926603268e-02,-5.244110633255721042e-03,3.391045722805575979e-02,5.407299496953495155e-02,-1.322906477628318575e-02,-5.065256165801392332e-03,4.406885691011834527e-02,-3.712496329154329339e-02,1.823706862561248754e-02,-6.777245358538491748e-03,-1.735623857612456078e-02,1.087919636719131104e-02,4.175463212827939530e-01,2.720144940859310911e-01,-3.997903955511686314e-02,5.458341477133260566e-01,1.857820074728214754e-01,3.799380516122702889e-01,-2.528757900755248533e-01,2.661601153609944453e-02,5.613981485160762785e-01,-2.102278071089163924e-01
2.961030605622353651e+00,-9.364542221928638666e-02,7.843685373127423643e-01,-1.090069521632923595e-02,7.298643506702492956e-03,5.660224513049206575e-03,9.998979758932187156e-01,-1.322866136792488212e-01,1.411353961016052760e-02,-4.809268080484411026e-03,2.381625245905109878e-02,5.665499538874037982e-02,-1.213905937825958577e-02,-5.915484818651276476e-03,4.041045216760848213e-02,-3.403363301724800921e-02,9.445062906811435566e-03,8.776917546730600428e-04,-1.592405202811417869e-02,9.972596669925367155e-03,4.242507945092278687e-01,2.743466195787701567e-01,-3.664745292552378658e-02,5.420979687372156075e-01,1.703001735167530006e-01,3.897765473112477785e-01,-2.568028075692311285e-01,2.439801057475782242e-02,5.563649694730699036e-01,-1.927088231831733389e-01
2.961030605622353651e+00,-9.364542221928638666e-02,7.847861248297658410e-01,-9.909766753347763052e-03,7.428543494552347984e-03,5.145681406803669783e-03,9.999101141685250438e-01,-1.216505578902262463e-01,1.284385419105503294e-02,-4.374425527713102745e-03,1.372204769004650715e-02,5.923699580794579422e-02,-1.104905398023599099e-02,-6.765713471501158018e-03,3.675204742509863287e-02,-3.094230274295274932e-02,6.530571880104529825e-04,8.532628867884563262e-03,-1.449186548010380528e-02,9.065996972659428471e-03,4.309552677356616179e-01,2.766787450716092223e-01,-3.331586629593073084e-02,5.383617897611050473e-01,1.548183395606846091e-01,3.996150430102252127e-01,-2.607298250629373482e-01,2.218000961341621072e-02,5.513317904300636396e-01,-1.751898392574303687e-01
2.961030605622353651e+00,-9.364542221928638666e-02,7.852037123467892066e-01,-8.918825767767315019e-03,7.558434095231606614e-03,4.631131798154362184e-03,9.999209888950845171e-01,-1.110145021012036159e-01,1.157416877194952787e-02,-3.939582974941792728e-03,3.627842921041846136e-03,6.181899622715120168e-02,-9.959048582212392739e-03,-7.615942124351042161e-03,3.309364268258876973e-02,-2.785097246865747556e-02,-8.138948530790612867e-03,1.618756598109610811e-02,-1.305967893209342319e-02,8.159397275393486318e-03,4.376597409620954227e-01,2.790108705644483433e-01,-2.998427966633765776e-02,5.346256107849945982e-01,1.393365056046161343e-01,4.094535387092026468e-01,-2.646568425566436233e-01,1.996200865207458860e-02,5.462986113870572646e-01,-1.576708553316873429e-01
2.961030605622353651e+00,-9.364542221928638666e-02,7.856212998638126832e-01,-7.927873511802695922e-03,7.688315144602406691e-03,4.116576337318244780e-03,9.999306000591549060e-01,-1.003784463121809856e-01,1.030448335284402453e-02,-3.504740422170481845e-03,-6.466361847962814879e-03,6.440099664635663690e-02,-8.869043184188792756e-03,-8.466170777200927172e-03,2.943523794007890312e-02,-2.475964219436219832e-02,-1.693095424959165096e-02,2.384250309430765297e-02,-1.162749238408304284e-02,7.252797578127542430e-03,4.443642141885293384e-01,2.813429960572874089e-01,-2.665269303674458121e-02,5.308894318088840381e-01,1.238546716485476734e-01,4.192920344081801920e-01,-2.685838600503498985e-01,1.774400769073296649e-02,5.412654323440508897e-01,-1.401518714059442894e-01
2.961030605622353651e+00,-9.364542221928638666e-02,7.860388873808361598e-01,-6.936911237682944972e-03,7.818186478538959733e-03,3.602015674519671966e-03,9.999389476485911477e-01,-8.974239052315836906e-02,9.034797933738519457e-03,-3.069897869399171395e-03,-1.656056661696746896e-02,6.698299706556204436e-02,-7.779037786165192772e-03,-9.316399430050812183e-03,2.577683319756903652e-02,-2.166831192006692108e-02,-2.572295996839270293e-02,3.149744020751920476e-02,-1.019530583607266075e-02,6.346197880861598542e-03,4.510686874149631431e-01,2.836751215501264745e-01,-2.332110640715150812e-02,5.271532528327734779e-01,1.083728376924791986e-01,4.291305301071576261e-01,-2.725108775440561737e-01,1.552600672939134438e-02,5.362322533010445147e-01,-1.226328874802012359e-01
2.961030605622353651e+00,-9.364542221928638666e-02,7.864564748978595254e-01,-5.945940197649758792e-03,7.948047932927752163e-03,3.087450459989570569e-03,9.999460316528443471e-01,-7.910633473413572481e-02,7.765112514633016119e-03,-2.635055316627860512e-03,-2.665477138597211609e-02,6.956499748476747957e-02,-6.689032388141592789e-03,-1.016662808290069719e-02,2.211842845505917338e-02,-1.857698164577164385e-02,-3.451496568719376185e-02,3.915237732073074961e-02,-8.763119288062280396e-03,5.439598183595655521e-03,4.577731606413970034e-01,2.860072470429655400e-01,-1.998951977755843157e-02,5.234170738566630288e-01,9.289100373641073771e-02,4.389690258061351713e-01,-2.764378950377624489e-01,1.330800576804972227e-02,5.311990742580381397e-01,-1.051139035544581962e-01
2.961030605622353651e+00,-9.364542221928638666e-02,7.868740624148830021e-01,-4.954961643955921487e-03,8.077899343667756943e-03,2.572881343964623230e-03,9.999518520629633311e-01,-6.847027894511314994e-02,6.495427095527519720e-03,-2.200212763856552230e-03,-3.674897615497672854e-02,7.214699790397288703e-02,-5.599026990117998877e-03,-1.101685673575057527e-02,1.846002371254932758e-02,-1.548565137147638396e-02,-4.330697140599475137e-02,4.680731443394225977e-02,-7.330932740051906982e-03,4.532998486329716838e-03,4.644776338678308081e-01,2.883393725358046056e-01,-1.665793314796537583e-02,5.196808948805525796e-01,7.740916978034234619e-02,4.488075215051125499e-01,-2.803649125314686685e-01,1.109000480670811230e-02,5.261658952150317647e-01,-8.759491962871523985e-02
2.961030605622353651e+00,-9.364542221928638666e-02,7.872916499319063677e-01,-3.963976828863691355e-03,8.207740546670637405e-03,2.058308976686432697e-03,9.999564088715925392e-01,-5.783422315609052650e-02,5.225741676422015515e-03,-1.765370211085241997e-03,-4.684318092398137567e-02,7.472899832317830837e-02,-4.509021592094398893e-03,-1.186708538860046201e-02,1.480161897003946271e-02,-1.239432109718110846e-02,-5.209897712479580334e-02,5.446225154715380462e-02,-5.898746192041525761e-03,3.626398789063773817e-03,4.711821070942646128e-01,2.906714980286436711e-01,-1.332634651837229928e-02,5.159447159044420195e-01,6.192733582427387834e-02,4.586460172040900396e-01,-2.842919300251749437e-01,8.872003845366490185e-03,5.211327161720255008e-01,-7.007593570297218633e-02
2.961030605622353651e+00,-9.364542221928638666e-02,7.877092374489297333e-01,-2.972987004643255250e-03,8.337571377860954550e-03,1.543734008400720172e-03,9.999597020729740215e-01,-4.719816736706788918e-02,3.956056257316511310e-03,-1.330527658313931548e-03,-5.693738569298602975e-02,7.731099874238372971e-02,-3.419016194070799344e-03,-1.271731404145034529e-02,1.114321422752959610e-02,-9.302990822885831221e-03,-6.089098284359684143e-02,6.211718866036536335e-02,-4.466559644031144541e-03,2.719799091797830363e-03,4.778865803206984730e-01,2.930036235214827922e-01,-9.994759888779224458e-03,5.122085369283315703e-01,4.644550186820541049e-02,4.684845129030675293e-01,-2.882189475188812189e-01,6.654002884024867205e-03,5.160995371290191258e-01,-5.255695177722913974e-02
2.961030605622353651e+00,-9.364542221928638666e-02,7.881268249659532099e-01,-1.981993423571127427e-03,8.467391673176378683e-03,1.029157089356490468e-03,9.999617316629461072e-01,-3.656211157804525880e-02,2.686370838211007972e-03,-8.956851055426209894e-04,-6.703159046199069770e-02,7.989299916158915105e-02,-2.329010796047199360e-03,-1.356754269430023030e-02,7.484809485019731229e-03,-6.211660548590553985e-03,-6.968298856239790728e-02,6.977212577357690126e-02,-3.034373096020762887e-03,1.813199394531886909e-03,4.845910535471322778e-01,2.953357490143218023e-01,-6.663173259186149638e-03,5.084723579522210102e-01,3.096366791213693917e-02,4.783230086020450189e-01,-2.921459650125874385e-01,4.436001922683245093e-03,5.110663580860127508e-01,-3.503796785148609316e-02
2.961030605622353651e+00,-9.364542221928638666e-02,7.885444124829766865e-01,-9.909973379285676957e-04,8.597201268567894114e-03,5.145788698052126834e-04,9.999624976389440700e-01,-2.592605578902263189e-02,1.416685419105503984e-03,-4.608425527713104855e-04,-7.712579523099534484e-02,8.247499958079457238e-02,-1.239005398023599810e-03,-1.441777134715011705e-02,3.826404742509865488e-03,-3.120330274295276748e-03,-7.847499428119894538e-02,7.742706288678846693e-02,-1.602186548010381449e-03,9.065996972659434543e-04,4.912955267735661935e-01,2.976678745071609233e-01,-3.331586629593074819e-03,5.047361789761104500e-01,1.548183395606846958e-02,4.881615043010225086e-01,-2.960729825062937137e-01,2.218000961341622546e-03,5.060331790430063759e-01,-1.751898392574304658e-02
2.961030605622353651e+00,-9.364542221928638666e-02,7.889620000000000521e-01,-0.000000000000000000e+00,8.727000000000000382e-03,0.000000000000000000e+00,9.999620000000000175e-01,-1.528999999999999977e-02,1.469999999999999953e-04,-2.599999999999999840e-05,-8.722000000000000586e-02,8.505699999999999372e-02,-1.489999999999999897e-04,-1.526800000000000032e-02,1.679999999999999907e-04,-2.900000000000000017e-05,-8.726699999999999735e-02,8.508200000000000485e-02,-1.700000000000000122e-04,0.000000000000000000e+00,4.979999999999999982e-01,2.999999999999999889e-01,0.000000000000000000e+00,5.010000000000000009e-01,0.000000000000000000e+00,4.979999999999999982e-01,-2.999999999999999889e-01,0.000000000000000000e+00,5.010000000000000009e-01,0.000000000000000000e+00
2.961030605622353651e+00,-9.364542221928638666e-02,7.889620000000000521e-01,-0.000000000000000000e+00,8.727000000000000382e-03,0.000000000000000000e+00,9.999620000000000175e-01,-1.528999999999999977e-02,1.469999999999999953e-04,-2.599999999999999840e-05,-8.722000000000000586e-02,8.505699999999999372e-02,-1.489999999999999897e-04,-1.526800000000000032e-02,1.679999999999999907e-04,-2.900000000000000017e-05,-8.726699999999999735e-02,8.508200000000000485e-02,-1.700000000000000122e-04,0.000000000000000000e+00,4.979999999999999982e-01,2.999999999999999889e-01,0.000000000000000000e+00,5.010000000000000009e-01,0.000000000000000000e+00,4.979999999999999982e-01,-2.999999999999999889e-01,0.000000000000000000e+00,5.010000000000000009e-01,0.000000000000000000e+00
2.961030605622353651e+00,-9.364542221928638666e-02,7.889620000000000521e-01,-0.000000000000000000e+00,8.727000000000000382e-03,0.000000000000000000e+00,9.999620000000000175e-01,-1.528999999999999977e-02,1.469999999999999953e-04,-2.599999999999999840e-05,-8.722000000000000586e-02,8.505699999999999372e-02,-1.489999999999999897e-04,-1.526800000000000032e-02,1.679999999999999907e-04,-2.900000000000000017e-05,-8.726699999999999735e-02,8.508200000000000485e-02,-1.700000000000000122e-04,0.000000000000000000e+00,4.979999999999999982e-01,2.999999999999999889e-01,0.000000000000000000e+00,5.010000000000000009e-01,0.000000000000000000e+00,4.979999999999999982e-01,-2.999999999999999889e-01,0.000000000000000000e+00,5.010000000000000009e-01,0.000000000000000000e+00
2.961030605622353651e+00,-9.364542221928638666e-02,7.889620000000000521e-01,-0.000000000000000000e+00,8.727000000000000382e-03,0.000000000000000000e+00,9.999620000000000175e-01,-1.528999999999999977e-02,1.469999999999999953e-04,-2.599999999999999840e-05,-8.722000000000000586e-02,8.505699999999999372e-02,-1.489999999999999897e-04,-1.526800000000000032e-02,1.679999999999999907e-04,-2.900000000000000017e-05,-8.726699999999999735e-02,8.508200000000000485e-02,-1.700000000000000122e-04,0.000000000000000000e+00,4.979999999999999982e-01,2.999999999999999889e-01,0.000000000000000000e+00,5.010000000000000009e-01,0.000000000000000000e+00,4.979999999999999982e-01,-2.999999999999999889e-01,0.000000000000000000e+00,5.010000000000000009e-01,0.000000000000000000e+00
2.961030605622353651e+00,-9.364542221928638666e-02,7.889620000000000521e-01,-0.000000000000000000e+00,8.727000000000000382e-03,0.000000000000000000e+00,9.999620000000000175e-01,-1.528999999999999977e-02,1.469999999999999953e-04,-2.599999999999999840e-05,-8.722000000000000586e-02,8.505699999999999372e-02,-1.489999999999999897e-04,-1.526800000000000032e-02,1.679999999999999907e-04,-2.900000000000000017e-05,-8.726699999999999735e-02,8.508200000000000485e-02,-1.700000000000000122e-04,0.000000000000000000e+00,4.979999999999999982e-01,2.999999999999999889e-01,0.000000000000000000e+00,5.010000000000000009e-01,0.000000000000000000e+00,4.979999999999999982e-01,-2.999999999999999889e-01,0.000000000000000000e+00,5.010000000000000009e-01,0.000000000000000000e+00
2.961030605622353651e+00,-9.364542221928638666e-02,7.889620000000000521e-01,-0.000000000000000000e+00,8.727000000000000382e-03,0.000000000000000000e+00,9.999620000000000175e-01,-1.528999999999999977e-02,1.469999999999999953e-04,-2.599999999999999840e-05,-8.722000000000000586e-02,8.505699999999999372e-02,-1.489999999999999897e-04,-1.526800000000000032e-02,1.679999999999999907e-04,-2.900000000000000017e-05,-8.726699999999999735e-02,8.508200000000000485e-02,-1.700000000000000122e-04,0.000000000000000000e+00,4.979999999999999982e-01,2.999999999999999889e-01,0.000000000000000000e+00,5.010000000000000009e-01,0.000000000000000000e+00,4.979999999999999982e-01,-2.999999999999999889e-01,0.000000000000000000e+00,5.010000000000000009e-01,0.000000000000000000e+00
2.961030605622353651e+00,-9.364542221928638666e-02,7.889620000000000521e-01,-0.000000000000000000e+00,8.727000000000000382e-03,0.000000000000000000e+00,9.999620000000000175e-01,-1.528999999999999977e-02,1.469999999999999953e-04,-2.599999999999999840e-05,-8.722000000000000586e-02,8.505699999999999372e-02,-1.489999999999999897e-04,-1.526800000000000032e-02,1.679999999999999907e-04,-2.900000000000000017e-05,-8.726699999999999735e-02,8.508200000000000485e-02,-1.700000000000000122e-04,0.000000000000000000e+00,4.979999999999999982e-01,2.999999999999999889e-01,0.000000000000000000e+00,5.010000000000000009e-01,0.000000000000000000e+00,4.979999999999999982e-01,-2.999999999999999889e-01,0.000000000000000000e+00,5.010000000000000009e-01,0.000000000000000000e+00
2.961030605622353651e+00,-9.364542221928638666e-02,7.889620000000000521e-01,-0.000000000000000000e+00,8.727000000000000382e-03,0.000000000000000000e+00,9.999620000000000175e-01,-1.528999999999999977e-02,1.469999999999999953e-04,-2.599999999999999840e-05,-8.722000000000000586e-02,8.505699999999999372e-02,-1.489999999999999897e-04,-1.526800000000000032e-02,1.679999999999999907e-04,-2.900000000000000017e-05,-8.726699999999999735e-02,8.508200000000000485e-02,-1.700000000000000122e-04,0.000000000000000000e+00,4.979999999999999982e-01,2.999999999999999889e-01,0.000000000000000000e+00,5.010000000000000009e-01,0.000000000000000000e+00,4.979999999999999982e-01,-2.999999999999999889e-01,0.000000000000000000e+00,5.010000000000000009e-01,0.000000000000000000e+00
2.961030605622353651e+00,-9.364542221928638666e-02,7.889620000000000521e-01,-0.000000000000000000e+00,8.727000000000000382e-03,0.000000000000000000e+00,9.999620000000000175e-01,-1.528999999999999977e-02,1.469999999999999953e-04,-2.599999999999999840e-05,-8.722000000000000586e-02,8.505699999999999372e-02,-1.489999999999999897e-04,-1.526800000000000032e-02,1.679999999999999907e-04,-2.900000000000000017e-05,-8.726699999999999735e-02,8.508200000000000485e-02,-1.700000000000000122e-04,0.000000000000000000e+00,4.979999999999999982e-01,2.999999999999999889e-01,0.000000000000000000e+00,5.010000000000000009e-01,0.000000000000000000e+00,4.979999999999999982e-01,-2.999999999999999889e-01,0.000000000000000000e+00,5.010000000000000009e-01,0.000000000000000000e+00
2.961030605622353651e+00,-9.364542221928638666e-02,7.889620000000000521e-01,-0.000000000000000000e+00,8.727000000000000382e-03,0.000000000000000000e+00,9.999620000000000175e-01,-1.528999999999999977e-02,1.469999999999999953e-04,-2.599999999999999840e-05,-8.722000000000000586e-02,8.505699999999999372e-02,-1.489999999999999897e-04,-1.526800000000000032e-02,1.679999999999999907e-04,-2.900000000000000017e-05,-8.726699999999999735e-02,8.508200000000000485e-02,-1.700000000000000122e-04,0.000000000000000000e+00,4.979999999999999982e-01,2.999999999999999889e-01,0.000000000000000000e+00,5.010000000000000009e-01,0.000000000000000000e+00,4.979999999999999982e-01,-2.999999999999999889e-01,0.000000000000000000e+00,5.010000000000000009e-01,0.000000000000000000e+00
2.961030605622353651e+00,-9.364542221928638666e-02,7.889620000000000521e-01,-0.000000000000000000e+00,8.727000000000000382e-03,0.000000000000000000e+00,9.999620000000000175e-01,-1.528999999999999977e-02,1.469999999999999953e-04,-2.599999999999999840e-05,-8.722000000000000586e-02,8.505699999999999372e-02,-1.489999999999999897e-04,-1.526800000000000032e-02,1.679999999999999907e-04,-2.900000000000000017e-05,-8.726699999999999735e-02,8.508200000000000485e-02,-1.700000000000000122e-04,0.000000000000000000e+00,4.979999999999999982e-01,2.999999999999999889e-01,0.000000000000000000e+00,5.010000000000000009e-01,0.000000000000000000e+00,4.979999999999999982e-01,-2.999999999999999889e-01,0.000000000000000000e+00,5.010000000000000009e-01,0.000000000000000000e+00
2.961030605622353651e+00,-9.364542221928638666e-02,7.889620000000000521e-01,-0.000000000000000000e+00,8.727000000000000382e-03,0.000000000000000000e+00,9.999620000000000175e-01,-1.528999999999999977e-02,1.469999999999999953e-04,-2.599999999999999840e-05,-8.722000000000000586e-02,8.505699999999999372e-02,-1.489999999999999897e-04,-1.526800000000000032e-02,1.679999999999999907e-04,-2.900000000000000017e-05,-8.726699999999999735e-02,8.508200000000000485e-02,-1.700000000000000122e-04,0.000000000000000000e+00,4.979999999999999982e-01,2.999999999999999889e-01,0.000000000000000000e+00,5.010000000000000009e-01,0.000000000000000000e+00,4.979999999999999982e-01,-2.999999999999999889e-01,0.000000000000000000e+00,5.010000000000000009e-01,0.000000000000000000e+00
2.961030605622353651e+00,-9.364542221928638666e-02,7.889620000000000521e-01,-0.000000000000000000e+00,8.727000000000000382e-03,0.000000000000000000e+00,9.999620000000000175e-01,-1.528999999999999977e-02,1.469999999999999953e-04,-2.599999999999999840e-05,-8.722000000000000586e-02,8.505699999999999372e-02,-1.489999999999999897e-04,-1.526800000000000032e-02,1.679999999999999907e-04,-2.900000000000000017e-05,-8.726699999999999735e-02,8.508200000000000485e-02,-1.700000000000000122e-04,0.000000000000000000e+00,4.979999999999999982e-01,2.999999999999999889e-01,0.000000000000000000e+00,5.010000000000000009e-01,0.000000000000000000e+00,4.979999999999999982e-01,-2.999999999999999889e-01,0.000000000000000000e+00,5.010000000000000009e-01,0.000000000000000000e+00
2.961030605622353651e+00,-9.364542221928638666e-02,7.889620000000000521e-01,-0.000000000000000000e+00,8.727000000000000382e-03,0.000000000000000000e+00,9.999620000000000175e-01,-1.528999999999999977e-02,1.469999999999999953e-04,-2.599999999999999840e-05,-8.722000000000000586e-02,8.505699999999999372e-02,-1.489999999999999897e-04,-1.526800000000000032e-02,1.679999999999999907e-04,-2.900000000000000017e-05,-8.726699999999999735e-02,8.508200000000000485e-02,-1.700000000000000122e-04,0.000000000000000000e+00,4.979999999999999982e-01,2.999999999999999889e-01,0.000000000000000000e+00,5.010000000000000009e-01,0.000000000000000000e+00,4.979999999999999982e-01,-2.999999999999999889e-01,0.000000000000000000e+00,5.010000000000000009e-01,0.000000000000000000e+00
2.961030605622353651e+00,-9.364542221928638666e-02,7.889620000000000521e-01,-0.000000000000000000e+00,8.727000000000000382e-03,0.000000000000000000e+00,9.999620000000000175e-01,-1.528999999999999977e-02,1.469999999999999953e-04,-2.599999999999999840e-05,-8.722000000000000586e-02,8.505699999999999372e-02,-1.489999999999999897e-04,-1.526800000000000032e-02,1.679999999999999907e-04,-2.900000000000000017e-05,-8.726699999999999735e-02,8.508200000000000485e-02,-1.700000000000000122e-04,0.000000000000000000e+00,4.979999999999999982e-01,2.999999999999999889e-01,0.000000000000000000e+00,5.010000000000000009e-01,0.000000000000000000e+00,4.979999999999999982e-01,-2.999999999999999889e-01,0.000000000000000000e+00,5.010000000000000009e-01,0.000000000000000000e+00
2.961030605622353651e+00,-9.364542221928638666e-02,7.889620000000000521e-01,-0.000000000000000000e+00,8.727000000000000382e-03,0.000000000000000000e+00,9.999620000000000175e-01,-1.528999999999999977e-02,1.469999999999999953e-04,-2.599999999999999840e-05,-8.722000000000000586e-02,8.505699999999999372e-02,-1.489999999999999897e-04,-1.526800000000000032e-02,1.679999999999999907e-04,-2.900000000000000017e-05,-8.726699999999999735e-02,8.508200000000000485e-02,-1.700000000000000122e-04,0.000000000000000000e+00,4.979999999999999982e-01,2.999999999999999889e-01,0.000000000000000000e+00,5.010000000000000009e-01,0.000000000000000000e+00,4.979999999999999982e-01,-2.999999999999999889e-01,0.000000000000000000e+00,5.010000000000000009e-01,0.000000000000000000e+00
2.961030605622353651e+00,-9.364542221928638666e-02,7.889620000000000521e-01,-0.000000000000000000e+00,8.727000000000000382e-03,0.000000000000000000e+00,9.999620000000000175e-01,-1.528999999999999977e-02,1.469999999999999953e-04,-2.599999999999999840e-05,-8.722000000000000586e-02,8.505699999999999372e-02,-1.489999999999999897e-04,-1.526800000000000032e-02,1.679999999999999907e-04,-2.900000000000000017e-05,-8.726699999999999735e-02,8.508200000000000485e-02,-1.700000000000000122e-04,0.000000000000000000e+00,4.979999999999999982e-01,2.999999999999999889e-01,0.000000000000000000e+00,5.010000000000000009e-01,0.000000000000000000e+00,4.979999999999999982e-01,-2.999999999999999889e-01,0.000000000000000000e+00,5.010000000000000009e-01,0.000000000000000000e+00
2.961030605622353651e+00,-9.364542221928638666e-02,7.889620000000000521e-01,-0.000000000000000000e+00,8.727000000000000382e-03,0.000000000000000000e+00,9.999620000000000175e-01,-1.528999999999999977e-02,1.469999999999999953e-04,-2.599999999999999840e-05,-8.722000000000000586e-02,8.505699999999999372e-02,-1.489999999999999897e-04,-1.526800000000000032e-02,1.679999999999999907e-04,-2.900000000000000017e-05,-8.726699999999999735e-02,8.508200000000000485e-02,-1.700000000000000122e-04,0.000000000000000000e+00,4.979999999999999982e-01,2.999999999999999889e-01,0.000000000000000000e+00,5.010000000000000009e-01,0.000000000000000000e+00,4.979999999999999982e-01,-2.999999999999999889e-01,0.000000000000000000e+00,5.010000000000000009e-01,0.000000000000000000e+00
2.961030605622353651e+00,-9.364542221928638666e-02,7.889620000000000521e-01,-0.000000000000000000e+00,8.727000000000000382e-03,0.000000000000000000e+00,9.999620000000000175e-01,-1.528999999999999977e-02,1.469999999999999953e-04,-2.599999999999999840e-05,-8.722000000000000586e-02,8.505699999999999372e-02,-1.489999999999999897e-04,-1.526800000000000032e-02,1.679999999999999907e-04,-2.900000000000000017e-05,-8.726699999999999735e-02,8.508200000000000485e-02,-1.700000000000000122e-04,0.000000000000000000e+00,4.979999999999999982e-01,2.999999999999999889e-01,0.000000000000000000e+00,5.010000000000000009e-01,0.000000000000000000e+00,4.979999999999999982e-01,-2.999999999999999889e-01,0.000000000000000000e+00,5.010000000000000009e-01,0.000000000000000000e+00
2.961030605622353651e+00,-9.364542221928638666e-02,7.889620000000000521e-01,-0.000000000000000000e+00,8.727000000000000382e-03,0.000000000000000000e+00,9.999620000000000175e-01,-1.528999999999999977e-02,1.469999999999999953e-04,-2.599999999999999840e-05,-8.722000000000000586e-02,8.505699999999999372e-02,-1.489999999999999897e-04,-1.526800000000000032e-02,1.679999999999999907e-04,-2.900000000000000017e-05,-8.726699999999999735e-02,8.508200000000000485e-02,-1.700000000000000122e-04,0.000000000000000000e+00,4.979999999999999982e-01,2.999999999999999889e-01,0.000000000000000000e+00,5.010000000000000009e-01,0.000000000000000000e+00,4.979999999999999982e-01,-2.999999999999999889e-01,0.000000000000000000e+00,5.010000000000000009e-01,0.000000000000000000e+00
2.961030605622353651e+00,-9.364542221928638666e-02,7.889620000000000521e-01,-0.000000000000000000e+00,8.727000000000000382e-03,0.000000000000000000e+00,9.999620000000000175e-01,-1.528999999999999977e-02,1.469999999999999953e-04,-2.599999999999999840e-05,-8.722000000000000586e-02,8.505699999999999372e-02,-1.489999999999999897e-04,-1.526800000000000032e-02,1.679999999999999907e-04,-2.900000000000000017e-05,-8.726699999999999735e-02,8.508200000000000485e-02,-1.700000000000000122e-04,0.000000000000000000e+00,4.979999999999999982e-01,2.999999999999999889e-01,0.000000000000000000e+00,5.010000000000000009e-01,0.000000000000000000e+00,4.979999999999999982e-01,-2.999999999999999889e-01,0.000000000000000000e+00,5.010000000000000009e-01,0.000000000000000000e+00
2.961030605622353651e+00,-9.364542221928638666e-02,7.889620000000000521e-01,-0.000000000000000000e+00,8.727000000000000382e-03,0.000000000000000000e+00,9.999620000000000175e-01,-1.528999999999999977e-02,1.469999999999999953e-04,-2.599999999999999840e-05,-8.722000000000000586e-02,8.505699999999999372e-02,-1.489999999999999897e-04,-1.526800000000000032e-02,1.679999999999999907e-04,-2.900000000000000017e-05,-8.726699999999999735e-02,8.508200000000000485e-02,-1.700000000000000122e-04,0.000000000000000000e+00,4.979999999999999982e-01,2.999999999999999889e-01,0.000000000000000000e+00,5.010000000000000009e-01,0.000000000000000000e+00,4.979999999999999982e-01,-2.999999999999999889e-01,0.000000000000000000e+00,5.010000000000000009e-01,0.000000000000000000e+00
2.961030605622353651e+00,-9.364542221928638666e-02,7.889620000000000521e-01,-0.000000000000000000e+00,8.727000000000000382e-03,0.000000000000000000e+00,9.999620000000000175e-01,-1.528999999999999977e-02,1.469999999999999953e-04,-2.599999999999999840e-05,-8.722000000000000586e-02,8.505699999999999372e-02,-1.489999999999999897e-04,-1.526800000000000032e-02,1.679999999999999907e-04,-2.900000000000000017e-05,-8.726699999999999735e-02,8.508200000000000485e-02,-1.700000000000000122e-04,0.000000000000000000e+00,4.979999999999999982e-01,2.999999999999999889e-01,0.000000000000000000e+00,5.010000000000000009e-01,0.000000000000000000e+00,4.979999999999999982e-01,-2.999999999999999889e-01,0.000000000000000000e+00,5.010000000000000009e-01,0.000000000000000000e+00
2.961030605622353651e+00,-9.364542221928638666e-02,7.889620000000000521e-01,-0.000000000000000000e+00,8.727000000000000382e-03,0.000000000000000000e+00,9.999620000000000175e-01,-1.528999999999999977e-02,1.469999999999999953e-04,-2.599999999999999840e-05,-8.722000000000000586e-02,8.505699999999999372e-02,-1.489999999999999897e-04,-1.526800000000000032e-02,1.679999999999999907e-04,-2.900000000000000017e-05,-8.726699999999999735e-02,8.508200000000000485e-02,-1.700000000000000122e-04,0.000000000000000000e+00,4.979999999999999982e-01,2.999999999999999889e-01,0.000000000000000000e+00,5.010000000000000009e-01,0.000000000000000000e+00,4.979999999999999982e-01,-2.999999999999999889e-01,0.000000000000000000e+00,5.010000000000000009e-01,0.000000000000000000e+00
2.961030605622353651e+00,-9.364542221928638666e-02,7.889620000000000521e-01,-0.000000000000000000e+00,8.727000000000000382e-03,0.000000000000000000e+00,9.999620000000000175e-01,-1.528999999999999977e-02,1.469999999999999953e-04,-2.599999999999999840e-05,-8.722000000000000586e-02,8.505699999999999372e-02,-1.489999999999999897e-04,-1.526800000000000032e-02,1.679999999999999907e-04,-2.900000000000000017e-05,-8.726699999999999735e-02,8.508200000000000485e-02,-1.700000000000000122e-04,0.000000000000000000e+00,4.979999999999999982e-01,2.999999999999999889e-01,0.000000000000000000e+00,5.010000000000000009e-01,0.000000000000000000e+00,4.979999999999999982e-01,-2.999999999999999889e-01,0.000000000000000000e+00,5.010000000000000009e-01,0.000000000000000000e+00
2.961030605622353651e+00,-9.364542221928638666e-02,7.889620000000000521e-01,-0.000000000000000000e+00,8.727000000000000382e-03,0.000000000000000000e+00,9.999620000000000175e-01,-1.528999999999999977e-02,1.469999999999999953e-04,-2.599999999999999840e-05,-8.722000000000000586e-02,8.505699999999999372e-02,-1.489999999999999897e-04,-1.526800000000000032e-02,1.679999999999999907e-04,-2.900000000000000017e-05,-8.726699999999999735e-02,8.508200000000000485e-02,-1.700000000000000122e-04,0.000000000000000000e+00,4.979999999999999982e-01,2.999999999999999889e-01,0.000000000000000000e+00,5.010000000000000009e-01,0.000000000000000000e+00,4.979999999999999982e-01,-2.999999999999999889e-01,0.000000000000000000e+00,5.010000000000000009e-01,0.000000000000000000e+00
2.961030605622353651e+00,-9.364542221928638666e-02,7.889620000000000521e-01,-0.000000000000000000e+00,8.727000000000000382e-03,0.000000000000000000e+00,9.999620000000000175e-01,-1.528999999999999977e-02,1.469999999999999953e-04,-2.599999999999999840e-05,-8.722000000000000586e-02,8.505699999999999372e-02,-1.489999999999999897e-04,-1.526800000000000032e-02,1.679999999999999907e-04,-2.900000000000000017e-05,-8.726699999999999735e-02,8.508200000000000485e-02,-1.700000000000000122e-04,0.000000000000000000e+00,4.979999999999999982e-01,2.999999999999999889e-01,0.000000000000000000e+00,5.010000000000000009e-01,0.000000000000000000e+00,4.979999999999999982e-01,-2.999999999999999889e-01,0.000000000000000000e+00,5.010000000000000009e-01,0.000000000000000000e+00
2.961030605622353651e+00,-9.364542221928638666e-02,7.889620000000000521e-01,-0.000000000000000000e+00,8.727000000000000382e-03,0.000000000000000000e+00,9.999620000000000175e-01,-1.528999999999999977e-02,1.469999999999999953e-04,-2.599999999999999840e-05,-8.722000000000000586e-02,8.505699999999999372e-02,-1.489999999999999897e-04,-1.526800000000000032e-02,1.679999999999999907e-04,-2.900000000000000017e-05,-8.726699999999999735e-02,8.508200000000000485e-02,-1.700000000000000122e-04,0.000000000000000000e+00,4.979999999999999982e-01,2.999999999999999889e-01,0.000000000000000000e+00,5.010000000000000009e-01,0.000000000000000000e+00,4.979999999999999982e-01,-2.999999999999999889e-01,0.000000000000000000e+00,5.010000000000000009e-01,0.000000000000000000e+00
2.961030605622353651e+00,-9.364542221928638666e-02,7.889620000000000521e-01,-0.000000000000000000e+00,8.727000000000000382e-03,0.000000000000000000e+00,9.999620000000000175e-01,-1.528999999999999977e-02,1.469999999999999953e-04,-2.599999999999999840e-05,-8.722000000000000586e-02,8.505699999999999372e-02,-1.489999999999999897e-04,-1.526800000000000032e-02,1.679999999999999907e-04,-2.900000000000000017e-05,-8.726699999999999735e-02,8.508200000000000485e-02,-1.700000000000000122e-04,0.000000000000000000e+00,4.979999999999999982e-01,2.999999999999999889e-01,0.000000000000000000e+00,5.010000000000000009e-01,0.000000000000000000e+00,4.979999999999999982e-01,-2.999999999999999889e-01,0.000000000000000000e+00,5.010000000000000009e-01,0.000000000000000000e+00
2.961030605622353651e+00,-9.364542221928638666e-02,7.889620000000000521e-01,-0.000000000000000000e+00,8.727000000000000382e-03,0.000000000000000000e+00,9.999620000000000175e-01,-1.528999999999999977e-02,1.469999999999999953e-04,-2.599999999999999840e-05,-8.722000000000000586e-02,8.505699999999999372e-02,-1.489999999999999897e-04,-1.526800000000000032e-02,1.679999999999999907e-04,-2.900000000000000017e-05,-8.726699999999999735e-02,8.508200000000000485e-02,-1.700000000000000122e-04,0.000000000000000000e+00,4.979999999999999982e-01,2.999999999999999889e-01,0.000000000000000000e+00,5.010000000000000009e-01,0.000000000000000000e+00,4.979999999999999982e-01,-2.999999999999999889e-01,0.000000000000000000e+00,5.010000000000000009e-01,0.000000000000000000e+00
2.961030605622353651e+00,-9.364542221928638666e-02,7.889620000000000521e-01,-0.000000000000000000e+00,8.727000000000000382e-03,0.000000000000000000e+00,9.999620000000000175e-01,-1.528999999999999977e-02,1.469999999999999953e-04,-2.599999999999999840e-05,-8.722000000000000586e-02,8.505699999999999372e-02,-1.489999999999999897e-04,-1.526800000000000032e-02,1.679999999999999907e-04,-2.900000000000000017e-05,-8.726699999999999735e-02,8.508200000000000485e-02,-1.700000000000000122e-04,0.000000000000000000e+00,4.979999999999999982e-01,2.999999999999999889e-01,0.000000000000000000e+00,5.010000000000000009e-01,0.000000000000000000e+00,4.979999999999999982e-01,-2.999999999999999889e-01,0.000000000000000000e+00,5.010000000000000009e-01,0.000000000000000000e+00
2.961030605622353651e+00,-9.364542221928638666e-02,7.889620000000000521e-01,-0.000000000000000000e+00,8.727000000000000382e-03,0.000000000000000000e+00,9.999620000000000175e-01,-1.528999999999999977e-02,1.469999999999999953e-04,-2.599999999999999840e-05,-8.722000000000000586e-02,8.505699999999999372e-02,-1.489999999999999897e-04,-1.526800000000000032e-02,1.679999999999999907e-04,-2.900000000000000017e-05,-8.726699999999999735e-02,8.508200000000000485e-02,-1.700000000000000122e-04,0.000000000000000000e+00,4.979999999999999982e-01,2.999999999999999889e-01,0.000000000000000000e+00,5.010000000000000009e-01,0.000000000000000000e+00,4.979999999999999982e-01,-2.999999999999999889e-01,0.000000000000000000e+00,5.010000000000000009e-01,0.000000000000000000e+00
2.961030605622353651e+00,-9.364542221928638666e-02,7.889620000000000521e-01,-0.000000000000000000e+00,8.727000000000000382e-03,0.000000000000000000e+00,9.999620000000000175e-01,-1.528999999999999977e-02,1.469999999999999953e-04,-2.599999999999999840e-05,-8.722000000000000586e-02,8.505699999999999372e-02,-1.489999999999999897e-04,-1.526800000000000032e-02,1.679999999999999907e-04,-2.900000000000000017e-05,-8.726699999999999735e-02,8.508200000000000485e-02,-1.700000000000000122e-04,0.000000000000000000e+00,4.979999999999999982e-01,2.999999999999999889e-01,0.000000000000000000e+00,5.010000000000000009e-01,0.000000000000000000e+00,4.979999999999999982e-01,-2.999999999999999889e-01,0.000000000000000000e+00,5.010000000000000009e-01,0.000000000000000000e+00
2.961030605622353651e+00,-9.364542221928638666e-02,7.889620000000000521e-01,-0.000000000000000000e+00,8.727000000000000382e-03,0.000000000000000000e+00,9.999620000000000175e-01,-1.528999999999999977e-02,1.469999999999999953e-04,-2.599999999999999840e-05,-8.722000000000000586e-02,8.505699999999999372e-02,-1.489999999999999897e-04,-1.526800000000000032e-02,1.679999999999999907e-04,-2.900000000000000017e-05,-8.726699999999999735e-02,8.508200000000000485e-02,-1.700000000000000122e-04,0.000000000000000000e+00,4.979999999999999982e-01,2.999999999999999889e-01,0.000000000000000000e+00,5.010000000000000009e-01,0.000000000000000000e+00,4.979999999999999982e-01,-2.999999999999999889e-01,0.000000000000000000e+00,5.010000000000000009e-01,0.000000000000000000e+00
2.961030605622353651e+00,-9.364542221928638666e-02,7.889620000000000521e-01,-0.000000000000000000e+00,8.727000000000000382e-03,0.000000000000000000e+00,9.999620000000000175e-01,-1.528999999999999977e-02,1.469999999999999953e-04,-2.599999999999999840e-05,-8.722000000000000586e-02,8.505699999999999372e-02,-1.489999999999999897e-04,-1.526800000000000032e-02,1.679999999999999907e-04,-2.900000000000000017e-05,-8.726699999999999735e-02,8.508200000000000485e-02,-1.700000000000000122e-04,0.000000000000000000e+00,4.979999999999999982e-01,2.999999999999999889e-01,0.000000000000000000e+00,5.010000000000000009e-01,0.000000000000000000e+00,4.979999999999999982e-01,-2.999999999999999889e-01,0.000000000000000000e+00,5.010000000000000009e-01,0.000000000000000000e+00
2.961030605622353651e+00,-9.364542221928638666e-02,7.889620000000000521e-01,-0.000000000000000000e+00,8.727000000000000382e-03,0.000000000000000000e+00,9.999620000000000175e-01,-1.528999999999999977e-02,1.469999999999999953e-04,-2.599999999999999840e-05,-8.722000000000000586e-02,8.505699999999999372e-02,-1.489999999999999897e-04,-1.526800000000000032e-02,1.679999999999999907e-04,-2.900000000000000017e-05,-8.726699999999999735e-02,8.508200000000000485e-02,-1.700000000000000122e-04,0.000000000000000000e+00,4.979999999999999982e-01,2.999999999999999889e-01,0.000000000000000000e+00,5.010000000000000009e-01,0.000000000000000000e+00,4.979999999999999982e-01,-2.999999999999999889e-01,0.000000000000000000e+00,5.010000000000000009e-01,0.000000000000000000e+00
2.961030605622353651e+00,-9.364542221928638666e-02,7.889620000000000521e-01,-0.000000000000000000e+00,8.727000000000000382e-03,0.000000000000000000e+00,9.999620000000000175e-01,-1.528999999999999977e-02,1.469999999999999953e-04,-2.599999999999999840e-05,-8.722000000000000586e-02,8.505699999999999372e-02,-1.489999999999999897e-04,-1.526800000000000032e-02,1.679999999999999907e-04,-2.900000000000000017e-05,-8.726699999999999735e-02,8.508200000000000485e-02,-1.700000000000000122e-04,0.000000000000000000e+00,4.979999999999999982e-01,2.999999999999999889e-01,0.000000000000000000e+00,5.010000000000000009e-01,0.000000000000000000e+00,4.979999999999999982e-01,-2.999999999999999889e-01,0.000000000000000000e+00,5.010000000000000009e-01,0.000000000000000000e+00
2.961030605622353651e+00,-9.364542221928638666e-02,7.889620000000000521e-01,-0.000000000000000000e+00,8.727000000000000382e-03,0.000000000000000000e+00,9.999620000000000175e-01,-1.528999999999999977e-02,1.469999999999999953e-04,-2.599999999999999840e-05,-8.722000000000000586e-02,8.505699999999999372e-02,-1.489999999999999897e-04,-1.526800000000000032e-02,1.679999999999999907e-04,-2.900000000000000017e-05,-8.726699999999999735e-02,8.508200000000000485e-02,-1.700000000000000122e-04,0.000000000000000000e+00,4.979999999999999982e-01,2.999999999999999889e-01,0.000000000000000000e+00,5.010000000000000009e-01,0.000000000000000000e+00,4.979999999999999982e-01,-2.999999999999999889e-01,0.000000000000000000e+00,5.010000000000000009e-01,0.000000000000000000e+00
2.961030605622353651e+00,-9.364542221928638666e-02,7.889620000000000521e-01,-0.000000000000000000e+00,8.727000000000000382e-03,0.000000000000000000e+00,9.999620000000000175e-01,-1.528999999999999977e-02,1.469999999999999953e-04,-2.599999999999999840e-05,-8.722000000000000586e-02,8.505699999999999372e-02,-1.489999999999999897e-04,-1.526800000000000032e-02,1.679999999999999907e-04,-2.900000000000000017e-05,-8.726699999999999735e-02,8.508200000000000485e-02,-1.700000000000000122e-04,0.000000000000000000e+00,4.979999999999999982e-01,2.999999999999999889e-01,0.000000000000000000e+00,5.010000000000000009e-01,0.000000000000000000e+00,4.979999999999999982e-01,-2.999999999999999889e-01,0.000000000000000000e+00,5.010000000000000009e-01,0.000000000000000000e+00
2.961030605622353651e+00,-9.364542221928638666e-02,7.889620000000000521e-01,-0.000000000000000000e+00,8.727000000000000382e-03,0.000000000000000000e+00,9.999620000000000175e-01,-1.528999999999999977e-02,1.469999999999999953e-04,-2.599999999999999840e-05,-8.722000000000000586e-02,8.505699999999999372e-02,-1.489999999999999897e-04,-1.526800000000000032e-02,1.679999999999999907e-04,-2.900000000000000017e-05,-8.726699999999999735e-02,8.508200000000000485e-02,-1.700000000000000122e-04,0.000000000000000000e+00,4.979999999999999982e-01,2.999999999999999889e-01,0.000000000000000000e+00,5.010000000000000009e-01,0.000000000000000000e+00,4.979999999999999982e-01,-2.999999999999999889e-01,0.000000000000000000e+00,5.010000000000000009e-01,0.000000000000000000e+00
2.961030605622353651e+00,-9.364542221928638666e-02,7.889620000000000521e-01,-0.000000000000000000e+00,8.727000000000000382e-03,0.000000000000000000e+00,9.999620000000000175e-01,-1.528999999999999977e-02,1.469999999999999953e-04,-2.599999999999999840e-05,-8.722000000000000586e-02,8.505699999999999372e-02,-1.489999999999999897e-04,-1.526800000000000032e-02,1.679999999999999907e-04,-2.900000000000000017e-05,-8.726699999999999735e-02,8.508200000000000485e-02,-1.700000000000000122e-04,0.000000000000000000e+00,4.979999999999999982e-01,2.999999999999999889e-01,0.000000000000000000e+00,5.010000000000000009e-01,0.000000000000000000e+00,4.979999999999999982e-01,-2.999999999999999889e-01,0.000000000000000000e+00,5.010000000000000009e-01,0.000000000000000000e+00
2.961030605622353651e+00,-9.364542221928638666e-02,7.889620000000000521e-01,-0.000000000000000000e+00,8.727000000000000382e-03,0.000000000000000000e+00,9.999620000000000175e-01,-1.528999999999999977e-02,1.469999999999999953e-04,-2.599999999999999840e-05,-8.722000000000000586e-02,8.505699999999999372e-02,-1.489999999999999897e-04,-1.526800000000000032e-02,1.679999999999999907e-04,-2.900000000000000017e-05,-8.726699999999999735e-02,8.508200000000000485e-02,-1.700000000000000122e-04,0.000000000000000000e+00,4.979999999999999982e-01,2.999999999999999889e-01,0.000000000000000000e+00,5.010000000000000009e-01,0.000000000000000000e+00,4.979999999999999982e-01,-2.999999999999999889e-01,0.000000000000000000e+00,5.010000000000000009e-01,0.000000000000000000e+00
2.961030605622353651e+00,-9.364542221928638666e-02,7.889620000000000521e-01,-0.000000000000000000e+00,8.727000000000000382e-03,0.000000000000000000e+00,9.999620000000000175e-01,-1.528999999999999977e-02,1.469999999999999953e-04,-2.599999999999999840e-05,-8.722000000000000586e-02,8.505699999999999372e-02,-1.489999999999999897e-04,-1.526800000000000032e-02,1.679999999999999907e-04,-2.900000000000000017e-05,-8.726699999999999735e-02,8.508200000000000485e-02,-1.700000000000000122e-04,0.000000000000000000e+00,4.979999999999999982e-01,2.999999999999999889e-01,0.000000000000000000e+00,5.010000000000000009e-01,0.000000000000000000e+00,4.979999999999999982e-01,-2.999999999999999889e-01,0.000000000000000000e+00,5.010000000000000009e-01,0.000000000000000000e+00
2.961030605622353651e+00,-9.364542221928638666e-02,7.889620000000000521e-01,-0.000000000000000000e+00,8.727000000000000382e-03,0.000000000000000000e+00,9.999620000000000175e-01,-1.528999999999999977e-02,1.469999999999999953e-04,-2.599999999999999840e-05,-8.722000000000000586e-02,8.505699999999999372e-02,-1.489999999999999897e-04,-1.526800000000000032e-02,1.679999999999999907e-04,-2.900000000000000017e-05,-8.726699999999999735e-02,8.508200000000000485e-02,-1.700000000000000122e-04,0.000000000000000000e+00,4.979999999999999982e-01,2.999999999999999889e-01,0.000000000000000000e+00,5.010000000000000009e-01,0.000000000000000000e+00,4.979999999999999982e-01,-2.999999999999999889e-01,0.000000000000000000e+00,5.010000000000000009e-01,0.000000000000000000e+00
2.961030605622353651e+00,-9.364542221928638666e-02,7.889620000000000521e-01,-0.000000000000000000e+00,8.727000000000000382e-03,0.000000000000000000e+00,9.999620000000000175e-01,-1.528999999999999977e-02,1.469999999999999953e-04,-2.599999999999999840e-05,-8.722000000000000586e-02,8.505699999999999372e-02,-1.489999999999999897e-04,-1.526800000000000032e-02,1.679999999999999907e-04,-2.900000000000000017e-05,-8.726699999999999735e-02,8.508200000000000485e-02,-1.700000000000000122e-04,0.000000000000000000e+00,4.979999999999999982e-01,2.999999999999999889e-01,0.000000000000000000e+00,5.010000000000000009e-01,0.000000000000000000e+00,4.979999999999999982e-01,-2.999999999999999889e-01,0.000000000000000000e+00,5.010000000000000009e-01,0.000000000000000000e+00
2.961030605622353651e+00,-9.364542221928638666e-02,7.889620000000000521e-01,-0.000000000000000000e+00,8.727000000000000382e-03,0.000000000000000000e+00,9.999620000000000175e-01,-1.528999999999999977e-02,1.469999999999999953e-04,-2.599999999999999840e-05,-8.722000000000000586e-02,8.505699999999999372e-02,-1.489999999999999897e-04,-1.526800000000000032e-02,1.679999999999999907e-04,-2.900000000000000017e-05,-8.726699999999999735e-02,8.508200000000000485e-02,-1.700000000000000122e-04,0.000000000000000000e+00,4.979999999999999982e-01,2.999999999999999889e-01,0.000000000000000000e+00,5.010000000000000009e-01,0.000000000000000000e+00,4.979999999999999982e-01,-2.999999999999999889e-01,0.000000000000000000e+00,5.010000000000000009e-01,0.000000000000000000e+00
2.961030605622353651e+00,-9.364542221928638666e-02,7.889620000000000521e-01,-0.000000000000000000e+00,8.727000000000000382e-03,0.000000000000000000e+00,9.999620000000000175e-01,-1.528999999999999977e-02,1.469999999999999953e-04,-2.599999999999999840e-05,-8.722000000000000586e-02,8.505699999999999372e-02,-1.489999999999999897e-04,-1.526800000000000032e-02,1.679999999999999907e-04,-2.900000000000000017e-05,-8.726699999999999735e-02,8.508200000000000485e-02,-1.700000000000000122e-04,0.000000000000000000e+00,4.979999999999999982e-01,2.999999999999999889e-01,0.000000000000000000e+00,5.010000000000000009e-01,0.000000000000000000e+00,4.979999999999999982e-01,-2.999999999999999889e-01,0.000000000000000000e+00,5.010000000000000009e-01,0.000000000000000000e+00
2.961030605622353651e+00,-9.364542221928638666e-02,7.889620000000000521e-01,-0.000000000000000000e+00,8.727000000000000382e-03,0.000000000000000000e+00,9.999620000000000175e-01,-1.528999999999999977e-02,1.469999999999999953e-04,-2.599999999999999840e-05,-8.722000000000000586e-02,8.505699999999999372e-02,-1.489999999999999897e-04,-1.526800000000000032e-02,1.679999999999999907e-04,-2.900000000000000017e-05,-8.726699999999999735e-02,8.508200000000000485e-02,-1.700000000000000122e-04,0.000000000000000000e+00,4.979999999999999982e-01,2.999999999999999889e-01,0.000000000000000000e+00,5.010000000000000009e-01,0.000000000000000000e+00,4.979999999999999982e-01,-2.999999999999999889e-01,0.000000000000000000e+00,5.010000000000000009e-01,0.000000000000000000e+00
2.961030605622353651e+00,-9.364542221928638666e-02,7.889620000000000521e-01,-0.000000000000000000e+00,8.727000000000000382e-03,0.000000000000000000e+00,9.999620000000000175e-01,-1.528999999999999977e-02,1.469999999999999953e-04,-2.599999999999999840e-05,-8.722000000000000586e-02,8.505699999999999372e-02,-1.489999999999999897e-04,-1.526800000000000032e-02,1.679999999999999907e-04,-2.900000000000000017e-05,-8.726699999999999735e-02,8.508200000000000485e-02,-1.700000000000000122e-04,0.000000000000000000e+00,4.979999999999999982e-01,2.999999999999999889e-01,0.000000000000000000e+00,5.010000000000000009e-01,0.000000000000000000e+00,4.979999999999999982e-01,-2.999999999999999889e-01,0.000000000000000000e+00,5.010000000000000009e-01,0.000000000000000000e+00
2.961030605622353651e+00,-9.364542221928638666e-02,7.889620000000000521e-01,-0.000000000000000000e+00,8.727000000000000382e-03,0.000000000000000000e+00,9.999620000000000175e-01,-1.528999999999999977e-02,1.469999999999999953e-04,-2.599999999999999840e-05,-8.722000000000000586e-02,8.505699999999999372e-02,-1.489999999999999897e-04,-1.526800000000000032e-02,1.679999999999999907e-04,-2.900000000000000017e-05,-8.726699999999999735e-02,8.508200000000000485e-02,-1.700000000000000122e-04,0.000000000000000000e+00,4.979999999999999982e-01,2.999999999999999889e-01,0.000000000000000000e+00,5.010000000000000009e-01,0.000000000000000000e+00,4.979999999999999982e-01,-2.999999999999999889e-01,0.000000000000000000e+00,5.010000000000000009e-01,0.000000000000000000e+00
2.961030605622353651e+00,-9.364542221928638666e-02,7.889620000000000521e-01,-0.000000000000000000e+00,8.727000000000000382e-03,0.000000000000000000e+00,9.999620000000000175e-01,-1.528999999999999977e-02,1.469999999999999953e-04,-2.599999999999999840e-05,-8.722000000000000586e-02,8.505699999999999372e-02,-1.489999999999999897e-04,-1.526800000000000032e-02,1.679999999999999907e-04,-2.900000000000000017e-05,-8.726699999999999735e-02,8.508200000000000485e-02,-1.700000000000000122e-04,0.000000000000000000e+00,4.979999999999999982e-01,2.999999999999999889e-01,0.000000000000000000e+00,5.010000000000000009e-01,0.000000000000000000e+00,4.979999999999999982e-01,-2.999999999999999889e-01,0.000000000000000000e+00,5.010000000000000009e-01,0.000000000000000000e+00
