-2.849267145036240775e-03,1.366543293481015334e-07,7.897332763307721715e-01,-1.813327787105943048e-08,-2.498777648975578081e-02,-7.467526890873238029e-07,9.996877567648511098e-01,3.000313756737561788e-02,-9.933311960176249362e-06,3.483432503309940610e-06,4.999246312187125008e-02,-3.001484557594850597e-02,1.041877877028595065e-05,3.000253992375228815e-02,1.022385065746112104e-05,-4.952477960568853463e-07,4.999257122013661681e-02,-3.001435600038428880e-02,-1.012729302031225117e-05,-2.401092716380528693e-09,-8.990589163399022425e-14,1.374108709528032907e-13,4.979994958096549684e-01,3.000000000000133116e-01,1.052134656310506962e-14,5.009998733665081971e-01,2.611398878742402084e-17,1.853233816558546618e-15,1.281469191557569612e-15,4.979994958662067872e-01,-2.999999999999877209e-01,8.755120703577001456e-15,5.009998716473406111e-01,-3.644431502681995795e-18,5.406127374272281956e-16,8.248243339470843432e-16
-3.106687867563937260e-03,1.295128005480938684e-06,7.888600386416511068e-01,-1.039645016286102525e-06,-2.484178362759881589e-02,-2.238128686925876351e-06,9.996913952716155460e-01,2.867918574308453081e-02,-1.738052714264585324e-03,-1.272626451350244786e-04,5.064395196926653464e-02,-3.086968060292576491e-02,-1.266980748723125398e-03,2.867634459664636717e-02,1.733273068176918123e-03,1.231307290285311149e-04,5.064350190529948170e-02,-3.085398836456683391e-02,1.276235282040655717e-03,4.478292400373639499e-07,8.886549713895569398e-06,1.209078798644387751e-03,4.967479043548558293e-01,3.003411261369677843e-01,1.343201654895228030e-04,5.005795716245593496e-01,-1.479950403962825733e-05,2.721865757264346243e-04,4.512475660439948367e-05,4.967433673092236934e-01,-3.003533011980507594e-01,-1.374773309449600471e-04,5.005809135685020950e-01,1.668379625352388998e-05,2.720897792361994818e-04,-4.298349203658663014e-05
-3.487541179303131622e-03,3.127788590013974613e-06,7.873636615215525714e-01,-4.402105666824441491e-06,-2.463079242464059557e-02,-3.213385739184438518e-06,9.996966159964880694e-01,2.719311984364232437e-02,-2.705469340823551949e-03,5.352369713824329557e-04,5.145516293749774484e-02,-3.300757142017210488e-02,-1.248709979104321681e-03,2.718942057520947961e-02,2.707221089132158792e-03,-5.485680976444100646e-04,5.145490301287022200e-02,-3.298858618266240633e-02,1.260547694597511986e-03,-7.032667480710979133e-07,2.754877372148841641e-05,3.022002242399538137e-03,4.944688921039810947e-01,3.006770626055407236e-01,3.668418508364889577e-04,5.008178114341353959e-01,7.955356122707360565e-05,4.529266809854864593e-04,1.202531913644748734e-04,4.944589341863919740e-01,-3.007089356669581659e-01,-3.753707160756092689e-04,5.008210809348276893e-01,-7.534330634941041203e-05,4.526200778020536314e-04,-1.161045302596955936e-04
-3.869436159967446810e-03,4.478028013950929184e-06,7.860673115426051183e-01,-7.018451352605258766e-06,-2.455403507516210407e-02,-3.820320256049758396e-06,9.996985041989779885e-01,2.650282158650356379e-02,-2.759960687496590577e-03,1.104544981324022965e-03,5.194931173411277553e-02,-3.616699160978843752e-02,-1.387906914932948146e-03,2.649951222095702288e-02,2.771444798370971407e-03,-1.125261626023078007e-03,5.195009484327293287e-02,-3.615709256914270003e-02,1.381056188170841402e-03,-3.591918239413809539e-06,4.302940243927686045e-05,4.768374333212969073e-03,4.904002063334896300e-01,2.999186947686265925e-01,7.909931238040796529e-04,5.047536695982043353e-01,3.497478737574818649e-04,7.301085251788944422e-04,2.551201616508724942e-04,4.903802929385455145e-01,-2.999660395766201582e-01,-8.010636505016660667e-04,5.047657091092733195e-01,-3.435269849377002777e-04,7.308599299225427681e-04,-2.493941482347662090e-04
-4.270364568481981558e-03,4.722732761372932779e-06,7.857983718330626699e-01,-7.419109001703317478e-06,-2.486371991951998386e-02,-4.477896404910434231e-06,9.996908498914395258e-01,2.649525049754799383e-02,-2.689001227926300988e-03,1.427146779532714868e-03,5.235719952305162295e-02,-3.816046170630973261e-02,-1.448466773805061293e-03,2.649181439233328286e-02,2.704263602876672782e-03,-1.450741636925977854e-03,5.235845604165371980e-02,-3.815786381503831481e-02,1.412890304168493106e-03,-8.357860826936633830e-06,4.800370409254875795e-05,6.702503142283546336e-03,4.837247064277881980e-01,2.971182167027572318e-01,1.368917903821632864e-03,5.140490158433841383e-01,8.265418381852314813e-04,1.643503354032483169e-03,5.781932234439271642e-04,4.836874362572486930e-01,-2.971716031766679089e-01,-1.373811483185259554e-03,5.140794983947729602e-01,-8.190347719460649642e-04,1.646774312160204957e-03,-5.707204371966441599e-04
-4.674868631387089739e-03,4.426476655496516749e-06,7.860407914414239139e-01,-8.452094186686204068e-06,-2.523092558772332267e-02,-4.574568724250443764e-06,9.996816494772832185e-01,2.628341634434286714e-02,-2.636814206029445152e-03,1.566298343020708231e-03,5.297007343413436681e-02,-3.832385791261282842e-02,-1.365658477287429477e-03,2.627912273705322599e-02,2.657813712123720425e-03,-1.593373355331434990e-03,5.297170238372195944e-02,-3.832115641019160496e-02,1.310083739471247337e-03,-1.287043873372934645e-05,5.290367584516747371e-05,8.410809014567560693e-03,4.767138972714951572e-01,2.933619576186969335e-01,1.509705690561033344e-03,5.237160448202617946e-01,1.472306147795347407e-03,2.985566108014113540e-03,1.046583133778326759e-03,4.766631747654119233e-01,-2.934183247762980895e-01,-1.510487878016697136e-03,5.237621270882490965e-01,-1.464057944667255390e-03,2.991291734659372922e-03,-1.038314280411960829e-03
-5.055140909513302847e-03,3.815350801018255753e-06,7.863044972416383116e-01,-9.078497411027363839e-06,-2.549624060649083659e-02,-4.308016929365561615e-06,9.996749179678148245e-01,2.577239301662676008e-02,-2.609373806244008522e-03,1.553844510940045670e-03,5.370214739028073003e-02,-3.720433288202208005e-02,-1.261159927805810457e-03,2.576620700501313851e-02,2.634247750553344019e-03,-1.583648210447809136e-03,5.370599513547801018e-02,-3.719743629210572888e-02,1.199701164376873290e-03,-1.595338194015388274e-05,5.717598606958989367e-05,9.747361885013230628e-03,4.706860947487649938e-01,2.893764537920277546e-01,1.092633390682519511e-03,5.312629482117267044e-01,2.054419416454675469e-03,4.498346161694670095e-03,1.533358807109511460e-03,4.706279134869429392e-01,-2.894333138473721978e-01,-1.091717818091411749e-03,5.313191729008890363e-01,-2.045831637454018515e-03,4.505988998679036871e-03,-1.524840997641814392e-03
-5.343633511423266126e-03,2.850625942893267552e-06,7.864348656155059070e-01,-8.584643325477371966e-06,-2.554521819672981101e-02,-4.800192174766662222e-06,9.996736676188600068e-01,2.509628187772394367e-02,-2.620889573309536074e-03,1.415000037098998594e-03,5.427645385824136220e-02,-3.588940964857585680e-02,-1.088592830474757744e-03,2.508829494526601533e-02,2.647018954695404876e-03,-1.442971678552474766e-03,5.428168291052112154e-02,-3.587492295444730250e-02,1.024511835282939905e-03,-1.774687906157705944e-05,5.927799062586848065e-05,1.027755246607063404e-02,4.662351629713230583e-01,2.857299458122618541e-01,2.750361015656583230e-04,5.362224767667591596e-01,2.861922559755538178e-03,5.600214759761249633e-03,2.262743130661138379e-03,4.661736654655534440e-01,-2.857811161863093030e-01,-2.716216538733973694e-04,5.362862012342481943e-01,-2.852762201111207988e-03,5.609964389059974611e-03,-2.253463021831247567e-03
-5.575605553607997956e-03,1.748472679078153152e-06,7.864408927313439879e-01,-8.140080425204395651e-06,-2.551474821313059332e-02,-5.905380120959880734e-06,9.996744457684639817e-01,2.441305880981099741e-02,-2.627526873440240527e-03,1.263796722240263879e-03,5.475070265913483530e-02,-3.484241346229940278e-02,-9.106991010656438667e-04,2.440598186879705880e-02,2.655736762105276576e-03,-1.287651068578514729e-03,5.475226551953318865e-02,-3.481804712905705451e-02,8.469368363190082514e-04,-1.955622427388744268e-05,6.246363184245578540e-05,1.045356714350370760e-02,4.629167292304768866e-01,2.822635245478352650e-01,-7.695452729662945928e-04,5.393660894285059459e-01,3.631888303718883160e-03,6.427118487437192933e-03,3.016287861078461446e-03,4.628536964578386370e-01,-2.823069957563015819e-01,7.757908190652181533e-04,5.394340417243834729e-01,-3.622209921024350469e-03,6.439267612400443978e-03,-3.006253916887639127e-03
-5.783648546338767370e-03,8.603267626040015479e-07,7.863930635158423721e-01,-7.456950085212068268e-06,-2.554681837945768294e-02,-6.621576779665406207e-06,9.996736267258604647e-01,2.379102541641069796e-02,-2.607641117329602583e-03,1.182941405678979846e-03,5.537460581927735465e-02,-3.397195539535780018e-02,-7.913958001291728460e-04,2.378807707435189739e-02,2.635829975050518314e-03,-1.204257718121596070e-03,5.536750322822789339e-02,-3.393866487002250576e-02,7.299211160482933910e-04,-2.349296289168506454e-05,6.710718562578859105e-05,1.057128513282868526e-02,4.602658622009515033e-01,2.788014753093898679e-01,-1.939777058935776566e-03,5.415802297025876788e-01,4.304942795389055804e-03,7.218246842234605186e-03,3.748439005090229564e-03,4.601984575122552990e-01,-2.788449380247812193e-01,1.945286529805397100e-03,5.416474837986353652e-01,-4.295327879388946037e-03,7.234898634631789852e-03,-3.738219742804571848e-03
-5.963439315073129979e-03,4.770299350111076788e-08,7.863421843320126392e-01,-5.553287867051990012e-06,-2.561281036686112803e-02,-5.980622000520158000e-06,9.996719381269555393e-01,2.330196861343269976e-02,-2.573312337959962441e-03,1.180928033215996502e-03,5.605283786754093611e-02,-3.341574500791728852e-02,-6.903282715886953618e-04,2.330003354196234083e-02,2.595247500174793689e-03,-1.203208597062137676e-03,5.604384663195356026e-02,-3.338160709413519334e-02,6.283369786119863236e-04,-2.695765588819575473e-05,6.983084684470456359e-05,1.054650407266955088e-02,4.581756507889802599e-01,2.752865028718910478e-01,-3.220451482404575964e-03,5.431775326574874718e-01,4.997785203611948730e-03,7.827288716913634314e-03,4.507758434671512056e-03,4.581048672537337274e-01,-2.753340296434939050e-01,3.224004827343866092e-03,5.432432409801033479e-01,-4.988048086997019098e-03,7.847086151592073608e-03,-4.497573178255452435e-03
-6.116405476838854965e-03,-5.600824773651236190e-07,7.863142499502794314e-01,-2.556576400928805248e-06,-2.567314008205015194e-02,-3.110879987909277243e-06,9.996703906098813874e-01,2.290639605640850882e-02,-2.525442367073986363e-03,1.251868158169008871e-03,5.666042800989764400e-02,-3.311689744739550190e-02,-5.867567971512431448e-04,2.289869885860595575e-02,2.534015823805433297e-03,-1.281687346424937451e-03,5.666544717522976893e-02,-3.309435283469496641e-02,5.199891843434091337e-04,-2.715062818105024026e-05,7.082863456311343372e-05,1.028761588458081133e-02,4.566112885148351785e-01,2.717267686939516258e-01,-4.605111998581225795e-03,5.442525864008997960e-01,5.764365765569642863e-03,8.212294485893865265e-03,5.323996860194925816e-03,4.565420594367551321e-01,-2.717822839382456057e-01,4.606608442362797318e-03,5.443177972663247877e-01,-5.754802072148316669e-03,8.233332226426548842e-03,-5.314997961210763018e-03
-6.255948672073717749e-03,-9.337127978837158226e-07,7.863061669424536992e-01,3.010200176651379029e-07,-2.572943170915086702e-02,-5.620152563199990378e-07,9.996689433725132190e-01,2.259257089979285413e-02,-2.472401799558327472e-03,1.347133423677826687e-03,5.716212881965759135e-02,-3.304017289126823936e-02,-4.834196162176859963e-04,2.258110600270259519e-02,2.467057690706166238e-03,-1.382711812553775359e-03,5.717855528268955823e-02,-3.302293863785585315e-02,4.097382826964975988e-04,-2.722786122034123924e-05,7.142296775637860923e-05,9.880624037016220995e-03,4.554700344081107355e-01,2.681564984602209933e-01,-6.050541940549740080e-03,5.448833579379972480e-01,6.515292693331923776e-03,8.493411442453994639e-03,6.139276336982079328e-03,4.554033773886940195e-01,-2.682215008948699575e-01,6.049078604230131474e-03,5.449476749424903010e-01,-6.506116305249336380e-03,8.516023312987373167e-03,-6.131646121823050057e-03
-6.395304239570201443e-03,-1.158898331669536149e-06,7.863102248791558058e-01,2.587372420981858891e-06,-2.578175454586898938e-02,-1.945083511755809433e-06,9.996675953145915949e-01,2.231789224060172841e-02,-2.416997798262825355e-03,1.442143832862956884e-03,5.755766445976149420e-02,-3.304075619790809021e-02,-3.871625580938557742e-04,2.230770021562772376e-02,2.401907795426845918e-03,-1.470343914917927484e-03,5.756964038803970979e-02,-3.300961403774915065e-02,3.074903190574402971e-04,-2.811759701660252516e-05,7.075799195873760375e-05,9.384440988239721795e-03,4.546768667987213242e-01,2.646416504642867262e-01,-7.521006520073880881e-03,5.451284332110648556e-01,7.236783600294918913e-03,8.728324424990928712e-03,6.951340784351561428e-03,4.546105928610594815e-01,-2.647133959763018907e-01,7.515881757477166358e-03,5.451909953564264555e-01,-7.228124058770566372e-03,8.753659760414950197e-03,-6.944699159709750991e-03
-6.539910094286553732e-03,-1.118873275908440011e-06,7.863151219712646300e-01,3.419739741858592944e-06,-2.582258397136821815e-02,-4.585952307874115672e-06,9.996665414648603365e-01,2.205728920276463570e-02,-2.363818877638990731e-03,1.514911350299392436e-03,5.784946087411527160e-02,-3.305549904119006732e-02,-2.946561170111409761e-04,2.204907968118787615e-02,2.346119593341670310e-03,-1.532392725963325087e-03,5.785234725786423532e-02,-3.300746253874085184e-02,2.089965482643332145e-04,-2.933984121843211310e-05,7.186616073254795080e-05,8.820774499228250728e-03,4.541967208232101094e-01,2.612291318158886377e-01,-8.999879270087328062e-03,5.450165116020950773e-01,7.929478396263142312e-03,8.902361424645446539e-03,7.740836997481550553e-03,4.541326783020357416e-01,-2.613077164810404529e-01,8.990643045565458943e-03,5.450767056075561667e-01,-7.921408616115850621e-03,8.929996529856081694e-03,-7.735248131863299050e-03
-6.695425719335832727e-03,-8.722698520581707360e-07,7.863187698899319900e-01,2.864050616280283028e-06,-2.585078820967587343e-02,-5.743269700585908274e-06,9.996658125132368289e-01,2.178085315455227655e-02,-2.317076159836071406e-03,1.550411597852039596e-03,5.804833794903635491e-02,-3.297891288866657694e-02,-2.015322508501591475e-04,2.177401911643648061e-02,2.302165754203217354e-03,-1.562994040772949962e-03,5.804564452534542729e-02,-3.292263821416765296e-02,1.090310923974718556e-04,-3.037659545190866513e-05,7.485783217780461718e-05,8.203970195006102945e-03,4.539947737624705493e-01,2.579927976824801794e-01,-1.045137435946719151e-02,5.446104096970346697e-01,8.623015311947555828e-03,9.010523648042022271e-03,8.537774845826868325e-03,4.539376978426489240e-01,-2.580788333091264541e-01,1.043822736698876708e-02,5.446689609634851603e-01,-8.615480405156108329e-03,9.039589412660951201e-03,-8.533180368960528381e-03
-6.866224010746670679e-03,-4.239157292682582646e-07,7.863183403453555265e-01,1.764815372481887940e-06,-2.587441541856845897e-02,-6.174844031978641433e-06,9.996652012476495708e-01,2.149276207854206380e-02,-2.275106576068462293e-03,1.560055274104964066e-03,5.818504998463670808e-02,-3.282416373156046147e-02,-1.107759172943661795e-04,2.148736077611459322e-02,2.264463329938402533e-03,-1.571908441920704357e-03,5.817904000382127100e-02,-3.276827591484034186e-02,1.083471436818018194e-05,-3.111381394693175120e-05,7.837790242402248363e-05,7.573817699028408991e-03,4.540086546537702716e-01,2.549536257303846032e-01,-1.185371957446443823e-02,5.439824278175003913e-01,9.276518341607654580e-03,9.074316868451665422e-03,9.296151792284147036e-03,4.539587836083063821e-01,-2.550480721491220071e-01,1.183662633460481374e-02,5.440395140209504099e-01,-9.269292292021847832e-03,9.104864004082592610e-03,-9.292257025136682613e-03
-7.056130232327065439e-03,2.313103057237427681e-07,7.863165872107247267e-01,6.262734434469607091e-07,-2.590156326681830601e-02,-6.669945021141421492e-06,9.996644982070006513e-01,2.118774107823757913e-02,-2.238069670323498614e-03,1.550968307739744719e-03,5.828778533984779742e-02,-3.256768059112659375e-02,-2.263822841301706601e-05,2.118386145801934642e-02,2.230982107377003833e-03,-1.564441109583990935e-03,5.827922857674990020e-02,-3.251901918570191535e-02,-8.516795960171986914e-05,-3.131783510182096591e-05,8.183504801221288996e-05,6.948073320383276255e-03,4.541814378549473563e-01,2.521426802597593886e-01,-1.318458761742895453e-02,5.432151426602153110e-01,9.892906416644114964e-03,9.120790761217757378e-03,1.002078137453124747e-02,4.541347724166860944e-01,-2.522471394503011943e-01,1.316315952454409459e-02,5.432697794656426993e-01,-9.885644774985212144e-03,9.152727346408460335e-03,-1.001718224887974788e-02
-7.263257084596237527e-03,1.030790461811799724e-06,7.863125759194056208e-01,-2.314118011480888884e-07,-2.593382331469687788e-02,-7.175179467898930322e-06,9.996636618166857557e-01,2.088869795900942516e-02,-2.204349723803549193e-03,1.533124080686777864e-03,5.835684405323576796e-02,-3.227281260733675522e-02,6.251942734528105844e-05,2.088618876186882495e-02,2.199024727603867725e-03,-1.548647981817768146e-03,5.834576754921844133e-02,-3.223292646227822467e-02,-1.786721038288758895e-04,-3.120095695642714523e-05,8.440626778264420801e-05,6.325471343709272026e-03,4.544873650083036676e-01,2.495771634468620936e-01,-1.443207784543131846e-02,5.423512459691379739e-01,1.045807879959655823e-02,9.138015595022346699e-03,1.068883258875281267e-02,4.544413591940438257e-01,-2.496922675484756493e-01,1.440591603207321512e-02,5.424029645803526423e-01,-1.045068999797802399e-02,9.171617104708892562e-03,-1.068540406212057856e-02
-7.486418461746868064e-03,1.924930279931339644e-06,7.863088786154990295e-01,-8.348530127097310855e-07,-2.597173576884719351e-02,-7.501951757640875861e-06,9.996626775488702821e-01,2.059562679125409579e-02,-2.173171883960896018e-03,1.511618261718861373e-03,5.838989354658610798e-02,-3.194029709764582836e-02,1.456274909207929021e-04,2.059412158013671987e-02,2.168024232940022472e-03,-1.529373559700885352e-03,5.837644693624142317e-02,-3.190725590370360742e-02,-2.704091273810625045e-04,-3.110318946830381559e-05,8.597466377170726352e-05,5.688676959942190990e-03,4.549078761494061984e-01,2.472846377449264832e-01,-1.557995060732930356e-02,5.414322942160838537e-01,1.098471500436940494e-02,9.127375733486079237e-03,1.131499070668090523e-02,4.548616398348805934e-01,-2.474104633614591930e-01,1.554876723049850550e-02,5.414810470317711344e-01,-1.097704807713467505e-02,9.163081795066273239e-03,-1.131158587585955402e-02
-7.725070569135820617e-03,2.900058221759461541e-06,7.863042613496711297e-01,-1.230719105259474654e-06,-2.601740264720913895e-02,-7.765237324565165870e-06,9.996614900543479010e-01,2.031752958777156837e-02,-2.142209592257843416e-03,1.492165301123642672e-03,5.839264784317797774e-02,-3.161904041460336656e-02,2.267924045558311836e-04,2.031662838285892836e-02,2.136050113069854709e-03,-1.511816889144045528e-03,5.837730049741832877e-02,-3.159047257210489262e-02,-3.605652407099051615e-04,-3.091297855069023086e-05,8.672870837612655617e-05,5.046073931986799245e-03,4.554203405901071089e-01,2.452784176698194485e-01,-1.661950455593579762e-02,5.404733784336311908e-01,1.145177899319216493e-02,9.097368214859293326e-03,1.187378680343326338e-02,4.553733559333887349e-01,-2.454151964404969466e-01,1.658303276637255672e-02,5.405192497252047090e-01,-1.144381147319387115e-02,9.135324308673564361e-03,-1.187033496880423797e-02
-7.979098398295268735e-03,3.924250246055212992e-06,7.863005635993998155e-01,-1.533055274712431736e-06,-2.607212811993366713e-02,-7.925489567878740490e-06,9.996600642569122286e-01,2.004603075456661693e-02,-2.110463530839776572e-03,1.478268806040975098e-03,5.837383071149296332e-02,-3.129065163535369593e-02,3.058066189037960975e-04,2.004546771306861194e-02,2.102711434007163271e-03,-1.499562392960784862e-03,5.835711994853159251e-02,-3.126465516950490547e-02,-4.487752111347765986e-04,-3.070872836484093895e-05,8.684503301561283966e-05,4.390134703392842633e-03,4.560074266381107244e-01,2.435787653114498963e-01,-1.753949005794661412e-02,5.394967310252456461e-01,1.186817748095107469e-02,9.057007674690602597e-03,1.237692907031573419e-02,4.559595884351681505e-01,-2.437267222218456875e-01,1.749751545162531174e-02,5.395399045179360975e-01,-1.185985634800012373e-02,9.097276016187568273e-03,-1.237325484977375503e-02
-8.247890897373717778e-03,4.994047312031019675e-06,7.862964048780057835e-01,-1.728933324720868076e-06,-2.613586080762041880e-02,-8.063767173538585918e-06,9.996584000106391033e-01,1.978940468252763860e-02,-2.077944367206158681e-03,1.467822626807782681e-03,5.833184649545830602e-02,-3.097809706384011333e-02,3.830751907508578996e-04,1.978906825116712176e-02,2.068037296471343135e-03,-1.490388024786631774e-03,5.831403881982053644e-02,-3.095325363904974370e-02,-5.354837005217430532e-04,-3.041573935089123264e-05,8.640040203661484143e-05,3.728661604688410323e-03,4.566546805780030138e-01,2.421920302935165747e-01,-1.833524574283717373e-02,5.385063556938772811e-01,1.221885690533348889e-02,9.004486598577689932e-03,1.280514823860782331e-02,4.566057644892332901e-01,-2.423514482924935820e-01,1.828750905795312881e-02,5.385470017780298324e-01,-1.221014694284603720e-02,9.047149882948914493e-03,-1.280117413673568551e-02
-8.531477639818962552e-03,6.088699663319019695e-06,7.862931764684691904e-01,-1.878596194828614280e-06,-2.620689569614832390e-02,-8.161471127559775802e-06,9.996565402916304244e-01,1.953512415798833862e-02,-2.044836999095773957e-03,1.459903132090138549e-03,5.826918184209887996e-02,-3.064912059640834130e-02,4.587427871043050663e-04,1.953510083294907398e-02,2.032505205645531408e-03,-1.483557531815602121e-03,5.825030702629450940e-02,-3.062474536223669039e-02,-6.207106376896838387e-04,-3.003489662852022756e-05,8.548708810746887454e-05,3.054354078489024318e-03,4.573519409236873057e-01,2.411293731156878284e-01,-1.899965917082324304e-02,5.375137910049465617e-01,1.251407445741464265e-02,8.941490334205647386e-03,1.317157189914022059e-02,4.573017135039196268e-01,-2.413004576517273070e-01,1.894595245371454018e-02,5.375520877519728291e-01,-1.250481676794030876e-02,8.986572268159251711e-03,-1.316710742543941021e-02
-8.828735789354558161e-03,7.212019954553367374e-06,7.862893182120396229e-01,-1.951072943261957693e-06,-2.628614902479116736e-02,-8.270455228943525734e-06,9.996544594494836122e-01,1.929684980516290990e-02,-2.012088307024209426e-03,1.450858358249702872e-03,5.817984368665520684e-02,-3.032209787683059349e-02,5.323908093238526084e-04,1.929712167718652949e-02,1.996944721234512280e-03,-1.475321704893896866e-03,5.815990938417499312e-02,-3.029768557904474052e-02,-7.040741321106755435e-04,-2.953291923483119922e-05,8.413551186503154136e-05,2.377794505660817820e-03,4.580912702567391803e-01,2.403895858977171118e-01,-1.953205332660646817e-02,5.365183691922745801e-01,1.273887512058371162e-02,8.868173411456382882e-03,1.345695458418116365e-02,4.580394435109490514e-01,-2.405725461262931686e-01,1.947217116757718122e-02,5.365544876056028700e-01,-1.272906337268582891e-02,8.915751699409495135e-03,-1.345195005770952537e-02
-9.139303580432156862e-03,8.352784344477420648e-06,7.862861207428151200e-01,-1.986237696350814878e-06,-2.637165003884900036e-02,-8.331606441407493104e-06,9.996522075206293323e-01,1.906400992584832144e-02,-1.980316659074754602e-03,1.438738008350339036e-03,5.806331738455489111e-02,-2.996713932174385406e-02,6.042152157633925730e-04,1.906458008370855162e-02,1.962123544615840352e-03,-1.463974808339687985e-03,5.804239446043929496e-02,-2.994248515835433444e-02,-7.856696794545107911e-04,-2.899192309858588583e-05,8.240337563837857402e-05,1.693056202348866036e-03,4.588670788201210105e-01,2.399730459216684042e-01,-1.993035845898299269e-02,5.355298078074567369e-01,1.290213914848939956e-02,8.787247347700883476e-03,1.367216988635075632e-02,4.588133897578598464e-01,-2.401679785277396617e-01,1.986416885992714140e-02,5.355639178668879508e-01,-1.289171976202018767e-02,8.837437817288544203e-03,-1.366649812474808601e-02
-9.461744932234904953e-03,9.517255454356588910e-06,7.862822055876661498e-01,-1.986408561963802135e-06,-2.646445723066830416e-02,-8.410620098282362933e-06,9.996497548785781007e-01,1.884830919976945851e-02,-1.949683124706987373e-03,1.422565326611180360e-03,5.791769038094359695e-02,-2.960688548561460007e-02,6.740784790425695481e-04,1.884915068104631164e-02,1.928238905605352081e-03,-1.448413130012817093e-03,5.789581156917545518e-02,-2.958183007672536904e-02,-8.654328508177061823e-04,-2.833960369512263011e-05,8.037933974132277265e-05,1.010775967939644667e-03,4.596759089918586727e-01,2.398724353332646331e-01,-2.019689597566134628e-02,5.345431045501207734e-01,1.299451880645980176e-02,8.696135028011073298e-03,1.380537162483105700e-02,4.596200781585499939e-01,-2.400794433199414935e-01,2.012426612256293032e-02,5.345753800444313919e-01,-1.298350075850641765e-02,8.749005806323499959e-03,-1.379902106454238171e-02
-9.794574166387267147e-03,1.068403202418530521e-05,7.862787511639349747e-01,-1.961090719551545140e-06,-2.654960483494361867e-02,-8.615493399338204392e-06,9.996474970733609799e-01,1.861636558930096497e-02,-1.920533197427137231e-03,1.402122844446453522e-03,5.773771612325327707e-02,-2.922350493006078617e-02,7.419682317548210310e-04,1.861735893278602602e-02,1.895772674094031024e-03,-1.428168223482584711e-03,5.771491401009579830e-02,-2.919786272675428673e-02,-9.431494553470257157e-04,-2.745252999367902059e-05,7.798187431080949898e-05,2.999232724029157705e-04,4.605221089875206619e-01,2.400832664878153611e-01,-2.033142821182063256e-02,5.335638171632315352e-01,1.302663284507992250e-02,8.593068687805904826e-03,1.387015772992698445e-02,4.604637910075007889e-01,-2.403020233311442821e-01,2.025244800049820493e-02,5.335944544823142399e-01,-1.301482841678440992e-02,8.648620612444504058e-03,-1.386286144924791554e-02
-1.013681077878698759e-02,1.186561058518742056e-05,7.862747440150895661e-01,-1.929710063115134756e-06,-2.663804635382873223e-02,-8.886293182589851709e-06,9.996451442405752674e-01,1.839838891668001131e-02,-1.892649564834064007e-03,1.377642288303082899e-03,5.752480851892480262e-02,-2.884227560888940473e-02,8.089408003623059073e-04,1.839952299138803218e-02,1.864577637455617663e-03,-1.403571084391964496e-03,5.750102551392322764e-02,-2.881589215126536402e-02,-1.020028326398526993e-03,-2.647142761098605682e-05,7.535802616445582108e-05,-4.046141961153070172e-04,4.613969852150728856e-01,2.405906847995793185e-01,-2.033946251219958742e-02,5.325871994033027912e-01,1.298999934302184911e-02,8.479065377293973013e-03,1.385546611431038785e-02,4.613358848741361262e-01,-2.408210025727599291e-01,2.025416632462020625e-02,5.326163495442078899e-01,-1.297744707683587753e-02,8.537375516574416748e-03,-1.384722854476532969e-02
-1.048849937396101155e-02,1.305312892618945048e-05,7.862716228043087341e-01,-2.001796779271562899e-06,-2.674067843877519363e-02,-8.914318653478020652e-06,9.996424040791592747e-01,1.820110405424301553e-02,-1.864277466186614390e-03,1.350889197031600753e-03,5.729732477717409261e-02,-2.843679288314959058e-02,8.739289370775896225e-04,1.820267395068857208e-02,1.833262989026896838e-03,-1.377352899213471786e-03,5.727240346500286905e-02,-2.840974318118746206e-02,-1.095245747135064869e-03,-2.558802787992199671e-05,7.270991424918771967e-05,-1.080618166810560794e-03,4.622921477628089693e-01,2.413768299537366602e-01,-2.022677010426437993e-02,5.316209747492133264e-01,1.289091279722133845e-02,8.359128220946291168e-03,1.376946662772064386e-02,4.622285230151252922e-01,-2.416186650869362462e-01,2.013506598526875954e-02,5.316488441014670663e-01,-1.287764236432288600e-02,8.420309856715038274e-03,-1.376029427857288281e-02
-1.084584085387726299e-02,1.424920107620289401e-05,7.862680928581227136e-01,-2.092805396789708496e-06,-2.685131636397873958e-02,-8.912869784236796862e-06,9.996394383605030631e-01,1.803034161423015813e-02,-1.836354970153367691e-03,1.321233285890068996e-03,5.704934507770128421e-02,-2.804117288381258177e-02,9.355282316628528872e-04,1.803231822020994607e-02,1.802445528361451988e-03,-1.348356092871189028e-03,5.702333764214435885e-02,-2.801354021947553494e-02,-1.167194605547333501e-03,-2.458631618858884231e-05,6.993974525601584415e-05,-1.741051751911539512e-03,4.632141362276743779e-01,2.424251333022701405e-01,-2.000135903331414639e-02,5.306578270627587690e-01,1.272768453704937325e-02,8.229409509509918660e-03,1.360884100417310109e-02,4.631479663407141456e-01,-2.426784436418083779e-01,1.990323350229564192e-02,5.306845842414473768e-01,-1.271374231473736995e-02,8.293552442698554072e-03,-1.359878550408684036e-02
-1.120653465684358537e-02,1.544178853545025702e-05,7.862653498253516782e-01,-2.185619835253884934e-06,-2.696202368439994113e-02,-8.961646625116964166e-06,9.996364585156712890e-01,1.786664060666215068e-02,-1.809179456407057716e-03,1.288950563076223313e-03,5.677827459406994959e-02,-2.763670728442935501e-02,9.931523565767901972e-04,1.786880364822776568e-02,1.772384636958899799e-03,-1.316626861277135760e-03,5.675149530477106852e-02,-2.760862741463589176e-02,-1.234916835046978145e-03,-2.343710344171196563e-05,6.699305658422263234e-05,-2.409217296798440381e-03,4.641676755625183670e-01,2.437137717953156701e-01,-1.967092350194451708e-02,5.297017399174165364e-01,1.250745289613654047e-02,8.088704874166569372e-03,1.338197767580310074e-02,4.640987227488004851e-01,-2.439783767054924668e-01,1.956647533187835103e-02,5.297274781142482514e-01,-1.249276175102665039e-02,8.155798717750649407e-03,-1.337093019905268368e-02
-1.156818868695173343e-02,1.662986292499934259e-05,7.862621846664475944e-01,-2.275823097589692179e-06,-2.707601114492684535e-02,-9.056537569151630585e-06,9.996333775606330851e-01,1.773067688641026887e-02,-1.783398001728613621e-03,1.254038741475725291e-03,5.647968225134931269e-02,-2.726097786980034507e-02,1.052425724588255994e-03,1.773305224685295389e-02,1.743780521802494338e-03,-1.282106621623691628e-03,5.645209631486531460e-02,-2.723242721045111142e-02,-1.304300565379703982e-03,-2.218985665572489326e-05,6.393103862919189469e-05,-3.068104124936514576e-03,4.651486738919132224e-01,2.452234704708186885e-01,-1.924344155467194728e-02,5.287480238651095510e-01,1.223145079347262403e-02,7.936301523121035845e-03,1.309000153714180888e-02,4.650767194554397133e-01,-2.454991395094729134e-01,1.913274971832476523e-02,5.287728013651359360e-01,-1.221611615872396535e-02,8.006429713529611067e-03,-1.307807263019752399e-02
-1.192910786698390263e-02,1.771779257300843058e-05,7.862611051195520506e-01,-2.714214712013594663e-06,-2.718358138374890251e-02,-7.369059403328462969e-06,9.996304581401482814e-01,1.758011641383918147e-02,-1.759053066229651326e-03,1.214582696558568495e-03,5.616652513195847379e-02,-2.685199282794175149e-02,1.117410245359548322e-03,1.758492111349048426e-02,1.717601369530755628e-03,-1.247880787549073738e-03,5.613724531520553757e-02,-2.682493457233554174e-02,-1.380111336939794913e-03,-2.235173175731357045e-05,6.109955456123836702e-05,-3.754683769921485920e-03,4.661621522124292372e-01,2.469254966093212822e-01,-1.872781052595864915e-02,5.278091255624908218e-01,1.190466844951283860e-02,7.771856543296457899e-03,1.273930217997135649e-02,4.660886034154752555e-01,-2.472112171790666058e-01,1.861111050076530785e-02,5.278334315889151584e-01,-1.188853209698098427e-02,7.845137379966128297e-03,-1.272629438879378620e-02
-1.228682372742621355e-02,1.872420719188581579e-05,7.862597327410818515e-01,-3.169868956932985159e-06,-2.729450577711189929e-02,-5.252365327070713703e-06,9.996274355562413394e-01,1.746663340135362272e-02,-1.734521478208688730e-03,1.170491999237470394e-03,5.582380979967303120e-02,-2.646533994501897025e-02,1.175962778800661562e-03,1.747394208241099048e-02,1.691143073806650014e-03,-1.210967251301378871e-03,5.579306273003643152e-02,-2.644098154697499536e-02,-1.449484316791864241e-03,-2.214967086197920984e-05,5.806548147645681514e-05,-4.431923264562381490e-03,4.672044681874926164e-01,2.488010023411866556e-01,-1.813442578585426276e-02,5.268673989416977621e-01,1.152891840484167145e-02,7.598580688844057927e-03,1.233187543602919621e-02,4.671296270300348552e-01,-2.490961446239235988e-01,1.801202480575426340e-02,5.268913987080585670e-01,-1.151205660224310923e-02,7.675080081334597834e-03,-1.231786699599588322e-02
-1.264051103400920702e-02,1.966407063301331027e-05,7.862582776756988912e-01,-2.568253139155656693e-06,-2.739039352176627501e-02,-5.671289302572032444e-06,9.996248127692525243e-01,1.737088316903501531e-02,-1.710735414994710374e-03,1.126750548682214827e-03,5.541718493803113321e-02,-2.612688482450372524e-02,1.218367516937173770e-03,1.737720580722293059e-02,1.661878877152396603e-03,-1.167516469427011972e-03,5.538674331612929158e-02,-2.610282384433266351e-02,-1.500050575308279699e-03,-2.158973789034576579e-05,5.234938422827743265e-05,-5.105597951195469525e-03,4.682762714332858178e-01,2.508155147677177954e-01,-1.747896143511319320e-02,5.259200975878173256e-01,1.110655127185074253e-02,7.407954090123902713e-03,1.186391393779698440e-02,4.681937556379918153e-01,-2.511198961482860037e-01,1.735145103192773861e-02,5.259380248050244955e-01,-1.108934240884648821e-02,7.479516979142538172e-03,-1.184919687184585353e-02
-1.298670738593203471e-02,2.059275020939506265e-05,7.862575245943895785e-01,-1.887743467718190731e-06,-2.747769022418753912e-02,-6.832956366007302226e-06,9.996224169603692422e-01,1.730058785581803371e-02,-1.690484148190366789e-03,1.081788032440477582e-03,5.496059953147499483e-02,-2.586300018760834957e-02,1.270253243218331593e-03,1.730559130966426856e-02,1.636327608633997288e-03,-1.120214279848713232e-03,5.493032024645657513e-02,-2.583696705983850803e-02,-1.559846504882031731e-03,-2.156534874895216607e-05,4.612684874953163340e-05,-5.762107364259988311e-03,4.693690321536194143e-01,2.529467829153508318e-01,-1.676921348201642487e-02,5.249751052298310405e-01,1.064867507892579106e-02,7.204137352286780691e-03,1.135322300168028174e-02,4.692759191429549115e-01,-2.532604213698230744e-01,1.663647814131017158e-02,5.249836822257615276e-01,-1.063126854153043956e-02,7.269702106128282659e-03,-1.133803512179972460e-02
-1.332256073006384163e-02,2.152103437485545652e-05,7.862592890047990224e-01,-2.073341567630958895e-06,-2.755185832996726036e-02,-6.732154133696022277e-06,9.996203754690798915e-01,1.722183784884217736e-02,-1.669433999077943971e-03,1.038585303330541746e-03,5.449007543718930452e-02,-2.565523903402021355e-02,1.347123645863127720e-03,1.722781879698171564e-02,1.613620154881123840e-03,-1.077254235795838296e-03,5.445788286778926318e-02,-2.562603744720919063e-02,-1.646287149502988082e-03,-2.106844933787622540e-05,4.153377331186794766e-05,-6.416898082621642907e-03,4.704744169391674169e-01,2.551639049205807752e-01,-1.601293851503020338e-02,5.240463150455795249e-01,1.015836406879747078e-02,6.988765944757420814e-03,1.080910597053793068e-02,4.703751001476697557e-01,-2.554858481810923787e-01,1.587486275223076032e-02,5.240524978965289682e-01,-1.014050279223975039e-02,7.061865129510766330e-03,-1.079328973996263041e-02
-1.364324881928362376e-02,2.244836916545677854e-05,7.862638738878980904e-01,-2.382816407758397078e-06,-2.762697160273548322e-02,-6.320001148297862506e-06,9.996183023506726162e-01,1.719976306545641098e-02,-1.644182974567767090e-03,9.924519970420334503e-04,5.398019865955822061e-02,-2.551340497850563757e-02,1.402398432644900604e-03,1.720624989246224978e-02,1.587219598631599109e-03,-1.031777929621780160e-03,5.394673986433646401e-02,-2.548089217988173949e-02,-1.710673554051504557e-03,-2.024796866605308481e-05,3.726214177426258057e-05,-7.036239013179694003e-03,4.716009160407427792e-01,2.574532698575986989e-01,-1.521996808148789494e-02,5.231100795412511051e-01,9.638102938114116724e-03,6.766062645630266902e-03,1.023105836018026009e-02,4.714981016924056356e-01,-2.577828309913756666e-01,1.507697697685252657e-02,5.231178607336843811e-01,-9.619847778690265860e-03,6.847988716257267204e-03,-1.021467806654284896e-02
-1.394465286959095315e-02,2.340074070133615561e-05,7.862721635234105610e-01,-2.551733306591469523e-06,-2.770627635060101887e-02,-5.907693587826279711e-06,9.996161074179282791e-01,1.724290067712054217e-02,-1.615023679066571356e-03,9.415696256116991205e-04,5.342019782856068794e-02,-2.538523375436207291e-02,1.401927443560994869e-03,1.724811912989399412e-02,1.556022256264620639e-03,-9.816760487103017539e-04,5.338834009249906337e-02,-2.535001909759469069e-02,-1.717614582307668567e-03,-2.053635193766024952e-05,3.322049541797581206e-05,-7.628821716985040823e-03,4.727599856286459623e-01,2.597944797316887322e-01,-1.440142287397042954e-02,5.221562931914023320e-01,9.087511200844665057e-03,6.541457024995610270e-03,9.618185599866225718e-03,4.726542306893170009e-01,-2.601317399201527047e-01,1.425403938157833277e-02,5.221632253213738251e-01,-9.069170886713230281e-03,6.623191205869059274e-03,-9.601335324040905991e-03
-1.422528352368791771e-02,2.433492961420979968e-05,7.862827481588265943e-01,-2.684269728812956131e-06,-2.777660994258874388e-02,-5.695916557460742503e-06,9.996141555122394218e-01,1.730072193716036474e-02,-1.597256174374067075e-03,8.846866327218625130e-04,5.285180004206924131e-02,-2.529440528301054453e-02,1.434228052739458916e-03,1.730549719323883420e-02,1.536317174607583318e-03,-9.254674235516809457e-04,5.282062654725697831e-02,-2.525627759878327355e-02,-1.757690333205424093e-03,-2.120813942444409444e-05,2.942677718448490887e-05,-8.212000619053423656e-03,4.739346726563213319e-01,2.621673283113729047e-01,-1.356311947742027887e-02,5.212118632648029548e-01,8.524488816296058730e-03,6.308609985059205824e-03,8.989574739677043749e-03,4.738256235941903927e-01,-2.625118888814512719e-01,1.341155854329966618e-02,5.212161436860394126e-01,-8.506300133655195911e-03,6.390294715066560140e-03,-8.972530478113381613e-03
-1.448426585314726081e-02,2.520320884310646987e-05,7.862950681008603615e-01,-2.945451897671021513e-06,-2.782881306029495391e-02,-6.085178951555586882e-06,9.996127035597082156e-01,1.732183027507544493e-02,-1.594334542082169069e-03,8.166184852376626255e-04,5.232419522071157097e-02,-2.521961727214416804e-02,1.564589471084644511e-03,1.732832736976181939e-02,1.532731709963283109e-03,-8.571889543901154871e-04,5.228936609799123697e-02,-2.517724640176417436e-02,-1.897626559934541572e-03,-2.119768912098730145e-05,2.598265171650973091e-05,-8.806923590403688967e-03,4.751101616576743902e-01,2.645455975817755379e-01,-1.271210046550996613e-02,5.203052178688267748e-01,7.956623746784871262e-03,6.066394865769269770e-03,8.352489194504347791e-03,4.749967323309585709e-01,-2.648966884427351176e-01,1.255651097837177238e-02,5.203066119986901050e-01,-7.938725936369872907e-03,6.152657828841550693e-03,-8.335536484966167212e-03
-1.471486884167960175e-02,2.603807887329675599e-05,7.863090191958093111e-01,-3.089963998084154960e-06,-2.788840626784200999e-02,-6.653986235607964134e-06,9.996110427271276411e-01,1.744623415800963806e-02,-1.576727601022634428e-03,7.419506433919779423e-04,5.174951052554783992e-02,-2.518632024731668612e-02,1.645002975779854062e-03,1.745294920679573564e-02,1.513820273185749118e-03,-7.818392876586522083e-04,5.171249158343045604e-02,-2.514064792336490398e-02,-1.986399304380423447e-03,-2.087429356656743154e-05,2.256718786631647304e-05,-9.360978287971400899e-03,4.763133027055603264e-01,2.669152925135779286e-01,-1.186082184639697043e-02,5.193728714443961447e-01,7.377646824286471401e-03,5.819304795110923252e-03,7.706770214100565342e-03,4.761950946519850070e-01,-2.672726141007266687e-01,1.170143628330027989e-02,5.193718041676975705e-01,-7.359879339422826378e-03,5.909204723046856261e-03,-7.689795784983521898e-03
-1.491164860617173737e-02,2.688463273172826400e-05,7.863251143654080844e-01,-2.997149744322118257e-06,-2.795798627376057041e-02,-6.745117194475728772e-06,9.996090990727503067e-01,1.771399994564073696e-02,-1.538067671540359511e-03,6.723176898560952837e-04,5.106016241736582167e-02,-2.516752506037600937e-02,1.568055848590998958e-03,1.771740991948487706e-02,1.471809558014764308e-03,-7.132453647653673717e-04,5.102747087185572489e-02,-2.512082691125327658e-02,-1.914340453066083617e-03,-2.047463825170321901e-05,1.920236774514588908e-05,-9.883111243608659266e-03,4.775725556101271807e-01,2.692543473072048221e-01,-1.102244842413144417e-02,5.183729759323003616e-01,6.778370744809242635e-03,5.563988692287114533e-03,7.045337538443136038e-03,4.774495859284129118e-01,-2.696178872273581328e-01,1.085945600032092902e-02,5.183698499308029284e-01,-6.760176002277597934e-03,5.653790891555623283e-03,-7.027734296477808340e-03
-1.507861023979068654e-02,2.770312060406377621e-05,7.863425228034124359e-01,-2.833891432545468393e-06,-2.801269527778759913e-02,-6.581706083562862033e-06,9.996075674242981268e-01,1.797915329716003041e-02,-1.522842604346364781e-03,6.080241404565200902e-04,5.037217145712784283e-02,-2.518780825083474090e-02,1.559114747949524264e-03,1.798066836757745979e-02,1.453071293929118898e-03,-6.515325618851907415e-04,5.034281564952983873e-02,-2.513869850957687821e-02,-1.911609041609215300e-03,-1.943932798675275568e-05,1.613825037037002242e-05,-1.040568159478778149e-02,4.788321665007888028e-01,2.715426263928173434e-01,-1.019672017128746971e-02,5.174117410035669051e-01,6.199582609760518476e-03,5.295888610610329991e-03,6.401662264025426326e-03,4.787047148618825965e-01,-2.719122390681268375e-01,1.003031208654414815e-02,5.174058309813734935e-01,-6.181599548749645845e-03,5.387540102078784351e-03,-6.384154287336708637e-03
-1.521483426253312024e-02,2.872203569137723249e-05,7.863621397479881869e-01,-4.220439350701163798e-06,-2.821014573735990127e-02,2.241056953122201062e-06,9.996020146311437315e-01,1.860041571834388299e-02,-1.545388022223722398e-03,5.146201551659799209e-04,4.978433324356682649e-02,-2.554700223610871165e-02,1.819221308996625585e-03,1.861843517676201390e-02,1.473537918995417332e-03,-5.842053915998140666e-04,4.974431334011569089e-02,-2.550897983886889209e-02,-2.183075464213852287e-03,-2.580629289017590840e-05,1.754773009145803024e-05,-1.058622044400227280e-02,4.799472330309739743e-01,2.738550479615678990e-01,-9.354890932181366206e-03,5.165570161209651623e-01,5.705485128918129367e-03,5.075650761687933339e-03,5.837024043418356269e-03,4.798239685723051373e-01,-2.742367046817369980e-01,9.181553597552216325e-03,5.165478475212950116e-01,-5.690932980586468036e-03,5.176446505563073522e-03,-5.823783614912066489e-03
-1.530838202180340862e-02,2.986653255559643558e-05,7.863862425377008414e-01,-5.017992996272515558e-06,-2.844187013962213434e-02,1.472486908063289191e-05,9.995954480593425284e-01,1.941026245563586342e-02,-1.537674694882336076e-03,3.812340974438274102e-04,4.915008207592551359e-02,-2.607135380655704535e-02,1.976727177132868440e-03,1.944393318465550274e-02,1.457008095691454848e-03,-4.899784848752531926e-04,4.910362399524575289e-02,-2.605863726179851250e-02,-2.349345114795987899e-03,-3.263478864848653571e-05,1.853336185105135400e-05,-1.067923262105157853e-02,4.810801425843757584e-01,2.761681963654208927e-01,-8.515919603001541327e-03,5.156210568713601727e-01,5.190581730325642511e-03,4.849117519357086861e-03,5.265807567885623895e-03,4.809650390881770043e-01,-2.765648640839266093e-01,8.333935914791600758e-03,5.156113341990287147e-01,-5.178099738231970589e-03,4.955748564915924206e-03,-5.255816612032601642e-03
-1.535113544078759752e-02,3.037537702475516231e-05,7.864142553963737736e-01,-5.909786140110012489e-06,-2.857944113781589121e-02,1.543594833529044377e-05,9.995915242092917596e-01,2.012490232122618808e-02,-1.470112536728471111e-03,2.518004225783488812e-04,4.840603524183077766e-02,-2.651398994147432728e-02,1.767250263298484518e-03,2.014808647791105356e-02,1.390250507430603171e-03,-3.691631268635788216e-04,4.837745552982103403e-02,-2.652688421854361780e-02,-2.136257259770908256e-03,-3.633031608433383644e-05,1.881181660336337652e-05,-1.098522810533279423e-02,4.824063806728632886e-01,2.784538318472823959e-01,-7.693212876141946807e-03,5.144941675704648443e-01,4.594451015066274013e-03,4.613965911659715854e-03,4.638236161593679852e-03,4.822715046369743241e-01,-2.788600106411195378e-01,7.508564640449319136e-03,5.144708755297494607e-01,-4.578728930751608389e-03,4.691468755995653953e-03,-4.624243632887836859e-03
-1.535796373170627074e-02,3.020246703023327979e-05,7.864441236645814959e-01,-8.051800724049018023e-06,-2.869156496764865838e-02,1.109223161919193333e-05,9.995883122125014397e-01,2.077546289303097010e-02,-1.434086863090729093e-03,1.750280211856765637e-04,4.772012708854192486e-02,-2.688962330517162547e-02,1.658390050376630639e-03,2.078804625738108272e-02,1.368932211243924918e-03,-2.828155475561238774e-04,4.770575753908654071e-02,-2.691286062191593567e-02,-2.026877282944271590e-03,-4.206787448956072323e-05,2.071512031356511453e-05,-1.130010760368181828e-02,4.837369578844902263e-01,2.806517396962581179e-01,-6.897395403024426941e-03,5.134590754658791001e-01,4.058132679789381789e-03,4.379920515582863549e-03,4.062494899507101444e-03,4.835682641054743214e-01,-2.810632642422975502e-01,6.712570257147769393e-03,5.134097679450128071e-01,-4.041271082918800224e-03,4.430233249896923901e-03,-4.046438055752578193e-03
-1.533632493209035989e-02,2.916247299842253686e-05,7.864703616117924012e-01,-1.115868791797497356e-05,-2.881689696167958475e-02,-7.316311651933795127e-07,9.995847069280558994e-01,2.136727681648103658e-02,-1.444568749825954606e-03,1.466280728408030705e-04,4.723419199087258019e-02,-2.717803302359422107e-02,1.970573272383491399e-03,2.138069343888995139e-02,1.408737723809964622e-03,-2.214719184643584361e-04,4.720227249217002347e-02,-2.718084075571280261e-02,-2.350056978645336317e-03,-4.214324341506529143e-05,2.235194768967803454e-05,-1.152776776520384600e-02,4.849776629327006705e-01,2.827011876310009386e-01,-6.143014641499799054e-03,5.126853059154807823e-01,3.635976144462603737e-03,4.114308544869282186e-03,3.578548897254568359e-03,4.847713949544124601e-01,-2.831157035045005488e-01,5.959166707907873929e-03,5.126100379777998040e-01,-3.623020539200007360e-03,4.168749892227466627e-03,-3.566584967926787579e-03
-1.528450080665790314e-02,2.757144617207656011e-05,7.864894984110581966e-01,-1.189968594950955081e-05,-2.893944107694315301e-02,-1.162527230604568771e-05,9.995811665259624057e-01,2.197811671289571708e-02,-1.397449032159410595e-03,8.728325179531445477e-05,4.679899645462812230e-02,-2.733644140947866924e-02,2.206100025667268125e-03,2.198799261118431284e-02,1.379440807233753372e-03,-1.257603463934754695e-04,4.675434945956769006e-02,-2.732196086189458625e-02,-2.592604519949518425e-03,-4.604684372423151862e-05,1.740630002719945413e-05,-1.165557383971811169e-02,4.862854468470813041e-01,2.846565192401673272e-01,-5.429749262421425075e-03,5.117810947989385184e-01,3.182325836537525186e-03,3.832592129100374605e-03,3.086140210168531253e-03,4.860481641050543589e-01,-2.850693102975054294e-01,5.247080808062137489e-03,5.116878483481563933e-01,-3.170551899962109361e-03,3.884258486357821446e-03,-3.075321702495609211e-03
-1.520891274995821163e-02,2.618524011841210660e-05,7.865010236678322553e-01,-6.883680494853546228e-06,-2.899679583367779229e-02,-8.032615758296914439e-06,9.995795044514823591e-01,2.250850899090441060e-02,-1.291149068614083064e-03,-1.102115393323284777e-05,4.629310480152735996e-02,-2.734205447291826463e-02,2.034592090765303257e-03,2.250961001036667214e-02,1.248996276679631943e-03,-2.828402197588952133e-05,4.626762852169885587e-02,-2.734297057682182758e-02,-2.409321148852016942e-03,-6.106486429493439240e-05,-1.030625923743603493e-07,-1.172542007022350091e-02,4.877356362513475818e-01,2.865522494430374212e-01,-4.761343335220619838e-03,5.104905205625422937e-01,2.637324639491727719e-03,3.487942108415588958e-03,2.535604818220363321e-03,4.874958523096660223e-01,-2.869571084959586793e-01,4.579149209217822127e-03,5.103964081846500411e-01,-2.623374074369966714e-03,3.525006262441048293e-03,-2.521337101944409308e-03
-1.509443069596485762e-02,2.472268633667939247e-05,7.865121479628797152e-01,-4.630797569573358889e-06,-2.904161808027548239e-02,-8.733527573220816695e-06,9.995782032045115173e-01,2.316831945530713546e-02,-1.233331176075124153e-03,-1.298070006211845401e-04,4.564018636938819290e-02,-2.733333716831183244e-02,1.855608056342130958e-03,2.316208578120330583e-02,1.184075534648366089e-03,9.333534317219647027e-05,4.562487052119749975e-02,-2.732842428910757515e-02,-2.215503210771537120e-03,-7.337098447099506466e-05,-1.119808662376813422e-05,-1.175649627590136768e-02,4.891698558947392139e-01,2.882888143176525753e-01,-4.159416049469455423e-03,5.092916990799225552e-01,2.174978282615213504e-03,3.136517271976473151e-03,2.049813739693189234e-03,4.889267896080199960e-01,-2.886906913472441771e-01,3.978282236446998785e-03,5.091949351102379451e-01,-2.162039225303520346e-03,3.171282040464161196e-03,-2.036085082498041363e-03
-1.492485110992789778e-02,2.225701559180743078e-05,7.865253761706870739e-01,-1.106346926763493552e-05,-2.908687354261645097e-02,-3.166101952082375336e-05,9.995768868189651712e-01,2.404053867840101610e-02,-1.234182582091843160e-03,-3.040664366496596523e-04,4.477979674953230793e-02,-2.733674461276542483e-02,1.942943950507631298e-03,2.402901471860140192e-02,1.240814622132784982e-03,3.268482716475839015e-04,4.473385052883074170e-02,-2.726560031026051614e-02,-2.298596808025504985e-03,-7.230357606248710223e-05,-4.304972513813273601e-06,-1.186763883286105770e-02,4.905064849764381729e-01,2.897695259912574928e-01,-3.647670598233778046e-03,5.085078536770587521e-01,1.846168668487558305e-03,2.870582692043074317e-03,1.662809366334626164e-03,4.902292089260144592e-01,-2.901771079434140588e-01,3.466752547163963905e-03,5.083922838291516921e-01,-1.839248068753354714e-03,2.919327444544733696e-03,-1.657250202268336714e-03
-1.473402093860785855e-02,1.926748758339262362e-05,7.865307004788268941e-01,-1.571828142020386968e-05,-2.910374439236245239e-02,-5.334219011392207397e-05,9.995763947642467562e-01,2.471130311652653191e-02,-1.191277840307374165e-03,-4.250744672868706593e-04,4.409421588255661717e-02,-2.723983321375371067e-02,2.222627613247228195e-03,2.469120440942929387e-02,1.239498270592415564e-03,4.955080873200594675e-04,4.402312204564240439e-02,-2.710873382239411752e-02,-2.571465457380562886e-03,-6.943738519432793787e-05,-3.891436380469369717e-07,-1.193071793137334691e-02,4.918533297281202366e-01,2.911320268795529742e-01,-3.174516965372977794e-03,5.077073374255434146e-01,1.493262992964280653e-03,2.585920896926559732e-03,1.281175730429153425e-03,4.915439769719331942e-01,-2.915377108247517168e-01,2.994657232091323118e-03,5.075766529963020579e-01,-1.489124688172392642e-03,2.635018783787456634e-03,-1.279590462617578731e-03
-1.454806952463949879e-02,1.690799977340233352e-05,7.865229632254077119e-01,-1.582632046787747892e-05,-2.909323166868920535e-02,-5.750041662443583935e-05,9.995767005659447202e-01,2.496485828324597825e-02,-1.082314997691002966e-03,-4.212510975985086299e-04,4.392221715131000570e-02,-2.696922062422542690e-02,2.577760093884733875e-03,2.492777468182096404e-02,1.119420151425327883e-03,4.490686271619311162e-04,4.387031055396453660e-02,-2.683785200263462747e-02,-2.911886800279702998e-03,-6.296949379740995737e-05,-4.735749170825623864e-07,-1.179249926241214899e-02,4.932745274168063299e-01,2.924882898733802694e-01,-2.695179550059101804e-03,5.066421920445455251e-01,1.057573668491821597e-03,2.190918871466289355e-03,8.690682163673052246e-04,4.929646120918933505e-01,-2.928815552876065098e-01,2.521166439934679863e-03,5.065102132773815491e-01,-1.049494468460104033e-03,2.214708278647353583e-03,-8.610118630441056502e-04
-1.434970886150035985e-02,1.495272132073664110e-05,7.865053327373999759e-01,-1.304727188491655368e-05,-2.910733768364221277e-02,-5.930970053681532182e-05,9.995762898373976579e-01,2.527719003359485753e-02,-8.736306446070147072e-04,-3.681134307360062609e-04,4.382880399237856078e-02,-2.637466973253580968e-02,2.573630749908405700e-03,2.522218226588149662e-02,8.867055938503627666e-04,3.418665016711945181e-04,4.380722984439880396e-02,-2.625945482739720435e-02,-2.892768991669633118e-03,-5.345830782425488477e-05,-6.081018845133681445e-08,-1.144529259023487240e-02,4.947254136237472233e-01,2.938023346320934870e-01,-2.263883136117071128e-03,5.054450031337078819e-01,6.618415411571241386e-04,1.873481704118778231e-03,4.791665374447428975e-04,4.944078592388480020e-01,-2.941904337295015992e-01,2.096675886904094538e-03,5.053096386492769154e-01,-6.523999162345990544e-04,1.886770288977955351e-03,-4.685043930083242474e-04
-1.412927499017804962e-02,1.379192882660134955e-05,7.864804932955538064e-01,-1.306273495319267156e-05,-2.909738633886160136e-02,-6.333478404294462299e-05,9.995765793206219385e-01,2.569357295305389755e-02,-5.799144207714248146e-04,-3.175738728907891942e-04,4.349718221067998963e-02,-2.533330708774137949e-02,2.023356234324007272e-03,2.562912374044956990e-02,5.878628330440347719e-04,2.504367914303209496e-04,4.349325309448529020e-02,-2.523428510293544355e-02,-2.349212317932906826e-03,-4.611684557846385332e-05,1.483144232436247992e-05,-1.109119415042298870e-02,4.961863326402449759e-01,2.950081020191838155e-01,-1.918605257219247731e-03,5.042399802941971432e-01,3.217578875010347291e-04,1.701655611690955101e-03,1.118938677099984248e-04,4.958339629207402788e-01,-2.954199715312463836e-01,1.747480959488300701e-03,5.040847483532652218e-01,-3.142326063561927505e-04,1.727626105110579863e-03,-1.059151144025135497e-04
-1.390471556842554600e-02,1.203820462477946771e-05,7.864560775302102957e-01,-1.208646320401841805e-05,-2.904662470393002197e-02,-6.320134572473305561e-05,9.995780557079146922e-01,2.596410882434669123e-02,-3.559038419490899528e-04,-2.902283035703702441e-04,4.325664721412120911e-02,-2.434903028840020717e-02,1.335793665175667418e-03,2.589116219466502250e-02,3.536225018602034021e-04,1.853339844556630214e-04,4.327073625402047541e-02,-2.426309064923799774e-02,-1.653313123065868048e-03,-3.722701506565900120e-05,2.753729006448929126e-05,-1.074679209955349199e-02,4.973424544445527173e-01,2.959695197370135200e-01,-1.630671602222358556e-03,5.033449622738255247e-01,6.048790956464324044e-05,1.522331578588845703e-03,-1.623755702747133869e-04,4.969592321774640720e-01,-2.963936269766311304e-01,1.458112285356221415e-03,5.031711400529734757e-01,-5.389916381714099803e-05,1.544986465853164567e-03,1.662722143249151523e-04
-1.368850186616277741e-02,8.422521320286957484e-06,7.864327017382504170e-01,-6.650666360625872287e-06,-2.896295183044711799e-02,-5.482160926808550940e-05,9.995804841890549852e-01,2.599227648212886627e-02,-2.347737205855684789e-04,-3.329476758043651554e-04,4.332187826830240923e-02,-2.366695838534122603e-02,8.273268453442886826e-04,2.591220364136832821e-02,2.029972933774928533e-04,1.924794924152420567e-04,4.336177200995564029e-02,-2.359352556201575746e-02,-1.092559720587921905e-03,-2.737290594955825272e-05,2.244571207187364624e-05,-1.039983018221604660e-02,4.979514422917037941e-01,2.965785444690187123e-01,-1.398023200783453206e-03,5.028868922308007416e-01,-1.262743618110425835e-04,1.317326402442234009e-03,-3.290962034419084694e-04,4.975651077540459433e-01,-2.969676660126941981e-01,1.243628165941332384e-03,5.027099752680225242e-01,1.340862023030076013e-04,1.318394661842480853e-03,3.372480766315451382e-04
-1.346209722611601926e-02,5.100267588983839629e-06,7.864108695162266294e-01,1.663471837769490309e-06,-2.889176761126096768e-02,-4.767367076779126191e-05,9.995825446098735023e-01,2.601516609580774991e-02,-1.857052073764128201e-04,-4.180664949131661454e-04,4.352946440747008233e-02,-2.313910840613107173e-02,5.315007970993139257e-04,2.593192628395947497e-02,1.188298533585191669e-04,2.551412459792204608e-04,4.358817629927701220e-02,-2.307249311461443894e-02,-7.673973174821770073e-04,-1.968781825982788582e-05,1.329510656571654834e-05,-1.007719023981183334e-02,4.982351244579723559e-01,2.969364201329683373e-01,-1.250490321899727295e-03,5.027213734555145974e-01,-2.118719922708662000e-04,1.202917882081344127e-03,-4.107473889745486321e-04,4.978421432499769983e-01,-2.972925001896673525e-01,1.113230977261743526e-03,5.025443338013210193e-01,2.198934530460876008e-04,1.192557705021014564e-03,4.221893279223627726e-04
-1.321092508372073530e-02,4.741534786705810557e-06,7.863923599448371382e-01,1.136583698159463988e-05,-2.885247630576863453e-02,-4.946061766216990920e-05,9.995836793563054323e-01,2.611580260891830513e-02,-1.917177309729200456e-04,-5.049659491688069345e-04,4.380126658378900861e-02,-2.260611645241892773e-02,4.332446848248013059e-04,2.603482144853097244e-02,8.740967486982207041e-05,3.553610000476765452e-04,4.385795881137502517e-02,-2.253466275532774871e-02,-6.960672116640549646e-04,-1.866011053710300415e-05,1.471464360092714901e-05,-9.879783673483775314e-03,4.983920801870212469e-01,2.971270739497574587e-01,-1.194683287846969987e-03,5.027858489392658115e-01,-1.969424609435279478e-04,1.204626091489324020e-03,-4.241271282835139115e-04,4.979652375990610280e-01,-2.975010933756427889e-01,1.049247108569900146e-03,5.026034689566518665e-01,2.034597174018596430e-04,1.199500620554628345e-03,4.338540123689244715e-04
-1.294850305921861448e-02,5.554168735511983871e-06,7.863760228964328247e-01,1.442987934541089615e-05,-2.884179957197919100e-02,-5.524289044064862155e-05,9.995839871353734418e-01,2.627599071186758478e-02,-1.859331827982903631e-04,-5.727096880685959368e-04,4.412806729126332594e-02,-2.213490017765726292e-02,3.926769359683504644e-04,2.619602668755068378e-02,6.934411607527744717e-05,4.492824335590303239e-04,4.417924527370105381e-02,-2.206781875136951121e-02,-6.807997063862698426e-04,-1.485450448116095774e-05,3.158539619081482532e-05,-9.715712916121291287e-03,4.985029784020883481e-01,2.972406509317366274e-01,-1.173392892019265192e-03,5.028680061418182579e-01,-1.670168341876707911e-04,1.227432032757966350e-03,-4.270260587488130524e-04,4.980398187290239753e-01,-2.976456886767511745e-01,1.014881028844526190e-03,5.026757118661665524e-01,1.716353486340448434e-04,1.235617530033988106e-03,4.332095212693902746e-04
-1.268827601762194911e-02,4.389547666815767240e-06,7.863625169944727933e-01,1.173886533837801027e-05,-2.885819792742814333e-02,-6.135034985694492863e-05,9.995835135248649639e-01,2.646325844050095508e-02,-1.544220582653450292e-04,-5.972685224555799666e-04,4.450642188695228679e-02,-2.170126222547987677e-02,3.078491415958210190e-04,2.637985390960607968e-02,5.466392489862346337e-05,4.994480652711065461e-04,4.456166895208477086e-02,-2.165961399445874569e-02,-5.846210421960836619e-04,-1.537798620820190039e-06,4.488444992534632787e-05,-9.520331930572013476e-03,4.986332294710750235e-01,2.973745176783760824e-01,-1.140641741837845457e-03,5.028240736218075879e-01,-1.447155470408375275e-04,1.223382831984243723e-03,-4.348766965689140960e-04,4.981430665665787516e-01,-2.977717949586742852e-01,9.899224415105441210e-04,5.026251860096928592e-01,1.470002694961894656e-04,1.254531941147443101e-03,4.386685657252915589e-04
-1.244553930943445401e-02,8.813200907991787244e-07,7.863500321393900316e-01,7.995877252918960477e-06,-2.887569979678876464e-02,-6.071512342947066841e-05,9.995830081643967135e-01,2.655967286251946849e-02,-1.208006066559681724e-04,-5.920703053374689467e-04,4.502472819069299609e-02,-2.145885079090389599e-02,2.324750406844888176e-04,2.647680229046570771e-02,4.437418575959695323e-05,5.062895626408162519e-04,4.508764455340698307e-02,-2.145348391324368442e-02,-4.472198116585409441e-04,1.529448683413161468e-05,4.460604284266627664e-05,-9.261327638276303093e-03,4.987197861974700941e-01,2.975201347764310222e-01,-1.074190246018940503e-03,5.026870756311352384e-01,-1.798810809733311839e-04,1.110349230407035957e-03,-4.613837976405422633e-04,4.982290487647296207e-01,-2.978559736704181060e-01,9.529670974212731821e-04,5.024885391535364176e-01,1.793946942837092292e-04,1.129788747504064132e-03,4.656240000765841242e-04
-1.223606126724702432e-02,-4.520743114726533286e-06,7.863397353405768841e-01,1.123897997540779658e-05,-2.888405714146659309e-02,-5.055634067267733252e-05,9.995827672388060137e-01,2.647029101627857220e-02,-1.045373887900950268e-04,-5.582478810763130336e-04,4.575686251850659414e-02,-2.140382539093338421e-02,1.994952396149108395e-04,2.639857624718952231e-02,1.862197276321622734e-05,4.733271064189602901e-04,4.582248889193824004e-02,-2.143898686977426665e-02,-2.956894959600235052e-04,3.369101263090833621e-05,1.580088960954319428e-05,-8.898643422147594143e-03,4.987072986315116419e-01,2.976684758249900087e-01,-9.621203241501601749e-04,5.024748414354468506e-01,-2.854252111643917032e-04,8.616033785906764518e-04,-5.095139540120499806e-04,4.982554005972651412e-01,-2.978783273905705742e-01,8.960781705102759511e-04,5.022811074964667055e-01,2.815685813581701529e-04,8.199377165218244782e-04,5.176819206470528213e-04
-1.204048410730784550e-02,-9.113793559106826020e-06,7.863339173772500024e-01,1.643166243200411980e-05,-2.888174751451226888e-02,-3.858195444195674519e-05,9.995828344374166896e-01,2.641735627224034433e-02,-9.872683071390032710e-05,-5.273779655736419731e-04,4.642878636692008426e-02,-2.150749364629291061e-02,1.954704485019176494e-04,2.636030597735168277e-02,-6.189820896532554180e-06,4.362414368790002339e-04,4.649030386727421443e-02,-2.157653844846167679e-02,-1.824984301890509534e-04,4.686481630150022160e-05,-1.686034643594084539e-05,-8.544817019313800249e-03,4.986525867614667318e-01,2.978087396675402898e-01,-8.557732950271604647e-04,5.022773387062771100e-01,-3.731717810714655845e-04,6.521090477028473149e-04,-5.455438420748256719e-04,4.982471565441664030e-01,-2.978858706062396666e-01,8.489447211407379675e-04,5.020828774216933299e-01,3.638731693014352476e-04,5.459089571500548577e-04,5.547541709154024583e-04
-1.184811352935632132e-02,-1.007018542975534685e-05,7.863351610180063789e-01,2.537625217608793619e-05,-2.884720302115303253e-02,-2.838149305205506378e-05,9.995838321163422746e-01,2.643806836154927523e-02,-1.109951496079585937e-04,-5.051130660702723681e-04,4.684709480615815991e-02,-2.163394216777351012e-02,2.101614769019564792e-04,2.639749280574741133e-02,-3.590711567082301105e-05,4.188039006299005000e-04,4.689695457178115479e-02,-2.172600981695243377e-02,-1.265853056320399893e-04,4.606854097587747741e-05,-4.507146359958953338e-05,-8.345042582250548555e-03,4.986003506585695577e-01,2.979255782565181088e-01,-7.850988598363298730e-04,5.021799438655069059e-01,-4.174989039014215730e-04,5.594941332216524666e-04,-5.624740503367684809e-04,4.982257830599611248e-01,-2.979095184221404735e-01,8.178669211928085497e-04,5.019778975783474317e-01,3.994242694707842312e-04,4.009097429386153247e-04,5.649264446148533894e-04
-1.166244981225660060e-02,-7.248642807205232166e-06,7.863376088788609497e-01,3.253316443868281235e-05,-2.879061506216219757e-02,-2.188284276643049292e-05,9.995854635533051313e-01,2.650714809089147264e-02,-1.245910707444726853e-04,-4.872556703388384973e-04,4.705116536141242672e-02,-2.180070856429030049e-02,2.212501477843732917e-04,2.647909686546516539e-02,-6.578886048918976390e-05,4.134663143284736516e-04,4.708896774972411853e-02,-2.190767167886229980e-02,-1.004897671787486897e-04,3.752448751408581106e-05,-5.949749385934374274e-05,-8.268434602452230317e-03,4.985732128588974410e-01,2.980283670755929926e-01,-7.413548993782871806e-04,5.021309877904516217e-01,-4.262516058909282990e-04,5.395798203897266302e-04,-5.628075515839897668e-04,4.982121258081326221e-01,-2.979610976791539634e-01,7.958220521591033826e-04,5.019166860354089543e-01,4.008121898667438656e-04,3.499707841490645949e-04,5.569762536424869388e-04
-1.148417896568137281e-02,-7.449369521231099457e-07,7.863384502875634396e-01,4.136342871424353892e-05,-2.871112832307468749e-02,-1.195902983455585329e-05,9.995877496530575224e-01,2.659392226489241257e-02,-1.417781389460114180e-04,-4.646028879259692904e-04,4.709150630955711431e-02,-2.203126384295278628e-02,2.208409622416729584e-04,2.657697086848294712e-02,-1.144841392618890726e-04,3.960143081517328973e-04,4.712239407916109929e-02,-2.214907319270955841e-02,-7.018007033510249740e-05,1.913809900102317807e-05,-7.257403161451097661e-05,-8.308361890332989844e-03,4.985849820995326143e-01,2.981264559006440162e-01,-7.153275097991681347e-04,5.021031459983652523e-01,-4.048473627699367117e-04,5.591172877264405806e-04,-5.480085519961198220e-04,4.982221851123800338e-01,-2.980393457870404994e-01,7.768488330699040894e-04,5.018785075070308910e-01,3.750578824744838793e-04,3.631388923245929511e-04,5.349496065345063804e-04
-1.132321145104432311e-02,8.989342181447725598e-06,7.863373521258071319e-01,4.832283672393806990e-05,-2.863365025249935483e-02,-1.581982148463088468e-06,9.995899718062489780e-01,2.666624563887584967e-02,-1.595622295958063169e-04,-4.382775319827579672e-04,4.709155323379882185e-02,-2.233117733248411382e-02,2.162756341963580119e-04,2.665747765694559401e-02,-1.667776631805587603e-04,3.676405777884923136e-04,4.712116422261340004e-02,-2.245754760555710924e-02,-3.806092509854980515e-05,3.639898057311567221e-06,-8.075933206618496438e-05,-8.356744234869831200e-03,4.985959961143023866e-01,2.982200844907837434e-01,-6.909684745818758887e-04,5.020750468243478926e-01,-3.832603449650314343e-04,5.715671623579935160e-04,-5.325498108358698007e-04,4.982280878627332044e-01,-2.981291445624005831e-01,7.523776312228111452e-04,5.018433546235956388e-01,3.516095569165471270e-04,3.734417843126529280e-04,5.152816914180769012e-04
-1.118612961246208404e-02,2.097752339689084325e-05,7.863358657285873798e-01,5.303972778035087506e-05,-2.856613513470479190e-02,3.867506122049514795e-06,9.995919032761794165e-01,2.668184327119157984e-02,-1.710736601332215711e-04,-3.977774240258214367e-04,4.715399836817626977e-02,-2.267941668257050444e-02,2.105508386197800594e-04,2.667413584377388916e-02,-2.204533288667843212e-04,3.310429758365147630e-04,4.718905860917155248e-02,-2.281293682835638242e-02,-7.947492032915394895e-06,2.750826329921165794e-06,-8.973361031846982419e-05,-8.360031156513236805e-03,4.985774890147451344e-01,2.983117296508515648e-01,-6.586240616056863876e-04,5.020377232654138488e-01,-3.706339313067416727e-04,5.621451288770723228e-04,-5.211520618477132440e-04,4.981996233082088832e-01,-2.982136777962096086e-01,7.242068504440011623e-04,5.018047154050210290e-01,3.391182796339838436e-04,3.610966426234921665e-04,5.040609525567982729e-04
-1.106487546837797709e-02,3.542183287417217539e-05,7.863354230609379547e-01,5.558003195377870701e-05,-2.850772080686449217e-02,8.612707833372481542e-06,9.995935707531731218e-01,2.670403624244858248e-02,-1.809601549519385707e-04,-3.542541657644463046e-04,4.721912730762185123e-02,-2.304784690767304814e-02,2.074791560081918761e-04,2.669697242081115265e-02,-2.725228328804322965e-04,2.938416477920129371e-04,4.726053027366978326e-02,-2.318586232044020021e-02,1.965782699124880517e-05,8.437705495144028468e-06,-9.877892256200638491e-05,-8.348011103725136786e-03,4.985486546980903433e-01,2.984013245606684239e-01,-6.251178896876593855e-04,5.020013162575248655e-01,-3.625131032021039978e-04,5.495961921609201660e-04,-5.098747072612020825e-04,4.981611161055817805e-01,-2.982927062523711981e-01,6.960688055160226895e-04,5.017670462747768623e-01,3.310411675826519830e-04,3.465489480377245668e-04,4.937054583808793591e-04
-1.094725654356571050e-02,5.381066978709727353e-05,7.863344382810882882e-01,7.307792828540449594e-05,-2.843720286282794274e-02,4.563125075249762735e-05,9.995955772564939501e-01,2.682956976510076155e-02,-2.433086643495983598e-04,-3.520638093157340111e-04,4.707230719092196647e-02,-2.344238368602446360e-02,2.267043138987533883e-04,2.678813480431515431e-02,-3.734995581374276155e-04,2.269120205966412666e-04,4.721909462071414293e-02,-2.364003125748322456e-02,6.074839786650053700e-05,-2.140196750105114807e-06,-1.421587142490262192e-04,-8.376963184865788767e-03,4.985292876342221624e-01,2.984971200813656411e-01,-5.926556731053911776e-04,5.019666591894058616e-01,-3.594585467426545679e-04,5.316991940747898280e-04,-4.984999374431094794e-04,4.981505968536122375e-01,-2.983607972805935593e-01,6.705187666162491528e-04,5.017354759616997617e-01,3.263829711224489017e-04,3.318050998266686992e-04,4.817599590277947389e-04
-1.083864499788334164e-02,7.756250537730532588e-05,7.863345105939966162e-01,8.888179980304237646e-05,-2.836441053790782554e-02,9.530047884484256059e-05,9.995976406698252603e-01,2.696186600868290956e-02,-3.179095523396874507e-04,-3.821731468270601960e-04,4.683452531296300458e-02,-2.383785594186884835e-02,2.463004249383836039e-04,2.687813327094861274e-02,-4.859219998157390417e-04,1.336445972790801541e-04,4.713324126622952387e-02,-2.412454074781334584e-02,1.009150793366035221e-04,-8.516516471931588687e-06,-1.790365420208378923e-04,-8.402133739983289051e-03,4.985038312074945854e-01,2.985855728632521577e-01,-5.623987908945490485e-04,5.019346921261835792e-01,-3.517557914908629583e-04,5.170302950782542858e-04,-4.877623039934017774e-04,4.981351183127526450e-01,-2.984282468169557889e-01,6.460203058471386019e-04,5.017020051598396480e-01,3.173941818526283105e-04,3.180063038038499334e-04,4.701195513722085948e-04
-1.073775357719887122e-02,1.068280689231475587e-04,7.863333457224506162e-01,9.930850131412235387e-05,-2.827737169892389352e-02,1.305806529206496075e-04,9.996001017088359530e-01,2.704316304814268976e-02,-3.865675092101710864e-04,-4.105677587263655633e-04,4.662007052353892012e-02,-2.433208911988334402e-02,2.537693252215521516e-04,2.691873786947585750e-02,-5.936202913722078266e-04,4.512312644795412578e-05,4.705853757312024321e-02,-2.470128297036177159e-02,1.357648831393975998e-04,1.900466725199770679e-05,-2.017813749755296559e-04,-8.412530048487919937e-03,4.984783488036790278e-01,2.986695453881706985e-01,-5.354252517843672990e-04,5.018911139146068345e-01,-3.364738028838617188e-04,5.138647939561304936e-04,-4.789296383115764009e-04,4.980885657853288961e-01,-2.984998633734622375e-01,6.262695653494089335e-04,5.016496578107091375e-01,3.010245329032499532e-04,3.074292880482943778e-04,4.603738820528792278e-04
-1.063852947691401249e-02,1.412224804678701719e-04,7.863360254313311870e-01,1.071409680017325978e-04,-2.818582876258917541e-02,1.630536115275906905e-04,9.996026815646796848e-01,2.711171022199252573e-02,-4.571382045571927445e-04,-4.382776287090836467e-04,4.640511130772225629e-02,-2.482508419573901601e-02,2.600845559210627632e-04,2.694907673889447228e-02,-7.016110595586567142e-04,-3.674770048994022869e-05,4.697334423900036832e-02,-2.527041887156744951e-02,1.691605178615215009e-04,5.761354259452511556e-05,-2.202593573532818599e-04,-8.416388891192817800e-03,4.984572628804557759e-01,2.987473995476087052e-01,-5.082281764094500904e-04,5.018607647916567549e-01,-3.263573888085574996e-04,5.064265250153530571e-04,-4.696919761720586592e-04,4.980279765428062833e-01,-2.985649011028447264e-01,6.056757589477798024e-04,5.016037493878976461e-01,2.893967115866918926e-04,2.942247872341570880e-04,4.500031092622194242e-04
-1.053598354581872752e-02,1.817746205816668363e-04,7.863414816124121298e-01,1.117961979063138530e-04,-2.809110298533224956e-02,1.829475151916519894e-04,9.996053441058045941e-01,2.724680636626343813e-02,-4.575391660068221377e-04,-3.577572413417893235e-04,4.609662208517159576e-02,-2.531664820259559023e-02,2.033748593352330530e-04,2.699558253038853578e-02,-8.735501191665023596e-04,-1.822009041051992457e-04,4.685413330422069644e-02,-2.582412821540596912e-02,2.638637515188509250e-04,1.141046692945584049e-04,-2.240059610627507245e-04,-8.410997608426239863e-03,4.984102232668397026e-01,2.988137512236005433e-01,-4.820369321042115547e-04,5.018699929807166615e-01,-3.265862977342833201e-04,4.877148836885823106e-04,-4.604566300375857258e-04,4.979179678027874645e-01,-2.986201944014362786e-01,5.841288078066690518e-04,5.015866847864398625e-01,2.860869811424100588e-04,2.757743421551542046e-04,4.377780914636615096e-04
-1.043158105026644085e-02,2.277604357503508427e-04,7.863493392772200608e-01,1.145302234974168113e-04,-2.800062998972975559e-02,2.023937991351262757e-04,9.996078784402192552e-01,2.739754683027873991e-02,-4.527887563327234223e-04,-2.476356746280711360e-04,4.575261323046049544e-02,-2.575094638363897848e-02,1.161775419080457493e-04,2.705066791526388251e-02,-1.051971176285127624e-03,-3.350226369614271033e-04,4.672277330006989471e-02,-2.631315178515655079e-02,3.863399352106728214e-04,1.686699765985743150e-04,-2.197217054153199401e-04,-8.362776040045306197e-03,4.983427661161419775e-01,2.988750270872779780e-01,-4.574550659566572943e-04,5.018857312011339999e-01,-3.221382724974325212e-04,4.758908218988070144e-04,-4.521733088449097658e-04,4.977758681207100633e-01,-2.986676542703585735e-01,5.663541451038019451e-04,5.015732614808732226e-01,2.789803608366916510e-04,2.576850982725581787e-04,4.271564607350776272e-04
-1.032871941089141821e-02,2.775660984880740654e-04,7.863534574091746165e-01,9.880340600550980678e-05,-2.790450778459010669e-02,2.261364742201104911e-04,9.996105629421299099e-01,2.743514919143590081e-02,-3.745471035195406268e-04,-1.240141076651169838e-04,4.559170692797833574e-02,-2.634427170956472886e-02,-5.013538423251568451e-06,2.700616270218255885e-02,-1.228831393074353989e-03,-5.265380169479407782e-04,4.675784642419638509e-02,-2.693017333173688271e-02,5.175589746445833500e-04,2.171183969315141097e-04,-1.739785064130290582e-04,-8.232207604169121049e-03,4.982169287156055781e-01,2.989302777307718539e-01,-4.374119075288330247e-04,5.018786340744528784e-01,-3.085464634191091137e-04,4.824192223183566938e-04,-4.465757204999516923e-04,4.975682059027719539e-01,-2.987165718929982172e-01,5.585540922917176226e-04,5.015381249878496650e-01,2.644174814997762206e-04,2.487317611715817930e-04,4.216753328907845355e-04
-1.021502880030659803e-02,3.292769973345866983e-04,7.863599995380533558e-01,8.304694779532990835e-05,-2.779945950584339007e-02,2.535567205741304708e-04,9.996134847346632712e-01,2.745536400048284587e-02,-2.996683077463197517e-04,-1.485381590756792308e-05,4.547598556786952573e-02,-2.693950318455749782e-02,-1.376955610643127012e-04,2.695096498276483912e-02,-1.404415183073110711e-03,-7.031067410412372709e-04,4.683325676210758903e-02,-2.755263033859317243e-02,6.607785616326532479e-04,2.645044305634767319e-04,-1.314410757626914127e-04,-8.079707014342015631e-03,4.980785458902781127e-01,2.989873830821433431e-01,-4.161845640458745129e-04,5.018776809729472710e-01,-2.997251207653694191e-04,4.801509795657202479e-04,-4.418077650338300211e-04,4.973513218047272422e-01,-2.987522144225278620e-01,5.520011150093224756e-04,5.015127829845468233e-01,2.527152041333255677e-04,2.382867129557013819e-04,4.156265931648991919e-04
-1.007926713582947380e-02,3.808080537131147973e-04,7.863698693494532987e-01,5.046759689911875160e-05,-2.766924740471045016e-02,2.592397236577726784e-04,9.996170981910245112e-01,2.753190850267757395e-02,-1.632169510917662878e-04,1.183710744668726051e-04,4.526242051401882516e-02,-2.751523617081939183e-02,-2.768301818143903024e-04,2.694484220797437393e-02,-1.547507646224125042e-03,-8.701037398965254504e-04,4.678048726304607358e-02,-2.810504333260466572e-02,7.799036635028601611e-04,3.257545862699744469e-04,-5.373520821969325026e-05,-7.972895432353802742e-03,4.979529850564796689e-01,2.990370948690262431e-01,-3.941390463224958085e-04,5.019171168143299333e-01,-2.987915548613377225e-04,4.645886056548255991e-04,-4.367245924143432637e-04,4.971552253841322044e-01,-2.987846569462118684e-01,5.394120950696687901e-04,5.015176839516318763e-01,2.440686464608935054e-04,2.273657771146832480e-04,4.034674756180680060e-04
-9.927518242346937416e-03,4.299470384522318181e-04,7.863811962376054954e-01,2.109430580056987579e-05,-2.754139741464399493e-02,2.533639008560563031e-04,9.996206314348522470e-01,2.764481527798847219e-02,-2.669502692036280415e-05,2.594194603881412294e-04,4.500477066542566545e-02,-2.799706179098673461e-02,-4.167390890548892859e-04,2.697819013524482140e-02,-1.684557834212178223e-03,-9.991412781213569391e-04,4.666503804433910080e-02,-2.856288316416553258e-02,8.961403437067181656e-04,3.811015737738675116e-04,1.296364679888776887e-05,-7.828882474081033660e-03,4.978282282746989695e-01,2.990881150514201336e-01,-3.697945962098955308e-04,5.019572913477119425e-01,-2.960067282188073834e-04,4.590225482992324707e-04,-4.303778032319236445e-04,4.969580383946786140e-01,-2.988095528837744763e-01,5.305272821798743405e-04,5.015296881308355381e-01,2.358041673029551209e-04,2.184511797574272181e-04,3.929214237223379929e-04
-9.767772294766911487e-03,4.758686480460470056e-04,7.863899881697137273e-01,-1.236748980969911934e-05,-2.745157095250951723e-02,2.506236897992939676e-04,9.996231031178954840e-01,2.771656419250428938e-02,1.381902043961644394e-04,3.913601207722571516e-04,4.495031302123235484e-02,-2.844688269383355630e-02,-5.656647487311411166e-04,2.700968271859305672e-02,-1.820778640264677107e-03,-1.128148220449073317e-03,4.669899723326666890e-02,-2.901749090943272005e-02,1.014958983471536029e-03,4.163648191324244470e-04,9.096391440879059230e-05,-7.549959403419792547e-03,4.976543678020319272e-01,2.991311692205789741e-01,-3.496762868363304487e-04,5.019782884927703748e-01,-2.887953459466257320e-04,4.829921535328841192e-04,-4.237065034629583201e-04,4.967199618233203995e-01,-2.988394419295856697e-01,5.292549317966239618e-04,5.015299825370782560e-01,2.293846175179362382e-04,2.240764372083824270e-04,3.890666367627259128e-04
-9.591548054835233664e-03,5.168438313156195445e-04,7.863970555714896449e-01,-3.919646966772426320e-05,-2.736020508705138202e-02,2.498341858382366115e-04,9.996256075271935382e-01,2.775372275201893821e-02,2.915618051140755830e-04,5.065343841521343640e-04,4.500576130123973284e-02,-2.880115478527062178e-02,-7.134823535425486273e-04,2.701829804792265158e-02,-1.961885868491264166e-03,-1.245727631579522914e-03,4.681989902856368430e-02,-2.941045915776214700e-02,1.135451699972881735e-03,4.446843069952747282e-04,1.555739644475735576e-04,-7.257155676118334439e-03,4.974676028712649023e-01,2.991749577303907670e-01,-3.334554260670016378e-04,5.020044294012507846e-01,-2.802195002773396368e-04,4.948015417070521617e-04,-4.205208061274994620e-04,4.964883071434139095e-01,-2.988600549340568735e-01,5.312825868200079507e-04,5.015429400021338413e-01,2.178482569928735476e-04,2.292325083557971582e-04,3.848149414840877180e-04
-9.391120938782084385e-03,5.529422273276770336e-04,7.864028408360367317e-01,-5.825309114463536337e-05,-2.724200811692185920e-02,2.529268287040982877e-04,9.996288339320520411e-01,2.776639660529562487e-02,4.039833847983410973e-04,5.455675781603136270e-04,4.505448612072302655e-02,-2.898151376077106461e-02,-8.235611857891366773e-04,2.701023455701286394e-02,-2.092489595574697093e-03,-1.318757028009759705e-03,4.692080070814310527e-02,-2.964745724262046397e-02,1.222913662392215682e-03,4.864062787440329464e-04,2.087174813318617658e-04,-7.066057770888897575e-03,4.972936302528965236e-01,2.992154909553644271e-01,-3.219368930653688241e-04,5.020609344682996911e-01,-2.689266185688355911e-04,4.800563819845305672e-04,-4.204951097497980675e-04,4.962965460628972481e-01,-2.988685384729363737e-01,5.299780367833653756e-04,5.015863756345987357e-01,1.990199025733196448e-04,2.345639152938487669e-04,3.780325355288839217e-04
-9.169731039992218280e-03,5.836267129381796960e-04,7.864051817869881500e-01,-7.044594144657431104e-05,-2.715165662607718286e-02,2.492113780740548069e-04,9.996312922640616661e-01,2.791633524883012710e-02,5.022939059979040968e-04,5.590921228417086676e-04,4.503782231202053954e-02,-2.906587881381276703e-02,-9.196951362383983799e-04,2.714026633474373937e-02,-2.223831834543861866e-03,-1.359779470362503483e-03,4.694589706910709537e-02,-2.980074913443864909e-02,1.297852492948276546e-03,5.367720533515780686e-04,2.532480420619987664e-04,-6.832342070457002141e-03,4.971411336911863987e-01,2.992535607735399283e-01,-3.090715640288826905e-04,5.021052201247261371e-01,-2.605363293277658640e-04,4.818476457505589650e-04,-4.172758599851933469e-04,4.961134979691089186e-01,-2.988778016553574890e-01,5.317427820569404530e-04,5.016213520056602704e-01,1.867338485396053229e-04,2.454083640530885300e-04,3.728988634436217566e-04
-8.930649294792489604e-03,6.094358803795686935e-04,7.864039152144353118e-01,-8.011079511822591630e-05,-2.713754512753081827e-02,2.276345062116068622e-04,9.996316798747642007e-01,2.828503076495142779e-02,5.948895369355156103e-04,5.524921098177006367e-04,4.498662485726278443e-02,-2.909481367831535242e-02,-1.013312897054122978e-03,2.746992389471865706e-02,-2.341415407279216331e-03,-1.353146624580635208e-03,4.694145409984661760e-02,-2.989590678738208995e-02,1.368649793473474853e-03,5.995485729008735373e-04,3.052688963925364023e-04,-6.464637262756692780e-03,4.970160102345889674e-01,2.992847203140887591e-01,-2.927503904779645656e-04,5.021328715732268355e-01,-2.592099941158442140e-04,5.232676357377085731e-04,-4.099389749862582233e-04,4.959025642380077148e-01,-2.988998456636635104e-01,5.379922632549919651e-04,5.016367163467672086e-01,1.878573276615508737e-04,2.671694109877112465e-04,3.717520283936195285e-04
-8.681148757048711556e-03,6.295632226182595230e-04,7.864006081903381906e-01,-8.662392455154017219e-05,-2.709275798697291168e-02,2.090913450922143608e-04,9.996328982390305651e-01,2.849069476834984946e-02,6.814374048757130490e-04,5.250658951492922707e-04,4.506839228319484830e-02,-2.903096943227000820e-02,-1.098066764896578991e-03,2.763494449183321114e-02,-2.453027761376799700e-03,-1.335872433521718625e-03,4.707571840920081463e-02,-2.989143466535348903e-02,1.427719543797571029e-03,6.640970562705500631e-04,3.590389166830697297e-04,-6.185648221330491449e-03,4.969150374647439139e-01,2.993200886490450241e-01,-2.779237394393069467e-04,5.021793029463256230e-01,-2.529132372306873064e-04,5.401483040575730168e-04,-4.073441643320620319e-04,4.957152340356970055e-01,-2.989255060872709202e-01,5.392197546447373945e-04,5.016601969982167342e-01,1.808182913820136940e-04,2.751657788223639805e-04,3.706903576157475786e-04
-8.430258740948990900e-03,6.434956020594874470e-04,7.863964776878673568e-01,-9.270858929019756562e-05,-2.697386961047737453e-02,2.037878343369720210e-04,9.996361139103931981e-01,2.832730057625048453e-02,7.385888160825181689e-04,4.271169673013770806e-04,4.544624669696169239e-02,-2.882971003877219524e-02,-1.132020095124903255e-03,2.744258451678117938e-02,-2.525361364273703921e-03,-1.286356714829941985e-03,4.750254571572360557e-02,-2.973827299424988344e-02,1.424742331023865546e-03,7.308118923894483003e-04,4.179222312110995700e-04,-6.089122871940070257e-03,4.968358446161553199e-01,2.993637155201351319e-01,-2.637442790272206549e-04,5.022521619461006726e-01,-2.342977673450093211e-04,5.031754539943666428e-04,-4.093403976602194311e-04,4.955861755534516910e-01,-2.989528013700656350e-01,5.284800872541099790e-04,5.017012498602450021e-01,1.559876283564965100e-04,2.669656261772280462e-04,3.655006610454984988e-04
-8.175123861877426484e-03,6.507782644240144455e-04,7.863908062665790899e-01,-9.400948311373573038e-05,-2.691267320368467483e-02,1.986438222256296251e-04,9.996377642545725140e-01,2.835330128111119771e-02,7.884549828764819820e-04,3.053465801501918978e-04,4.581673124666035823e-02,-2.859696298217890426e-02,-1.141146253251114958e-03,2.744092802809668802e-02,-2.593070693514450131e-03,-1.210022178069265330e-03,4.792117125092734686e-02,-2.955188574555690784e-02,1.405488094579062557e-03,8.026088608944727991e-04,4.698089704676125739e-04,-5.881834775725010116e-03,4.967763240020879323e-01,2.994117526765995851e-01,-2.376352538502562019e-04,5.022953583007390144e-01,-2.327755142627135562e-04,4.812321678439879518e-04,-4.083113243839571016e-04,4.954712656353724709e-01,-2.989792285022976892e-01,5.148479440495815898e-04,5.017323388557465291e-01,1.500985490150598259e-04,2.662322500103743092e-04,3.606886006155460810e-04
-7.913100654187741473e-03,6.513415018821308491e-04,7.863845721685356338e-01,-9.042562442574121856e-05,-2.697007131006400396e-02,1.826760599324919634e-04,9.996362206854016996e-01,2.885077034051189773e-02,8.352722338199571788e-04,1.785755011049685182e-04,4.591449947536450915e-02,-2.838653579676533520e-02,-1.152169599791550390e-03,2.789959856670094426e-02,-2.654790778067930585e-03,-1.096138491545042056e-03,4.807412606514043646e-02,-2.939059585895369836e-02,1.402960301766944954e-03,8.838274093995096342e-04,5.130397469608763633e-04,-5.452546608309197240e-03,4.967457334645027367e-01,2.994602002978219435e-01,-1.961689021730098103e-04,5.022951472843403264e-01,-2.619675986139056176e-04,5.105533987590341093e-04,-4.075848039085327936e-04,4.953456931051203327e-01,-2.990037289436202061e-01,5.057803126693493408e-04,5.017451657134037735e-01,1.773770467959938845e-04,2.765538723954896901e-04,3.620332220761031611e-04
-7.659923285775050231e-03,6.461324986065502532e-04,7.863814103504624953e-01,-8.826564672455702789e-05,-2.696566666435592369e-02,1.674261585025801533e-04,9.996363423760679101e-01,2.915212458694886946e-02,9.015554208622615553e-04,8.528838896300027753e-05,4.600029191347074914e-02,-2.816292973795062743e-02,-1.166085409594494688e-03,2.816184326473048644e-02,-2.710346943270405991e-03,-1.017036977377202851e-03,4.821508347621207557e-02,-2.920193782237110250e-02,1.394190363873446794e-03,9.732764063041824884e-04,5.660064727913189818e-04,-5.171715299234961802e-03,4.966903552774198372e-01,2.994871456276667065e-01,-1.607367098787388813e-04,5.023582006452209647e-01,-2.709879238042998614e-04,5.658112226127110823e-04,-3.835527112853023076e-04,4.952128345708260437e-01,-2.990138403089548924e-01,4.901937700008009548e-04,5.018061684235753939e-01,1.865742710049494448e-04,3.341559453254591217e-04,3.409498781630525342e-04
-7.435258380874512629e-03,6.363074053477461639e-04,7.863844255520501259e-01,-8.965666098324965748e-05,-2.682863523757221536e-02,1.578660286035256041e-04,9.996400308967667847e-01,2.891068287531222206e-02,9.869420680941379514e-04,4.060256517126149752e-05,4.634123983952439380e-02,-2.784121510612081601e-02,-1.167128590776527874e-03,2.788250643784236094e-02,-2.754458572558614662e-03,-1.002210736249898194e-03,4.861337054316235140e-02,-2.889662280933249366e-02,1.346953053719113919e-03,1.073929849246323814e-03,6.411074940419932144e-04,-5.162090605292259278e-03,4.965463361953894594e-01,2.994688546531317219e-01,-1.408635722128255400e-04,5.025327566589380401e-01,-2.406840153730466822e-04,6.349146673554377160e-04,-3.264090215704557605e-04,4.950455935502064975e-01,-2.989994778557955035e-01,4.582225450420206224e-04,5.019506478220788770e-01,1.582315989253458655e-04,4.593364871620989314e-04,2.844849670691407457e-04
-7.219739325468867326e-03,6.199927494683460903e-04,7.863822929668285999e-01,-8.561295656539680439e-05,-2.675846169541735639e-02,1.422046014158230359e-04,9.996419144753622144e-01,2.897354724080325808e-02,1.075033701364459977e-03,2.654722790317856282e-05,4.654360247814638002e-02,-2.768627581379472929e-02,-1.158872071401010782e-03,2.789715200350873989e-02,-2.803229544236908108e-03,-9.926671223041119620e-04,4.888635548931360986e-02,-2.876645492824011358e-02,1.296166553449694349e-03,1.163726864590629252e-03,7.076807699559704281e-04,-5.022383281170490592e-03,4.964211051144591380e-01,2.994548431635288832e-01,-1.244935525624342736e-04,5.026469615144654179e-01,-2.242744194345883265e-04,7.098964533781726861e-04,-2.880026474339898680e-04,4.948583783246848222e-01,-2.989895041737250514e-01,4.438869168647974618e-04,5.020422099602147581e-01,1.457952976507042100e-04,5.546938667007475033e-04,2.501162455808453615e-04
-6.994300386436503626e-03,5.954819637359431810e-04,7.863756871391279768e-01,-7.372716452865070717e-05,-2.683125965058059254e-02,1.129900988598774248e-04,9.996399678399745525e-01,2.972649152824387991e-02,1.155164459348800073e-03,3.044593693220866730e-05,4.624065928454813845e-02,-2.776129534724317005e-02,-1.137718796755987161e-03,2.859408062203159379e-02,-2.848294970754809783e-03,-9.515927409648225043e-04,4.865946041674680533e-02,-2.888943700752895360e-02,1.252859254858373168e-03,1.220959375902967584e-03,7.478848459601116242e-04,-4.667390261212207674e-03,4.964097164649116101e-01,2.994763757615432898e-01,-1.051142316667087761e-04,5.026564310268519797e-01,-2.402930160884143309e-04,7.879087722951529918e-04,-2.877721794360874573e-04,4.946744589220997690e-01,-2.989926127286593460e-01,4.658752648028271072e-04,5.020331350357534195e-01,1.672032873444811811e-04,5.748101951587867350e-04,2.601663654645321069e-04
-6.779505879896201813e-03,5.657749766267804311e-04,7.863758324161037594e-01,-6.578389703907144511e-05,-2.684444650365592697e-02,8.904138421292668204e-05,9.996396167799785903e-01,3.026700026084614206e-02,1.253499123094527342e-03,4.650910661433844940e-05,4.589624532794878142e-02,-2.790343032361550235e-02,-1.115423354168480720e-03,2.909361034201553287e-02,-2.879408761404693602e-03,-9.421500243247865397e-04,4.836950721941531139e-02,-2.906227420723207777e-02,1.196939382381221901e-03,1.283164819962983412e-03,7.989329290334721417e-04,-4.513879783473634215e-03,4.964246241874635257e-01,2.994958775741315415e-01,-9.604957498134456114e-05,5.027056382497341325e-01,-2.429963900608342342e-04,8.244523865821967419e-04,-2.907990400891337867e-04,4.945444299658943721e-01,-2.989983766154387657e-01,4.789960625728899909e-04,5.020465260438415900e-01,1.717226240403447286e-04,5.799407918027485107e-04,2.663791837910153577e-04
-6.594592691438728137e-03,5.333952275598005232e-04,7.863864530263803276e-01,-6.611233595162936943e-05,-2.674779896651466662e-02,8.237331105905540440e-05,9.996422080395780396e-01,3.022893197812078631e-02,1.373442227967531246e-03,6.865514135059703842e-05,4.591072898980278622e-02,-2.792724606499372500e-02,-1.090673263610720395e-03,2.904377664880371246e-02,-2.893520477142365668e-03,-1.000443087963618759e-03,4.840386976044751960e-02,-2.908629677628559243e-02,1.104542273472893877e-03,1.388649735851321546e-03,8.821008480737544798e-04,-4.640360695470932204e-03,4.964004086244380165e-01,2.994891999286430906e-01,-1.004582577895239053e-04,5.028222276229634691e-01,-2.173925457914842817e-04,8.103620941462429030e-04,-2.824240710810507456e-04,4.945024256693493769e-01,-2.990143981960515784e-01,4.582302600336657242e-04,5.021328662902356799e-01,1.433167218012974646e-04,6.084721678962823647e-04,2.491738793958570182e-04
-6.428831036238266163e-03,4.949990328012274276e-04,7.863867441399180480e-01,-6.376950088677298188e-05,-2.668410467092561383e-02,8.157282886019942656e-05,9.996439105187581164e-01,3.027072099022157237e-02,1.495007810441731757e-03,9.047147787384991530e-05,4.600052800446102763e-02,-2.809283838354596427e-02,-1.052541822866426410e-03,2.907381382238372752e-02,-2.908336534018464512e-03,-1.069174060468061540e-03,4.852486659213025438e-02,-2.929115410530212446e-02,1.009574365098050595e-03,1.484626385249418479e-03,9.580875424226241140e-04,-4.690685112706032001e-03,4.963627084385354715e-01,2.994789438608323473e-01,-1.027622891290584938e-04,5.028823840408086498e-01,-2.041287503080941191e-04,8.031497532495331321e-04,-2.763244542980745205e-04,4.944324348743671105e-01,-2.990276817998438474e-01,4.484752050122241479e-04,5.021765583659762999e-01,1.264155422716748041e-04,6.296606746157286079e-04,2.372319216019518637e-04
-6.274222498317097961e-03,4.480068574419032116e-04,7.863751006565320445e-01,-5.408837390920329010e-05,-2.668488791371014315e-02,7.811727044189663077e-05,9.996438904575829509e-01,3.060550293253884099e-02,1.607664703972376020e-03,1.150017621386379584e-04,4.591600005605493695e-02,-2.850921088391853569e-02,-9.937696599953071367e-04,2.938084116858302730e-02,-2.921328257986735219e-03,-1.115674882219907463e-03,4.851229868622239372e-02,-2.983126885529511010e-02,9.238940433890216247e-04,1.527638382624141571e-03,1.005391880648312097e-03,-4.585429067745011231e-03,4.963029610608640785e-01,2.994620870605968488e-01,-9.622287325319467800e-05,5.029120723578932584e-01,-2.134599317989906045e-04,8.167199280115385301e-04,-2.770015721610338019e-04,4.942202425014777800e-01,-2.989953798257170003e-01,4.711904349962640730e-04,5.021739438962886659e-01,1.322219375294242318e-04,6.227226278128848280e-04,2.404769043810332980e-04
-6.095357355797020350e-03,3.959516313192119321e-04,7.863620545647974636e-01,-4.842571939764185818e-05,-2.667919182445955759e-02,6.155866985173639842e-05,9.996440439421789836e-01,3.134589130046566002e-02,1.732238213502521528e-03,1.175166843540746074e-04,4.526019533051867799e-02,-2.916480097701804053e-02,-9.437288958436813695e-04,3.008449295190286643e-02,-2.903798851326726532e-03,-1.110545757461677040e-03,4.793194779600970512e-02,-3.062292525842614729e-02,8.360745855370655755e-04,1.587662426235467812e-03,1.064641442054327890e-03,-4.586255177954195669e-03,4.962687358403252147e-01,2.994284137400218815e-01,-1.046434624601836130e-04,5.029545527415507644e-01,-2.191741309363887786e-04,8.683337464536338172e-04,-2.754492024101550278e-04,4.940187570401695094e-01,-2.989478603034392279e-01,5.057600827007289242e-04,5.021731839048210189e-01,1.382547395464106912e-04,6.456580185800988485e-04,2.429808361236549669e-04
-5.870028789011955822e-03,3.411749153606198994e-04,7.863593716889886176e-01,-5.248445964989596605e-05,-2.662593240949352388e-02,1.823474931705039946e-05,9.996454654707338516e-01,3.252094777617787341e-02,1.880039897514044871e-03,1.114474117046935359e-04,4.377889365093896867e-02,-2.990822408438124913e-02,-9.097739774384158012e-04,3.121476847571256694e-02,-2.837078436894222011e-03,-1.026738063720690312e-03,4.650322590000590534e-02,-3.146555099722644910e-02,7.362565508251546053e-04,1.715933209385594365e-03,1.159222255767809826e-03,-4.845947640189489716e-03,4.962773554419105393e-01,2.993602911141724499e-01,-1.294335698241759686e-04,5.030430137843353577e-01,-2.149237406955073178e-04,9.780901112197693242e-04,-2.691108435600788619e-04,4.939066229600164171e-01,-2.989076602932270732e-01,5.347988268706287823e-04,5.022347792772567932e-01,1.394009447886352120e-04,7.361214780779462173e-04,2.394635517341945263e-04
-5.629949992035174038e-03,2.823262434644309687e-04,7.863711138094507946e-01,-6.591340734604650550e-05,-2.644770884426269134e-02,2.784655827486598993e-06,9.996501959908561386e-01,3.333867952898576098e-02,2.039468148056410891e-03,2.904963047484533114e-05,4.220735663571615476e-02,-3.058006858724112570e-02,-8.904899914853934119e-04,3.201869713378845128e-02,-2.730404028274451868e-03,-9.190226243418748824e-04,4.495425914748336221e-02,-3.218378552707060192e-02,6.193593891740638421e-04,1.821882311274231362e-03,1.282631529746444416e-03,-5.399659132272794509e-03,4.963151165149020105e-01,2.992743242037955165e-01,-1.613159555692895042e-04,5.031259691170397730e-01,-1.904813138430725642e-04,1.021691954407653738e-03,-2.473358522394622180e-04,4.938962581778839067e-01,-2.988804710710785684e-01,5.459845568032220282e-04,5.023147559126748263e-01,1.181967951437282090e-04,8.123602121728110397e-04,2.171346787432625611e-04
-5.393323715446596278e-03,2.181941966470148661e-04,7.863937881734622826e-01,-8.458311451889438074e-05,-2.616622135271542970e-02,5.134701838448196051e-05,9.996576009160839105e-01,3.352165293567025556e-02,2.183240004995184308e-03,-1.999072295658049867e-04,4.112859588580425330e-02,-3.105599704469383382e-02,-8.781452710429966295e-04,3.223458011584438149e-02,-2.594066361437879532e-03,-8.279552912003542049e-04,4.389098346512065180e-02,-3.268933960526856225e-02,4.643257899647884319e-04,1.861131373584058680e-03,1.424716539083122025e-03,-6.118945827123163997e-03,4.964004535667925211e-01,2.992057569799197458e-01,-1.979566717057740374e-04,5.031083356066092804e-01,-1.435417411503646184e-04,9.383671524059592275e-04,-2.063100378366959566e-04,4.940364189434532372e-01,-2.988857687107350225e-01,5.356105458324423446e-04,5.023339064736256354e-01,7.126926698208769454e-05,8.307871595649865895e-04,1.728793136661577136e-04
-5.163457935820930933e-03,1.475744941373941497e-04,7.864181078235897848e-01,-1.101517837647536286e-04,-2.593932942598764849e-02,1.067097517973638487e-04,9.996635072205760641e-01,3.360274777399653579e-02,2.324892802712415912e-03,-5.344879712480768040e-04,4.045664488645075302e-02,-3.131886742968325449e-02,-8.548061949544495577e-04,3.233614342861652197e-02,-2.418582276808549890e-03,-6.886111768950150180e-04,4.325896683231548329e-02,-3.297572090006110901e-02,3.140433804930174255e-04,1.897634972646954337e-03,1.592657899044572223e-03,-6.613863250324148770e-03,4.964836530983375296e-01,2.991587811650986417e-01,-2.212368256234678479e-04,5.030488996113915423e-01,-1.009966517419559834e-04,8.339382529635623121e-04,-1.710144337541911065e-04,4.941990169899994068e-01,-2.989258877895184519e-01,5.101060482439618562e-04,5.023152730029175617e-01,3.095982536948162255e-05,8.051617246585510319e-04,1.343800261624375839e-04
-4.937137644237248914e-03,6.786033713862535724e-05,7.864353270289600184e-01,-1.423447435680964498e-04,-2.582928193552015347e-02,1.296955364465580030e-04,9.996663498946717352e-01,3.382535429152557643e-02,2.477069487420854258e-03,-9.264651888615539057e-04,4.007220549602934223e-02,-3.143999637779477246e-02,-8.087861830596613198e-04,3.254422030081918077e-02,-2.182744431494420406e-03,-4.271317589157667917e-04,4.294372516686867369e-02,-3.312934530040424763e-02,1.899146414135002056e-04,1.957138165475117743e-03,1.785844710844041588e-03,-6.755061711924665625e-03,4.965822521936266165e-01,2.991483393302873939e-01,-2.252184104741027982e-04,5.030071068186927619e-01,-6.770673341475346753e-05,7.606420282159528619e-04,-1.474277145366409522e-04,4.943181421206508941e-01,-2.989976627150714439e-01,4.813777030116452721e-04,5.022767663540622651e-01,5.482048168077480237e-06,7.488802989182416665e-04,1.111676758038186827e-04
-4.705659460718911863e-03,-2.329636711493025412e-05,7.864441344215331586e-01,-1.755311646525379524e-04,-2.580069664662202125e-02,1.454015917573714021e-04,9.996670806322149883e-01,3.423322724569353298e-02,2.635441642118373749e-03,-1.375277779988558820e-03,3.976183457055586234e-02,-3.143314928382995310e-02,-7.422395206075996796e-04,3.293302765454738518e-02,-1.905423624122193219e-03,-8.229374741579266114e-05,4.271020188429427294e-02,-3.316606830001562339e-02,8.922235127007003207e-05,2.006394385061404523e-03,1.987963161341583899e-03,-6.657702389461261569e-03,4.966979070942044716e-01,2.991699364612337431e-01,-2.142764312636216901e-04,5.029815378949763494e-01,-5.640725933152588239e-05,7.040364742502533326e-04,-1.411895705523360687e-04,4.944090765526610864e-01,-2.990783612241754152e-01,4.521508972151977663e-04,5.022392253597005585e-01,-2.709740542650932509e-06,6.839315349693395876e-04,1.055610416075517693e-04
-4.466467707205045400e-03,-1.272369176996265491e-04,7.864465036958384614e-01,-2.057933980299367686e-04,-2.582160839140119901e-02,1.687629551984009071e-04,9.996665312534086523e-01,3.481094940105052687e-02,2.791407232125054077e-03,-1.885093185276551057e-03,3.938527402639633440e-02,-3.130623912814249621e-02,-6.625617016773703832e-04,3.350007918119186912e-02,-1.598895817128623146e-03,3.135292315219118846e-04,4.241208241853212241e-02,-3.310287360956844921e-02,2.395772642824835251e-06,2.034237983162148419e-03,2.191821387978018249e-03,-6.414204148935401077e-03,4.968037219069336152e-01,2.992077693516980719e-01,-1.903619449554166791e-04,5.029876040510700141e-01,-7.166108101406134872e-05,6.577654408235234515e-04,-1.550983100916295096e-04,4.944650634970150782e-01,-2.991437751146968083e-01,4.215949044420824418e-04,5.022354145539018599e-01,7.125212254976666859e-06,6.200594023717113153e-04,1.183945045454840516e-04
-4.213974098442449176e-03,-2.445009496416781537e-04,7.864444355802709952e-01,-2.435939099749940759e-04,-2.583227331437601415e-02,1.867131382592705953e-04,9.996662440312872322e-01,3.543930614022437059e-02,2.980999479814320455e-03,-2.432605502129146433e-03,3.893294838986353923e-02,-3.118969872058002107e-02,-5.893376889403359855e-04,3.410164172423833795e-02,-1.248121486769176221e-03,7.155071201247239620e-04,4.204852207554381910e-02,-3.303486105493237679e-02,-1.103316668361001708e-04,2.065083826324978170e-03,2.427908425414115716e-03,-6.182692290753384959e-03,4.969462963181698889e-01,2.992451551642792418e-01,-1.678572336680310667e-04,5.030004124738656213e-01,-7.683235304118768644e-05,6.253266219831145854e-04,-1.572854340326230841e-04,4.945104103840756160e-01,-2.992105756916529358e-01,3.990092049345767152e-04,5.022374010160216562e-01,1.357787686421787549e-05,5.916429929676655279e-04,1.234918224179824440e-04
-3.945208049365520747e-03,-3.767018882035421930e-04,7.864418558083373645e-01,-2.922050813070240730e-04,-2.580087833273218834e-02,1.878884976516170596e-04,9.996670415650208419e-01,3.604765063093390981e-02,3.220875333179789961e-03,-2.986023217541169950e-03,3.840371242248425548e-02,-3.112459908671759770e-02,-5.329555115746403924e-04,3.465323740018001752e-02,-8.420125387538315333e-04,1.114838220041742579e-03,4.163315762257543268e-02,-3.299592605503851722e-02,-2.730930768135907214e-04,2.113038021151500499e-03,2.709788282932388756e-03,-6.056905189036769326e-03,4.971604572945487743e-01,2.992676222210618464e-01,-1.525235185846468262e-04,5.030039482883595925e-01,-6.020816122379434862e-05,6.051785458417017517e-04,-1.366559396108309936e-04,4.945471119688525929e-01,-2.992819527878162744e-01,3.859351492348070314e-04,5.022356074900157230e-01,9.862543353835469303e-06,6.111286980443392984e-04,1.116898484914202391e-04
-3.673047205196342153e-03,-5.262236534608550134e-04,7.864425554064415902e-01,-3.364958733617565275e-04,-2.577281082913195423e-02,1.940434438411073662e-04,9.996677504749433840e-01,3.664025805955815202e-02,3.485192321806554298e-03,-3.512399914893438169e-03,3.787015402392233943e-02,-3.099686848469536751e-02,-4.692912772795269655e-04,3.519245788416987264e-02,-4.252261863150031502e-04,1.498701585573441368e-03,4.122462750302221396e-02,-3.289139477101386128e-02,-4.328691198162872142e-04,2.152102893401661166e-03,3.004994232606921986e-03,-5.904834523579177707e-03,4.973757019953246594e-01,2.992862122128198687e-01,-1.355545011124600365e-04,5.030158015970959129e-01,-4.905999115352259726e-05,5.807843291367255660e-04,-1.204369619885880421e-04,4.945908741849108781e-01,-2.993474611422397569e-01,3.683757425440981450e-04,5.022423971189097225e-01,8.549351020940752519e-06,6.168380723720986352e-04,1.039426260640861140e-04
-3.406260107126136017e-03,-6.941802378314348553e-04,7.864460673563657966e-01,-3.712029889215432885e-04,-2.578824508596042064e-02,2.161647833034613993e-04,9.996673356154599510e-01,3.724843736332448391e-02,3.763546694519844405e-03,-4.003351673834945786e-03,3.741432360597702483e-02,-3.075042719889606313e-02,-3.916964210297711312e-04,3.576240740361705944e-02,-1.303533699843539622e-05,1.847681341123328692e-03,4.089848278548358085e-02,-3.268685879585048887e-02,-5.660122656273480941e-04,2.173981110950967775e-03,3.307726072819344720e-03,-5.626234503998060223e-03,4.975548691656698774e-01,2.993095273672020662e-01,-1.155215499147898596e-04,5.030288051758680101e-01,-5.113244921880022404e-05,5.493082555090522635e-04,-1.176872270338754641e-04,4.946807676213051952e-01,-2.994171739463246107e-01,3.438401586856393776e-04,5.022456154468672995e-01,1.341803842270042503e-05,5.899499446814528408e-04,1.074457578469449604e-04
-3.145209115710612471e-03,-8.823306020681145109e-04,7.864503946341186991e-01,-3.961147609717630700e-04,-2.580017576156438605e-02,2.481485410327504576e-04,9.996670107821248319e-01,3.778156739299652622e-02,4.056766638912862565e-03,-4.468203504924174105e-03,3.704618848420228316e-02,-3.040512656041180831e-02,-3.001845847396553482e-04,3.628170418481207332e-02,3.945111515474920079e-04,2.138034035855013865e-03,4.063602324154486078e-02,-3.240988774788102628e-02,-6.946249449594574937e-04,2.177925567143264903e-03,3.614817473301634200e-03,-5.336468010692106516e-03,4.977325890230261951e-01,2.993438332111104105e-01,-9.408455050940276875e-05,5.030459407142375827e-01,-5.782617844626514116e-05,5.274795617973957905e-04,-1.213515638470213844e-04,4.948059304191556040e-01,-2.994924828653859339e-01,3.162001218489946409e-04,5.022472551676370189e-01,2.105289739294532807e-05,5.575157611457574967e-04,1.148374114067989259e-04
-2.892750891962340715e-03,-1.091395884593990067e-03,7.864547255072386056e-01,-4.175406154480329132e-04,-2.577311574693913129e-02,2.826546243249975377e-04,9.996676909207836692e-01,3.816264273423570358e-02,4.379813023934522528e-03,-4.908177645390147253e-03,3.676068313025496193e-02,-2.998189417959585407e-02,-2.023311556112013720e-04,3.667042568198252556e-02,8.143200593841168691e-04,2.363444094307703275e-03,4.042260014809312407e-02,-3.208066114149202286e-02,-8.424735561157007399e-04,2.164735562040758649e-03,3.944022455776764573e-03,-5.121206156944729457e-03,4.979333372064493335e-01,2.993860365325271555e-01,-7.194478158047797804e-05,5.030744493211212198e-01,-6.696315940135484320e-05,5.222323140662241689e-04,-1.295262914741227846e-04,4.949541277418106899e-01,-2.995772238720742497e-01,2.831429087168700967e-04,5.022474250611294044e-01,3.180496226361128378e-05,5.306494157874636032e-04,1.241066721297393917e-04
-2.647920227531218480e-03,-1.321645686417698704e-03,7.864570804213167898e-01,-4.325327197978560425e-04,-2.575218952626669167e-02,2.981508637253664669e-04,9.996682193388519710e-01,3.861488639433893061e-02,4.731871389039974188e-03,-5.298095110329122635e-03,3.640775713827459903e-02,-2.956349848028054852e-02,-9.012638966454396933e-05,3.712725201944493125e-02,1.237541610263097423e-03,2.545096880717551135e-03,4.011763888065041084e-02,-3.176775856019725675e-02,-9.844286473573357881e-04,2.177580578547306991e-03,4.289098008550893369e-03,-4.888163639595741010e-03,4.981646540977839877e-01,2.994301939692800563e-01,-4.985309751264892794e-05,5.031061309905302537e-01,-6.360360820032688741e-05,5.230502203671299815e-04,-1.267882425418089497e-04,4.950925095698054945e-01,-2.996707479021057385e-01,2.498896451342923338e-04,5.022553551568247343e-01,3.368659031020320078e-05,5.240023516027091620e-04,1.227786533263634772e-04
-2.411096067393714466e-03,-1.572870165094835890e-03,7.864588419343606640e-01,-4.417195361162905526e-04,-2.576150342160898193e-02,2.822690580048040077e-04,9.996679799560891366e-01,3.925724229259964365e-02,5.117994389246678134e-03,-5.616802578658538353e-03,3.585951565213172515e-02,-2.916913766157254104e-02,3.293962373975292625e-05,3.775612955338976395e-02,1.669642894285344606e-03,2.700441385477177995e-03,3.960517796224887616e-02,-3.147860021850120565e-02,-1.108403609457656643e-03,2.242460714156682515e-03,4.654799484126221146e-03,-4.597890363773159475e-03,4.984298838393311781e-01,2.994634411064227009e-01,-2.768184081561229996e-05,5.031546672876627824e-01,-4.355679005363384375e-05,5.243142265856471718e-04,-1.082393928151905230e-04,4.951887781147476519e-01,-2.997692415117157450e-01,2.170117887544049701e-04,5.022964075680247387e-01,2.228932400834420543e-05,5.420743568593760619e-04,1.068171862496462978e-04
-2.188592491194784988e-03,-1.845679604987492855e-03,7.864617414740480150e-01,-4.352191510011616427e-04,-2.571416392886999649e-02,2.579785959089659600e-04,9.996692081907760929e-01,3.973804986219234281e-02,5.517020057099688776e-03,-5.862029936523357500e-03,3.528784925326126226e-02,-2.881550345281287326e-02,1.555527444643924127e-04,3.821929546387506371e-02,2.093641268994354820e-03,2.831748911524277316e-03,3.906525493324325415e-02,-3.121462549030733918e-02,-1.240272076018703647e-03,2.321367482715079675e-03,5.014425276411724544e-03,-4.438702528516315013e-03,4.987404530407820724e-01,2.994926566145145741e-01,-8.890322069691064262e-06,5.031989819472753034e-01,-2.524499411046909843e-05,5.239698873044416156e-04,-9.019694962920127182e-05,4.952981646744611388e-01,-2.998625424155316188e-01,1.884106483383468970e-04,5.023278029730133820e-01,1.503657251018482828e-05,5.674517126375874625e-04,9.298949815135144101e-05
-1.987539872018560198e-03,-2.138361488463251265e-03,7.864675558683553724e-01,-4.187267057523580459e-04,-2.557055967827346135e-02,2.416290872559472458e-04,9.996729028842731291e-01,3.985291753149518973e-02,5.933512135349538162e-03,-6.047237793508059185e-03,3.486732465604288483e-02,-2.847581284172314570e-02,2.730496337076479150e-04,3.832142752869846514e-02,2.519374500633620936e-03,2.924458183558814855e-03,3.868084542512621044e-02,-3.095625804983160451e-02,-1.409537981839300820e-03,2.383904094267439398e-03,5.386648082016797824e-03,-4.492614020606779113e-03,4.990977875001500474e-01,2.995074808246493414e-01,-1.872260333925984731e-07,5.032146863492903410e-01,-1.408631528749424309e-05,5.245010746596929499e-04,-7.879846039263831961e-05,4.954674530590622017e-01,-2.999563788733397018e-01,1.644420487871005483e-04,5.023008840755240900e-01,1.903866716115982339e-05,5.950899780343140528e-04,8.727347117584340747e-05
-1.809309662505921915e-03,-2.450119360808746764e-03,7.864759305596427108e-01,-3.723225369829531294e-04,-2.546696307674379406e-02,2.433448343046623499e-04,9.996755653465115854e-01,4.008680591521814746e-02,6.315931422732814354e-03,-6.194605884682136306e-03,3.435088893045565306e-02,-2.804366064709274201e-02,3.932214084099716080e-04,3.854374806910991491e-02,2.889967978455680857e-03,2.993291179678978647e-03,3.823474238517817619e-02,-3.065780215425133182e-02,-1.546205248210713633e-03,2.439570920189317385e-03,5.714457024273035014e-03,-4.458895619381402116e-03,4.994556953888015238e-01,2.995263148082910609e-01,1.318486145397477187e-05,5.032396143323645266e-01,-9.141325544489568481e-06,5.086374546850943061e-04,-7.207695601429975341e-05,4.956614372935008173e-01,-3.000321338474752908e-01,1.410195031726641380e-04,5.022994861429717073e-01,2.200517322578945630e-05,5.958726357700980291e-04,8.505998340774487154e-05
-1.653866403177318067e-03,-2.776777347827717821e-03,7.864867613395619683e-01,-2.943056729836186162e-04,-2.546963040047113894e-02,2.696626206412984397e-04,9.996755166520310265e-01,4.068792010919584229e-02,6.646204167946018378e-03,-6.322993550934686603e-03,3.352362043559237864e-02,-2.740522809530427858e-02,5.176430584791141603e-04,3.912232403213281029e-02,3.192297978183373901e-03,3.031813247491236228e-03,3.755285354397489700e-02,-3.026866636573875141e-02,-1.615507359604113164e-03,2.507289417631014192e-03,5.993928808430701652e-03,-4.217705590134556218e-03,4.997991490316695540e-01,2.995496539726638652e-01,3.760233887524539354e-05,5.033103291070160079e-01,-9.025297989929097756e-06,4.653575072285163062e-04,-6.857861164893827794e-05,4.958875035622981042e-01,-3.000935493832592171e-01,1.157638723867769631e-04,5.023839588696832337e-01,1.898402640660602764e-05,5.578232783635515444e-04,8.465227516166439750e-05
-1.534333207439679504e-03,-3.113305417559157195e-03,7.864972895532620356e-01,-1.948549457068148353e-04,-2.539563559699195908e-02,3.265950415895415432e-04,9.996774064966424955e-01,4.091614609007409448e-02,6.933819606869288249e-03,-6.442307504685010344e-03,3.282125551450078976e-02,-2.666636182495945445e-02,6.599826490010519400e-04,3.941374914732402590e-02,3.449135001750923933e-03,3.010284020478040060e-03,3.691119430765508330e-02,-2.980974499174562573e-02,-1.706313056416483781e-03,2.549345737329972422e-03,6.245028545577199428e-03,-4.132773110888293515e-03,5.001891402211235960e-01,2.995743950981370474e-01,5.357952215655534907e-05,5.033484801831826783e-01,-9.078036340911959138e-06,4.315923582059955836e-04,-6.647458433731455235e-05,4.961879155967964805e-01,-3.001626563869892461e-01,9.171669218727105679e-05,5.024207392127035821e-01,2.232234707686207352e-05,5.324249062008232398e-04,8.666956609183559140e-05
-1.466766264424747713e-03,-3.453718295208920396e-03,7.865082447134421617e-01,-9.374111509213849276e-05,-2.516329450588699126e-02,4.051584450654202542e-04,9.996832676747406943e-01,4.036836019058048092e-02,7.211903382817320789e-03,-6.547565141117547317e-03,3.263925572417560039e-02,-2.591606283786426768e-02,8.437240533395063292e-04,3.906590870943020544e-02,3.700202911296164923e-03,2.920969413560589676e-03,3.657575439110231225e-02,-2.929619433944900472e-02,-1.884366380863891372e-03,2.546259106389503046e-03,6.515960507443799982e-03,-4.325576066581391689e-03,5.006507178837413807e-01,2.995796151673396635e-01,4.728484266763754887e-05,5.032938633779920901e-01,-8.027723152794186926e-06,4.206158517322405063e-04,-6.595587156151799910e-05,4.965654230890700349e-01,-3.002631637844055956e-01,6.273722300316345382e-05,5.023059993029433956e-01,3.816821942490488621e-05,5.343425645867520661e-04,9.117563312718168387e-05
-1.441762712700796244e-03,-3.797601917565085385e-03,7.865253006885384313e-01,5.238114037308397108e-05,-2.496870253521958280e-02,5.029879274683474438e-04,9.996881054374250342e-01,4.003857049869716245e-02,7.399752513648430972e-03,-6.639649360932545208e-03,3.220614647595874264e-02,-2.489456385819266426e-02,9.866213515944478093e-04,3.883796745227605096e-02,3.832389046920661648e-03,2.803487147200793995e-03,3.615653428144342818e-02,-2.868930993914631938e-02,-2.029922872329037974e-03,2.574202262119896795e-03,6.673637171251307898e-03,-4.407459065135828011e-03,5.011307258249040331e-01,2.995984268734848133e-01,5.631552704244074199e-05,5.032850036029427043e-01,-6.663250499211258822e-06,3.843665026884766998e-04,-6.290744758452339856e-05,4.969665449964384418e-01,-3.003384015952336727e-01,3.517292441578647361e-05,5.022655967578630865e-01,4.652444043759378924e-05,4.982165733519594445e-04,9.313704088515535465e-05
-1.452786061124950118e-03,-4.139053641468676964e-03,7.865507507250644181e-01,2.541041267858016434e-04,-2.487622190153333107e-02,6.435422056063421587e-04,9.996902994770067163e-01,4.036804335513623221e-02,7.455204264517334249e-03,-6.741394922304460614e-03,3.088991750284533072e-02,-2.337112700311898619e-02,1.033274948298995794e-03,3.905508377565861111e-02,3.803015569744724357e-03,2.636846525336081042e-03,3.532657072001588183e-02,-2.795180974069642540e-02,-2.073993261904558474e-03,2.664337332826202057e-03,6.674914215057056038e-03,-4.287413328860534625e-03,5.016134144793233940e-01,2.996381438175688139e-01,9.937614176442726962e-05,5.034293945303268680e-01,-3.581977292253983221e-06,3.097627938123530288e-04,-5.437882665911668854e-05,4.974038663537622140e-01,-3.003710664209639503e-01,1.246409715340627254e-05,5.024397583272612877e-01,4.015864379692725839e-05,4.109300429041648104e-04,9.087485202016405467e-05
-1.526616005026367080e-03,-4.468821148931463941e-03,7.865727333660914589e-01,4.382424577061243948e-04,-2.468130526683036396e-02,8.731663072486831826e-04,9.996948928020353842e-01,4.019827201265848554e-02,7.493759752264289066e-03,-6.903339687320061632e-03,2.959362280878681875e-02,-2.167066106955451918e-02,1.099543180227092283e-03,3.894680322783213716e-02,3.772786506073361797e-03,2.314461092785647517e-03,3.445207452962120720e-02,-2.719573728030226858e-02,-2.200487100431042925e-03,2.695075124984248980e-03,6.684616320276201389e-03,-4.309673944168068357e-03,5.021228114377154217e-01,2.996830748145878354e-01,1.267889758574098193e-04,5.035102961707601521e-01,-4.678032939779078130e-06,2.593245798362267887e-04,-5.171775506764941625e-05,4.979696879173037827e-01,-3.004313210199131556e-01,-1.272605402961755818e-05,5.025471658478852799e-01,4.063601916477321135e-05,3.504569959284429799e-04,9.030395409954502183e-05
-1.688861640489020162e-03,-4.784072796616229035e-03,7.865902961842233809e-01,5.753754583877636591e-04,-2.432897386950425359e-02,1.173374615499783117e-03,9.997031525235628990e-01,3.900094839883429254e-02,7.578349336835648632e-03,-7.104421711788573048e-03,2.909239168322256402e-02,-2.005060101038884726e-02,1.303572718118624265e-03,3.814807560347960314e-02,3.811845310649490410e-03,1.827381797505289122e-03,3.390161841561386419e-02,-2.646694507594161624e-02,-2.501299577480881921e-03,2.649600538435064115e-03,6.754386843160639642e-03,-4.487661463549390273e-03,5.026518424656118977e-01,2.997347444219097823e-01,1.216434280404456723e-04,5.033741746838217290e-01,-1.411576893725935291e-05,2.425130115655881144e-04,-6.040095343081450745e-05,4.986656797047930301e-01,-3.005337245471238483e-01,-4.039728264063995034e-05,5.024420418346966510e-01,5.577709543772247448e-05,3.315123402147066196e-04,9.504098745493848018e-05
-1.917639730305378083e-03,-5.085986153137073140e-03,7.866228869878579832e-01,7.356675735890657458e-04,-2.391818067365831038e-02,1.409750764267221537e-03,9.997126547309810318e-01,3.789578418425423173e-02,7.641334572728575129e-03,-7.158610591864068319e-03,2.823423306276056852e-02,-1.814943737592158296e-02,1.327432542996447419e-03,3.731103628243950809e-02,3.779199062858093743e-03,1.445961151881027234e-03,3.303464410090232312e-02,-2.545851695857951139e-02,-2.807159053766652632e-03,2.657532943738507691e-03,6.699731615035745859e-03,-4.676815107549889099e-03,5.031923150311611304e-01,2.997797103850850520e-01,1.333383306503861296e-04,5.033293104047330546e-01,-1.747096611881913529e-05,1.947813193004434978e-04,-6.292220592417654653e-05,4.993878190153920316e-01,-3.006035191943937090e-01,-6.401686803327456387e-05,5.024437709224225390e-01,6.388113901472760648e-05,2.710340292593327706e-04,9.731046521224715818e-05
-2.207685464854225888e-03,-5.369898943609486240e-03,7.866761082180124820e-01,9.472555517589183226e-04,-2.341330855502743100e-02,1.540191956677691709e-03,9.997242357261141299e-01,3.721933562256157790e-02,7.632662269090756749e-03,-6.927929475218686656e-03,2.613233482930209586e-02,-1.560979815683707049e-02,9.845921851727560976e-04,3.657646611145039250e-02,3.619479519003134839e-03,1.304608487500962411e-03,3.134027947227942257e-02,-2.390406070108096886e-02,-3.005571721647174593e-03,2.689949941709522500e-03,6.447060495771431837e-03,-4.969379210216455685e-03,5.037390466841498160e-01,2.997945076248751395e-01,1.730635699532578680e-04,5.035525522000741105e-01,-8.071254562527090226e-06,1.147425126370224925e-04,-5.210748461006917663e-05,5.001062205629724922e-01,-3.006151665898532110e-01,-9.218878157410969091e-05,5.026773881124251275e-01,5.872071822995989502e-05,1.554689382259625478e-04,9.117531743434044423e-05
-2.588372146641337770e-03,-5.630098399777107299e-03,7.867148771694999487e-01,1.124285892318227162e-03,-2.280098698238244154e-02,1.592172007980087716e-03,9.997381236914786307e-01,3.623856491791874190e-02,7.645056903357354099e-03,-6.442897242081077787e-03,2.371116767639621509e-02,-1.290925913452234917e-02,7.656332900110119971e-04,3.555195420720796279e-02,3.551123482817612493e-03,1.370981564098928875e-03,2.927652560719337313e-02,-2.204894052962696679e-02,-3.267875011496291712e-03,2.679786924502990629e-03,6.162011009509092523e-03,-5.268879082511728970e-03,5.042279361999362219e-01,2.998272571326422997e-01,1.990820502886198962e-04,5.037000539259262055e-01,-8.157835106975083292e-06,5.789304466319188965e-05,-4.918083533966008739e-05,5.009226274345950358e-01,-3.006490821453104978e-01,-1.185011933475390114e-04,5.028761354766307923e-01,6.055054146573056407e-05,4.856678946215590813e-05,8.791022877074712778e-05
-3.074492261267175279e-03,-5.870571826619250255e-03,7.867310316807235582e-01,1.232710384389486963e-03,-2.215336367978627125e-02,1.553094962585846407e-03,9.997526178004317865e-01,3.476803782142746241e-02,7.763393651837268566e-03,-5.707031673511543841e-03,2.170494753365318635e-02,-1.041649295334398824e-02,9.872003039539251068e-04,3.415938473073048404e-02,3.673409420245334067e-03,1.665667286307635601e-03,2.728625691986484927e-02,-2.007776007526387851e-02,-3.672410068453328159e-03,2.623525706926953423e-03,5.866234378483524588e-03,-5.362691539853397388e-03,5.045913923508723586e-01,2.999380391730354645e-01,2.130210769447730686e-04,5.036087882082466161e-01,-2.639981321915059128e-05,1.492605333007679033e-05,-6.271689742642821475e-05,5.018775122178110726e-01,-3.006919344141021910e-01,-1.284027640525053546e-04,5.030104388471571264e-01,7.396077287149046978e-05,-4.013040158527486439e-05,9.500759801569937221e-05
-3.678953022412430416e-03,-6.087212224156359971e-03,7.867445191565091145e-01,1.258199605233985101e-03,-2.127666713576018345e-02,1.088037042815660337e-03,9.997722423355934751e-01,3.210768903383545009e-02,8.206037009672248472e-03,-4.119930312048204063e-03,2.085871388093080842e-02,-8.457978496712596078e-03,1.052080693138078126e-03,3.200642084214819216e-02,4.067716205295737741e-03,2.610377686996110270e-03,2.506875526945489749e-02,-1.751910552081503009e-02,-4.231881395575910407e-03,2.597892776878097092e-03,5.598156861390746024e-03,-5.625165207439679696e-03,5.048765540973313426e-01,3.000004862951279883e-01,2.286161311818928033e-04,5.035080204738725529e-01,-3.446620517776786762e-05,-2.963363528605742863e-05,-6.873902777206614806e-05,5.027184150469197199e-01,-3.007385502136499245e-01,-1.370205335737715777e-04,5.031185451703367173e-01,7.960749954070422420e-05,-9.941729412866838868e-05,9.709222513208785627e-05
-4.424102763159422878e-03,-6.281953717671337131e-03,7.867666501242659427e-01,1.225352030896735772e-03,-2.007928622807483507e-02,-7.095198528350699606e-05,9.997976373960818508e-01,2.795736793560465311e-02,9.043880375879692624e-03,-1.075006539897566636e-03,2.157335901655682911e-02,-7.203292319755435699e-03,6.451044806810629553e-04,2.887471778672306283e-02,4.771665855609450932e-03,4.664891561179955806e-03,2.234869645353806597e-02,-1.397174451134671445e-02,-4.888104268115840180e-03,2.564090198446358510e-03,5.290280763650727358e-03,-6.142873341610916721e-03,5.050860645583342690e-01,2.999569536183411267e-01,2.376563902383192956e-04,5.035061909038920369e-01,-2.445285619489039281e-05,-5.582463913690585477e-05,-6.042773843608193780e-05,5.031933315715305666e-01,-3.007488032910156650e-01,-1.624153407653462615e-04,5.031616669665320840e-01,7.214798402182394344e-05,-1.349808428194887997e-04,8.348747676534982391e-05
-5.294117474816571571e-03,-6.455411021755373853e-03,7.867597874155344284e-01,1.205499451147084818e-03,-1.868656709351733392e-02,-1.919907313553707081e-03,9.998228207723807159e-01,2.243641257078684767e-02,1.010959155242962572e-02,3.201284227011274783e-03,2.436724330255365598e-02,-7.245007418925569938e-03,8.912816384374852314e-05,2.473306795537876662e-02,5.705484416930137366e-03,8.065400115020320004e-03,1.976385225356163539e-02,-1.000143060779616275e-02,-5.648056082348235259e-03,2.556121886911282871e-03,4.746946348543646353e-03,-6.766814415972145086e-03,5.052725146716666726e-01,2.999381730806260360e-01,2.419709545264542316e-04,5.033412231573425322e-01,-1.766566002903467654e-05,-9.482551212719179706e-05,-4.894859403350647310e-05,5.033860732683282935e-01,-3.007411229537870212e-01,-1.746588262845711812e-04,5.030184466940414989e-01,6.735316834045224522e-05,-1.530238484565584985e-04,7.611202191346285784e-05
-6.256068389913367264e-03,-6.598459370522088800e-03,7.867230413367695130e-01,1.212055770746172691e-03,-1.723498290019623638e-02,-4.425860137218159789e-03,9.998409363730235144e-01,1.590599375192902273e-02,1.134513099813453524e-02,8.532183830947691339e-03,2.935825314409561126e-02,-8.901418562365776693e-03,-4.751229540414377787e-04,1.983374258232901977e-02,6.852842338110854900e-03,1.289852488397948485e-02,1.767641688122062460e-02,-6.021778396125442544e-03,-6.515514775885885949e-03,2.548928780311796732e-03,3.931861925058810839e-03,-7.417428211475004390e-03,5.054372195217585739e-01,2.999655643722371479e-01,2.400338364381062882e-04,5.030355753611308600e-01,-1.736862599173887698e-05,-1.781143642120570209e-04,-3.971683720792312930e-05,5.033932706781630850e-01,-3.007394099747682237e-01,-1.821345621777561714e-04,5.027642842471964357e-01,6.983698037010187222e-05,-1.581439520810575948e-04,8.212332566065889397e-05
-7.357588110545324606e-03,-6.708273816496663523e-03,7.866398671239916984e-01,1.059623458525261151e-03,-1.564322355002211243e-02,-7.283463314269439035e-03,9.998505477906385330e-01,6.888466204474016918e-03,1.318826617594497097e-02,1.460207431363414431e-02,3.837184160295287888e-02,-1.280187299367147036e-02,-1.129977611732331565e-03,1.275370018895932364e-02,8.509151451738332025e-03,1.826344279336804613e-02,1.822989012708776946e-02,-3.005970134288432974e-03,-7.430618978705547974e-03,2.338652939496250853e-03,3.254814148257909392e-03,-8.183233730603971245e-03,5.052586194989676649e-01,2.999653462812139071e-01,2.280527775740471609e-04,5.023864494686141047e-01,-1.774708337080856273e-05,-2.159819938560838203e-04,-3.685775464865286287e-05,5.031932760546699024e-01,-3.007942579999652311e-01,-2.127365781812712699e-04,5.021736585922453866e-01,7.213852412741396164e-05,-1.640759343917703821e-04,8.377632770902082766e-05
-8.606263986500307939e-03,-6.800957855266302927e-03,7.865138128981176147e-01,7.129241298419091225e-04,-1.406022988757327230e-02,-1.027625797807156863e-02,9.998480885597881285e-01,-4.736483750525138231e-03,1.578446893097467524e-02,2.116284888458258573e-02,5.239296941523403223e-02,-1.928975277108319758e-02,-1.877667213099117310e-03,3.341251432053854442e-03,1.072834448920282659e-02,2.358316230250547332e-02,2.279574540652529527e-02,-1.613698065108127438e-03,-8.344386775765983214e-03,1.870801382546976362e-03,2.730058641093637863e-03,-8.792331642611195611e-03,5.045041036668039824e-01,2.999839734407298009e-01,2.341184823690535381e-04,5.012960319214796456e-01,-1.850142767169091600e-05,-2.018761488580720308e-04,-3.923356957777324704e-05,5.027299820053319213e-01,-3.008099377936862551e-01,-2.403785446473011311e-04,5.012509151603258273e-01,6.773190339911164108e-05,-1.958887014133176918e-04,7.795699797428667541e-05
-9.978369361133549234e-03,-6.884157697257119353e-03,7.863372841698367255e-01,1.691370671773552350e-04,-1.250883550499272932e-02,-1.334526298266562779e-02,9.998326881948225164e-01,-1.892574183052040532e-02,1.912475835388368489e-02,2.754887479606864600e-02,7.158735762136295144e-02,-2.824732715309622583e-02,-3.049963015627849862e-03,-8.405592121583781162e-03,1.354541626665458319e-02,2.875905465934389463e-02,3.190338174765479373e-02,-2.291495941616397431e-03,-9.197144702236453861e-03,1.292851365024473564e-03,2.386265118284852660e-03,-9.330791190534705806e-03,5.032853080886385833e-01,2.999973084258147349e-01,2.338295823034748752e-04,4.997389928297590878e-01,-1.492096779297301894e-05,-2.000782996307082565e-04,-3.503608747357504945e-05,5.019326280549066821e-01,-3.008199453661435374e-01,-2.689369577653702697e-04,4.999474762346903245e-01,6.895927172857901108e-05,-1.873549101526124925e-04,7.466955728905547846e-05
-1.144186366238754068e-02,-6.969295607941597588e-03,7.860866518886322485e-01,-5.393128262763679810e-04,-1.104162022431046455e-02,-1.644860901935780648e-02,9.998035982260845556e-01,-3.542818780243445209e-02,2.313143168652829346e-02,3.352602126215022127e-02,9.585719865752143076e-02,-3.954528422543323457e-02,-4.712517146111345513e-03,-2.221339983138304400e-02,1.692344668577763778e-02,3.370812647312652205e-02,4.557152329951463798e-02,-5.330743496973756185e-03,-9.976040942337751488e-03,7.569780723353663771e-04,2.163406030588850559e-03,-9.845032955302510796e-03,5.017832536752169226e-01,3.000202171092282710e-01,2.090653904167830547e-04,4.976471075516533671e-01,-7.730798361974585141e-06,-2.636482950989310842e-04,-2.193008992595113084e-05,5.007638869957555805e-01,-3.008601333897067964e-01,-2.813919724290772878e-04,4.981773640754477706e-01,8.102124648555621795e-05,-1.267777586337274619e-04,8.180008775318736247e-05
-1.298326324056375478e-02,-7.065631724492307461e-03,7.857332363283190402e-01,-1.385220000689629067e-03,-9.717713913236787626e-03,-1.927649746265146583e-02,9.997660045467752221e-01,-5.365138041531845869e-02,2.751478012833711087e-02,3.840317189316991286e-02,1.242476360122128642e-01,-5.271466901667028887e-02,-6.521765104857037663e-03,-3.802714433625548063e-02,2.080486578539766929e-02,3.820296736342964489e-02,6.411527948303735736e-02,-1.089785833703144600e-02,-1.065548901516383436e-02,1.327493516296040545e-04,2.013267950329064582e-03,-1.027334749386420859e-02,4.998077824868081276e-01,3.000324997746451894e-01,1.925277483409313858e-04,4.951334112910181218e-01,-8.545956718725840229e-07,-2.968435686978162461e-04,-1.000533348701019126e-05,4.992710730356544335e-01,-3.008581953810518517e-01,-2.794822790539268896e-04,4.961217687936565479e-01,8.581840119222149056e-05,-7.070692387592888181e-05,8.356449730777644946e-05
-1.457786876784001630e-02,-7.177211007370433438e-03,7.852307286029750477e-01,-2.375728602271145844e-03,-8.577171317163985800e-03,-2.155487058217660234e-02,9.997280508218172601e-01,-7.313187579176230746e-02,3.198840962664244170e-02,4.138618372234858372e-02,1.558643668150068717e-01,-6.746873914639123226e-02,-8.254276831142661267e-03,-5.556538680293835603e-02,2.514015074147057244e-02,4.192603451820284266e-02,8.754849524522075044e-02,-1.918364689298788020e-02,-1.124614338332319101e-02,-6.145342270761715818e-04,1.983947034570266582e-03,-1.063113575247670931e-02,4.972563053724104454e-01,3.000006936520267509e-01,1.838738341869685039e-04,4.922277821068830050e-01,4.192687439773000116e-06,-2.693015938377880275e-04,-2.573591320745405169e-06,4.976031783069234105e-01,-3.008122151544305733e-01,-2.536581106231174131e-04,4.938404020331271793e-01,7.854294849867269170e-05,-3.448002621942881777e-05,7.562232842937048019e-05
-1.622501198329034597e-02,-7.308156828607840008e-03,7.845187160773798851e-01,-3.491321644100066172e-03,-7.646325273163535018e-03,-2.319003298591539725e-02,9.996957370885937166e-01,-9.378548530443092668e-02,3.647849534073201172e-02,4.274712315924830697e-02,1.903852370620723600e-01,-8.362797226279801432e-02,-9.704236711325151324e-03,-7.459703687781528425e-02,2.972251891984990096e-02,4.436841516172974204e-02,1.156274662845516304e-01,-3.023267323178287919e-02,-1.184139422265966142e-02,-1.689131577738118162e-03,2.049153091159356278e-03,-1.078517640018143882e-02,4.941628268608700414e-01,2.999799484275155192e-01,1.780100795837825283e-04,4.888850234667852512e-01,4.773220577667745604e-06,-2.198095531059014751e-04,4.762015166140592708e-07,4.958169453323316711e-01,-3.007430935536451466e-01,-2.235150471017668537e-04,4.912988268439043571e-01,6.896740441905014750e-05,-1.978496426743289860e-05,6.594357994006287997e-05
-1.791930715310680391e-02,-7.459288263751608777e-03,7.835467829339204382e-01,-4.734068603257170910e-03,-6.946738706211245777e-03,-2.416858622298556983e-02,9.996725518167384195e-01,-1.154751419597842277e-01,4.092256886803780774e-02,4.254515176003614146e-02,2.275732970386242504e-01,-1.010631031366033827e-01,-1.080243531688267720e-02,-9.489168440437596719e-02,3.442322474544947525e-02,4.525855446906863755e-02,1.479896312499914823e-01,-4.399296171192641769e-02,-1.247392500414929405e-02,-3.128460226981237199e-03,2.242110006530784010e-03,-1.064799400568472443e-02,4.905204813386174201e-01,2.999819206777776803e-01,1.727732855589589464e-04,4.851806551936083678e-01,1.368548265596306710e-06,-1.761921708554779146e-04,-1.458038878625381847e-06,4.939431188140880336e-01,-3.006831959694695744e-01,-2.084076412668109727e-04,4.885592242991034229e-01,5.987993832156636806e-05,-2.934700380401924905e-05,5.613767376316706559e-05
-1.964424682331021577e-02,-7.635999166554326839e-03,7.822836535669599467e-01,-6.007235835095340627e-03,-6.347376351016518863e-03,-2.479219370044893553e-02,9.996544258205430911e-01,-1.379847811514723355e-01,4.539135184699826658e-02,4.165623347973983898e-02,2.667025928011388380e-01,-1.193114770491549848e-01,-1.172769239357513565e-02,-1.163070665211360377e-01,3.907149973827883649e-02,4.499825044630145071e-02,1.835338597049237241e-01,-5.966134046357175758e-02,-1.309361919929015287e-02,-4.691366715424440809e-03,2.378468939096935100e-03,-1.043480931661727902e-02,4.865888564858862342e-01,3.000364425027582937e-01,1.678081746583608570e-04,4.812203089013036283e-01,-5.968201082135968475e-06,-1.171179598817710969e-04,-8.657696594225466891e-06,4.919695685494977488e-01,-3.005974787360168876e-01,-1.805125479419996304e-04,4.856773446621316381e-01,4.773900415973773793e-05,-4.760229430489343300e-05,4.419269445956652603e-05
-2.139668267904196869e-02,-7.829341574292665584e-03,7.807141685057454872e-01,-7.278106347894519081e-03,-5.741995038324712933e-03,-2.528071400765981649e-02,9.996374063430356616e-01,-1.612179911681261013e-01,4.990459172062854110e-02,4.058938109156835783e-02,3.072344246020494163e-01,-1.381979709508361076e-01,-1.264500099783258044e-02,-1.387866102830101755e-01,4.360421266658644213e-02,4.387888189574368214e-02,2.214113560024507377e-01,-7.663131689916198586e-02,-1.370588467034104287e-02,-6.274980515145049328e-03,2.458350518382585760e-03,-1.025898751395962205e-02,4.825117865957336827e-01,3.000744162307935059e-01,1.552841677301512464e-04,4.771840355506978271e-01,-1.476185182873858501e-05,-1.319114965169159521e-05,-2.026696606535407176e-05,4.898500706464777865e-01,-3.004964580347672110e-01,-1.533647005730013485e-04,4.827210340177258696e-01,3.244128580008565440e-05,-6.647602898560138636e-05,2.704841764453849286e-05
-2.317194024437527894e-02,-8.035056421760226192e-03,7.788320343082272279e-01,-8.538108306135529235e-03,-5.109096279934476244e-03,-2.575229737084108739e-02,9.996188358678915753e-01,-1.849289282382297894e-01,5.442805020968891766e-02,3.939003253735318816e-02,3.486376074190521424e-01,-1.575157326114610401e-01,-1.356453578355071125e-02,-1.621122297603789786e-01,4.808747512314670569e-02,4.234586765221595023e-02,2.609568936541780126e-01,-9.446474594998069407e-02,-1.435120666506864949e-02,-7.838532249244646241e-03,2.493976646678787955e-03,-1.010715237420194319e-02,4.783511404380092480e-01,3.000783192876596561e-01,1.394260403585381291e-04,4.731775715246582803e-01,-1.996913198561221957e-05,7.469588264366010786e-05,-2.884999640752624559e-05,4.875511920554995160e-01,-3.003956173099676108e-01,-1.186846979101147950e-04,4.797984488005431758e-01,1.750106811759441416e-05,-6.954201704154248606e-05,1.059344921157793733e-05
-2.497658219063762092e-02,-8.250338988591451178e-03,7.766300209736687332e-01,-9.778902444389338602e-03,-4.405045514212707798e-03,-2.629300997748767674e-02,9.995967418250844005e-01,-2.090907548331633614e-01,5.897825349765838804e-02,3.815361648435845743e-02,3.906128001505771441e-01,-1.771008723331419787e-01,-1.446793193674265378e-02,-1.862755663014380170e-01,5.257736133535881318e-02,4.069066311571806899e-02,3.017508448420503919e-01,-1.127572547789011531e-01,-1.504678590657250459e-02,-9.401166907515856597e-03,2.492058437942422031e-03,-9.975767467319301279e-03,4.741187976240716639e-01,3.000429453391272316e-01,1.216954188773822898e-04,4.693110393405278691e-01,-2.144514880310387079e-05,1.360171232714538041e-04,-3.415785854225650541e-05,4.850290289411456346e-01,-3.002876763059613152e-01,-8.106044879375521044e-05,4.770059954279964876e-01,2.422597842945738446e-06,-4.329218603545535618e-05,-6.261883090314114114e-06
-2.679587451976440590e-02,-8.473723545334783253e-03,7.741048590580223987e-01,-1.100667284312871301e-02,-3.660553285078899273e-03,-2.688094653479849300e-02,9.995713422342422660e-01,-2.335650966314096189e-01,6.353464857535405519e-02,3.678934985662679624e-02,4.330155887858395669e-01,-1.969196124293076944e-01,-1.538184366309687176e-02,-2.109067217523597493e-01,5.708426115350009183e-02,3.898313944434270151e-02,3.433195121861071231e-01,-1.314375499174061379e-01,-1.579834088872568432e-02,-1.097404346143981621e-02,2.465591252543675258e-03,-9.829987583965129824e-03,4.698612080339349406e-01,3.000110217613966013e-01,9.731058462499595808e-05,4.654746287503652713e-01,-1.480527181111413839e-05,1.754388941719982548e-04,-2.861097203990422807e-05,4.823974452556587522e-01,-3.001898051242806731e-01,-4.528208384349992355e-05,4.742646274006528384e-01,-5.919268477513745088e-06,2.771053387601256205e-06,-1.382763579474237313e-05
-2.861896332838579152e-02,-8.703539731911878047e-03,7.712602203333100981e-01,-1.222816940503397044e-02,-2.883368852234372351e-03,-2.751882586799417330e-02,9.995423314096861800e-01,-2.582852137226906986e-01,6.809461519526807671e-02,3.525700992822349694e-02,4.757535976388826970e-01,-2.169371180412744682e-01,-1.632257834959123174e-02,-2.358388470688475569e-01,6.162750980937884565e-02,3.725441116482917925e-02,3.853350928172024070e-01,-1.504069820069880714e-01,-1.659788941540744564e-02,-1.253227323858278029e-02,2.428631261671527868e-03,-9.680101203199852761e-03,4.656117697669640565e-01,3.000051985037471280e-01,7.617774498644796469e-05,4.616103399562569987e-01,3.113421183845601454e-06,1.869443234942245492e-04,-6.638229175116228044e-06,4.797404846475480378e-01,-3.001125867542265291e-01,-1.439210530088017140e-05,4.715504757995297447e-01,-5.651502872948722910e-06,5.873222141306817042e-05,-8.859580925499402156e-06
-3.044545507542566198e-02,-8.937015600558477491e-03,7.681087945233399106e-01,-1.344598775506962787e-02,-2.068841638730366857e-03,-2.820624094972164556e-02,9.995095463671423985e-01,-2.831879430239913065e-01,7.265691166806594048e-02,3.355848824488600474e-02,5.186569774982647818e-01,-2.370097740217895765e-01,-1.727174242246188804e-02,-2.610340480871256030e-01,6.618967665383447552e-02,3.546718492331318862e-02,4.275995413463446471e-01,-1.694628905545137176e-01,-1.741661123756402599e-02,-1.408652602919502339e-02,2.397966757430024156e-03,-9.525567925816593937e-03,4.613123313288369776e-01,2.999938384047688422e-01,5.872808036226237428e-05,4.578298448219506045e-01,1.333674889827088015e-05,1.896373734184067788e-04,6.793754996213918046e-06,4.770108234218129462e-01,-3.000522811457386196e-01,9.912604500189789154e-06,4.689233871485541938e-01,-7.231678678340261278e-06,1.043416526268978726e-04,-5.270198216846674914e-06
-3.227783703133061538e-02,-9.173224752576508711e-03,7.646532583866608723e-01,-1.465827280848811844e-02,-1.201625274147496590e-03,-2.894755518079950712e-02,9.994727260831219873e-01,-3.083095661618027727e-01,7.723730274660339790e-02,3.172737124101478179e-02,5.616756874650370435e-01,-2.570434105953428028e-01,-1.821531349072868719e-02,-2.865633828767088498e-01,7.074967871055889979e-02,3.357226208578877047e-02,4.700775531440688493e-01,-1.884122859075280376e-01,-1.823950967120350347e-02,-1.565461523312523806e-02,2.373378689408326206e-03,-9.377838351454842111e-03,4.569405013204982380e-01,2.999624175451903740e-01,4.091814805656431313e-05,4.541984285003975441e-01,8.519447721535597471e-06,1.952170338131027877e-04,1.620448919075866072e-06,4.741980656084456847e-01,-3.000044261865172368e-01,2.770234712628937603e-05,4.664032896096029224e-01,-1.448316224753141285e-05,1.305386489715437432e-04,-8.817346575157827989e-06
-3.410993057409212464e-02,-9.413156109330404753e-03,7.609015712825477618e-01,-1.586472505557935328e-02,-3.054786896572501769e-04,-2.974551556765752183e-02,9.994315491744772961e-01,-3.335435446042628316e-01,8.182923579398768132e-02,2.975408973617640548e-02,6.047345511646137206e-01,-2.770207533641828590e-01,-1.918977425499905284e-02,-3.122539661737940286e-01,7.532543215545893511e-02,3.159420982348113555e-02,5.126154543751187953e-01,-2.072630509367726637e-01,-1.907461300412644986e-02,-1.723140230872950013e-02,2.341568283339354618e-03,-9.196195396284738421e-03,4.525051926494245147e-01,2.999300393310622703e-01,1.980636611859771211e-05,4.506866692790089113e-01,1.090510766370113697e-05,1.968860320488203966e-04,1.381399198116937422e-06,4.712990457699299252e-01,-2.999564048685027795e-01,4.231291766743352166e-05,4.640107607820190827e-01,-1.928828846089995441e-05,1.427588358315439961e-04,-1.346400136722152003e-05
-3.593776326893965284e-02,-9.657573939550195483e-03,7.568613895712829054e-01,-1.706685592455004993e-02,6.155436542005418002e-04,-3.060109178461281609e-02,9.993857697188059941e-01,-3.588361468933692344e-01,8.644233844215908069e-02,2.764605314549142129e-02,6.477566905560048216e-01,-2.969431568456761816e-01,-2.020366322313998236e-02,-3.380476140326994505e-01,7.991923829580130367e-02,2.953007157967396656e-02,5.551084028390906866e-01,-2.260199331311630588e-01,-1.992939365294969789e-02,-1.882231841220997209e-02,2.296611662841104105e-03,-8.970902585669033452e-03,4.480113709706621816e-01,2.999075190041675665e-01,-4.229461812279762149e-06,4.472624993016517392e-01,2.835811742615176789e-05,1.977466747277535956e-04,1.499484579343539482e-05,4.683217154189741049e-01,-2.999015900870540818e-01,5.673474818530794785e-05,4.617488953623399284e-01,-1.936469233446721131e-05,1.513143610448922473e-04,-1.717431329668423151e-05
-3.775879067815163248e-02,-9.904523210437192124e-03,7.525399166806026052e-01,-1.826524138703523176e-02,1.579573109584760018e-03,-3.149978399882094604e-02,9.993356040459544509e-01,-3.842288855257996461e-01,9.104886123481822913e-02,2.537170873963180001e-02,6.906984071942045000e-01,-3.167482083929599179e-01,-2.124799440383206076e-02,-3.639755084808420915e-01,8.450982813556831563e-02,2.734086218319704137e-02,5.975016733285849480e-01,-2.446203032844938008e-01,-2.080104495525322492e-02,-2.044405826998918485e-02,2.248510714106878670e-03,-8.750864469059666667e-03,4.434449339248061062e-01,2.998782790584144653e-01,-3.127471319211268605e-05,4.439612026447550819e-01,3.866094742602063812e-05,1.987029321534590314e-04,2.081784257706171794e-05,4.652618847716740724e-01,-2.998489407890292946e-01,6.960271602167938205e-05,4.596186582958832201e-01,-2.194681622623364544e-05,1.650211062974446465e-04,-2.236491321248609105e-05
-3.957316472208381730e-02,-1.015334971443956381e-02,7.479337834295610721e-01,-1.945756409667886294e-02,2.599968207110275355e-03,-3.243977851583108168e-02,9.992808935102229784e-01,-4.097987853134656966e-01,9.565709395911990709e-02,2.293971545836141768e-02,7.336170451334204090e-01,-3.364293590971184078e-01,-2.230579620458720755e-02,-3.901316533696869149e-01,8.906953735551736973e-02,2.498406704225513558e-02,6.398592120727395471e-01,-2.630122282216114105e-01,-2.169183773103898136e-02,-2.211212169130630928e-02,2.193749993279566282e-03,-8.560833693078346782e-03,4.388118401364288212e-01,2.998337943696163799e-01,-6.288715572367751996e-05,4.407980631666394422e-01,3.468302105324509135e-05,2.021185403266647772e-04,1.099127193032549331e-05,4.621337428514144530e-01,-2.998073096133963000e-01,7.858434460429864724e-05,4.576127122204479147e-01,-3.008719970808841659e-05,1.876369355962112669e-04,-3.098443258925142111e-05
-4.137832027154690617e-02,-1.040424165299624198e-02,7.430589690145215087e-01,-2.064850834667482024e-02,3.648996708991874595e-03,-3.343047911846587505e-02,9.992210601223260324e-01,-4.354176979059842245e-01,1.002636312804342372e-01,2.033534223097709440e-02,7.764298032273679873e-01,-3.559884393718593665e-01,-2.340244974077774348e-02,-4.163523793919065574e-01,9.362813781739205699e-02,2.248517833018840936e-02,6.820499330838748486e-01,-2.812093414604561192e-01,-2.260109418908307077e-02,-2.379618766749913919e-02,2.131554250351541061e-03,-8.343329762940622160e-03,4.340843410474134467e-01,2.997847977928901342e-01,-9.471394667778265956e-05,4.377570404486769151e-01,3.252031103794788690e-05,2.196274018071019032e-04,4.251002918905170998e-06,4.588934806654164644e-01,-2.997674873675238993e-01,8.634917871619002272e-05,4.557369735622371909e-01,-3.711032844576317669e-05,2.071526841815117905e-04,-3.815684655398576434e-05
-4.317257628875090236e-02,-1.065848895298187639e-02,7.379312170305011298e-01,-2.184364010126404326e-02,4.726312087534562806e-03,-3.447227738762567023e-02,9.991557333333419555e-01,-4.610271365500057672e-01,1.048882282632681295e-01,1.756328417766900990e-02,8.190333445353635833e-01,-3.754340211446556275e-01,-2.453474806941089575e-02,-4.425891463919855995e-01,9.819328572415612910e-02,1.984071903448865817e-02,7.239701368785944613e-01,-2.992114588531333830e-01,-2.352910565018368969e-02,-2.550108190052158622e-02,2.063329774937506123e-03,-8.092673884100787252e-03,4.292449190789694446e-01,2.997393284982678430e-01,-1.229796395242638979e-04,4.348070061352878324e-01,3.618196179452164130e-05,2.541565906891179094e-04,6.748347275458556436e-06,4.555172227907550164e-01,-2.997263222728859811e-01,9.810867191230101549e-05,4.539697237194403323e-01,-4.115492720273113749e-05,2.178723986435305703e-04,-4.181624875196537011e-05
-4.495623257845050846e-02,-1.091444114448514302e-02,7.325597587592459492e-01,-2.303837714033858675e-02,5.831202368565819097e-03,-3.555275940750859259e-02,9.990851973461464253e-01,-4.866505620958055944e-01,1.094982401129023369e-01,1.460927362806652835e-02,8.614088299268468640e-01,-3.946953221054372851e-01,-2.571646846758528573e-02,-4.688462279427561552e-01,1.027402091930448291e-01,1.703780523108004361e-02,7.655905081007151614e-01,-3.169760543279656062e-01,-2.448138818783427914e-02,-2.722807420792300315e-02,1.984195606961108773e-03,-7.810579157029587036e-03,4.242563239415640397e-01,2.996918330728513546e-01,-1.533475914476181159e-04,4.319714708770919231e-01,4.580771847837629830e-05,2.873788023525265128e-04,1.293397139623313328e-05,4.519897976918610394e-01,-2.996832506447590916e-01,1.066433178288877490e-04,4.523287373592315141e-01,-4.441252191550837771e-05,2.345158288529550477e-04,-4.565544164298284118e-05
-4.672909992451305256e-02,-1.117086088121863052e-02,7.269414315201384591e-01,-2.422651857982325088e-02,6.962312189649483632e-03,-3.667023008838581066e-02,9.990094575286764256e-01,-5.123326618006041056e-01,1.140957311015212555e-01,1.149282753338309870e-02,9.036246317910000547e-01,-4.137693635759479016e-01,-2.694106299338299565e-02,-4.951941102484215262e-01,1.072402152252873025e-01,1.405978109284227590e-02,8.070005993727230598e-01,-3.344710025959771738e-01,-2.546645039725771789e-02,-2.899115165267086153e-02,1.884357331340482094e-03,-7.495643693785100301e-03,4.191227340134365265e-01,2.996387026589307223e-01,-1.895137233151957836e-04,4.292705995551896470e-01,6.291557997143634457e-05,3.162711454824981405e-04,2.172271130430069745e-05,4.483294165917057761e-01,-2.996503580503679931e-01,1.061269654540217754e-04,4.508340319922434780e-01,-4.746465096349348209e-05,2.666508858870849383e-04,-5.156049706985960530e-05
-4.848449572021402976e-02,-1.142684290380649621e-02,7.210889746272627354e-01,-2.541560771852047901e-02,8.135542933996665546e-03,-3.782191375171633368e-02,9.989281068553558240e-01,-5.380689731934916731e-01,1.186702705478590025e-01,8.187581421141121307e-03,9.456340364141037069e-01,-4.326448142460901369e-01,-2.820495283382584706e-02,-5.216172173005314550e-01,1.117026327096207888e-01,1.089410564883709111e-02,8.481494430408947904e-01,-3.516887610936025865e-01,-2.648275710111568440e-02,-3.079088718772816230e-02,1.784167651901526382e-03,-7.210247638227494649e-03,4.138840505242345480e-01,2.995710579529176631e-01,-2.313521520423882723e-04,4.266577186369482355e-01,6.367188524259089508e-05,3.404012771121323901e-04,1.571954348326966595e-05,4.445667637058397514e-01,-2.996304140570878460e-01,1.013711191933745331e-04,4.494352557867338227e-01,-5.109931122998018953e-05,2.929122143060475616e-04,-5.635797752189224407e-05
-5.021868764428388809e-02,-1.168370694925010243e-02,7.150157285978138155e-01,-2.661026529433506774e-02,9.365022102578595548e-03,-3.899546873409602543e-02,9.988411002557870955e-01,-5.638530532896514069e-01,1.232383500491221195e-01,4.692379929277469205e-03,9.873610715567103790e-01,-4.513184989761720445e-01,-2.949205066922980234e-02,-5.481295419863831953e-01,1.160956279950355191e-01,7.495485002044695658e-03,8.890039585511103626e-01,-3.686284509426507872e-01,-2.753421935630154596e-02,-3.265502219858731209e-02,1.694173240437530335e-03,-6.994815535828124639e-03,4.085636780393359646e-01,2.994798707108949909e-01,-2.821548710873261409e-04,4.240776215096968005e-01,4.206702707394002956e-05,3.476804618945958185e-04,-8.722649680811249976e-06,4.407335267374660748e-01,-2.996255646042459420e-01,9.419198491147792946e-05,4.480732590280462890e-01,-5.599088541525184967e-05,2.885168282263410257e-04,-5.920866031786460912e-05
-5.193488859463293167e-02,-1.194182791156979222e-02,7.087330012938117818e-01,-2.780368906238528393e-02,1.060894527631914622e-02,-4.018873148236532661e-02,9.987488528236136975e-01,-5.896092652462561201e-01,1.277485471555321050e-01,9.839865519024092524e-04,1.028804829556757561e+00,-4.697797112898556837e-01,-3.082491732287754790e-02,-5.746213224185321433e-01,1.204095731603687103e-01,3.884065385025076839e-03,9.295251117128078278e-01,-3.853038247715460107e-01,-2.860457716319800281e-02,-3.456072644493839857e-02,1.584942297166784878e-03,-6.751156607747471616e-03,4.030910644893704875e-01,2.993834646931702870e-01,-3.351775262689420869e-04,4.215971549035685828e-01,2.508426032037461363e-05,3.508301610067734522e-04,-3.015090664662751271e-05,4.367559322649230413e-01,-2.996181025061316339e-01,8.332643658612147062e-05,4.468232812715784985e-01,-6.308797668739964495e-05,2.803751471800210171e-04,-6.533240730466199355e-05
-5.363263420513533081e-02,-1.220142849007394698e-02,7.022408896791692001e-01,-2.898856388898991832e-02,1.184484544085617069e-02,-4.141132604939174594e-02,9.986513229726214913e-01,-6.153187434677751533e-01,1.322136321514676138e-01,-2.905255768334582839e-03,1.070023340588501348e+00,-4.880397225018592300e-01,-3.218634612399725453e-02,-6.010911403171065315e-01,1.246256662138088278e-01,6.811405189818039302e-05,9.697624717653908766e-01,-4.016957656304093183e-01,-2.969782371983981789e-02,-3.650906373700080892e-02,1.432837582751887500e-03,-6.450359944140578346e-03,3.974423846571426555e-01,2.992965759793360658e-01,-3.839441896094267334e-04,4.193294012774474444e-01,2.095177618919167234e-05,3.493873667403948283e-04,-4.150440515967456943e-05,4.325812351204461614e-01,-2.996092281082720632e-01,6.941247626097283067e-05,4.457916197878687981e-01,-7.434698971583227501e-05,2.777279890231529997e-04,-7.765930769208381713e-05
-5.530937473623651762e-02,-1.246092526580712921e-02,6.955528606583170070e-01,-3.017757861683770249e-02,1.308996324260597310e-02,-4.265567818032862946e-02,9.985481759685449488e-01,-6.409972427227259573e-01,1.366198147255162920e-01,-7.019718634697700091e-03,1.110973069265943414e+00,-5.060781441453305884e-01,-3.361340745312215578e-02,-6.275324538044516620e-01,1.287585279623590928e-01,-3.967648500931327503e-03,1.009656130160680121e+00,-4.177952341727092511e-01,-3.082539936957172030e-02,-3.849023773969215828e-02,1.270682951070246187e-03,-6.137563944304024258e-03,3.916379387374235299e-01,2.992127376926698168e-01,-4.318469165171566547e-04,4.171591070816941804e-01,2.072127722127925108e-05,3.607644027741729723e-04,-4.802963454208143310e-05,4.282350501252168984e-01,-2.996082406216847294e-01,5.239702729813047830e-05,4.448645152421029092e-01,-8.218368543650546928e-05,2.844983566268306048e-04,-8.740528642712261462e-05
-5.696258799003607598e-02,-1.272106301240820414e-02,6.886813840471621706e-01,-3.137761133387595436e-02,1.436333234355655422e-02,-4.390560506134905810e-02,9.984395014397045021e-01,-6.666658430674861080e-01,1.409752778165101750e-01,-1.137190349495297015e-02,1.151600535216513066e+00,-5.239042213270665993e-01,-3.511067100467237662e-02,-6.539766327526398415e-01,1.327776343087887223e-01,-8.260940511431402039e-03,1.049186232276206887e+00,-4.336163436708011520e-01,-3.199020947178150137e-02,-4.051968117399123298e-02,1.115593231975570707e-03,-5.861952630082573057e-03,3.856898886433020590e-01,2.991269434598501364e-01,-4.831336192812901048e-04,4.149643861865614514e-01,2.127595764459359410e-05,3.875807612948116952e-04,-5.129369979855248504e-05,4.237514200746108073e-01,-2.996256379527089120e-01,3.209732464763544949e-05,4.439271251395891515e-01,-8.373612976003138664e-05,2.948790219781744957e-04,-9.080419731681922191e-05
-5.859535244240991064e-02,-1.298169689386372526e-02,6.816467110866738510e-01,-3.258369489893382653e-02,1.564053606914449571e-02,-4.515288195693271250e-02,9.983260457932499055e-01,-6.922620465532510758e-01,1.452232906033679438e-01,-1.597132478115268275e-02,1.191848997382908726e+00,-5.414569442700284396e-01,-3.665080380167063528e-02,-6.803411779298472739e-01,1.366694574036368404e-01,-1.279311862761662623e-02,1.088285642794440733e+00,-4.491216109679411206e-01,-3.317636080574688784e-02,-4.258679581666551667e-02,9.497402543879208004e-04,-5.565383909063521643e-03,3.795212913685397371e-01,2.990354351850315617e-01,-5.361526243034640945e-04,4.128508584375870649e-01,2.426556906156172654e-05,4.068391398884052068e-04,-5.377801948604807558e-05,4.190654927147894893e-01,-2.996416890990036830e-01,6.783218155653070468e-06,4.430683998851488448e-01,-8.668657061196695466e-05,3.068025694867346329e-04,-9.618303762719462434e-05
-6.020693826114487113e-02,-1.324187752984099832e-02,6.744610649492177590e-01,-3.378921566739087612e-02,1.691704275509351568e-02,-4.640394979047726687e-02,9.982077819837149590e-01,-7.177668591613345361e-01,1.493659035619801512e-01,-2.078824865876656436e-02,1.231703997313847276e+00,-5.587274798433816692e-01,-3.819046669824378154e-02,-7.066326712611302741e-01,1.404017268154427733e-01,-1.756216328961102829e-02,1.126941084542259830e+00,-4.642271919643219946e-01,-3.439190487860434298e-02,-4.468620274659716035e-02,7.649867094642831631e-04,-5.258263171117570633e-03,3.730846918055604200e-01,2.989320720724948921e-01,-5.926329162749856272e-04,4.110241405896334910e-01,3.088825318114073859e-05,3.838128978171953488e-04,-5.542593567738715208e-05,4.141104317560603820e-01,-2.996577935169228990e-01,-2.349834871513250875e-05,4.424726533262640649e-01,-9.346452201007156009e-05,2.934031317525479139e-04,-1.052906188310271827e-04
-6.179471054605348290e-02,-1.350162953875068406e-02,6.671335704882445095e-01,-3.499910416124490248e-02,1.819646739863193044e-02,-4.765725294763524522e-02,9.980845342572972623e-01,-7.431970102736024097e-01,1.533967254306775052e-01,-2.584950736013367362e-02,1.271171857662116045e+00,-5.757115496553011358e-01,-3.980759979653064606e-02,-7.328287641000720276e-01,1.439857446013030617e-01,-2.256443814491521094e-02,1.165129776517369375e+00,-4.789789138882236119e-01,-3.565925788388268208e-02,-4.680134961473281924e-02,5.689775333046249864e-04,-4.955525783880785490e-03,3.664438686220213293e-01,2.988258560796525631e-01,-6.521876481003811236e-04,4.093114330824748071e-01,3.717231711406078211e-05,3.789418979379011068e-04,-5.811705225603711620e-05,4.089432185802517328e-01,-2.996822358401270980e-01,-5.877886476943615271e-05,4.419785097380870553e-01,-1.002728102637691707e-04,3.007458096910150766e-04,-1.154425319427474563e-04
-6.335916120850342004e-02,-1.376473912238543665e-02,6.596741135189888583e-01,-3.620896348908560214e-02,1.948312711509693831e-02,-4.891136368790922201e-02,9.979564104824679704e-01,-7.685305933946967594e-01,1.573299807255328087e-01,-3.113233955534053243e-02,1.310223773860389240e+00,-5.925065655835649592e-01,-4.152032227628119077e-02,-7.589491925219731261e-01,1.474345096245534559e-01,-2.776700429877522469e-02,1.202874810426912244e+00,-4.934650986971950148e-01,-3.696369640928477696e-02,-4.896899886864901352e-02,3.365856455735006126e-04,-4.622374588456120044e-03,3.596608587515533473e-01,2.987320789238495089e-01,-7.123304795009613487e-04,4.076466055913781639e-01,4.034792213587571339e-05,5.081053527214325887e-04,-6.979725900628004241e-05,4.035931216647885011e-01,-2.997138037394160293e-01,-9.511623435058414724e-05,4.415276305611169905e-01,-8.463529178106739823e-05,4.376031015450200100e-04,-1.182833914818797697e-04
-6.490022850246129904e-02,-1.402920721356224788e-02,6.521017895566811884e-01,-3.743250397057117096e-02,2.076659532522011700e-02,-5.013829694637136902e-02,9.978244872443294833e-01,-7.937707428315762259e-01,1.611042640869621012e-01,-3.668299342958758480e-02,1.348829848345659999e+00,-6.090183184847742792e-01,-4.328806558434141610e-02,-7.849340263601449763e-01,1.507143910010115828e-01,-3.320477479399365495e-02,1.240111601644544370e+00,-5.076500225071407524e-01,-3.829971454403469089e-02,-5.120944598184213464e-02,1.012621573839175783e-04,-4.246556532964461048e-03,3.526740137053739343e-01,2.986327402877420600e-01,-7.735554422214006550e-04,4.061182757236103114e-01,4.048850253763326104e-05,6.361800199619373469e-04,-8.307746897622462600e-05,3.980326549939555703e-01,-2.997527065103411936e-01,-1.368738672189310818e-04,4.411753829805287186e-01,-6.880521755083890498e-05,5.683167249916278464e-04,-1.192288370227970114e-04
-6.640860170847845412e-02,-1.429348023668652531e-02,6.444191501608957928e-01,-3.868046251383251699e-02,2.202724265636906223e-02,-5.134264221824416663e-02,9.976886064753485162e-01,-8.189049759171256326e-01,1.647755564809108564e-01,-4.249200181462713111e-02,1.387041968396517388e+00,-6.251794123744354170e-01,-4.505990195961011302e-02,-8.107756222940186719e-01,1.537803936647678948e-01,-3.893317075423013973e-02,1.276881288195435449e+00,-5.214298536106135584e-01,-3.967685117593894306e-02,-5.349921456999814917e-02,-9.649543720406038002e-05,-3.881427108974465530e-03,3.454788147026381373e-01,2.985147793317567966e-01,-8.333568423587840116e-04,4.048541257064527388e-01,4.009199646498238617e-05,6.231473649834198998e-04,-8.631630419600366442e-05,3.922677154995763971e-01,-2.998139066049228529e-01,-1.852635423135563309e-04,4.410424884158067327e-01,-8.766992378650992433e-05,5.508515166439799729e-04,-1.309264509352221729e-04
-6.788605850165763123e-02,-1.455861787565072146e-02,6.366430218382634898e-01,-3.993944346098809994e-02,2.327129985744271282e-02,-5.252648613447360310e-02,9.975491244612149089e-01,-8.439086455706433787e-01,1.682837391296010676e-01,-4.856249220466248712e-02,1.424808926070733284e+00,-6.409604845660961114e-01,-4.692808199848307049e-02,-8.364424890156983983e-01,1.566339029278672468e-01,-4.490843016892918926e-02,1.313130317907833300e+00,-5.348185126654083632e-01,-4.110560641130901055e-02,-5.580387904575895980e-02,-2.948620531571506209e-04,-3.539014220687658734e-03,3.380583489237112271e-01,2.983970949608512058e-01,-8.930203061973746503e-04,4.037169894000403048e-01,3.886894568109553329e-05,6.208632640397321713e-04,-9.034183356063064333e-05,3.862861404932398379e-01,-2.998872174238957911e-01,-2.404231232122881084e-04,4.410021894237595719e-01,-1.023899112393087529e-04,5.454193028691867650e-04,-1.410507915578052636e-04
-6.933133262388940787e-02,-1.482604638544714887e-02,6.287875851752448009e-01,-4.119814766535543488e-02,2.453081896601003176e-02,-5.367601663322155159e-02,9.974065554166918757e-01,-8.688132745151576630e-01,1.716210047527764737e-01,-5.485621056081565333e-02,1.462075085816895159e+00,-6.564507346581330838e-01,-4.890446796881201680e-02,-8.619799520499273893e-01,1.592174020817332947e-01,-5.111369518993588018e-02,1.348849533952310553e+00,-5.479066396196301536e-01,-4.258478414813528928e-02,-5.810975116346550617e-02,-5.159914783062188913e-04,-3.276850047060310498e-03,3.304159864369608512e-01,2.982871163775872581e-01,-9.559374345500501512e-04,4.025355373350163468e-01,3.988575130407617764e-05,6.851789204666618128e-04,-9.723490298991559970e-05,3.801317840463012132e-01,-2.999802925408864285e-01,-3.019985160586823774e-04,4.408882218233132200e-01,-9.320961235363544467e-05,6.032666286998529005e-04,-1.403688302933065563e-04
-7.075107860275381411e-02,-1.509518260661203530e-02,6.208789721927289174e-01,-4.246489978544137900e-02,2.576696302998424462e-02,-5.477669358186635501e-02,9.972624076654359460e-01,-8.935356450532699890e-01,1.747220548078952940e-01,-6.139473948302121703e-02,1.498770109207890222e+00,-6.715487473093137982e-01,-5.094541704693682921e-02,-8.872767791283073802e-01,1.615479337227137546e-01,-5.753328207163461300e-02,1.383965204353611700e+00,-5.606489195066908238e-01,-4.409788180544160774e-02,-6.043516409973408859e-02,-7.566245455912994728e-04,-2.990888019568297210e-03,3.224566866461227033e-01,2.981760329122429276e-01,-1.016420433716388625e-03,4.014676701768322697e-01,4.436277604552933809e-05,7.379326663576504363e-04,-1.018099144137474537e-04,3.736917911850264895e-01,-3.000750438889906446e-01,-3.678676913749019564e-04,4.408409750349546186e-01,-8.725963642904202089e-05,6.548127968758748075e-04,-1.426861963335444698e-04
-7.214376573183013674e-02,-1.536911072926878952e-02,6.129162861527767125e-01,-4.374040727193578837e-02,2.696367768010905774e-02,-5.580507201015639379e-02,9.971186142057471002e-01,-9.180825079696032232e-01,1.775917508814320867e-01,-6.817386483618075033e-02,1.534945636136355818e+00,-6.862722310167417294e-01,-5.298568987193533891e-02,-9.123535434441045755e-01,1.635725066445629095e-01,-6.418235999397466085e-02,1.418557908144077118e+00,-5.730107793939633876e-01,-4.564053250278252150e-02,-6.285267538327550529e-02,-1.027040104701914137e-03,-2.630162077114595650e-03,3.142075014548889045e-01,2.980702658330681709e-01,-1.069028735776203064e-03,4.007052059414261680e-01,5.330575757100059289e-05,7.483625832934086113e-04,-1.009866146252750847e-04,3.670167520871098765e-01,-3.001621715783338584e-01,-4.326279777335442908e-04,4.411097715965034416e-01,-9.605753110917644613e-05,6.693846463545799659e-04,-1.530773817228365250e-04
-7.350811059671628900e-02,-1.564652037494846173e-02,6.049196878187556026e-01,-4.503083985773988218e-02,2.813360558516590781e-02,-5.677695274864865554e-02,9.969739722455458475e-01,-9.424479951837015923e-01,1.802109234014023786e-01,-7.522166998947367456e-02,1.570558238911110127e+00,-7.005744313491510944e-01,-5.511749150423632393e-02,-9.371730974509854262e-01,1.653204093261544105e-01,-7.105221277499301769e-02,1.452544104736253061e+00,-5.849681240253521430e-01,-4.723494685493286743e-02,-6.531013168497085131e-02,-1.310317309629670940e-03,-2.236690801487976627e-03,3.056754185338440011e-01,2.979650251581278941e-01,-1.122615935305967426e-03,4.001615469559895444e-01,6.176476489980760960e-05,7.708986291937710905e-04,-1.004498114360207113e-04,3.601195423350181390e-01,-3.002516906041173828e-01,-5.019157691159585512e-04,4.415387554612006937e-01,-1.021184571133367392e-04,7.053050512369883228e-04,-1.620864201572361847e-04
-7.484711784631266351e-02,-1.593016106893600792e-02,5.969105986416454179e-01,-4.634019488241491319e-02,2.931186367292745037e-02,-5.770188029487891002e-02,9.968269127570316135e-01,-9.666662958115098681e-01,1.826879029924470821e-01,-8.249231853464060460e-02,1.605533771611366456e+00,-7.145186824878483334e-01,-5.733890888762833982e-02,-9.617710977953309870e-01,1.667514404198112143e-01,-7.815475150250746073e-02,1.485865663536854786e+00,-5.965821234685577679e-01,-4.886583448637847604e-02,-6.778360005297293100e-02,-1.604203430761202108e-03,-1.836171684475093949e-03,2.968631043989901630e-01,2.978568773474930542e-01,-1.180620366515481006e-03,3.997253752896975376e-01,6.875611275752761614e-05,8.189132324272244915e-04,-1.009672924972386532e-04,3.530043929410774939e-01,-3.003505202644342065e-01,-5.746845013924053525e-04,4.419589717917628557e-01,-9.678126259347298794e-05,7.659037105712160863e-04,-1.629594807541849251e-04
-7.616118493756168784e-02,-1.621991728205360653e-02,5.889152032103670553e-01,-4.767040785600142744e-02,3.045818034390862863e-02,-5.855431529433105520e-02,9.966801009478378770e-01,-9.906452836139740814e-01,1.848749766151322471e-01,-9.001213582766777466e-02,1.639827164529411574e+00,-7.280239431447299570e-01,-5.964184163552497392e-02,-9.860101905789927512e-01,1.678805381502390948e-01,-8.546352557651804016e-02,1.518450243265393018e+00,-6.078325594563682710e-01,-5.054741698663288429e-02,-7.031038695676901373e-02,-1.916778499967721795e-03,-1.365363647654009279e-03,2.877099261350943293e-01,2.977428760900810989e-01,-1.236280751237889578e-03,3.994886477342337039e-01,7.519748794759680249e-05,8.667627593259475847e-04,-1.019493783819067355e-04,3.455741248157473966e-01,-3.004454604331102119e-01,-6.472465262160255906e-04,4.424787839845001902e-01,-9.366619624463994422e-05,8.250798630483688204e-04,-1.653705374929338929e-04
-7.749053724503709994e-02,-1.650696849723751192e-02,5.809334702541188999e-01,-4.912565135251750065e-02,3.142545727612842260e-02,-5.925021763150410681e-02,9.965382695736256791e-01,-1.014232210159982328e+00,1.874625827093099606e-01,-9.778291563443981815e-02,1.673521015456749250e+00,-7.412162436452474079e-01,-6.202885551438259981e-02,-1.009601322275752944e+00,1.675915300254140761e-01,-9.367156238845079919e-02,1.550349181075114213e+00,-6.187839350681583195e-01,-5.230345406477406728e-02,-7.306687167626427226e-02,-2.087013718170928518e-03,-2.398450734651877414e-04,2.778097716311592746e-01,2.975623476193668959e-01,-1.345341438262086893e-03,3.993288717295438439e-01,3.293375361066518912e-05,9.793627656606352684e-04,-1.344069572656134571e-04,3.375310688353215793e-01,-3.005538980997655707e-01,-7.677092299890799637e-04,4.430770631192959552e-01,6.359907304727765737e-06,1.001287160379714077e-03,-1.571106911176502424e-04
-7.880126094136172266e-02,-1.680185335482056730e-02,5.729827939403505654e-01,-5.062084867534690641e-02,3.235037210957018849e-02,-5.987712981023882858e-02,9.963963631153255340e-01,-1.037587215223124915e+00,1.898558143937341125e-01,-1.057903210333798888e-01,1.706561186767786120e+00,-7.540421581559120234e-01,-6.463178377924368168e-02,-1.032758570803569587e+00,1.666558842873070712e-01,-1.023387075697576032e-01,1.581524693014478178e+00,-6.294737920950151944e-01,-5.396512304745437749e-02,-7.588608934309229448e-02,-2.267661230195235945e-03,1.026881685531712881e-03,2.673413583301773588e-01,2.973621563810576185e-01,-1.486281221195456153e-03,3.993752933335522615e-01,-8.490882984251669151e-06,1.068539097073354857e-03,-1.715249703211383725e-04,3.290318880089176945e-01,-3.006653881926230065e-01,-8.944663149876637843e-04,4.438055419621334541e-01,1.063349288528266193e-04,1.178349489588862483e-03,-1.484105167091602105e-04
-8.014142191380771441e-02,-1.715368702663027864e-02,5.650464885625914313e-01,-5.217020542015160522e-02,3.315663031990680881e-02,-6.031976079768400917e-02,9.962632352895283150e-01,-1.060917531049694329e+00,1.926923634975296618e-01,-1.140412294403744531e-01,1.738808075390118280e+00,-7.660100791979203017e-01,-6.705013379059701628e-02,-1.055669083406979292e+00,1.655932824900099021e-01,-1.111013044197889932e-01,1.612156433465191885e+00,-6.390892725758220427e-01,-5.518343829035678855e-02,-7.967743219472428473e-02,-2.538171309145987545e-03,2.900229628559396200e-03,2.562858906699237438e-01,2.971216395560901669e-01,-1.645268389852207669e-03,4.000557016694218926e-01,-6.667251444472900503e-05,1.225499598071554206e-03,-2.062922060134986420e-04,3.198361244964018635e-01,-3.007589366556033261e-01,-1.036020474265806875e-03,4.447663548354279239e-01,1.340986529170952294e-04,1.465079428492489528e-03,-1.455886463967879184e-04
-8.147969608343362535e-02,-1.755127416303388366e-02,5.571547831838730147e-01,-5.372492553799416287e-02,3.390423051394489407e-02,-6.061619633174774452e-02,9.961374464758692149e-01,-1.084124862872135830e+00,1.953932394181879528e-01,-1.225240823102750204e-01,1.770385759367010703e+00,-7.773544334065879413e-01,-6.953245733229992953e-02,-1.078082359522666955e+00,1.644567641219921439e-01,-1.198513530900812835e-01,1.642016328061904229e+00,-6.481023301095499844e-01,-5.633328119220962910e-02,-8.399640266285308965e-02,-2.947431554617583552e-03,5.086145953720092733e-03,2.446738655895242531e-01,2.968315254538747561e-01,-1.864005231286634551e-03,4.010824258483505211e-01,-1.266252899021586497e-04,1.441373087971974890e-03,-2.534313560651052229e-04,3.102818382927468588e-01,-3.008622857890027591e-01,-1.221260676177230798e-03,4.458997290253179369e-01,1.691454310919381825e-04,1.778422365539699627e-03,-1.502616959730348762e-04
-8.286974243970871012e-02,-1.803735120157664434e-02,5.491715260457316061e-01,-5.523427144076351741e-02,3.423118591653019627e-02,-6.024155210072792282e-02,9.960664418449460822e-01,-1.106973738032895005e+00,1.978370905132547375e-01,-1.315216506694453225e-01,1.801627370736276212e+00,-7.884817615956153380e-01,-7.277133374919150799e-02,-1.099963165459376890e+00,1.618069913058761411e-01,-1.288301027746070471e-01,1.672167142118036409e+00,-6.560203151993222459e-01,-5.732353334922869054e-02,-9.007130894779921682e-02,-3.716690037182427200e-03,8.585407191256800088e-03,2.318499494563635577e-01,2.964354834125367266e-01,-2.130588317481488681e-03,4.019340574129247612e-01,2.134763588393973109e-04,1.948881195198033048e-03,-1.215324002843344207e-04,3.004560533093912356e-01,-3.009227217005494004e-01,-1.653522462695778761e-03,4.467596810512234340e-01,-2.041840327843740606e-04,2.784030019129559753e-03,-1.506891553986686985e-04
-8.426212324811034604e-02,-1.860348421872297028e-02,5.411824214521964160e-01,-5.672588937261868053e-02,3.441448275509407378e-02,-5.959464042660325700e-02,9.960152085605965544e-01,-1.129731107722807826e+00,2.001384900964409963e-01,-1.408259285812928641e-01,1.832423669911892983e+00,-7.992650355034547349e-01,-7.628515709917256526e-02,-1.121220086449005393e+00,1.587799141975999861e-01,-1.379111428293323949e-01,1.701894547174147343e+00,-6.633537083986975613e-01,-5.823568454472109052e-02,-9.693258425759102015e-02,-4.693398039791498756e-03,1.248283992868930853e-02,2.180651139926127191e-01,2.959268359811743077e-01,-2.475718783088063160e-03,4.030588064583923713e-01,5.338631115033821376e-04,2.377310015947669934e-03,3.117134823470748542e-05,2.904613354031508332e-01,-3.009984252204125355e-01,-2.166991176701310758e-03,4.478472858499656928e-01,-5.646105681227176019e-04,3.799983524365722985e-03,-1.693865626621797547e-04
-8.565642973110372538e-02,-1.921577997822651596e-02,5.332836312416742164e-01,-5.824184774390422925e-02,3.476808037390977796e-02,-5.915147410142451712e-02,9.959418511490104597e-01,-1.152796098579242035e+00,2.032825063070110017e-01,-1.502823823588490815e-01,1.862537504589026227e+00,-8.096068249381854764e-01,-7.949971813273085108e-02,-1.142441630244780848e+00,1.563848275985105507e-01,-1.467324615021795009e-01,1.730419939848992339e+00,-6.703521537247220108e-01,-5.895021858743462045e-02,-1.041220102066046233e-01,-5.529951352925477001e-03,1.626398619909147011e-02,2.037095409510245314e-01,2.953955419129531967e-01,-2.666605672307093521e-03,4.046546770675283899e-01,1.973865382656401460e-04,2.473230507364564297e-03,7.233111766800462178e-06,2.802130233096074008e-01,-3.010326981017197867e-01,-2.505193224893891013e-03,4.501245621666712937e-01,-4.998694171510652175e-04,3.746323740863403366e-03,-1.574873626032047508e-04
-8.706184987113212148e-02,-1.985048124095756955e-02,5.254997602379712918e-01,-5.975795391659321359e-02,3.511776693465309268e-02,-5.873748925355103817e-02,9.958642662257816136e-01,-1.175694884502572757e+00,2.062252659886496808e-01,-1.599306568914292681e-01,1.891823939882812056e+00,-8.193457607965182188e-01,-8.282459426532927382e-02,-1.163222800841131388e+00,1.540929516219663731e-01,-1.553906513089812758e-01,1.757828534199552761e+00,-6.773407103181336986e-01,-5.972595312637590109e-02,-1.117133971579415269e-01,-6.297064251043643125e-03,2.031859661150216961e-02,1.887193088848425349e-01,2.948906467451017366e-01,-2.858497976374769003e-03,4.065160474164662419e-01,-8.126081077084579664e-05,2.694813849667572741e-03,-9.218979383205900093e-05,2.697791356869589374e-01,-3.010294746193246662e-01,-2.829675156613579122e-03,4.527466729198147410e-01,-4.649400097794198993e-04,3.761027641094335724e-03,-1.378859313994626001e-04
-8.852797370644209518e-02,-2.045469627188391606e-02,5.178039392760150905e-01,-6.137262075868567951e-02,3.532946541340224039e-02,-5.832292828098760429e-02,9.957829413740447722e-01,-1.198382587783292763e+00,2.088848768211885309e-01,-1.699935421981038364e-01,1.920585868349823144e+00,-8.287676379378104974e-01,-8.621902021460491061e-02,-1.183561560234710930e+00,1.513311623137499617e-01,-1.643106527522276428e-01,1.784306715258263898e+00,-6.840761079051265181e-01,-6.087926195756303976e-02,-1.190097582625090356e-01,-6.753902351970245480e-03,2.545271195706049275e-02,1.726810739007849649e-01,2.943655462250422961e-01,-3.105867145146110411e-03,4.082101984406776296e-01,2.129476673074420573e-05,2.721431995228338827e-03,-1.183417377332797091e-04,2.595381163383145839e-01,-3.009048159998284899e-01,-3.136954863541600597e-03,4.566723646337144671e-01,-1.006601660516215271e-03,4.401266062088238229e-03,-3.587440347180182885e-05
-9.001942271741361634e-02,-2.103449765952503450e-02,5.102192384864947527e-01,-6.301004437706526906e-02,3.548581229889503225e-02,-5.790044850380248603e-02,9.956997687536872643e-01,-1.220787812218497193e+00,2.108563073547102540e-01,-1.803485683247421645e-01,1.948425786762176148e+00,-8.372947479014520855e-01,-8.977039207311374169e-02,-1.203536019289384029e+00,1.482510434722278669e-01,-1.732737866055208131e-01,1.810025110312234231e+00,-6.906345880052802144e-01,-6.212814669607945317e-02,-1.263053826414005376e-01,-7.044882783738545991e-03,3.117837511903122708e-02,1.559820322792824787e-01,2.937772327265877337e-01,-3.261994890665490844e-03,4.101100926163226967e-01,3.507225235044361379e-05,2.422389039983663134e-03,4.075838954445220154e-05,2.493233183868074354e-01,-3.006910870009611436e-01,-3.376541762342563473e-03,4.614110556088070747e-01,-1.521337274654348953e-03,5.176649819059180035e-03,7.543231288245095124e-05
-9.153450906232300788e-02,-2.154796271136866573e-02,5.026746959939605297e-01,-6.470542103112109089e-02,3.549114509446717192e-02,-5.759304348722246725e-02,9.956086723461923249e-01,-1.242909589989165564e+00,2.126729461118734565e-01,-1.909333783675316587e-01,1.975590701461070520e+00,-8.446292278292726330e-01,-9.329294450337893840e-02,-1.223401400552101892e+00,1.446420346974159332e-01,-1.825146392143914276e-01,1.835336132687180655e+00,-6.964008125245347847e-01,-6.396167515554117278e-02,-1.326628028350964605e-01,-6.800719257209557680e-03,3.789181154018497061e-02,1.382880857527964968e-01,2.930041979471856295e-01,-3.348653215593928607e-03,4.122530237222049032e-01,-1.267821840696560357e-04,1.998934608974703517e-03,2.368508654733874935e-04,2.405236099435647812e-01,-3.004867385590180295e-01,-3.525723337185862703e-03,4.663816519881452960e-01,-1.539807396017820991e-03,6.113347209497367249e-03,2.477162635883451455e-04
-9.305410457143804825e-02,-2.200956599782977891e-02,4.952187301640265105e-01,-6.640643373677811157e-02,3.536920673080403560e-02,-5.735102420643476556e-02,9.955149746719380577e-01,-1.264587244244757880e+00,2.138833602778171528e-01,-2.016456337346879124e-01,2.002082840820530230e+00,-8.509572826998637041e-01,-9.690912511551169617e-02,-1.242719717837874160e+00,1.407870549195210652e-01,-1.916784345539486734e-01,1.859952361804178445e+00,-7.016054132051098291e-01,-6.602939324695193679e-02,-1.388787771121329506e-01,-6.231681697250169259e-03,4.530445084827404434e-02,1.202371567174874700e-01,2.922418323511722926e-01,-3.523847777950901705e-03,4.148113803289494306e-01,-2.384614117873026947e-04,1.800554481451597773e-03,1.930481942379620849e-04,2.321917335424474593e-01,-3.001976466989061954e-01,-3.522829558539308011e-03,4.718226039602899102e-01,-1.594182862680138674e-03,7.121192860747675539e-03,4.502020393352919379e-04
-9.457745280476324845e-02,-2.238780624938691011e-02,4.877745991836108241e-01,-6.821819698237337193e-02,3.502253344149617448e-02,-5.706038659981156613e-02,9.954214243389045702e-01,-1.285932959168011314e+00,2.143315158428318601e-01,-2.127105295526397766e-01,2.028269562975653528e+00,-8.562194302713549421e-01,-1.008021222839278752e-01,-1.261536083668048480e+00,1.358757658226067422e-01,-2.011319620550083842e-01,1.884137286961560243e+00,-7.059367935356909429e-01,-6.818508067222844860e-02,-1.448630740892453139e-01,-4.981318927095868161e-03,5.371366272213458359e-02,1.018247028849567637e-01,2.914837628946673753e-01,-3.638156029832585649e-03,4.173333669006374924e-01,-4.258884102911378962e-04,1.130750529323770823e-03,2.116475999011235430e-04,2.248324873692348624e-01,-2.997325898695614721e-01,-3.457491445862627237e-03,4.779311627104040339e-01,-1.818852430963006309e-03,8.047774169814862419e-03,5.499278405065832461e-04
-9.608767048195440696e-02,-2.269891926134126256e-02,4.804083966791083404e-01,-7.007211164838400563e-02,3.456278507517129145e-02,-5.681153663174035029e-02,9.953229437536966762e-01,-1.306754823714136204e+00,2.137937952100539829e-01,-2.239462194527907513e-01,2.053822594897017684e+00,-8.604242745662389336e-01,-1.047731579584763456e-01,-1.279709430938666737e+00,1.306676099710569472e-01,-2.105758560075764729e-01,1.907655218670074371e+00,-7.099172804694884320e-01,-7.032410162006692833e-02,-1.508002070717930354e-01,-3.217556416718045376e-03,6.258349659219832051e-02,8.298549341839497884e-02,2.908581606310724488e-01,-3.679851719764869709e-03,4.201737260134214558e-01,-4.932916995681591293e-04,8.465914189685719120e-04,2.067443850428962737e-04,2.178379639262390255e-01,-2.991081538514245852e-01,-3.298557633901770189e-03,4.845671309443999042e-01,-2.028152416248861847e-03,9.075316623131624363e-03,6.627915247566971112e-04
-9.755658758632955452e-02,-2.295404114925861383e-02,4.730833035233093509e-01,-7.192387585230215763e-02,3.429305055025776844e-02,-5.681111996567023148e-02,9.952002006704914194e-01,-1.327689637537389000e+00,2.127123114296300965e-01,-2.353234087426237242e-01,2.079194300200156498e+00,-8.645702688996144136e-01,-1.085277092311440206e-01,-1.298205515596343673e+00,1.253389764300521236e-01,-2.201814247919817169e-01,1.930508187260397746e+00,-7.135233383181209810e-01,-7.357522881064074149e-02,-1.560533233382728757e-01,-9.756418032298183433e-04,7.113379689079142587e-02,6.343340571899587499e-02,2.904485440845441802e-01,-3.542604772815845151e-03,4.229368715669887813e-01,-5.143814029461584890e-04,6.650351945422347706e-04,1.258401749141660247e-04,2.123485773512719388e-01,-2.985044554278640239e-01,-3.045505818315020780e-03,4.905728410500927450e-01,-2.101671808991420563e-03,1.015543703643733212e-02,6.972242638636562710e-04
-9.901576487545980798e-02,-2.316258924734381289e-02,4.659088794612674111e-01,-7.377455709090229019e-02,3.399989163828008587e-02,-5.691113471084249115e-02,9.950690653620737347e-01,-1.347973816364969935e+00,2.103745617020815195e-01,-2.467362426488369787e-01,2.103373336307192254e+00,-8.672639330550701020e-01,-1.125616961497367396e-01,-1.316171111361768009e+00,1.201846807110610871e-01,-2.294872198406061048e-01,1.952525081919643135e+00,-7.172841810814888364e-01,-7.718623892083531501e-02,-1.613274967055828013e-01,1.548430614421677978e-03,7.994874861826690993e-02,4.346087831413034119e-02,2.902020893610315344e-01,-3.192761344848075566e-03,4.258609409212625874e-01,-5.972646067698249425e-04,2.435216656145289499e-04,2.001812217070585414e-04,2.072223309542403358e-01,-2.978261048393369692e-01,-2.679737943216332473e-03,4.966804914306960916e-01,-2.183933523797147464e-03,1.118126476159067920e-02,7.422915885846385594e-04
-1.004511425640539496e-01,-2.331841341908410734e-02,4.588821623362911439e-01,-7.562139376645116151e-02,3.377077023263449357e-02,-5.729457664170522352e-02,9.949162132411764059e-01,-1.367756043784461140e+00,2.066147303471839447e-01,-2.583678582529386758e-01,2.126837933236992662e+00,-8.688112910832891389e-01,-1.170782330950763811e-01,-1.334026409879179642e+00,1.154048485325860768e-01,-2.386813155093169547e-01,1.973659097886383496e+00,-7.210688106897281680e-01,-8.173618175048830148e-02,-1.664509513224980419e-01,4.313736296049230576e-03,8.865344740000161150e-02,2.353794518992461532e-02,2.900907450049789449e-01,-2.826398997596626331e-03,4.291854233986956979e-01,-7.118707575795439916e-04,-4.887659668544402057e-04,4.125010117547122887e-04,2.014474347804013354e-01,-2.970085542243672827e-01,-2.188386813615131061e-03,5.033975405832818995e-01,-2.349587949474256365e-03,1.182773575984307976e-02,7.963785465741573914e-04
-1.018483398898847314e-01,-2.344250221953564015e-02,4.520422897048048116e-01,-7.749229978238886263e-02,3.351223571015930769e-02,-5.777035325405053406e-02,9.947534668534940838e-01,-1.386750940065117010e+00,2.013503774213588893e-01,-2.701208647826400244e-01,2.149636994579168014e+00,-8.699245286009235079e-01,-1.217515040572089147e-01,-1.351311749161568043e+00,1.110270545175642415e-01,-2.475526478193701974e-01,1.993959558195690152e+00,-7.250672430457333340e-01,-8.670974404689889281e-02,-1.714703005038498151e-01,7.285195914245531229e-03,9.747980426874858217e-02,3.666851134952745644e-03,2.900356834686296792e-01,-2.487381955694438398e-03,4.325277710879399384e-01,-8.197302460157304248e-04,-1.126508624554509912e-03,5.151142156801460535e-04,1.954124876909276998e-01,-2.961323544111287842e-01,-1.668703981097896180e-03,5.101761966431818118e-01,-2.507563557687369788e-03,1.251350650795527222e-02,8.539633468501430175e-04
-1.031648988581203158e-01,-2.357708972170829975e-02,4.454201957473443718e-01,-7.939455297050690419e-02,3.320377074751800633e-02,-5.811684743550328547e-02,9.945936087724061014e-01,-1.404863631519244871e+00,1.946653760700191027e-01,-2.819930604207585567e-01,2.171696097542826998e+00,-8.710422426028092691e-01,-1.264192145349535834e-01,-1.367650355894841629e+00,1.066509306438271215e-01,-2.561616881228916953e-01,2.013532274031563318e+00,-7.296032358000746898e-01,-9.191485721228734307e-02,-1.766207858724704594e-01,1.028526232457503860e-02,1.062146662527507640e-01,-1.603295371611598158e-02,2.899272854825914458e-01,-2.188838275328578321e-03,4.358525529571543045e-01,-8.267454666010033183e-04,-1.279895242090639713e-03,4.631474047371257207e-04,1.893796169796934104e-01,-2.953517331482929387e-01,-1.217433866968963387e-03,5.166621206133179545e-01,-2.566773309922751149e-03,1.319010061965821164e-02,9.410571437857307439e-04
-1.044070909128529678e-01,-2.377279155012572420e-02,4.390502421511934816e-01,-8.131911806730120207e-02,3.280267157626445829e-02,-5.827328326294669431e-02,9.944422608839451616e-01,-1.421983236646351179e+00,1.867825454006750985e-01,-2.940143216547075333e-01,2.192671049774757464e+00,-8.718443280088236103e-01,-1.310900300250040784e-01,-1.383160184234306422e+00,1.029157956394958495e-01,-2.646060522407357452e-01,2.032376969287197355e+00,-7.343525838387165994e-01,-9.731311394351588318e-02,-1.819121323542204349e-01,1.312056871042169802e-02,1.150468137950264591e-01,-3.545160192524415832e-02,2.898803960189899054e-01,-1.895972735473777475e-03,4.391534024371315792e-01,-8.220513359661396407e-04,-1.345485358815332478e-03,3.827056466006505207e-04,1.834586074597221172e-01,-2.945632259171734324e-01,-7.762970505232217938e-04,5.231087556380317194e-01,-2.634123717091070484e-03,1.382113968374283977e-02,1.020994065825125627e-03
-1.054735799931212220e-01,-2.410704326132221548e-02,4.329017814394213182e-01,-8.315123769161283929e-02,3.257398366749567065e-02,-5.819505230259912343e-02,9.943028427727039764e-01,-1.438523494718725315e+00,1.773388620621100253e-01,-3.061694570144306571e-01,2.212648608089065494e+00,-8.719253293680164774e-01,-1.359568769800771904e-01,-1.398465074246897144e+00,1.001961733774834745e-01,-2.730024582702105795e-01,2.050830171646551570e+00,-7.398060646834849763e-01,-1.037255558368475328e-01,-1.874295588200484419e-01,1.548076663416459407e-02,1.224915844810271076e-01,-5.396378021913915413e-02,2.898518633496124375e-01,-1.564492902069415051e-03,4.426173566157556860e-01,-8.125251479628211714e-04,-1.563040535562557759e-03,4.077421582139994106e-04,1.779807583955974326e-01,-2.939016815701258611e-01,-4.252769559547202077e-04,5.294120609715675663e-01,-2.672819219301430637e-03,1.402541728205211786e-02,1.076788238950779700e-03
-1.064197452700655078e-01,-2.457040459530899362e-02,4.270053683930095656e-01,-8.498602422709168602e-02,3.224934839146279680e-02,-5.785723991265991073e-02,9.941779996580527579e-01,-1.453787713259016456e+00,1.667843437439018306e-01,-3.184432897141538654e-01,2.231830017120728371e+00,-8.723723423429138313e-01,-1.407903652446320097e-01,-1.413017454819246010e+00,9.867979627599819670e-02,-2.812911417676008941e-01,2.068665995831818538e+00,-7.457773166696614053e-01,-1.103496171706963153e-01,-1.929831092710874163e-01,1.745339704982365112e-02,1.295928614386370747e-01,-7.163171522518645140e-02,2.898293297432200100e-01,-1.226154103002936391e-03,4.457397797983705945e-01,-7.721305429912085237e-04,-1.618916360418597286e-03,4.418604107298204631e-04,1.730144108587506058e-01,-2.933704490360944939e-01,-1.495284386783058751e-04,5.353789623305877932e-01,-2.703889206828237815e-03,1.416727788597939991e-02,1.123508974853416366e-03
-1.072812658216362458e-01,-2.518681818966126210e-02,4.214243514871165996e-01,-8.689005935537842673e-02,3.182301982272525698e-02,-5.715256716620775029e-02,9.940679036468753615e-01,-1.467928705757169716e+00,1.553449333427662504e-01,-3.310016134199447735e-01,2.249838700563392191e+00,-8.728503409607276664e-01,-1.455054252139714455e-01,-1.426588941424024259e+00,9.849784578228470977e-02,-2.896567632595123398e-01,2.085530351660024095e+00,-7.521686021756781582e-01,-1.168468021351989627e-01,-1.985349286502104404e-01,1.910585127218056289e-02,1.366012705998783661e-01,-8.840882257344392925e-02,2.897961974794159290e-01,-9.005920174290972004e-04,4.481576805214498305e-01,-7.734534519810266169e-04,-1.665007865081480874e-03,4.683910841849144328e-04,1.686934029999918594e-01,-2.929520332203482957e-01,7.989709636968826863e-05,5.408735072360160157e-01,-2.773505067893330175e-03,1.425639572001267084e-02,1.170533115062573262e-03
-1.080623098363216461e-01,-2.594309213187534491e-02,4.161429440643525379e-01,-8.883092152880017744e-02,3.128256378836774543e-02,-5.600908686477886617e-02,9.939785967372458675e-01,-1.481048027438255366e+00,1.432521658864926994e-01,-3.436802735499562278e-01,2.266780391947278428e+00,-8.735497568178262062e-01,-1.503029553291104770e-01,-1.439044780480410957e+00,9.909275718502499886e-02,-2.980793059952767110e-01,2.101484832518163426e+00,-7.591231040944119712e-01,-1.233276422108016551e-01,-2.041495636307161521e-01,2.042961198622651742e-02,1.436052128957428231e-01,-1.042892121725714771e-01,2.897549294592772218e-01,-5.947850960458394860e-04,4.498093351635231718e-01,-7.752095683655672951e-04,-1.655384951510851859e-03,4.872007463118015538e-04,1.651219011791542346e-01,-2.926271972216510364e-01,2.585851104737601092e-04,5.459407289857381995e-01,-2.844354218114136454e-03,1.435576957526652798e-02,1.209994303967861558e-03
-1.087950313390573104e-01,-2.685540395147758067e-02,4.112618489205778216e-01,-9.078190909758773741e-02,3.081917435473130462e-02,-5.435938793619055770e-02,9.939083863293902699e-01,-1.493703545515439490e+00,1.312766851755982900e-01,-3.562931076221027005e-01,2.282068739403886770e+00,-8.741095453007257099e-01,-1.551966865495486569e-01,-1.450365121967995163e+00,9.989783137036413463e-02,-3.065274761565118800e-01,2.116221969257700231e+00,-7.667136502221950645e-01,-1.296858860900681476e-01,-2.098314593150474028e-01,2.134064347973766915e-02,1.504947494377132933e-01,-1.194215378406842665e-01,2.897202376443425154e-01,-2.777750782004931892e-04,4.507265513848949801e-01,-7.390939783671186770e-04,-1.643394230266326467e-03,5.142014255599684953e-04,1.623259372479005092e-01,-2.922902273345508450e-01,4.326052243769093822e-04,5.506963209143068694e-01,-2.895720597247486774e-03,1.440920423793874867e-02,1.248152755646728986e-03
-1.094546669455268573e-01,-2.788644573469291343e-02,4.067412558166011438e-01,-9.279169020328621731e-02,3.025452870594324759e-02,-5.228762743319192302e-02,9.938512815001074863e-01,-1.505443125467306853e+00,1.192240402041879060e-01,-3.687425231672969983e-01,2.296068345974175084e+00,-8.746040128235837985e-01,-1.601263196481716167e-01,-1.460407262079818969e+00,1.011244907362101875e-01,-3.151475980837282753e-01,2.129789961890708128e+00,-7.745101938032886713e-01,-1.359467764098289400e-01,-2.155057979664239953e-01,2.198066933950830124e-02,1.575675510255428458e-01,-1.335766658545466667e-01,2.896549689426957119e-01,3.520153922926372954e-05,4.509886252157947473e-01,-7.044318690586524531e-04,-1.732731467884158008e-03,5.393653210303416164e-04,1.602793533158149708e-01,-2.920448066115993169e-01,5.838131382638725485e-04,5.551106067130842092e-01,-2.944365792539079072e-03,1.443575694152344525e-02,1.286991929532817821e-03
-1.099847457145054497e-01,-2.904996863695503279e-02,4.025485088250347898e-01,-9.487077262217034901e-02,2.975831452451774967e-02,-4.972645846297783084e-02,9.938014180647266604e-01,-1.516657774630617350e+00,1.067415199389292468e-01,-3.810513427236731920e-01,2.308981114864101070e+00,-8.752489623776334993e-01,-1.650230557976767043e-01,-1.469405669741852272e+00,1.026276103631599268e-01,-3.240424730562813105e-01,2.142358971306356885e+00,-7.823882889082468539e-01,-1.423630257518367082e-01,-2.212360144113369453e-01,2.237599896167118824e-02,1.641046701446106371e-01,-1.465429806752794328e-01,2.895637396049735579e-01,3.169241281170399297e-04,4.506733059366062055e-01,-7.107778633039798458e-04,-2.088402368834538919e-03,5.543960194753674679e-04,1.590645750498766720e-01,-2.920094912366654749e-01,6.247148832187736801e-04,5.590532363485410938e-01,-2.918213306669389332e-03,1.412240918006060601e-02,1.332738549918733575e-03
-1.103954319813842816e-01,-3.031882785434568059e-02,3.986692813580193229e-01,-9.702549185510987717e-02,2.912655101254212758e-02,-4.676733610989527307e-02,9.937557618598099607e-01,-1.526763738588809094e+00,9.394366692918974804e-02,-3.933180108746189840e-01,2.320893828872488296e+00,-8.758851332109521826e-01,-1.699586099488133439e-01,-1.477110750149532192e+00,1.045540655119469586e-01,-3.331246263426841381e-01,2.153980295979325721e+00,-7.901597190825885297e-01,-1.485675435895075225e-01,-2.268603191935575358e-01,2.249949326896351354e-02,1.706005688761771943e-01,-1.584674474113340892e-01,2.894681854793331732e-01,5.879008802041453888e-04,4.495959032907208552e-01,-7.026220296876982321e-04,-2.128649209152905751e-03,5.620144208916185444e-04,1.584590124530904642e-01,-2.921280153503909571e-01,5.836132187692529005e-04,5.624193456528931989e-01,-2.898478994926938918e-03,1.385318685703052638e-02,1.364095883171473735e-03
-1.106515169481814970e-01,-3.169504144421542158e-02,3.950700283663993173e-01,-9.919177115700915370e-02,2.837794359201500916e-02,-4.344645348085610786e-02,9.937142901921854898e-01,-1.535705814663380631e+00,8.088057734317526115e-02,-4.054661236372185673e-01,2.331905104948728713e+00,-8.764498712907453637e-01,-1.748497582604572886e-01,-1.483529301434129088e+00,1.067346913768165012e-01,-3.423042908850527088e-01,2.165014491246877615e+00,-7.983425824758917377e-01,-1.544465140165990624e-01,-2.322766563083386582e-01,2.224972214836505938e-02,1.766570371375370263e-01,-1.693152103783004125e-01,2.893926196516639071e-01,8.265763230069878920e-04,4.478858287396834115e-01,-6.793225976764203982e-04,-1.633578046263561671e-03,5.554108942671485017e-04,1.583659730499159812e-01,-2.924083422162073731e-01,4.375958504114378709e-04,5.651254154798797114e-01,-2.987687579688267162e-03,1.354292913001659167e-02,1.357846078027177827e-03
-1.107893053935329053e-01,-3.314541950365693102e-02,3.917632756760244805e-01,-1.014105598652782630e-01,2.746252173943953059e-02,-3.976259587294759396e-02,9.936702894909184014e-01,-1.543343288205736519e+00,6.743317127515341403e-02,-4.174450146267604800e-01,2.342009018896414663e+00,-8.768579618224200400e-01,-1.794281522920173344e-01,-1.488463800902958267e+00,1.091441622522530824e-01,-3.516159276996658756e-01,2.175140925016441518e+00,-8.066219414184389036e-01,-1.601938027808838816e-01,-2.375165440722686871e-01,2.174980466185908942e-02,1.826500364510300622e-01,-1.795502992504577899e-01,2.893029579066689894e-01,1.058772955017103085e-03,4.459801888436782935e-01,-6.534363735162698576e-04,-1.127060596753903061e-03,5.387212601194834964e-04,1.583004822014537349e-01,-2.928536006428483218e-01,2.316102390586281042e-04,5.675796436238291776e-01,-3.063672664866657746e-03,1.313688137336841560e-02,1.350119424958103964e-03
-1.108135686794004815e-01,-3.465752826211387916e-02,3.887625152050667166e-01,-1.036824431110137251e-01,2.646042579069199721e-02,-3.566764066784765957e-02,9.936184460177333033e-01,-1.549783877687868294e+00,5.331370044160212152e-02,-4.291905743809147911e-01,2.351160402197665533e+00,-8.770375208437301007e-01,-1.834408932927526492e-01,-1.491958745006124909e+00,1.114844473511676093e-01,-3.610288690876262141e-01,2.184313845075625427e+00,-8.149933062246669246e-01,-1.659831256583247650e-01,-2.426010339270404659e-01,2.106885166587078514e-02,1.884024423022180317e-01,-1.894965469299197958e-01,2.891707029181989630e-01,1.269515614287428356e-03,4.442817576968850490e-01,-5.767072381652076953e-04,-6.698783270311892916e-04,5.028437560916392728e-04,1.579684563519904439e-01,-2.935267236202265817e-01,-5.593691126356683065e-05,5.699455317325681225e-01,-3.046575392143735603e-03,1.248034584793652861e-02,1.363265565917572792e-03
-1.107420414999558123e-01,-3.622755713995780280e-02,3.860799658534414536e-01,-1.060386126396661299e-01,2.533999164434441384e-02,-3.131331562598826945e-02,9.935457582403670607e-01,-1.554872642801372162e+00,3.889703942822567845e-02,-4.410116411835554584e-01,2.359343001961303976e+00,-8.770625045909301587e-01,-1.873334702286632569e-01,-1.494225162366491277e+00,1.143152263364609067e-01,-3.706030726493194094e-01,2.192408142516058422e+00,-8.232053638461069855e-01,-1.714008264546786342e-01,-2.473301727603568756e-01,2.022479162992668958e-02,1.941672143433634534e-01,-1.990785391568265228e-01,2.890866624919529726e-01,1.523223825873919798e-03,4.422667323677216267e-01,-5.217528518566231111e-04,-1.692489952804589496e-04,4.898954028117310849e-04,1.572693749753100723e-01,-2.942927730501367911e-01,-3.904193790680658130e-04,5.718220049094552282e-01,-3.049088305310036946e-03,1.190585967294904499e-02,1.360092976869359954e-03
-1.105673556039302868e-01,-3.786194721946911645e-02,3.837186288001454004e-01,-1.084767000240775270e-01,2.424079512859253493e-02,-2.677057054689230275e-02,9.934427643080465664e-01,-1.558859247718334506e+00,2.432477290652886037e-02,-4.529912956019643278e-01,2.366508346290431497e+00,-8.769956099676973205e-01,-1.912428073347594848e-01,-1.495646541390389883e+00,1.177031711759099625e-01,-3.803987056859430282e-01,2.199434671462384916e+00,-8.312670780844650942e-01,-1.765783411697415262e-01,-2.515648543355512023e-01,1.929381383245598255e-02,1.996359087490585105e-01,-2.081486019249670361e-01,2.890956687944178372e-01,1.777054304264763475e-03,4.399258488535616740e-01,-5.143450584532712313e-04,5.881488883736686081e-04,4.637864927798748967e-04,1.561775465377364669e-01,-2.951123496833329973e-01,-7.620384314744096249e-04,5.728650103679288064e-01,-3.122658792940041696e-03,1.134496486500917445e-02,1.325268786218820839e-03
-1.103233441501067502e-01,-3.952532589007102387e-02,3.817080749449385246e-01,-1.110230533482418486e-01,2.304264070756458643e-02,-2.188880114469076918e-02,9.933095180853261930e-01,-1.561637020356509975e+00,9.387036403434287357e-03,-4.648398388021101058e-01,2.372699476347227776e+00,-8.768729033770213954e-01,-1.948155319960786225e-01,-1.495539516742588892e+00,1.210506564049691203e-01,-3.901888605890169726e-01,2.205358572074151535e+00,-8.396481754424468535e-01,-1.814225977596336803e-01,-2.555158637306021996e-01,1.829232256139454518e-02,2.052978537087986333e-01,-2.173367736186821442e-01,2.891270102974977663e-01,2.012717810855864896e-03,4.378980172146537120e-01,-4.658805678824685394e-04,1.576125281572683407e-03,4.237504575208839446e-04,1.543005175902018578e-01,-2.960103457954781359e-01,-1.174263701020547427e-03,5.737677352811713094e-01,-3.181327431461509602e-03,1.065946008428903143e-02,1.293278255094276134e-03
-1.100206504208988273e-01,-4.119620470039775384e-02,3.800767710205838479e-01,-1.136543553126016098e-01,2.174481727661110864e-02,-1.651545269028244917e-02,9.931450499612420879e-01,-1.563282065013332556e+00,-6.095704167872974602e-03,-4.762756132789964236e-01,2.377825463733023614e+00,-8.766692978170429473e-01,-1.976726540803079302e-01,-1.493532814788703922e+00,1.236496360226731484e-01,-3.997910779864793929e-01,2.210319231364897163e+00,-8.490480465703994506e-01,-1.858352317610941218e-01,-2.593430871960106243e-01,1.719642961700500877e-02,2.112236174427015167e-01,-2.270697027578194305e-01,2.891062536644947167e-01,2.161349166482215076e-03,4.365857213889829391e-01,-3.672615051210552459e-04,2.745207305740367427e-03,3.504314354426655469e-04,1.514666758009619862e-01,-2.970026055754640404e-01,-1.630206425810819260e-03,5.749769317865462970e-01,-3.190766145980985374e-03,9.780361609265571590e-03,1.283561036418258069e-03
-1.096499070605797960e-01,-4.288975772067753212e-02,3.788531589258740673e-01,-1.164092895364411961e-01,2.042972850117035985e-02,-1.092282810736936935e-02,9.929311130834431731e-01,-1.563682459469989627e+00,-2.135775243911699345e-02,-4.878275741010819067e-01,2.381730948148989668e+00,-8.765062432730994502e-01,-2.003210183265375643e-01,-1.490226856009545742e+00,1.264519979236348457e-01,-4.095874519818131221e-01,2.213625825584017992e+00,-8.579022584951687680e-01,-1.900295548871932527e-01,-2.626368524425837792e-01,1.608678665898027188e-02,2.172007723402705204e-01,-2.373080860512822299e-01,2.891373297389437380e-01,2.381467207640655930e-03,4.349325560718901307e-01,-2.780305174847844812e-04,3.976778839926193090e-03,2.822471074656001224e-04,1.478451909792848906e-01,-2.979818257912964508e-01,-2.055181268047626738e-03,5.758223354324808474e-01,-3.218081279903987381e-03,9.052671341605741939e-03,1.257030036525747397e-03
-1.091621834802788682e-01,-4.461582128642092859e-02,3.780411674391938037e-01,-1.193000400377461218e-01,1.925050696246314447e-02,-5.177143055939081862e-03,9.926581061062553779e-01,-1.563038098363211947e+00,-3.635976772196125584e-02,-4.996561905273405602e-01,2.384410366789430746e+00,-8.763795194662501453e-01,-2.033524328825673799e-01,-1.485993417951876561e+00,1.296441877828225231e-01,-4.196282709395935950e-01,2.215344269202935035e+00,-8.659967981476639487e-01,-1.943172278754844717e-01,-2.651401923974975872e-01,1.509807767597979265e-02,2.225220320711722710e-01,-2.481134555962430099e-01,2.892508252503656063e-01,2.764467696793657982e-03,4.321770342554923650e-01,-2.289504541389268308e-04,5.017532739741428598e-03,2.309354915247479700e-04,1.436806623010550010e-01,-2.989810101473652226e-01,-2.461673638155259265e-03,5.757109488097148509e-01,-3.254567075567096728e-03,8.286839289907952516e-03,1.210062420834027595e-03
-1.086029805841593060e-01,-4.636026759687339460e-02,3.776794201607288071e-01,-1.223274979207656377e-01,1.807798504482081153e-02,9.792612856359883197e-04,9.923246498785051051e-01,-1.561233989897246488e+00,-5.167217144847661980e-02,-5.112713524386985897e-01,2.385805795685878028e+00,-8.762055281577137977e-01,-2.058595415470852175e-01,-1.480388402186535224e+00,1.326994836584434456e-01,-4.295111341314413744e-01,2.214595881022168200e+00,-8.706369904808716198e-01,-1.978759463842924282e-01,-2.673071595021970781e-01,1.409662980631627184e-02,2.277618257842856653e-01,-2.602198970747452988e-01,2.895467392545082452e-01,3.204486311132406610e-03,4.289459763558410299e-01,-1.939589195633854412e-04,6.000192332794408029e-03,1.973845616460821739e-04,1.385025880643477036e-01,-2.998558711922953424e-01,-2.869007350786689000e-03,5.752061308282141461e-01,-3.303662743263888549e-03,7.413725246230566668e-03,1.150401314627910211e-03
-1.079892267514906690e-01,-4.811724870970505996e-02,3.778457642968707231e-01,-1.254501571316082309e-01,1.696560813390199721e-02,7.775497859756104989e-03,9.919243760737678217e-01,-1.558432880738600090e+00,-6.774339345859933803e-02,-5.223156873677173850e-01,2.385514114225745885e+00,-8.753864655667271677e-01,-2.073079106836615559e-01,-1.473297263961692360e+00,1.349062853001807005e-01,-4.390721793416136332e-01,2.210772993243058870e+00,-8.690162969626412659e-01,-2.005370533660968957e-01,-2.693812551698204216e-01,1.300985222174942842e-02,2.329278272593723609e-01,-2.741888145812703126e-01,2.900446363991745491e-01,3.586169893557628226e-03,4.256854015371510647e-01,-1.652097979930618849e-04,7.050045728002086141e-03,1.703103220814962805e-04,1.320527087584144887e-01,-3.004399454959722493e-01,-3.272918159840262648e-03,5.746715397779150747e-01,-3.382561991887637204e-03,6.332790587377790104e-03,1.075969936417565638e-03
-1.072464177526597784e-01,-4.984638759251370371e-02,3.783811364142296019e-01,-1.287938257521579477e-01,1.576011312393695019e-02,1.482724185474757275e-02,9.914352839098592440e-01,-1.554443014458481320e+00,-8.363393681281848513e-02,-5.338169014985577610e-01,2.384548098374112080e+00,-8.748263697984581810e-01,-2.091966613385262408e-01,-1.465194709784122251e+00,1.370251144857298764e-01,-4.490081277354348588e-01,2.207238698523747988e+00,-8.686141021399272910e-01,-2.033220608115380579e-01,-2.709774464207566069e-01,1.219654862372973429e-02,2.380560846706573919e-01,-2.895217624150073776e-01,2.906279979570349226e-01,4.100196337351411091e-03,4.218021525914656400e-01,-1.441212197533291519e-04,7.936943336659587483e-03,1.281072130263691397e-04,1.245257175666211052e-01,-3.010938126983446206e-01,-3.627565031680579730e-03,5.735701946429451192e-01,-3.440650619427461539e-03,5.313050818801201038e-03,1.014620445292148572e-03
-1.063525533029592296e-01,-5.148899850539473411e-02,3.791802812892497432e-01,-1.324997815019228198e-01,1.461248622195488248e-02,2.166973427410973790e-02,9.908383852903784872e-01,-1.549599963520693846e+00,-9.859215024964869400e-02,-5.463410291104667804e-01,2.383266214795705551e+00,-8.743396019829601240e-01,-2.124293790649457447e-01,-1.456114492788957770e+00,1.404062660566548493e-01,-4.594673458882754247e-01,2.204437183277156542e+00,-8.750619155528497339e-01,-2.066847504132650615e-01,-2.716511726703984553e-01,1.217713993718724276e-02,2.427278308160183695e-01,-3.058166845599039618e-01,2.912407762987379578e-01,4.902556490764865132e-03,4.169871304278369162e-01,-1.336607240688573257e-04,8.318928767965432305e-03,6.963117287185648964e-05,1.158391422238237711e-01,-3.021447460565173104e-01,-3.950582663225716759e-03,5.716364846343132688e-01,-3.421892058583656318e-03,4.237448180198419984e-03,9.971026098499016256e-04
-1.054161576181024407e-01,-5.307854209420615615e-02,3.803733671510373671e-01,-1.363411997639863704e-01,1.360683619141349159e-02,2.883686441756104848e-02,9.901486587913651549e-01,-1.543678525492524045e+00,-1.137685808845120411e-01,-5.584286399913653831e-01,2.380541192978159248e+00,-8.731123867465976351e-01,-2.144587688505525946e-01,-1.444928059822514266e+00,1.432992871865511608e-01,-4.691369619694242266e-01,2.196811672289231687e+00,-8.763423692528865550e-01,-2.085717253190075282e-01,-2.720859111668226804e-01,1.224972372068469477e-02,2.472426987711382473e-01,-3.235421121841050573e-01,2.922093985821967443e-01,5.742316012322331437e-03,4.105897443167501049e-01,-1.523451615070633308e-04,9.121030259388315103e-03,2.787863161688134171e-05,1.063761284617304737e-01,-3.029285164546847708e-01,-4.295509711381603236e-03,5.682998315271609036e-01,-3.469130597806490898e-03,3.212256825978580376e-03,9.244929720295609653e-04
-1.044595160275878509e-01,-5.468135733174746965e-02,3.822077188754682275e-01,-1.400835551135441726e-01,1.259625557928494878e-02,3.699675769152451638e-02,9.893680669257755023e-01,-1.535791492850578699e+00,-1.303602856737509641e-01,-5.690171528032962334e-01,2.375236658371690623e+00,-8.704955863884927814e-01,-2.141957886341160910e-01,-1.431619650226504392e+00,1.433101853279978855e-01,-4.778516874975922701e-01,2.184050706850313439e+00,-8.649341770370750915e-01,-2.083315198316175176e-01,-2.729281645742001050e-01,1.154153843304725306e-02,2.521854494548462222e-01,-3.430598759712714663e-01,2.936832014411491221e-01,6.370907476396815532e-03,4.024974665046035516e-01,-2.007839733299074001e-04,1.078827192593253236e-02,-7.941943496187065909e-06,9.674943608964918507e-02,-3.027698299012115402e-01,-4.609626047012200904e-03,5.633624909734488151e-01,-3.653116120057620184e-03,2.136029088596668856e-03,7.364156210974078009e-04
-1.032480980039088558e-01,-5.615772966762829638e-02,3.843676072811473277e-01,-1.442508573724379795e-01,1.144110473987242430e-02,4.530614273505009088e-02,9.884372234492780906e-01,-1.526845827111273923e+00,-1.460925060850930268e-01,-5.809470912974559198e-01,2.369906668493199309e+00,-8.684878102799366006e-01,-2.149998103530006144e-01,-1.417185731516147573e+00,1.412989886691531638e-01,-4.876845138182234196e-01,2.174070378159115080e+00,-8.568000050214098495e-01,-2.087959701840695625e-01,-2.734552905160126390e-01,1.188740830948820972e-02,2.567452508710180714e-01,-3.632738289974887236e-01,2.950456692100619782e-01,7.144776078644636194e-03,3.926442314093649966e-01,-2.519201419098300110e-04,1.172676230545575612e-02,-7.797154880794264281e-05,8.690713286580104002e-02,-3.030940872423735222e-01,-4.925854667477663762e-03,5.568645513262069358e-01,-3.739664997527208153e-03,9.740529492664189333e-04,6.306714037839677078e-04
-1.016557435803875087e-01,-5.737315923118312122e-02,3.866504585068768485e-01,-1.495415731921758973e-01,1.034005042327784500e-02,5.258707208267879296e-02,9.873018794139021281e-01,-1.519128543908271345e+00,-1.575991730529655022e-01,-5.931951084102986549e-01,2.368588621301461750e+00,-8.667934142937087083e-01,-2.200968851246920543e-01,-1.401209452386891430e+00,1.402247099735859925e-01,-4.995663696435568846e-01,2.164603317659322013e+00,-8.543346725193927682e-01,-2.100344233576818542e-01,-2.725835577035753965e-01,1.541483193447615481e-02,2.596584367727595155e-01,-3.832413171725764789e-01,2.961364522315170777e-01,8.375440372038626957e-03,3.810794353064135831e-01,-3.244404841595725721e-04,1.089809390332774179e-02,-1.848784028986160007e-04,7.629529591084535656e-02,-3.049050630260603523e-01,-5.331502189600052788e-03,5.492284250426922032e-01,-3.623851308971335911e-03,-4.400285983717769009e-04,7.127732612815790422e-04
-1.000345288534543325e-01,-5.848847605308286207e-02,3.895553427028327076e-01,-1.548460007769057456e-01,9.688172251387001596e-03,6.067612899576733942e-02,9.860259949574929905e-01,-1.508833917139307035e+00,-1.700376711018724840e-01,-6.050286655472200126e-01,2.362449395691765375e+00,-8.671616569329113622e-01,-2.225782151780186791e-01,-1.381642991302463486e+00,1.373814109542399187e-01,-5.101951621650423485e-01,2.152676731005785271e+00,-8.574740002841714226e-01,-2.099990564895773959e-01,-2.725867010948836988e-01,1.898846451974435523e-02,2.616777110122115446e-01,-4.047893192361555204e-01,2.976835196523647253e-01,9.684617549523497418e-03,3.657948867132651549e-01,-3.987520132880677964e-04,1.129729352988610193e-02,-2.190178135815226885e-04,6.569636056112457267e-02,-3.065138290884037997e-01,-5.856401747455237256e-03,5.384146031238108421e-01,-3.640706724199554555e-03,-1.572486186413165612e-03,6.766353116549037906e-04
-9.847158394903041123e-02,-5.973789837578783596e-02,3.936231169322388368e-01,-1.592691847925791493e-01,9.281725678742148641e-03,7.079376452178819112e-02,9.846498967901051724e-01,-1.492782927903729906e+00,-1.859033930067474638e-01,-6.142172756791951516e-01,2.348757676275427642e+00,-8.676233846155096963e-01,-2.224841093406134673e-01,-1.357907379581255736e+00,1.317053826900805857e-01,-5.184981101611922938e-01,2.138079147817022463e+00,-8.662741344187263604e-01,-2.077701197593589955e-01,-2.742317161713530571e-01,1.992006584992740692e-02,2.637776306081738298e-01,-4.293028105810134387e-01,3.000310178978280451e-01,1.062839271477070309e-02,3.461102811908200461e-01,-4.453078379514809190e-04,1.418521443479190194e-02,-1.749071712919398041e-04,5.638305310393885994e-02,-3.065363933350781500e-01,-6.263276903968608214e-03,5.233789651908571372e-01,-3.908802968867983521e-03,-2.552248897479053764e-03,3.811643505939276127e-04
-9.631531951795171964e-02,-6.090734750948600951e-02,3.982695306878708541e-01,-1.640420130197271786e-01,8.979448299031810715e-03,8.111218556785922129e-02,9.830719204743287865e-01,-1.475700157090608311e+00,-2.018752525237861306e-01,-6.270006121845160818e-01,2.336012614548522937e+00,-8.705874791258619849e-01,-2.233444620651283963e-01,-1.331363566493273476e+00,1.269626678747426685e-01,-5.279461552292737947e-01,2.123625143194117992e+00,-8.842181115553726656e-01,-2.060930448043408469e-01,-2.762056193784025449e-01,2.229847784949418737e-02,2.629977463057162623e-01,-4.538029372338278633e-01,3.024397152181320103e-01,1.185867653064425799e-02,3.225480075343086228e-01,-6.347039569479176338e-04,1.539687527747338192e-02,-2.541685251650128053e-04,4.751886680873717433e-02,-3.071517118793288814e-01,-6.597733988813342561e-03,5.046684776891690039e-01,-4.003956527678348420e-03,-3.791774894720162901e-03,2.540837859781883493e-04
-9.347382049232191847e-02,-6.184470541573057478e-02,4.030794776010527269e-01,-1.705047701710044883e-01,9.309940520568446912e-03,8.998208323155719446e-02,9.811955325284277274e-01,-1.461497878238394943e+00,-2.124334041281950580e-01,-6.454495828021294956e-01,2.326064616356995352e+00,-8.769276639377714400e-01,-2.232137639394023432e-01,-1.307246094555965854e+00,1.249649989827588265e-01,-5.415919645021857187e-01,2.105905989543235268e+00,-8.987384643557763120e-01,-2.072184278528950707e-01,-2.775179732145061084e-01,3.011850307052782796e-02,2.569264413088309662e-01,-4.772520746160311411e-01,3.054046421368408759e-01,1.412740582323982440e-02,2.952492231558342950e-01,-1.084341907551664630e-03,1.291693629655912487e-02,-4.944702597423437365e-04,3.664320041984710230e-02,-3.097386825591084136e-01,-7.140061794907511840e-03,4.828428322556602148e-01,-3.742652713360778826e-03,-5.445751719801327460e-03,4.342564299616840924e-04
-9.044225568055556941e-02,-6.272229659477242258e-02,4.089073453080896425e-01,-1.764396745784907738e-01,9.551477025383142694e-03,1.000012494041973427e-01,9.791718749223085050e-01,-1.443800185452982054e+00,-2.237347981841057709e-01,-6.619855958965384923e-01,2.311663829095396583e+00,-8.796581040562243547e-01,-2.241188051032269868e-01,-1.278240768200262334e+00,1.213835769545999616e-01,-5.537078553177464668e-01,2.083770324848796207e+00,-9.099759656933179564e-01,-2.065275288085615391e-01,-2.789107293530719844e-01,3.748540333715487394e-02,2.495158330818567083e-01,-5.032703470374684240e-01,3.088942746424689356e-01,1.643575273669735035e-02,2.620745900196702061e-01,-1.463413753218945328e-03,1.248358343879177670e-02,-6.163885366218067180e-04,2.478252309775373294e-02,-3.124171933421814873e-01,-7.985744134310924711e-03,4.556801725629108790e-01,-3.622116440529274395e-03,-6.847775541337037218e-03,4.667496226038050726e-04
-8.737054507671956904e-02,-6.361163734208702403e-02,4.162840486339555168e-01,-1.800675360489752408e-01,9.089613400677879623e-03,1.123233694339598743e-01,9.771778354365590058e-01,-1.418565155104211328e+00,-2.399431754136864825e-01,-6.724656499500137885e-01,2.289898247169357859e+00,-8.751557062611267090e-01,-2.284334807191128469e-01,-1.242092198847471352e+00,1.132123998352110722e-01,-5.613553483477069506e-01,2.058124958671440297e+00,-9.188950789809630093e-01,-2.017070512972800600e-01,-2.790261449091516188e-01,4.019266681359748988e-02,2.426388023114174897e-01,-5.337989175657983365e-01,3.118858367285719524e-01,1.793348879015668751e-02,2.222659968431371369e-01,-1.685603230431988522e-03,1.631039821711061447e-02,-5.043011089894890598e-04,1.345682734686224659e-02,-3.147506227935074619e-01,-8.842777580930894984e-03,4.220047779651019959e-01,-3.838034577027458084e-03,-8.143725347308667165e-03,2.387640690189063192e-04
-8.394742127587251357e-02,-6.469494886025216329e-02,4.256425090931149624e-01,-1.846412640954795403e-01,9.529323548809051289e-03,1.258680740053062519e-01,9.746661087429476789e-01,-1.390856354291579056e+00,-2.550115297847984630e-01,-6.852170523747649344e-01,2.261770810390833830e+00,-8.701593969434344711e-01,-2.277618679481046571e-01,-1.205572737246614290e+00,1.083525041991299370e-01,-5.710314233826981889e-01,2.026399465247506360e+00,-9.263339465544292439e-01,-1.971841929311102248e-01,-2.800038552525654922e-01,4.553232341636995889e-02,2.334275934317025514e-01,-5.660363592975063973e-01,3.158323554221846297e-01,2.000180737176290857e-02,1.768548363993256434e-01,-2.121893234736832966e-03,1.810346571342635186e-02,-4.764398183956946339e-04,-1.860495816166924180e-03,-3.172813637886540694e-01,-9.584792747826269624e-03,3.819220315663014453e-01,-3.841129959334226626e-03,-9.069490138842291327e-03,1.650825094579777465e-04
-8.016982142730635919e-02,-6.602063738152368078e-02,4.379712643053320642e-01,-1.934642034199981209e-01,1.240360890732635987e-02,1.382953544415984337e-01,9.712322829380268807e-01,-1.363973359524072171e+00,-2.591602876245249765e-01,-7.084741271676754382e-01,2.223735990795128181e+00,-8.698659874997917152e-01,-2.150841415319995620e-01,-1.169500930915241765e+00,1.125977043867977395e-01,-5.866705814288104559e-01,1.971644539959877429e+00,-9.296480297378727498e-01,-1.906189894713993249e-01,-2.802045356439898383e-01,6.099685325407462611e-02,2.199309006811657752e-01,-5.959097230522766298e-01,3.215601057630449455e-01,2.457067764207701566e-02,1.284451991012204308e-01,-2.577465640360556386e-03,1.457198328610008128e-02,-4.146448287971685729e-04,-2.617269456269884220e-02,-3.204397507745641582e-01,-9.158261969021131571e-03,3.380152840079858056e-01,-3.403659875731249087e-03,-1.026097439034870558e-02,4.425333733480931635e-04
-7.583876021588345506e-02,-6.775137157394763021e-02,4.533741936092096636e-01,-1.997199175812228167e-01,1.569964997090230949e-02,1.514505925654432983e-01,9.679505119187220563e-01,-1.332045213550175244e+00,-2.613331175875777124e-01,-7.297310935861910375e-01,2.175589931985230763e+00,-8.667056235930635788e-01,-2.075076869719671702e-01,-1.130274968523849788e+00,1.152496124136426908e-01,-6.000878739767322445e-01,1.912317255648774861e+00,-9.280464816083203727e-01,-1.861450708441157176e-01,-2.761420688007044100e-01,7.105868559727662737e-02,2.041733304873849519e-01,-6.262722115117356214e-01,3.289773371982542827e-01,2.929940498384603353e-02,7.585645531663501306e-02,-3.221587378361691519e-03,1.304101022313356589e-02,-3.403719754743577135e-04,-5.456679718333887208e-02,-3.219620455481805310e-01,-8.326634839250444606e-03,2.887558262834845624e-01,-3.181424543205246813e-03,-1.101854266356952147e-02,6.458931135533978359e-04
-7.087842749064730830e-02,-6.992977444749406968e-02,4.719889311059140558e-01,-1.997949821993091901e-01,2.007310512714799433e-02,1.652231497254108561e-01,9.655984394836943929e-01,-1.295151230337650894e+00,-2.620554825316259162e-01,-7.375064910914104210e-01,2.112491219011308541e+00,-8.565121471987798829e-01,-2.041670044147609053e-01,-1.083821462233607980e+00,1.123905697258384961e-01,-6.038936255958001764e-01,1.845270157194036642e+00,-9.229370419753926136e-01,-1.843361107848980329e-01,-2.634542968787619843e-01,6.828463599695802633e-02,1.835520830475172449e-01,-6.571352742323147700e-01,3.375481532879693325e-01,3.392664351736269374e-02,1.868848864914763458e-02,-4.616347656360297522e-03,1.670038235285656314e-02,-1.636434196024327337e-04,-8.421625781962657764e-02,-3.214983700224841590e-01,-6.974395680979401761e-03,2.331085794984484316e-01,-3.422266073375968692e-03,-1.039034686294600107e-02,8.258814244740894390e-04
-6.544545842569415850e-02,-7.228073243950083882e-02,4.939477552576108099e-01,-1.994128238436809752e-01,2.349215949875152129e-02,1.853096309615670789e-01,9.619474958653727592e-01,-1.251180983079583919e+00,-2.690934860525141525e-01,-7.437414709343891372e-01,2.033473754791809807e+00,-8.321698919814708439e-01,-2.021884603509217504e-01,-1.021751848231425619e+00,9.835258301093011135e-02,-6.102214588509340398e-01,1.760086244194126293e+00,-9.051989706043380712e-01,-1.847972708695189148e-01,-2.534575765143274872e-01,6.545876692658833540e-02,1.686473800176670479e-01,-6.876103664193279341e-01,3.428096300226769477e-01,3.822749886743302683e-02,-4.243876217312828047e-02,-5.642424913086225603e-03,1.829833856997957822e-02,1.605543934401239671e-04,-1.144304867915814650e-01,-3.236178552084852389e-01,-4.818921535482530161e-03,1.726992040544617357e-01,-3.207925272448544553e-03,-1.000723041265669071e-02,9.763582773866291611e-04
-5.960303469129462489e-02,-7.484561474376288936e-02,5.195579022903229482e-01,-2.005327296539437532e-01,2.507852076793890689e-02,2.155260180537044989e-01,9.553565971277655500e-01,-1.199562465951299339e+00,-2.864155120231290930e-01,-7.578407866167853335e-01,1.937402949757836890e+00,-7.881587037372683735e-01,-2.004571421735705794e-01,-9.418550956657143480e-01,7.066235750897685575e-02,-6.304150605119838158e-01,1.660969985560656337e+00,-8.751663475300636152e-01,-1.821544930491852954e-01,-2.518404864458211323e-01,6.709949690287304869e-02,1.645297224022495286e-01,-7.158323749269960290e-01,3.408587429351330744e-01,4.020184549078165831e-02,-1.060663666147675654e-01,-5.656542315431659605e-03,1.441641793127680475e-02,4.758292751092087301e-04,-1.415354382543576317e-01,-3.302029806258258704e-01,-2.393791442539875552e-03,1.094069396210993750e-01,-2.168384860283497848e-03,-1.063065898943587988e-02,1.110141936663560334e-03
-5.296672447095721048e-02,-7.798321138764317817e-02,5.475623887279039703e-01,-1.988584829694431955e-01,2.816166546207367685e-02,2.480248308698612680e-01,9.477056017674844179e-01,-1.145980911663293078e+00,-3.030541931860642468e-01,-7.725866322194586688e-01,1.823525088395996141e+00,-7.187510545680717566e-01,-1.898812933106084622e-01,-8.651895369081855636e-01,4.649204187240275898e-02,-6.547367347710116858e-01,1.557184699141138662e+00,-8.386414050322004154e-01,-1.740436083337260353e-01,-2.521256320793640038e-01,6.259798795410449757e-02,1.573767850272182467e-01,-7.393971409242933168e-01,3.385809654496981236e-01,4.160475214606262906e-02,-1.669179045875769096e-01,-6.044290925596819582e-03,1.173260334691419819e-02,1.019133766838171713e-03,-1.668380016882822781e-01,-3.355968237095453000e-01,6.905062994549313569e-04,4.725080802041829731e-02,-1.970857594138124887e-03,-1.133597240969769562e-02,1.136885826979923582e-03
-4.550405161018578060e-02,-8.193913303607518184e-02,5.768550103344577407e-01,-1.940062233077331499e-01,3.297514579193262102e-02,2.799146056830048024e-01,9.396393130362297175e-01,-1.090874946789296862e+00,-3.182848749580748926e-01,-7.858174552776597821e-01,1.706259117677799697e+00,-6.436461143665396234e-01,-1.690953835170202479e-01,-8.138967356008948162e-01,3.236032729321887402e-02,-6.608135921941130642e-01,1.467933616089425186e+00,-7.264979662087756029e-01,-1.627177254547179097e-01,-2.560705211089074340e-01,4.865959339710691084e-02,1.452589144021844969e-01,-7.546575762859046854e-01,3.388921164311156642e-01,4.440812784861051382e-02,-2.210366622966971062e-01,-7.332641709120705717e-03,1.388156075721238072e-02,1.595656504411011424e-03,-1.928053338452907217e-01,-3.350149035025350441e-01,5.116106945917575644e-03,-1.042166766212703627e-02,-3.196169366394315935e-03,-1.141331414261542894e-02,8.095033979335854342e-04
-3.755412644002876360e-02,-8.584711423984479894e-02,6.054065745955489186e-01,-1.883002774805450641e-01,3.827248975572950657e-02,3.068078026177896156e-01,9.321733713647316621e-01,-1.041930656889069606e+00,-3.183406075355983966e-01,-7.919409537895126805e-01,1.589071898021745755e+00,-5.703924748409652246e-01,-1.426671632691744185e-01,-7.888942936640795933e-01,2.687341045412461327e-02,-6.539303285760971196e-01,1.418193288664452378e+00,-6.183710394320284243e-01,-1.496517069430878810e-01,-2.573046504718485283e-01,3.330528991220654128e-02,1.294190514779652301e-01,-7.633834122595810623e-01,3.392225523516458896e-01,4.734675256395689397e-02,-2.688271013973098089e-01,-8.270786926668372702e-03,1.668855878451077843e-02,2.380622657588650840e-03,-2.207576670519957318e-01,-3.342461499563881833e-01,9.105096907139717533e-03,-6.679646281967432930e-02,-4.132756343407662999e-03,-1.144502943096479576e-02,6.505938258491062061e-04
-2.968839630182866507e-02,-8.909448087409049810e-02,6.314260441008483493e-01,-1.851605989225905968e-01,4.033268434669727565e-02,3.263044954650032303e-01,9.260746208699091042e-01,-1.009167027748911760e+00,-2.969459890789564183e-01,-7.807141705611049254e-01,1.500191869275432577e+00,-4.917455674682653100e-01,-1.299903343467817551e-01,-7.874558034351284430e-01,3.050707017786992090e-02,-6.462895888937441047e-01,1.423967427483067816e+00,-5.506120693830804935e-01,-1.369739188839428079e-01,-2.536885061170039424e-01,2.636662963882597729e-02,1.164170603345934668e-01,-7.675883315376277327e-01,3.363215648560682891e-01,4.873055474539263882e-02,-3.115560113625032157e-01,-8.431162592287589491e-03,1.876225434317277743e-02,3.432622410305991197e-03,-2.533248783199035237e-01,-3.360860459585346960e-01,1.138629495918076079e-02,-1.236024762420692424e-01,-4.254739886198193391e-03,-1.220914634314202232e-02,7.128592552466588104e-04
-2.207822022533070111e-02,-9.190049162531706284e-02,6.550526597484208624e-01,-1.832883946896939897e-01,4.144198120459631485e-02,3.423071204433937309e-01,9.206051063619317132e-01,-9.984654490557069995e-01,-2.672512604084599785e-01,-7.441847624468981293e-01,1.450844302160973376e+00,-4.050546280573341096e-01,-1.163829095588613666e-01,-8.075025310421748426e-01,3.969379398944947179e-02,-6.277596807107782562e-01,1.465320683189825113e+00,-4.853781900239371172e-01,-1.210938847743727731e-01,-2.521805641023351363e-01,2.371355474889921822e-02,1.042399094566888035e-01,-7.673963505087785242e-01,3.313418224381000088e-01,4.754346927244670895e-02,-3.490085205454750983e-01,-8.090551634466114708e-03,1.650660927048923365e-02,4.114628971288759006e-03,-2.911662154709335204e-01,-3.383473113972184643e-01,1.227275226165449457e-02,-1.764194576978191376e-01,-3.763541062116789165e-03,-1.280563053505731977e-02,8.717590125263429725e-04
-1.471594990406943290e-02,-9.453415053085055531e-02,6.764186537671896815e-01,-1.808687111029507744e-01,4.340048546417796249e-02,3.582962375201600991e-01,9.148916402417976990e-01,-1.009901453261985882e+00,-2.386696561904284863e-01,-6.812988892972126065e-01,1.448326840530260506e+00,-2.948444204763619458e-01,-9.797565206129989213e-02,-8.446869344859950779e-01,5.066264811672301777e-02,-5.907857096492895588e-01,1.526723420013528010e+00,-4.104921688382698330e-01,-1.011352464517543404e-01,-2.575437708693529282e-01,1.981166556055553862e-02,9.226504296800529248e-02,-7.648281656241091575e-01,3.249640722944823756e-01,4.242364517618003178e-02,-3.804419310714899360e-01,-7.244806518882949964e-03,8.722662021278897865e-03,4.201512007034820771e-03,-3.325932099795085306e-01,-3.393558820451877955e-01,1.107028521333915799e-02,-2.230628647780988905e-01,-2.652321177075016561e-03,-1.271433137129579158e-02,9.363844611214282168e-04
-7.403448207155372690e-03,-9.711522682297210607e-02,6.957082235804237236e-01,-1.776386821331379928e-01,4.661855635088011512e-02,3.738003646207774255e-01,9.091449258633821362e-01,-1.040406403483689290e+00,-2.085412534620431635e-01,-5.978958782319687693e-01,1.485661581223197469e+00,-1.791174364051148493e-01,-7.562768541041786641e-02,-8.949240272561496123e-01,6.519123247835344193e-02,-5.373677177628005674e-01,1.604652511332919973e+00,-3.115975971469748251e-01,-7.931125915183295794e-02,-2.664755676328703360e-01,1.382222243893432671e-02,7.845218920030487542e-02,-7.581017264827341062e-01,3.176460626404809529e-01,3.528374005869044927e-02,-4.027302757431736047e-01,-6.189894274306937880e-03,1.108109164238240546e-03,3.926678128110289157e-03,-3.772874257854132996e-01,-3.393168165100798328e-01,9.377553258625468541e-03,-2.633174191373944817e-01,-1.664594282593029415e-03,-1.145982379778740651e-02,9.115529735813508901e-04
3.309224923513012090e-05,-9.970256968246243856e-02,7.130509067444633642e-01,-1.733351190762648930e-01,5.167709462489693262e-02,3.886495282641576621e-01,9.034577790721562973e-01,-1.087922850647270456e+00,-1.761576874134503368e-01,-5.013698009740422679e-01,1.555481289038384896e+00,-7.513699177204150037e-02,-5.099200825376733887e-02,-9.537894461694045312e-01,8.477339753508371378e-02,-4.688071298590316127e-01,1.696614373938202247e+00,-1.851006260602416909e-01,-5.653464801140540424e-02,-2.765308350535206072e-01,5.102019837551053857e-03,6.081115076780051198e-02,-7.455278430608149876e-01,3.107034812739470353e-01,2.845762581029007143e-02,-4.129963140701078395e-01,-4.937065834010308761e-03,-3.869110062756647359e-03,3.581147559795211724e-03,-4.252266423351392377e-01,-3.390068314658773452e-01,8.241022286745303474e-03,-2.977182403620978746e-01,-1.009949380747585373e-03,-9.224605027099059412e-03,9.722839060423571359e-04
7.510878900789410423e-03,-1.023191460207075881e-01,7.290418483208553901e-01,-1.686497253880737679e-01,5.700821805690899774e-02,4.039040024972920806e-01,8.973120360093079784e-01,-1.139561560927837780e+00,-1.417855593437429562e-01,-4.074355520097434624e-01,1.639705610216256826e+00,1.797124678427151900e-02,-2.523739714632731307e-02,-1.009272352107836390e+00,1.048839739900795515e-01,-4.013158628226157765e-01,1.793041153882101391e+00,-5.843402059252458813e-02,-3.624524581699473114e-02,-2.858455755035119727e-01,-4.392835852526498497e-03,4.406933951622232087e-02,-7.288516575654075957e-01,3.031741459582131815e-01,2.157723426526223648e-02,-4.143268590105711469e-01,-3.743511435853139752e-03,-5.944201552877154300e-03,3.149151104970663879e-03,-4.740139805795648975e-01,-3.385632857939140372e-01,6.617567526058398646e-03,-3.268238548704664459e-01,-2.956702880125322737e-04,-6.450003215090878428e-03,9.625331152448224825e-04
1.502799476628239109e-02,-1.049540798633300520e-01,7.440016171116956567e-01,-1.642918601409756318e-01,6.213238134794819151e-02,4.190644758478324627e-01,8.908045335323745428e-01,-1.189529328998920166e+00,-1.049640416726183439e-01,-3.237861033142915290e-01,1.726823824777504290e+00,1.000558576711759740e-01,1.801834890941916151e-03,-1.057595985999848498e+00,1.227452000513347130e-01,-3.434182760669644008e-01,1.888472799382130640e+00,5.830151337792841004e-02,-1.939968642581606575e-02,-2.908982554165359669e-01,-1.313084387190192187e-02,2.907300304049241502e-02,-7.097482645043819982e-01,2.956636808017629181e-01,1.519036147474121801e-02,-4.097968710858139185e-01,-2.568950781812570812e-03,-5.285089985840791572e-03,2.808129450276920704e-03,-5.222448577328580033e-01,-3.387200461363564785e-01,4.801203144374413014e-03,-3.505348225209622415e-01,6.324782259509039405e-04,-2.744410149452538097e-03,9.998053982523953491e-04
2.247257198538917672e-02,-1.075784635298915604e-01,7.582158180950527848e-01,-1.605934838534387732e-01,6.649988782594526415e-02,4.346301828945171586e-01,8.836764690654770327e-01,-1.233893789383719186e+00,-7.005779245735906102e-02,-2.558142798602119905e-01,1.810622029749678674e+00,1.694584207402113352e-01,2.457952804838350186e-02,-1.096969668551515342e+00,1.352150399067760245e-01,-2.981703589529946519e-01,1.975966357549152175e+00,1.574298151198859630e-01,-5.846875989893534839e-03,-2.918418422724804451e-01,-2.016740695480048751e-02,1.780406332906391692e-02,-6.897954502031610202e-01,2.880472591370287772e-01,9.051089029049788626e-03,-4.020188242607443674e-01,-1.380396734547116805e-03,-4.441985376897432392e-03,2.461934194169091220e-03,-5.690060598685879878e-01,-3.389792513683568820e-01,2.486980655048860386e-03,-3.697050597959106177e-01,1.525892815449446296e-03,5.631157378393042943e-04,9.555592750968766244e-04
2.982178552427182036e-02,-1.101929937416142036e-01,7.718319033249056993e-01,-1.576920181020325940e-01,6.988487078017437126e-02,4.503209871584394342e-01,8.760481383962833712e-01,-1.271197582627784151e+00,-3.839459608138164060e-02,-2.045452200569487233e-01,1.887553484359399736e+00,2.262205267325635705e-01,4.194755543811450743e-02,-1.128417359167529277e+00,1.404645396413908287e-01,-2.668067656527229881e-01,2.051765681595771884e+00,2.371663764794278706e-01,4.537368307185988409e-03,-2.878695976968602133e-01,-2.523643370633334160e-02,1.064274009358867797e-02,-6.710294539710385253e-01,2.810404250936824888e-01,3.241991233294666194e-03,-3.935096051515130089e-01,-1.162171556193033074e-04,-4.914455820293401646e-03,2.125502565132321182e-03,-6.140127209818379006e-01,-3.388062179437043020e-01,-7.998170191967019296e-05,-3.849335574054911224e-01,2.372550990111417079e-03,3.104476957884196985e-03,8.582022730299954973e-04
3.715668119245037898e-02,-1.127439220347053461e-01,7.848386241646306827e-01,-1.553039732803550010e-01,7.281381675436440770e-02,4.661631450435518298e-01,8.679117156578194381e-01,-1.303146994138479675e+00,-1.174974255329472306e-02,-1.669978425454530235e-01,1.957267850846048152e+00,2.697593777573973339e-01,5.452495019929037845e-02,-1.154980823966392123e+00,1.397240695356664897e-01,-2.444571471738422874e-01,2.117073394809227960e+00,2.979478164126843076e-01,1.248174457671978772e-02,-2.800550624198346883e-01,-2.917442301579609154e-02,5.906481226393668453e-03,-6.536875698385549160e-01,2.749454067138679680e-01,-1.921642071225494568e-03,-3.848986525722452035e-01,1.031018225444689041e-03,-5.320325910909045122e-03,1.865345246072127976e-03,-6.552109160625867457e-01,-3.381458855652483275e-01,-2.389202334204378574e-03,-3.955701569299829856e-01,3.020127131404497147e-03,4.876471472263999019e-03,7.800205667281456161e-04
4.454182097630493553e-02,-1.151582645048501718e-01,7.972068072726686827e-01,-1.532648407718763539e-01,7.561640820765537507e-02,4.821855272092825939e-01,8.592375484945065089e-01,-1.330433592761441908e+00,9.633429808955040752e-03,-1.404687396477846406e-01,2.020049966499172012e+00,3.006301901014303835e-01,6.342012626391201058e-02,-1.178854023103492965e+00,1.341937099907323516e-01,-2.273234632505309327e-01,2.173141490708994095e+00,3.420593988025212862e-01,1.835987686405780167e-02,-2.698164709635457736e-01,-3.242959081572150543e-02,2.222995265169981204e-03,-6.384633236719750027e-01,2.701512973790127781e-01,-5.968001245456517646e-03,-3.766141522639880335e-01,2.073341134758259485e-03,-5.082515051670137909e-03,1.739695760909797497e-03,-6.910333114602876803e-01,-3.370611162462718857e-01,-4.320499027820413722e-03,-4.012081239675097111e-01,3.479292193671833927e-03,6.661332992398321350e-03,7.774441534505574557e-04
5.200295245047627246e-02,-1.174198722784688120e-01,8.089487327044647680e-01,-1.516025268760443356e-01,7.818809266372740707e-02,4.982085337025765615e-01,8.501126707421398088e-01,-1.353968745628264081e+00,2.714742275214699491e-02,-1.222086145903769488e-01,2.075759692108702925e+00,3.223368823263256244e-01,6.817224426406016946e-02,-1.200695853665112445e+00,1.262012302511096029e-01,-2.136519209392647167e-01,2.220285981411767029e+00,3.719937608635066617e-01,2.207039092651993245e-02,-2.570509366760548864e-01,-3.505296999698728766e-02,-3.761800733022447468e-04,-6.249840377126538726e-01,2.662806434797456157e-01,-9.209062932530242759e-03,-3.687389385785685425e-01,2.754442689394695151e-03,-4.748206833530526326e-03,1.632778635880320498e-03,-7.195482157426061898e-01,-3.357619025696004234e-01,-5.743155970440762259e-03,-4.025718183541560080e-01,3.771320626576015779e-03,7.230917910079468283e-03,8.011022089619217017e-04
5.955769898688650921e-02,-1.194842008002093281e-01,8.200432363184125828e-01,-1.504259815073477058e-01,8.046560931040329379e-02,5.141493565537372801e-01,8.405639469791890139e-01,-1.374284639175365585e+00,4.270920797131504826e-02,-1.101032910182219576e-01,2.124825606102654696e+00,3.366328222849836460e-01,6.884375209591424294e-02,-1.221149516590518624e+00,1.171444522707773689e-01,-2.019793213404680876e-01,2.259413930288041605e+00,3.894724692517760323e-01,2.312827071724272987e-02,-2.424414216025602975e-01,-3.680818442983035954e-02,-2.172595358995334149e-03,-6.132645111038705910e-01,2.632386564906775139e-01,-1.167826095690586985e-02,-3.613834039892288574e-01,3.105075716945932419e-03,-4.557044707087521025e-03,1.577609661074928522e-03,-7.396245373357362984e-01,-3.347967381629873840e-01,-6.793406659890541613e-03,-4.002096552849900291e-01,3.964814025268051205e-03,6.573606597279011039e-03,8.539332043315424337e-04
6.717803999700153184e-02,-1.213603236445002370e-01,8.304094979543640287e-01,-1.496897678477706606e-01,8.260786390116099664e-02,5.298799830584682846e-01,8.306600494650765443e-01,-1.392648804252099026e+00,5.646273710834285448e-02,-1.023935849801767550e-01,2.167761043345802552e+00,3.465159731168446777e-01,6.716187826476208156e-02,-1.241145923521081551e+00,1.078897137593810840e-01,-1.916107679562909227e-01,2.291939126841886498e+00,3.989202033708756368e-01,2.259244273289198052e-02,-2.262564813424879639e-01,-3.768133268532632835e-02,-3.494061339666316469e-03,-6.029271089133116934e-01,2.608830869353777615e-01,-1.352029770031589959e-02,-3.548799144806702444e-01,3.434886047610105804e-03,-4.679403147787904692e-03,1.587104664325228714e-03,-7.531529914422523397e-01,-3.337444606638840239e-01,-7.484313994959941076e-03,-3.957837962557630429e-01,3.996017242889105675e-03,5.363533849818634056e-03,9.384058765957395843e-04
7.485845635944302079e-02,-1.230500985360022947e-01,8.399644310474086994e-01,-1.494102971720179251e-01,8.475002801075658121e-02,5.452638413460624278e-01,8.204762880008656944e-01,-1.409834290192375050e+00,6.950636620046465874e-02,-9.758989214469632190e-02,2.205233764484516801e+00,3.529984959222938756e-01,6.418291943648760101e-02,-1.261561745861302430e+00,9.904207305086337731e-02,-1.820901188343177768e-01,2.319275764082815883e+00,4.023700245794278318e-01,2.059103818323378826e-02,-2.090425006263077201e-01,-3.765510256613324030e-02,-4.828308520921499418e-03,-5.939459801478720324e-01,2.591819080764380390e-01,-1.483802842808671675e-02,-3.493565637835214233e-01,3.867004424336706239e-03,-5.305596933388201028e-03,1.659629959674725026e-03,-7.623270880504161573e-01,-3.327493696436095161e-01,-7.931830122853915366e-03,-3.902732011466783502e-01,3.857062186365188983e-03,3.830723657266678003e-03,1.060700280471516379e-03
8.258219119516720108e-02,-1.245683059000734921e-01,8.486872832829039925e-01,-1.493503475950153092e-01,8.671382613088594871e-02,5.603576716325470164e-01,8.100459652844025360e-01,-1.425681699334591102e+00,8.157438511540791859e-02,-9.459019914394108108e-02,2.238166648686115590e+00,3.564660524821833265e-01,5.992929068062169407e-02,-1.281524675455588236e+00,9.093252629863815550e-02,-1.732381686885040017e-01,2.341888581750319442e+00,4.013464370450245400e-01,1.780764214909799636e-02,-1.909509129749708545e-01,-3.706883070471202885e-02,-5.681388015667019654e-03,-5.863172300330888875e-01,2.578170979709081823e-01,-1.585934510057071534e-02,-3.447521572611947360e-01,4.294969783298576219e-03,-5.872377911264449989e-03,1.771918554261740384e-03,-7.685503392449686277e-01,-3.317047780161684889e-01,-8.245362730424941888e-03,-3.845392035878602011e-01,3.686345088570232471e-03,2.394215264475771029e-03,1.171766679984140476e-03
9.035072290724416311e-02,-1.259049152622857271e-01,8.565308301103553568e-01,-1.494215009648284243e-01,8.851455128833872477e-02,5.751753686664903276e-01,7.993820641839590735e-01,-1.440252687452026725e+00,9.329814505039057959e-02,-9.264046775531607769e-02,2.267656044119614744e+00,3.568602116897202636e-01,5.434047268138342962e-02,-1.300777523624524701e+00,8.342970661053690506e-02,-1.645112293381979507e-01,2.360464635883325446e+00,3.963345695675934421e-01,1.363951812782697795e-02,-1.723755076128459240e-01,-3.608313209331692750e-02,-6.308945046710406207e-03,-5.806452515209388210e-01,2.567283991731719173e-01,-1.671600118159507348e-02,-3.406008769439667905e-01,4.733764706914660170e-03,-6.328872548170094529e-03,1.908005736028248059e-03,-7.732621600231901482e-01,-3.310453862272672576e-01,-8.562512176180973877e-03,-3.788563215616375102e-01,3.604856962967073735e-03,1.112995403441468254e-03,1.320333487955130435e-03
9.817984572140889266e-02,-1.270669515028674534e-01,8.635185837408028142e-01,-1.494045110052777403e-01,9.005046726530893664e-02,5.897866764778421089e-01,7.884927911438336379e-01,-1.453095544323955934e+00,1.044202691603997035e-01,-9.101394612397128991e-02,2.293557194119839160e+00,3.554521660371404712e-01,4.863598711818662573e-02,-1.318498251666404997e+00,7.679306607400107620e-02,-1.559650460284275342e-01,2.375229555055099251e+00,3.887570875971552709e-01,9.353444038827204293e-03,-1.535245659613335978e-01,-3.513927322103750639e-02,-6.340408332137664228e-03,-5.765104122659485686e-01,2.558416176869976466e-01,-1.749341862336348252e-02,-3.371987297077597145e-01,5.101821569210822881e-03,-6.813113961775265313e-03,2.029501685539815848e-03,-7.766156394177406996e-01,-3.305236176352674971e-01,-8.880782177884800899e-03,-3.736873246786588387e-01,3.530618480954951337e-03,-2.695258242046624786e-05,1.448597527494918658e-03
1.061091862309445077e-01,-1.280610482739583389e-01,8.696307776355952646e-01,-1.492582577709810621e-01,9.134196387198698086e-02,6.042107719840544844e-01,7.773724725905923894e-01,-1.464218268889021068e+00,1.159308039818588709e-01,-8.946889162346476077e-02,2.316219136233584663e+00,3.525578541991757908e-01,4.326708490792369188e-02,-1.334679588411615603e+00,7.104013014374006840e-02,-1.473585391429478308e-01,2.386812780512952425e+00,3.792022412499426176e-01,4.798008989995347293e-03,-1.350578426518290742e-01,-3.456663663463575842e-02,-5.888630794248622333e-03,-5.743564819136425248e-01,2.555080731757274903e-01,-1.807091226841038567e-02,-3.347246428736304624e-01,5.363040484009475202e-03,-7.400036003981927228e-03,2.118474421413674320e-03,-7.788911806917990788e-01,-3.303396724151642649e-01,-9.239098376215185149e-03,-3.691854340139310575e-01,3.310274563356664472e-03,-8.619938940793646061e-04,1.346923929938206822e-03
1.141181771939390466e-01,-1.288579354009612987e-01,8.748312511273284020e-01,-1.490372579935670405e-01,9.256002153115951148e-02,6.184067365537189165e-01,7.660245729275845239e-01,-1.474281522877084250e+00,1.272215474613646591e-01,-8.762834480468688347e-02,2.336117371392040010e+00,3.495926572917734676e-01,3.809342009110899818e-02,-1.349669033581106570e+00,6.630835947636123939e-02,-1.386545982635077334e-01,2.395728434564023068e+00,3.696906763300131238e-01,2.328675762427838414e-04,-1.167043421024833716e-01,-3.423836815108743242e-02,-5.437229949475203342e-03,-5.737167054536823629e-01,2.553964333267390585e-01,-1.854043185294992901e-02,-3.333378500878326767e-01,5.612357601383251467e-03,-8.031609080894931696e-03,2.200259567874964916e-03,-7.803723842455019266e-01,-3.303252349452481806e-01,-9.656052413109655896e-03,-3.654569400137220314e-01,3.090494014042100869e-03,-1.732506990224205994e-03,1.232075951595435707e-03
1.222011815159302212e-01,-1.294702439609322353e-01,8.790781717776829929e-01,-1.487065507645009554e-01,9.384435524816936436e-02,6.323677293615075357e-01,7.544472503826559207e-01,-1.483512221987915325e+00,1.390073463447907276e-01,-8.527094279426203349e-02,2.353603559940860901e+00,3.466331920338300288e-01,3.317284017935792639e-02,-1.364076922923557422e+00,6.213313488909642801e-02,-1.289509790466519812e-01,2.402823732102455256e+00,3.609876953592386362e-01,-4.129915893451293479e-03,-9.882408224705591104e-02,-3.444869778266364951e-02,-5.177594932313236802e-03,-5.751175700592089379e-01,2.557926990427805691e-01,-1.873784057510421638e-02,-3.332279175350457701e-01,5.952899933873439728e-03,-8.461377442314680503e-03,2.396872342576453728e-03,-7.815150902696493818e-01,-3.308862454984711765e-01,-1.024407535184747309e-02,-3.621341034433548933e-01,2.866207048674301958e-03,-2.397429206239479454e-03,1.080025673135500113e-03
1.303277657398405343e-01,-1.298905723709547488e-01,8.823676650240857011e-01,-1.483394941173131476e-01,9.507404642926070570e-02,6.460414004713482816e-01,7.426889180926318224e-01,-1.491986052179846034e+00,1.507501753728694438e-01,-8.253066754659092730e-02,2.369442286281812304e+00,3.437128043572208469e-01,2.853365138483887620e-02,-1.377650807501401342e+00,5.906552778593850833e-02,-1.188954306999476379e-01,2.407750884752451359e+00,3.534412100809539159e-01,-8.306047829738226473e-03,-8.096120403928888654e-02,-3.480658591606741042e-02,-4.935613740252215581e-03,-5.782815780982005771e-01,2.563565653127162225e-01,-1.876071237642849138e-02,-3.343008037182059189e-01,6.238374401643834166e-03,-8.808743493061139615e-03,2.596084555547200495e-03,-7.825008033065710134e-01,-3.317569632168108629e-01,-1.093695654649643779e-02,-3.595124041220594258e-01,2.640361335385717385e-03,-2.928255756487681792e-03,9.108335383750573158e-04
1.384901819551303259e-01,-1.301455492872968245e-01,8.846837006467463960e-01,-1.480124595077224603e-01,9.615936388566835580e-02,6.594410694040955256e-01,7.307415169201485483e-01,-1.499881382012729913e+00,1.629225546874579211e-01,-7.993984498140369044e-02,2.384335377980778325e+00,3.407647931149773157e-01,2.367905798030749479e-02,-1.390538358344342029e+00,5.652681926737340712e-02,-1.090203939941986611e-01,2.410163903633757876e+00,3.469447444200620678e-01,-1.357325785935623898e-02,-6.313521939553630447e-02,-3.513305565547721748e-02,-4.579797732383690187e-03,-5.842439178065563787e-01,2.573123901591888307e-01,-1.852326922741354132e-02,-3.358393539763412927e-01,6.384053127812357696e-03,-9.472571519617108832e-03,2.697202269488475912e-03,-7.833408305899358659e-01,-3.329039050665590360e-01,-1.175716717394251556e-02,-3.572217493444272973e-01,2.544683365521355212e-03,-3.445919946497926455e-03,1.067298227502610879e-03
1.466783810482391870e-01,-1.302278930000971557e-01,8.860421983044937111e-01,-1.476031346538219380e-01,9.717726659848277548e-02,6.728088104925639135e-01,7.183997480653737666e-01,-1.507041220366714063e+00,1.740955010986195151e-01,-7.689139983284887236e-02,2.397498199162215293e+00,3.379736275345172625e-01,1.956504342429673388e-02,-1.402434479420737734e+00,5.419337829032822018e-02,-9.933273806558268193e-02,2.410921557462391007e+00,3.412063659064316079e-01,-1.855003715931327277e-02,-4.612371308350078636e-02,-3.559254098457422660e-02,-4.023765841251027500e-03,-5.924015442135575071e-01,2.584499702743719984e-01,-1.815382163659389966e-02,-3.380220760943689062e-01,6.590212096093677092e-03,-1.011856285224782721e-02,2.829053400608144090e-03,-7.839864370352740419e-01,-3.341740600926339511e-01,-1.264040035053319577e-02,-3.557775553900169307e-01,2.499592208884424648e-03,-3.805858970757954561e-03,1.244913475630702194e-03
1.548999034966296595e-01,-1.301057153489787455e-01,8.864551634430263283e-01,-1.469945695592094204e-01,9.832241849055915750e-02,6.863736376141161832e-01,7.054193987484566053e-01,-1.512774546290762689e+00,1.835324023624006484e-01,-7.264907904426579077e-02,2.408292916851169085e+00,3.349583111095646437e-01,1.734859241933240509e-02,-1.413621609114213529e+00,5.231121570892834777e-02,-8.830111171377741375e-02,2.410615012144361025e+00,3.375486727236918227e-01,-2.282082761996771444e-02,-3.153102056350379212e-02,-3.664234876152852594e-02,-3.577430152200752802e-03,-6.024093234270800901e-01,2.596598735574100481e-01,-1.791657882690593506e-02,-3.411018560600663774e-01,6.951223921040979026e-03,-1.015922297978584521e-02,3.108479747489346391e-03,-7.843886221693107119e-01,-3.356111470832904287e-01,-1.363082837407281027e-02,-3.554795650349521496e-01,2.351805705429951647e-03,-3.897895035466688793e-03,1.026854995818512074e-03
1.631087214126625273e-01,-1.297904442873415443e-01,8.859138259344460087e-01,-1.462384826214462585e-01,9.956337009143441386e-02,7.004620329049265903e-01,6.914147684243581171e-01,-1.517729707910778769e+00,1.899171196230556580e-01,-6.693664924952737183e-02,2.416483101079882623e+00,3.325924526165376371e-01,1.527969352507392402e-02,-1.423621172636718279e+00,4.910435092345041136e-02,-7.698452943008568528e-02,2.410016723153624696e+00,3.347684482743620293e-01,-2.701409000220973688e-02,-2.034900056821997705e-02,-3.779635288271909754e-02,-3.121330385705751043e-03,-6.138398252663571641e-01,2.608122465225121145e-01,-1.766403250988790932e-02,-3.444635747229099487e-01,7.304303786797612143e-03,-1.026043144004293133e-02,3.383843711642690183e-03,-7.848946475950770996e-01,-3.371339860379594100e-01,-1.468209505781840375e-02,-3.563275871204808487e-01,2.266339916263723341e-03,-4.003620062363102798e-03,8.180885826169383276e-04
1.712556726234242266e-01,-1.292232087118494743e-01,8.844192899334416547e-01,-1.453322360935374868e-01,1.008471114460573748e-01,7.153540257305660566e-01,6.760007537984774606e-01,-1.521718918300162038e+00,1.929317230121665450e-01,-5.950912969007365882e-02,2.422295193553610559e+00,3.295564994711590034e-01,1.318093022191262412e-02,-1.431393748776766950e+00,4.259451705717901687e-02,-6.492291509334560673e-02,2.410274688507901608e+00,3.309196130722222851e-01,-3.241662461315226312e-02,-1.358534820150245070e-02,-3.863190501891878431e-02,-3.020824001060541057e-03,-6.268778364766800504e-01,2.622661514010248274e-01,-1.727702184048006753e-02,-3.478964737512558192e-01,7.536696107407239199e-03,-1.058991187959828356e-02,3.596614282788241322e-03,-7.845781701972893707e-01,-3.386529176588693457e-01,-1.549444144567452275e-02,-3.579512292765343884e-01,2.239833476793573908e-03,-4.687387716462344638e-03,5.685233464443209626e-04
1.793339509059707071e-01,-1.284472210369138612e-01,8.819670826837843203e-01,-1.443140199964176307e-01,1.021658002167732671e-01,7.307114731772337279e-01,6.593908976212025097e-01,-1.525115147077048983e+00,1.928982129353965791e-01,-5.065681522514123986e-02,2.425994759284785918e+00,3.271967563035174664e-01,1.126848216330571598e-02,-1.437428598716949946e+00,3.402259231685950125e-02,-5.191409787119630193e-02,2.410406336581702558e+00,3.276552299981982941e-01,-3.775622452860696865e-02,-1.029781793124496039e-02,-3.918729567081560144e-02,-3.155378857078925108e-03,-6.410645599231118430e-01,2.639337679030004380e-01,-1.676439116339802082e-02,-3.512850834025667557e-01,7.705043220245968993e-03,-1.096200870930274032e-02,3.813484352495874301e-03,-7.843923938171416532e-01,-3.400248975653057393e-01,-1.615861053890297119e-02,-3.603251677001591546e-01,2.192515730530670160e-03,-5.342833858555777644e-03,3.211467580495283862e-04
1.873866718861100233e-01,-1.275485781972578725e-01,8.785415642124198010e-01,-1.431207153136914434e-01,1.034897184238301598e-01,7.462540152737577870e-01,6.418031502855420234e-01,-1.528084039841001163e+00,1.909197528107363095e-01,-4.097298204157340251e-02,2.428093567638789807e+00,3.253436753080974908e-01,9.467609256613331373e-03,-1.442455653735963184e+00,2.399277669711410294e-02,-3.779183619781232434e-02,2.409351838980867022e+00,3.250922519886073614e-01,-4.308982388988779472e-02,-9.817219552833572616e-03,-3.989444620742244041e-02,-3.003000341332798424e-03,-6.577909718009149476e-01,2.660278909478965281e-01,-1.610259083025158966e-02,-3.537406916201338292e-01,7.825249750794700115e-03,-1.164074288329397522e-02,3.950173262002898943e-03,-7.851685441090251460e-01,-3.411445320981550400e-01,-1.657980316178465571e-02,-3.631425379068664028e-01,2.400452023714479133e-03,-5.392522109102046261e-03,2.794593709081005881e-04
1.953915795579192205e-01,-1.265232307075041807e-01,8.741517785661283568e-01,-1.418448666446610051e-01,1.046872199627950778e-01,7.616606551914960610e-01,6.235332117187335488e-01,-1.530692576258059656e+00,1.875206114269685476e-01,-3.083985611193750670e-02,2.429100806470207985e+00,3.244112739506877507e-01,7.515461419135621365e-03,-1.446378932491877878e+00,1.379541267175814559e-02,-2.287591233393400716e-02,2.406384016561182282e+00,3.239289869167528702e-01,-4.857742295220715545e-02,-1.085975063319322143e-02,-4.039201647385824018e-02,-2.488202378918214636e-03,-6.760536453160272963e-01,2.681246151431749825e-01,-1.539422501718090697e-02,-3.560678934003456697e-01,7.953661283352972053e-03,-1.225534507330728468e-02,4.078724550854897872e-03,-7.871181016563574273e-01,-3.421396354171936105e-01,-1.690433511137032913e-02,-3.663380943026517400e-01,2.646184693951114230e-03,-5.496046289044686714e-03,2.413537038557087748e-04
2.033343149675979622e-01,-1.253625887057281119e-01,8.688082997423458576e-01,-1.405494145644486104e-01,1.057605549487100616e-01,7.767315515790143010e-01,6.047715799078086096e-01,-1.533132702630589428e+00,1.830303687132494583e-01,-2.062061241255800509e-02,2.429197887521572063e+00,3.246144795083374945e-01,5.572394833303813584e-03,-1.449276138812375603e+00,3.714946218070943468e-03,-7.463765408220976796e-03,2.401003334570073644e+00,3.242961501081354503e-01,-5.496116960136648161e-02,-1.254510078182195440e-02,-4.058523609009684341e-02,-1.727184558380295007e-03,-6.948277216953188118e-01,2.701062896659101042e-01,-1.464792617524605586e-02,-3.588394067366575957e-01,8.077351291460902263e-03,-1.257920628430333684e-02,4.203877848916612314e-03,-7.901066308488301493e-01,-3.431009430052395226e-01,-1.713602410571855514e-02,-3.697363288420095206e-01,2.767768658689389368e-03,-5.955584156661711259e-03,-2.422717645620011242e-05
2.112409163335849938e-01,-1.240621700681144995e-01,8.624870532420187974e-01,-1.391336353905600620e-01,1.067890084804664075e-01,7.913233412474844908e-01,5.857006989646511563e-01,-1.535199083314045421e+00,1.782256400115360961e-01,-9.485569610483456440e-03,2.428557568075029316e+00,3.256367344305092226e-01,3.603745141818299504e-03,-1.451283456032910424e+00,-5.569860511325885541e-03,8.487314819709762884e-03,2.394580579930378317e+00,3.246625964970974998e-01,-6.144480807675715972e-02,-1.444139771314486426e-02,-4.089538632218875369e-02,-7.237582186052843921e-04,-7.141648911711269143e-01,2.721659151934684440e-01,-1.392749022424227996e-02,-3.620283513603177461e-01,8.129410599038150789e-03,-1.293134965382393073e-02,4.322805590899393528e-03,-7.943392788465649668e-01,-3.439061582351065627e-01,-1.729257207381246567e-02,-3.732465002611431992e-01,2.882026854312964327e-03,-6.303345665842800295e-03,-2.776953410152964083e-04
2.191264476357774604e-01,-1.225832581835840235e-01,8.552035016023171732e-01,-1.372685836853353991e-01,1.080103498438087645e-01,8.054353591799183754e-01,5.663611766729372832e-01,-1.535847925357031629e+00,1.728166035115807631e-01,3.702801679650117792e-03,2.427090676541974190e+00,3.261518626172948965e-01,1.652323640190301842e-03,-1.452112891276488238e+00,-1.428045550236272006e-02,2.546969849528178675e-02,2.388522692826825278e+00,3.238721558458764194e-01,-6.808077897773405496e-02,-1.639705849118388431e-02,-4.227320097986809327e-02,5.593893499566582501e-04,-7.334536209072778368e-01,2.744476271534196377e-01,-1.332016811873344524e-02,-3.655851217875766834e-01,8.096274823117827896e-03,-1.312255731253027247e-02,4.508329674330763259e-03,-7.991188399180247925e-01,-3.443631621838134649e-01,-1.737121082458051302e-02,-3.764156460995866649e-01,3.039409257126013484e-03,-6.587276594575051936e-03,-5.302647840706758075e-04
2.269587049040440174e-01,-1.209666123917540193e-01,8.470146134334616272e-01,-1.353182791386964845e-01,1.091386900436676077e-01,8.190332436048204379e-01,5.467744100967592003e-01,-1.535669576047790086e+00,1.669381570929340253e-01,1.763140015492764556e-02,2.423643330888602954e+00,3.279054561135912316e-01,-9.159540891163348280e-04,-1.451683994471291150e+00,-2.180537874433607221e-02,4.289135507082721122e-02,2.379622915180078291e+00,3.257291592386839518e-01,-7.498902300866569504e-02,-1.824908074930240223e-02,-4.359459943357819195e-02,2.204462969436885716e-03,-7.530005586200768652e-01,2.765117807645737225e-01,-1.274179634525816202e-02,-3.694604321503043298e-01,8.146569484129562166e-03,-1.327065201342985355e-02,4.666853655536489127e-03,-8.048305856549877735e-01,-3.447578466602579383e-01,-1.752174701855908553e-02,-3.797062385790773154e-01,3.258615975766426288e-03,-6.992499353560992226e-03,-7.968252191052587049e-04
2.347450487100945504e-01,-1.192484614189195657e-01,8.379827481695656388e-01,-1.333952520953433363e-01,1.100386634330565161e-01,8.320446251745254873e-01,5.270663534949540097e-01,-1.534314369962299196e+00,1.604981293219206462e-01,3.130772897681134703e-02,2.417323360477914740e+00,3.308646906037627788e-01,-4.762167966437684530e-03,-1.450026411536080140e+00,-2.713498079786368089e-02,6.054584492536624341e-02,2.365142368120942251e+00,3.326014588535378680e-01,-8.154931121498341928e-02,-1.969642339565030875e-02,-4.453140288998084367e-02,4.421891899380863897e-03,-7.733639124113274033e-01,2.777916078407854927e-01,-1.234911610358739587e-02,-3.731739469853361246e-01,8.313703545421454941e-03,-1.308876784255513445e-02,4.681232093693590661e-03,-8.120166250788671825e-01,-3.452082429332032909e-01,-1.804506842057856594e-02,-3.836722200552933337e-01,3.380137754635019910e-03,-7.329842307379947491e-03,-7.917055007196632929e-04
2.425150311235822198e-01,-1.173782551448730727e-01,8.279735298110998398e-01,-1.312853714562336183e-01,1.110596599718534222e-01,8.445358512549144825e-01,5.071381459855590634e-01,-1.531713275944590613e+00,1.542585383023269974e-01,4.667609934442891462e-02,2.409533408586874703e+00,3.332309335487505519e-01,-7.735799755002092763e-03,-1.447761866177331713e+00,-3.110996847791145173e-02,7.886915206336753137e-02,2.350825550220589033e+00,3.363476392830213602e-01,-8.788871293606631552e-02,-2.164814549787980047e-02,-4.602003007654143635e-02,6.768460316335839048e-03,-7.945978459935411076e-01,2.792136933904862395e-01,-1.203781870612961880e-02,-3.770314363249270828e-01,8.344899696553876450e-03,-1.269377832827575658e-02,4.722559325468432892e-03,-8.211960372874639313e-01,-3.454198702796645870e-01,-1.845159126648553485e-02,-3.875157317275719770e-01,3.467603224963173615e-03,-7.413106236265682401e-03,-7.855398053867070074e-04
2.502817978247351971e-01,-1.152994892178933750e-01,8.168872915987805960e-01,-1.288661026403258580e-01,1.124508373194160193e-01,8.564964771068183103e-01,4.869929378133351361e-01,-1.527621544160364220e+00,1.488892798779997417e-01,6.517330139666328848e-02,2.401089517128523365e+00,3.343470636432731014e-01,-8.216231632549484201e-03,-1.445525826505374978e+00,-3.415138582385372074e-02,9.754480850134245040e-02,2.341041227739928843e+00,3.336423074269699862e-01,-9.374929752937916083e-02,-2.442854433172868961e-02,-4.872035393967818345e-02,8.843870395461276776e-03,-8.164411796553029399e-01,2.812875763135526119e-01,-1.173548311145690415e-02,-3.810959845464703677e-01,7.987055302085252495e-03,-1.215779357715637485e-02,4.731073699807393160e-03,-8.326410703676819791e-01,-3.451991500511762956e-01,-1.834287100632015985e-02,-3.906265295604490206e-01,3.472465090505052338e-03,-7.070062803161272086e-03,-1.083088649082250034e-03
2.579663552135365023e-01,-1.131303755096873809e-01,8.049610201984906954e-01,-1.265468156043245695e-01,1.136073017710023669e-01,8.679194455363118399e-01,4.666852477898316698e-01,-1.522206394426516729e+00,1.433762388114766528e-01,8.386233823264818699e-02,2.389364508519237429e+00,3.347537510643443515e-01,-1.027362195642822496e-02,-1.442050631165173957e+00,-3.534888261673962279e-02,1.167711107846572810e-01,2.325812546022800742e+00,3.350159789981911884e-01,-9.977482623861702593e-02,-2.730550205306140482e-02,-5.065517244621032394e-02,1.137837380235539979e-02,-8.388865659993601787e-01,2.828114640001455626e-01,-1.151583069581230308e-02,-3.852160222231357789e-01,7.839231230581856016e-03,-1.177456071432184635e-02,4.682201740511421698e-03,-8.462872197988441370e-01,-3.450842064970765510e-01,-1.840312171623661661e-02,-3.940588850489482042e-01,3.542834215815083600e-03,-6.898164153380340578e-03,-1.354176867997939704e-03
2.655385494505066446e-01,-1.109524236473391490e-01,7.924071560002815540e-01,-1.244804906556074009e-01,1.143310984706788630e-01,8.787774605515938919e-01,4.462994310943237397e-01,-1.515011797023093187e+00,1.355339818722331724e-01,1.003130557175453824e-01,2.371916253712562650e+00,3.352215370934101824e-01,-1.568271186621817206e-02,-1.436451171883463163e+00,-3.431223446593241466e-02,1.361710703256782395e-01,2.297306319408835673e+00,3.452960077650860105e-01,-1.052447067544142190e-01,-2.917425532257418228e-02,-5.108881943226165762e-02,1.475868287944288523e-02,-8.616744509743675673e-01,2.826867489120871713e-01,-1.174766238938924380e-02,-3.888695234246385413e-01,8.117871584885352418e-03,-1.115859240614515413e-02,4.514797414567778625e-03,-8.620414260095649039e-01,-3.457060964699310013e-01,-1.924226163990397365e-02,-3.986124047967694595e-01,3.970300835397545802e-03,-6.958620604047260558e-03,-1.220234171890518041e-03
2.731030610808591330e-01,-1.085993905248006930e-01,7.788707988122934855e-01,-1.221915242419227554e-01,1.153845990883588385e-01,8.891019807830737864e-01,4.257385271082086975e-01,-1.505706594929039577e+00,1.287106404192762121e-01,1.196548995073946076e-01,2.352224042270881110e+00,3.294838264299874697e-01,-1.781706721725388048e-02,-1.430286744715408620e+00,-3.206943370847724351e-02,1.565368236659706591e-01,2.270533090572901980e+00,3.434903123681851689e-01,-1.091726587816044675e-01,-3.187180677014345848e-02,-5.250252521134531059e-02,1.801339911983924555e-02,-8.856713336400345860e-01,2.830085410019532732e-01,-1.200052705812723261e-02,-3.920953202492800660e-01,8.090875885121464814e-03,-1.005668938085759086e-02,4.392164229099246135e-03,-8.809348057453598724e-01,-3.460970024949739376e-01,-1.989693462818507494e-02,-4.023753009246008316e-01,4.330366996273762696e-03,-6.853550766960586973e-03,-1.124874665712496512e-03
2.806897595746001284e-01,-1.059330991937367794e-01,7.640999786464686139e-01,-1.193750485024794999e-01,1.170434518658704515e-01,8.989949613904021364e-01,4.047943768940223119e-01,-1.493756235749207351e+00,1.246140192171227290e-01,1.447931739180555177e-01,2.332274792023364629e+00,3.165054657699197804e-01,-1.363301387001400813e-02,-1.424537915860196291e+00,-2.974056497468967677e-02,1.766177029241288443e-01,2.256359942616771530e+00,3.234126187722845547e-01,-1.114780462267905975e-01,-3.669655845188617149e-02,-5.599431116784543694e-02,2.066057300055690327e-02,-9.112434975995273856e-01,2.846150925940805210e-01,-1.191261688674772473e-02,-3.945259733230985222e-01,7.434754898245252500e-03,-7.982826208093620618e-03,4.358535623224023790e-03,-9.033923805223302850e-01,-3.458138289142094757e-01,-1.969644531201586099e-02,-4.041962639378549049e-01,4.341971586047895133e-03,-6.354963478926980470e-03,-1.603325033981980487e-03
2.881565305198779403e-01,-1.032221841372744225e-01,7.485912766115183636e-01,-1.167341244396464667e-01,1.182548848654682433e-01,9.083496183404199398e-01,3.837836594457554318e-01,-1.479385655248153020e+00,1.208814592521537112e-01,1.698869582587263782e-01,2.307569075328472330e+00,2.951166998274743491e-01,-1.152951961540710224e-02,-1.416507587813572666e+00,-2.516170462630218027e-02,1.977561040836436634e-01,2.233846106910918117e+00,3.038458339166661970e-01,-1.126273698498574810e-01,-4.169177856143736760e-02,-5.793776475730214037e-02,2.383950684916386412e-02,-9.377165200816190982e-01,2.853054955824086414e-01,-1.194792873538448597e-02,-3.958909886321801408e-01,7.214799405239931927e-03,-6.268188483692860129e-03,4.295263004725866952e-03,-9.294246904140521792e-01,-3.458266120924100018e-01,-1.967319225443152006e-02,-4.056404211494403222e-01,4.487131115369479700e-03,-5.745159487022814988e-03,-1.995129746272549399e-03
2.954189518481224463e-01,-1.006518438469806015e-01,7.327060948713927102e-01,-1.147040053835059054e-01,1.186092760895786774e-01,9.170787825461619303e-01,3.629618952150958644e-01,-1.462673841629591909e+00,1.151518076788306533e-01,1.912863371890789754e-01,2.274877111119483430e+00,2.658809531032514939e-01,-1.473032434418954269e-02,-1.404163719955477729e+00,-1.704291344913814316e-02,2.220076365010857367e-01,2.188230084659512187e+00,2.918867462597393714e-01,-1.122451622245047020e-01,-4.524985803953685687e-02,-5.648434615107375545e-02,2.782283280302295242e-02,-9.645212175811441746e-01,2.837664316586290814e-01,-1.282042220664782531e-02,-3.960638084789980806e-01,7.846249606744185728e-03,-5.268062579128126970e-03,4.147391314275976175e-03,-9.590567434655050683e-01,-3.467091803727487820e-01,-2.056725491373683976e-02,-4.078238799558132621e-01,4.967237477257706660e-03,-5.002558610741112029e-03,-2.035722138881365401e-03
3.026607736773135326e-01,-9.791711103020911411e-02,7.158813894855321491e-01,-1.125589118006965900e-01,1.194069080175324538e-01,9.253094727663945251e-01,3.418696554254422870e-01,-1.442668680336428810e+00,1.119796268503912839e-01,2.170970927759044433e-01,2.237367938469692952e+00,2.186702206913892221e-01,-1.180099433700526959e-02,-1.390774166489095798e+00,-8.048681874826794577e-03,2.489833464572460131e-01,2.144674437604940920e+00,2.552519614838903994e-01,-1.095831374685404258e-01,-5.065533032244747685e-02,-5.598130077700660956e-02,3.140328823207990533e-02,-9.935146535043996030e-01,2.829161403526676555e-01,-1.363011108560502165e-02,-3.946456405263942258e-01,8.013823984791695887e-03,-3.768350212385560699e-03,3.994272691270435958e-03,-9.933525695840105252e-01,-3.470840945954053458e-01,-2.134212923704427792e-02,-4.080276314064857357e-01,5.289202801617935885e-03,-4.806362211893499929e-03,-2.190332313864961061e-03
3.099475898283667874e-01,-9.480081255001145124e-02,6.977056466460040962e-01,-1.100661020491186942e-01,1.210291483282985026e-01,9.331998441505295894e-01,3.199616372505695860e-01,-1.419105948441321763e+00,1.145166140301814850e-01,2.515718573552266357e-01,2.196767326180171231e+00,1.531400626087902617e-01,3.057033253295489417e-04,-1.379147144621472920e+00,-4.891359616861551060e-04,2.759387985913124286e-01,2.119500599775574923e+00,1.901199181011710704e-01,-1.064779962032404159e-01,-6.050525722705542286e-02,-5.807228010193232759e-02,3.383332042036268916e-02,-1.026204930943984461e+00,2.840296960594049791e-01,-1.343351723211911111e-02,-3.910885497119623855e-01,7.245045994489014013e-03,-1.252673985740259104e-03,3.882509941550290559e-03,-1.032927014559182677e+00,-3.465459304335224422e-01,-2.137807790221104773e-02,-4.047434182217184429e-01,5.296097734639554529e-03,-5.531128412118150976e-03,-2.601615136044961151e-03
3.171405236976572173e-01,-9.167583124155147256e-02,6.787544379776534464e-01,-1.075596459267082333e-01,1.219194176218937886e-01,9.405443331739891111e-01,2.982330221641353862e-01,-1.391321477325279110e+00,1.197138203055950478e-01,2.870797724046978416e-01,2.152004318801817195e+00,6.586662946246488182e-02,1.190277088942114786e-02,-1.364332716204403884e+00,1.045328479391239435e-02,3.056408978881063887e-01,2.089011789083362380e+00,1.066608179633343340e-01,-9.705661788231433051e-02,-7.092117832915224851e-02,-5.828925732214842309e-02,3.742968713793064228e-02,-1.060672166611063894e+00,2.842500579214052303e-01,-1.333634666728662592e-02,-3.845578215565054192e-01,6.976115097843483930e-03,6.711636428681283170e-04,3.869902297230143427e-03,-1.077083214807385447e+00,-3.466335207617195491e-01,-2.134038317787703004e-02,-3.990739133082600310e-01,5.427672640625886245e-03,-4.866408726852428958e-03,-2.838645594833527370e-03
3.240904837829496898e-01,-8.873906003456308311e-02,6.593880015120827665e-01,-1.050548947674798117e-01,1.214717181304345722e-01,9.472551807626313769e-01,2.773368228313482509e-01,-1.358525589854684190e+00,1.241175103831459597e-01,3.194070160245328083e-01,2.103069867068000143e+00,-4.218140299815036076e-02,1.964619362369689204e-02,-1.342116824936247399e+00,2.732282029894533837e-02,3.412834142421931061e-01,2.039318000934336350e+00,4.333839344536530302e-03,-7.725593696260160681e-02,-7.869022884089145464e-02,-5.446583616710603398e-02,4.283221986074692289e-02,-1.094747743373753579e+00,2.818395987750221265e-01,-1.471125978602831619e-02,-3.742241240786634560e-01,7.697088499439148392e-03,2.269330298969554800e-03,3.925145027294150123e-03,-1.124613361223903096e+00,-3.481115817042593208e-01,-2.172033257089178021e-02,-3.912072055487360589e-01,5.937020413589259513e-03,-1.235381244366093138e-03,-2.726714102974075321e-03
3.310105350070712271e-01,-8.579696359178803911e-02,6.394039787475823688e-01,-1.027385607319101918e-01,1.216156474896339240e-01,9.534295005900798037e-01,2.561769111941233357e-01,-1.321229011851803747e+00,1.309337028343255382e-01,3.549694670705739741e-01,2.040451261329379928e+00,-1.708996189746042060e-01,3.022148265958032529e-02,-1.318324443651877287e+00,4.129210720289816505e-02,3.813546085915729411e-01,1.980591868447596715e+00,-1.073261208005704959e-01,-6.408510194843568264e-02,-8.808173160310230065e-02,-5.094105351862826536e-02,4.818797003799261958e-02,-1.128418152719291578e+00,2.803704967139141191e-01,-1.556119035145132889e-02,-3.606994353834473421e-01,7.959871629989142758e-03,4.123782125980557031e-03,3.852362366494879817e-03,-1.176437086041942637e+00,-3.485551223060573967e-01,-2.223025043469392670e-02,-3.814627678332622729e-01,6.267121853043563368e-03,-2.279145845802842043e-04,-2.752678268031038059e-03
3.381486412189048663e-01,-8.279846222945999590e-02,6.186451427179633367e-01,-1.007902462129224158e-01,1.234029948585532305e-01,9.590831206511428730e-01,2.340354563102384489e-01,-1.279889831670149913e+00,1.421395566301542901e-01,3.986157836361444162e-01,1.956495939420010099e+00,-3.146384872606016181e-01,4.309587600578684841e-02,-1.298209977789222425e+00,4.560450276322090130e-02,4.222361748207623111e-01,1.919115831237699465e+00,-2.166895316950229189e-01,-6.432751304890101107e-02,-1.019915686987322295e-01,-5.029956044067852849e-02,5.349966266494377704e-02,-1.162263595490747869e+00,2.823257628402658925e-01,-1.458803800477049238e-02,-3.437363150029711378e-01,7.342792470329361290e-03,6.525119959490134278e-03,3.630591319183378799e-03,-1.234284357506276297e+00,-3.466975702642041690e-01,-2.308431983585141137e-02,-3.710612434001466786e-01,6.225369372422312302e-03,-4.819666770812863418e-03,-3.143544164891037742e-03
3.449914070402606558e-01,-7.937259525990571218e-02,5.961625578934123260e-01,-9.861655751289802319e-02,1.241106237984059141e-01,9.642200622799088627e-01,2.124876446798844298e-01,-1.235051227945258345e+00,1.584761460393016019e-01,4.441342640610958514e-01,1.885147315677576652e+00,-4.772440697441238111e-01,6.458042986154104159e-02,-1.280251172046499297e+00,5.322550106431207795e-02,4.632562538813847497e-01,1.882884951268964269e+00,-3.792621491379705723e-01,-4.507321895131313066e-02,-1.140524385879509439e-01,-4.843628244390629084e-02,5.753653205906000823e-02,-1.203202272626505920e+00,2.859761471587122794e-01,-1.179814218501004305e-02,-3.181931446347012193e-01,6.123272036444156637e-03,1.156846070569474486e-02,3.609889996699505287e-03,-1.284516369211550213e+00,-3.442068465353416151e-01,-2.169168896320198756e-02,-3.549927504880814877e-01,5.667855625234373244e-03,-6.950702103367180709e-03,-3.325457697197296836e-03
3.511773537986416227e-01,-7.544162142139149152e-02,5.714978735584368419e-01,-9.484637414489091589e-02,1.225367084199742995e-01,9.690455518960657821e-01,1.921968749787970054e-01,-1.186324481253529184e+00,1.781882254189278980e-01,4.884922997048187776e-01,1.844013993670132967e+00,-6.405941887902220078e-01,9.564761185187173331e-02,-1.263920768623874258e+00,7.078056530547455205e-02,5.042424885996262818e-01,1.890205315391916274e+00,-6.036402002127219113e-01,-5.647687040460092067e-04,-1.204192099841748520e-01,-4.332394641208091313e-02,6.113687342546095943e-02,-1.253343635200062867e+00,2.905711753093508931e-01,-6.442262366174977307e-03,-2.802336116905415064e-01,4.318452814221082452e-03,2.144386341419921710e-02,3.886148507248414138e-03,-1.314630655889432509e+00,-3.408535749739234899e-01,-1.644813824503148919e-02,-3.292716248854140049e-01,4.599200847024297392e-03,-1.912141099459085079e-03,-3.011385963596983992e-03
3.563909539002319549e-01,-7.104602638041936091e-02,5.455825036923809268e-01,-9.415890745126727357e-02,1.223957411085782598e-01,9.730412685728300204e-01,1.713011160507829644e-01,-1.144531155181029991e+00,1.847110252578322842e-01,5.191589677269723424e-01,1.808702766878130586e+00,-7.733181031137313921e-01,1.069549833722957533e-01,-1.262441809031672246e+00,7.679344093606112198e-02,5.297840136474818440e-01,1.881090607710673712e+00,-7.092312941383289715e-01,7.347411849736524073e-03,-1.253854749114611811e-01,-4.111305197954550489e-02,4.928615145335111386e-02,-1.309888021814000547e+00,2.980131986691987311e-01,-2.330476753915181748e-03,-2.227102796399184903e-01,2.163933672285673574e-03,3.692445902533546265e-02,3.409797393847482407e-03,-1.315598073256090794e+00,-3.338954819520314476e-01,-1.039493362853945863e-02,-2.904837516422883459e-01,2.513970487592706582e-03,-1.873615055478361838e-03,-3.128641296558599006e-03
3.607179863314012858e-01,-6.690621239005686838e-02,5.199586905303358320e-01,-9.897740191512227614e-02,1.239226528441632197e-01,9.756915706108777453e-01,1.512369302157264284e-01,-1.113527959426159120e+00,1.715435529903984735e-01,5.253469745143594105e-01,1.763469747111275021e+00,-8.691650588023996926e-01,9.429776531497592595e-02,-1.283214975656312706e+00,6.331374133444532537e-02,5.324734142210371113e-01,1.871884278638014321e+00,-7.793969145397976472e-01,-6.666215490547406156e-03,-1.261767780495806623e-01,-4.138272482114124795e-02,1.903115249478922258e-02,-1.369215008155631796e+00,3.087734529784313398e-01,-9.078142302652437816e-04,-1.415601610623035411e-01,-5.578948691624401220e-04,6.070468332127386402e-02,1.623125190073876995e-03,-1.284383470888601719e+00,-3.227327370812231866e-01,-4.871161089678813574e-03,-2.377198380812546863e-01,-8.528154033523773631e-04,-1.138505461549010542e-02,-3.974707832160501164e-03
3.640159552531307963e-01,-6.475463860033822683e-02,4.977514099348313570e-01,-9.799635944640903984e-02,1.244605805423403266e-01,9.784701170802320158e-01,1.322970423226130510e-01,-1.136726844073083775e+00,1.715783991004667108e-01,5.279118517888469198e-01,1.791459278966740509e+00,-9.077624210554156026e-01,9.683723959310189255e-02,-1.328611771327518731e+00,4.251852278103830651e-02,5.333784776139198769e-01,1.936803646479772656e+00,-8.437291457969853248e-01,2.185728738479272154e-03,-1.264310639741412778e-01,-3.867756035511282081e-02,1.880173534140130304e-03,-1.410321385592720356e+00,3.183680171455792185e-01,2.001576861738333171e-03,-4.605336637340390338e-02,-2.668920352662737527e-03,8.174117967104696514e-02,-1.964770619224791032e-04,-1.237339325008468771e+00,-3.143699596582562594e-01,2.122403640385040272e-03,-1.729414651529219138e-01,-3.431687936161190774e-03,-1.445163815455565402e-02,-4.500889345118697614e-03
3.668739414620215133e-01,-6.305168182674442123e-02,4.802997018460034573e-01,-9.700711984936975785e-02,1.239731662679380286e-01,9.808208100297542975e-01,1.149382936910457870e-01,-1.192810518734588987e+00,1.695016788585410605e-01,5.187357430634393918e-01,1.875350254250907955e+00,-9.348297243791389155e-01,1.003386257848352253e-01,-1.376714518069165782e+00,2.570964037676997174e-02,5.275715810437812125e-01,2.028580978724180639e+00,-8.985700544500676568e-01,-5.711034644634193497e-03,-1.244994451654648643e-01,-3.318535754139276955e-02,-1.568561696160402502e-02,-1.416379417724842105e+00,3.257676558660403954e-01,2.392703626961607995e-03,5.997210949641298972e-02,-4.070554995894886188e-03,9.801514829061683254e-02,-2.193281012606975409e-03,-1.177148382370457380e+00,-3.094694106704111713e-01,6.784870393175713478e-03,-9.520503049076356472e-02,-4.883252207686689279e-03,-4.630735920787465779e-03,-5.117055950521484133e-03
3.696025714876351453e-01,-6.180460971459178499e-02,4.672584857754558119e-01,-9.880970019396563553e-02,1.243447990905008210e-01,9.820092611729835941e-01,1.021412015653470617e-01,-1.246382838794141357e+00,1.607747116164095491e-01,5.083485927156533579e-01,1.930950207407738706e+00,-9.483039445666614498e-01,1.017557291484306597e-01,-1.427994671738038734e+00,9.826678676202127427e-03,5.204856304121155963e-01,2.094647570249518864e+00,-9.345396053024690453e-01,-1.624417106931478477e-02,-1.175014316883872256e-01,-2.855930454489198286e-02,-3.670328412190895784e-02,-1.396526408283840004e+00,3.303907430417354907e-01,1.510469914497611279e-03,1.586716879101025546e-01,-4.925043112869795583e-03,1.095366385556670735e-01,-4.104256244498133248e-03,-1.112608787643119213e+00,-3.068496552932971633e-01,8.835314700281839823e-03,-1.782317573536350286e-02,-5.411844953496637405e-03,1.261908488953376872e-03,-5.724003847584328321e-03
3.718169608526237235e-01,-6.029454948882397025e-02,4.558609806105610174e-01,-9.955292952356914471e-02,1.246676445410266898e-01,9.829615742094760522e-01,9.128929978642888465e-02,-1.293645109498138934e+00,1.481626313760917024e-01,4.978554878091118741e-01,1.979543372530895073e+00,-9.499229588517306144e-01,1.004286633774267579e-01,-1.478048220676223545e+00,-2.814096240071329441e-03,5.137522648750244558e-01,2.153165859769729629e+00,-9.539365044257275272e-01,-1.834685521382656975e-02,-1.138039878577849079e-01,-2.650496849366841892e-02,-5.470642448697862759e-02,-1.363977568570933441e+00,3.341043199937800412e-01,3.676363393784016446e-04,2.447723073503259572e-01,-5.339623293557424835e-03,1.159605368566212769e-01,-5.668829477157985228e-03,-1.053698259525766012e+00,-3.062415503209086620e-01,8.858029408619015263e-03,4.772522046930972872e-02,-5.094311508805394323e-03,-4.155255312340493806e-03,-6.026598493209161210e-03
3.737118457403201810e-01,-5.847882693404657384e-02,4.459334296803436626e-01,-9.928358803259590415e-02,1.246389366138707794e-01,9.837919717194583136e-01,8.222688737559086247e-02,-1.333392702661601925e+00,1.352566424804361456e-01,4.875927389117507005e-01,2.017216214483803505e+00,-9.364361639100312606e-01,9.971346585734938706e-02,-1.524098705610859028e+00,-1.087815446546536516e-02,5.028173434843998812e-01,2.199185008297144250e+00,-9.610575920200971067e-01,-2.355096807185352858e-02,-1.114589797912825253e-01,-2.573654542813721621e-02,-6.801414931592729418e-02,-1.329495918555496647e+00,3.363093345380666621e-01,-6.235458403110820912e-04,3.167287132134374295e-01,-5.248126124357866545e-03,1.196444747117892254e-01,-6.723307222106704104e-03,-1.000116421663886257e+00,-3.069232986140373876e-01,8.458264963345204016e-03,1.053120295669600082e-01,-4.456837118426001595e-03,-6.919425556114720995e-03,-6.064889771372065572e-03
3.755455341420984583e-01,-5.639178708919542760e-02,4.372693553864998584e-01,-9.884665661893744792e-02,1.236663813051366440e-01,9.845989280013145439e-01,7.416815751259311917e-02,-1.365075395947407566e+00,1.240185741149966436e-01,4.762023505131334766e-01,2.041937782493727482e+00,-9.191125311100815098e-01,1.004107744465418672e-01,-1.566250250476658668e+00,-1.464173591845534077e-02,4.888708433598153436e-01,2.234268709944464248e+00,-9.612614831482927391e-01,-2.965128359851725709e-02,-1.086674794436058855e-01,-2.390902653769358746e-02,-7.677043871471569969e-02,-1.302521256110775294e+00,3.359486619523345263e-01,-1.940916188416499412e-03,3.737963723540488892e-01,-4.670318671147788946e-03,1.211132572526673334e-01,-7.285838767874141218e-03,-9.516170998353322696e-01,-3.093244117432145668e-01,7.589690946628486166e-03,1.608545229523839770e-01,-3.612551713683465060e-03,-1.696598973063899105e-03,-6.120235506540639206e-03
3.771413513063763268e-01,-5.403141265806275795e-02,4.296933490212310747e-01,-9.848406644690707590e-02,1.230962804416319417e-01,9.852173285797082292e-01,6.704483472855841952e-02,-1.392572529668838044e+00,1.156233405096663558e-01,4.664608401694372297e-01,2.062755408369282062e+00,-8.979280003022707124e-01,1.032587917419921786e-01,-1.606376951193403402e+00,-1.521845580973380831e-02,4.745121048002877706e-01,2.262878465741594347e+00,-9.569725681279556140e-01,-3.428739159620195626e-02,-1.049480376339847892e-01,-2.263265184690606280e-02,-8.329158378285779485e-02,-1.279902477576813746e+00,3.341827717712370638e-01,-3.251668242915513752e-03,4.179642324066466519e-01,-4.004952425925707889e-03,1.220634248727436172e-01,-7.478658160742358667e-03,-9.075058921864372907e-01,-3.114917961798528978e-01,6.832629395207795962e-03,2.118311449211705277e-01,-2.969601420461998216e-03,8.909090083391637063e-03,-5.963008061163437706e-03
3.783789192975183791e-01,-5.154773115717495996e-02,4.229286038078706733e-01,-9.835001140966857791e-02,1.228613848256471380e-01,9.856987881746626101e-01,6.025159222330997433e-02,-1.417541901332228571e+00,1.084203947932636664e-01,4.579224225959977468e-01,2.084447258188407925e+00,-8.818588495944427175e-01,1.049921124098403130e-01,-1.644799049316814754e+00,-1.427048796659981592e-02,4.613176529668184256e-01,2.290896662167861031e+00,-9.498790500951108662e-01,-3.608330544882893537e-02,-1.004655995067737784e-01,-1.993444228877591998e-02,-8.890123484337524029e-02,-1.259524550880531946e+00,3.319444074784071996e-01,-4.534012310680919818e-03,4.524651906897433351e-01,-3.355806795264576221e-03,1.237917649866540348e-01,-7.421885912747339976e-03,-8.681443964665650492e-01,-3.125640965607652255e-01,6.782706696761966157e-03,2.559525404136938631e-01,-2.600797871219260107e-03,2.312248239741165889e-02,-5.388427744863436876e-03
3.794235059846375879e-01,-4.880632463824154804e-02,4.165035351478122982e-01,-9.858851137827610855e-02,1.228126795344390843e-01,9.860443885427716548e-01,5.397976466323463340e-02,-1.440549385550208283e+00,1.044427491689779858e-01,4.498561621197069704e-01,2.103842767930906632e+00,-8.652415686636562020e-01,1.065414818548777315e-01,-1.681278346852392414e+00,-1.147900439266373585e-02,4.473262169714609660e-01,2.314880936232911690e+00,-9.419926216680558628e-01,-3.927759066611751643e-02,-9.488492165667114508e-02,-1.654665203392058012e-02,-9.437368942690643747e-02,-1.238517910633890606e+00,3.296564403673571397e-01,-5.766349338638312311e-03,4.785755486108490553e-01,-2.876302500285722857e-03,1.249433651577823157e-01,-7.265034625490475462e-03,-8.311170197814965466e-01,-3.124748896159826317e-01,7.421745312862611244e-03,2.905075753865797306e-01,-2.427692608807567685e-03,3.103198498226768590e-02,-5.460160821854275100e-03
3.804014753693457651e-01,-4.579817401645790848e-02,4.099089105995656901e-01,-9.870456661949422728e-02,1.231290947424905774e-01,9.862825750405090908e-01,4.840781680488271538e-02,-1.463334249877296767e+00,1.043113774807796629e-01,4.428243507623224051e-01,2.124376269644714377e+00,-8.491521497253375905e-01,1.086786439729520576e-01,-1.714832535323433049e+00,-7.479463387520908155e-03,4.319348586875781382e-01,2.333122866397503881e+00,-9.344941570097687888e-01,-4.533403666004336141e-02,-8.819056512140026338e-02,-1.367955654283127195e-02,-9.919343623829504630e-02,-1.214315192446760339e+00,3.279648938758920051e-01,-6.701205258572383999e-03,4.975509050655593235e-01,-2.586628279010057783e-03,1.252819199945266748e-01,-7.018391310224105645e-03,-7.949953980284985011e-01,-3.111702883277712717e-01,9.212336890731897751e-03,3.124286609097338130e-01,-2.373402226526489123e-03,2.863783023130642494e-02,-6.601418308372164999e-03
3.813430923168926734e-01,-4.259844186242829622e-02,4.026721471571140243e-01,-9.855450952399047448e-02,1.233829697865111291e-01,9.864907500153018427e-01,4.358499229544209735e-02,-1.488052381301856464e+00,1.081734467980534908e-01,4.364677981874960366e-01,2.149571757089142388e+00,-8.353814925405765868e-01,1.104886686948128027e-01,-1.745631672269089218e+00,-1.906976821338824540e-03,4.156213821528631502e-01,2.351226015363292010e+00,-9.276320341595855057e-01,-4.954038433422716659e-02,-8.013119596657945765e-02,-1.089645011263899906e-02,-1.030162019415924446e-01,-1.187189599004550900e+00,3.266721758388287378e-01,-7.083042745912571624e-03,5.107819238611733814e-01,-2.449290894102611627e-03,1.246566761491817305e-01,-6.922159486508655188e-03,-7.597628185327877093e-01,-3.091635610368112519e-01,1.127190136009006971e-02,3.257853885539335748e-01,-2.603089049056287949e-03,2.400279471587240046e-02,-7.366449631804282243e-03
3.822091945171157690e-01,-3.923665241748894306e-02,3.943681863542093380e-01,-9.741398937215810239e-02,1.234183350840461768e-01,9.867640522581543339e-01,3.968796304611099668e-02,-1.517464395472444938e+00,1.192009109707500708e-01,4.311827409142494627e-01,2.184077669313284620e+00,-8.181438152583205836e-01,1.140843600141739356e-01,-1.773010675552934901e+00,5.082180960708093317e-03,3.988262897089356884e-01,2.373484308098384510e+00,-9.214179026541613471e-01,-5.011084323914755806e-02,-7.021590532772120641e-02,-8.652322850248791997e-03,-1.043653043680160125e-01,-1.157333796737619380e+00,3.255405256599673280e-01,-6.893810164501781336e-03,5.193293937772335278e-01,-2.428834891764816879e-03,1.231230438906758540e-01,-7.058577412292869023e-03,-7.249408271156366768e-01,-3.067984181301888769e-01,1.264879381225495099e-02,3.348348896899840943e-01,-3.218612787309581280e-03,2.074510490256579673e-02,-7.111452889135289578e-03
3.830239576776006127e-01,-3.579477331344108060e-02,3.851692361848841339e-01,-9.585318541121633229e-02,1.238417871448821844e-01,9.869982172654436781e-01,3.619250914375264638e-02,-1.548443934718401138e+00,1.326460257859032876e-01,4.267612283174187504e-01,2.222033998320316339e+00,-7.983372457536189737e-01,1.179753808108627566e-01,-1.798000461653152859e+00,1.295287711233990974e-02,3.832664656730779829e-01,2.396896160595706871e+00,-9.161525081688546290e-01,-5.225478348125232181e-02,-5.955971675051038167e-02,-7.420990557274170091e-03,-1.044666123876244884e-01,-1.123855781798726472e+00,3.249875094667484809e-01,-6.445918533949517547e-03,5.239640599795049036e-01,-2.451610123460263180e-03,1.208067815622160673e-01,-7.076226079402701992e-03,-6.899752640531322534e-01,-3.041069754913795498e-01,1.461267145967450574e-02,3.415382860545365107e-01,-3.659861799439559620e-03,1.865985723271768384e-02,-7.745656256676201196e-03
3.838311131723032843e-01,-3.241304727146462200e-02,3.751370499202555386e-01,-9.412552661251746833e-02,1.243986783875244140e-01,9.872108592312578423e-01,3.286447126054229534e-02,-1.580901108749976469e+00,1.463393000815970679e-01,4.238813393607440694e-01,2.255614372706509663e+00,-7.860766652867267057e-01,1.222156858619935921e-01,-1.820574783362286952e+00,2.170103059999852618e-02,3.692854079945364076e-01,2.419297750514215917e+00,-9.117813710335965771e-01,-5.772815050069733667e-02,-4.852345138174064126e-02,-5.873697808067598718e-03,-1.034094208655584046e-01,-1.086493300646821147e+00,3.252461768743165615e-01,-5.858390028993198245e-03,5.257759169311061465e-01,-2.495884796751593384e-03,1.179833501731533535e-01,-6.861554506425427379e-03,-6.548635331986275565e-01,-3.015889031485616822e-01,1.802668959872836055e-02,3.474659762062271007e-01,-3.690867825113573839e-03,1.790789578021945508e-02,-1.018662837352579155e-02
3.845688879138314253e-01,-2.894956484181154810e-02,3.642957059793785479e-01,-9.217236485896856957e-02,1.251298543133994856e-01,9.873976929164294258e-01,2.987592239789390799e-02,-1.613936187714869686e+00,1.606610344461380513e-01,4.213098616981960642e-01,2.286963815827135260e+00,-7.778695308479669501e-01,1.265993196257156894e-01,-1.841168181268587389e+00,2.932428599119348347e-02,3.514533565945447968e-01,2.443435069499622081e+00,-9.083891510205942543e-01,-6.040385390234299240e-02,-3.633551760009405551e-02,-4.904893793488690999e-03,-1.014413486980391271e-01,-1.045784455782989619e+00,3.257972869018372908e-01,-4.976015811862523688e-03,5.252871163569249324e-01,-2.499224183307891846e-03,1.143066341876161351e-01,-6.562113402113069031e-03,-6.191505756150158524e-01,-2.982954970979808107e-01,2.093934889240036540e-02,3.517221039741630917e-01,-4.056856096741043305e-03,1.663443074514287662e-02,-1.137883290637617568e-02
3.850774525483670607e-01,-2.524331474726250468e-02,3.527475797148943992e-01,-8.960373474547068950e-02,1.246448940928253923e-01,9.877902909483009530e-01,2.655489040690223873e-02,-1.647022108919513617e+00,1.750559198970249031e-01,4.159569929600860361e-01,2.317364152915553532e+00,-7.700160031039869901e-01,1.312076123804677141e-01,-1.860062773944227477e+00,3.660816455674280323e-02,3.332876589213686902e-01,2.475648322428592341e+00,-9.055833079692872101e-01,-5.986089469524117496e-02,-2.354703678148653556e-02,-2.092767789088731140e-03,-9.826873890062187700e-02,-1.001855920658210497e+00,3.257513203414783565e-01,-3.673968798844446000e-03,5.229320150122801492e-01,-2.432664649271832225e-03,1.096653961663348609e-01,-6.219284749942874564e-03,-5.822154470375126012e-01,-2.938668048615201145e-01,2.228856190067448825e-02,3.535865216604054950e-01,-5.045007754578275522e-03,1.396586801968650177e-02,-1.001485328033069680e-02
3.853311191599441132e-01,-2.141443656113483501e-02,3.410626155519386193e-01,-8.654617389014605811e-02,1.234332264286848446e-01,9.883064188972747743e-01,2.290023503866602667e-02,-1.678515603840111892e+00,1.894239245453568365e-01,4.098137414302257531e-01,2.346041897783925023e+00,-7.641943581122525586e-01,1.358630895855243992e-01,-1.879443425438273252e+00,4.495516027126218034e-02,3.189029757658252695e-01,2.508369356381874749e+00,-9.025101319022980073e-01,-5.982242489909288252e-02,-1.089410439501479685e-02,1.533688553526585743e-03,-9.401456693469459336e-02,-9.545815676024915764e-01,3.253880010211247509e-01,-2.622377909149166929e-03,5.187966617363249933e-01,-2.368459982804476099e-03,1.042514302827756284e-01,-5.827309254919372204e-03,-5.448415881309196518e-01,-2.892775830097124024e-01,2.460732160842592220e-02,3.542662073700639791e-01,-5.926826879071403834e-03,1.079014945034988474e-02,-1.043767368821402718e-02
3.852774299769325395e-01,-1.763859464307696023e-02,3.298717419279570962e-01,-8.340276228058067509e-02,1.220259617181848055e-01,9.888336664906292039e-01,1.901641200174555152e-02,-1.707170477300172129e+00,2.038449925495670889e-01,4.045816971719526922e-01,2.372862520037027689e+00,-7.613299193319283953e-01,1.406113230079198972e-01,-1.900768080120205816e+00,5.297262898280816201e-02,3.057951498649585376e-01,2.541407487491657680e+00,-8.978805529439100042e-01,-5.881986666201373393e-02,1.247601090176816627e-03,5.038895752221491525e-03,-8.941179823236372615e-02,-9.036098773471704648e-01,3.245575133059330208e-01,-2.120124684326295424e-03,5.132395240810037063e-01,-2.317482790071810541e-03,9.817146580645069731e-02,-5.382502802759049285e-03,-5.075804736358318081e-01,-2.853625876643462456e-01,2.944492015305628235e-02,3.548663397222783233e-01,-6.432148600505891919e-03,7.533929067346101759e-03,-1.444537664505038746e-02
3.850772453381247629e-01,-1.408402450708299072e-02,3.194719569203420817e-01,-8.027201797815129714e-02,1.204678161533577763e-01,9.893482611232052859e-01,1.529465963813080032e-02,-1.731792465414684346e+00,2.159960874727871183e-01,3.976755391371252779e-01,2.399541467274438400e+00,-7.595195567626428224e-01,1.450329064059447948e-01,-1.921776309331006072e+00,6.004126456289737845e-02,2.920405624742266060e-01,2.573174802505249659e+00,-8.927044077786027154e-01,-5.837352854039793565e-02,1.288932202760888386e-02,8.510670596385310621e-03,-8.392252031377156474e-02,-8.511533541900021538e-01,3.233019850113022509e-01,-1.661862958764295664e-03,5.069718371239255728e-01,-2.196217830027097275e-03,9.126197437041820570e-02,-4.883070018443718546e-03,-4.728260967231538991e-01,-2.808260587813216080e-01,3.332936438180700289e-02,3.552566932488738782e-01,-7.168491232247416536e-03,4.838128859646725899e-03,-1.646070459838812686e-02
3.848806734552742692e-01,-1.091457324409825236e-02,3.101057510572157172e-01,-7.755085028740213438e-02,1.188184717655516032e-01,9.898070640838644296e-01,1.224794989704587785e-02,-1.752218859459364397e+00,2.247839675672218263e-01,3.889534142650717397e-01,2.425696231815509751e+00,-7.600280228668376825e-01,1.486096690091347483e-01,-1.940999720712771826e+00,6.646988538072462482e-02,2.772695238249096028e-01,2.599650944837280875e+00,-8.877631438766268035e-01,-6.046329244691529131e-02,2.436427909408477033e-02,1.192825155480748203e-02,-7.785932671060806498e-02,-7.992830359705420662e-01,3.215901000406177213e-01,-9.291887858994797795e-04,5.002951164796747285e-01,-2.010609513336154841e-03,8.357398981523404824e-02,-4.340003198430819782e-03,-4.426971261126259605e-01,-2.750778618539533871e-01,3.436447130233921676e-02,3.550646971805891949e-01,-8.389297109994541674e-03,2.952843181344130818e-03,-1.439725620614111870e-02
3.845516498559943819e-01,-8.115684631395145981e-03,3.017121118322101392e-01,-7.494550340037332836e-02,1.170640090968990826e-01,9.902475542118768237e-01,9.432426603055869829e-03,-1.770167643403913305e+00,2.309709693950679488e-01,3.800261850948036813e-01,2.450458350586951273e+00,-7.627674679176853489e-01,1.510477742169790694e-01,-1.959602966618755993e+00,7.158208484357565793e-02,2.631142536328460735e-01,2.624527469857775852e+00,-8.832287993442645702e-01,-6.163316208130405205e-02,3.474983688362560941e-02,1.519190418594560874e-02,-7.157772204035639518e-02,-7.483431478960363981e-01,3.191997932774240376e-01,-6.560810812072286405e-04,4.941717858236704952e-01,-1.598079829356205753e-03,7.562959140230293698e-02,-3.539275685303450852e-03,-4.170258696469457127e-01,-2.696134401449725715e-01,3.634378417713574755e-02,3.558793982924299271e-01,-9.321597883543768573e-03,1.386949922761906984e-03,-1.416122164464835367e-02
3.841003021601493983e-01,-5.693730836942713196e-03,2.942297938829862014e-01,-7.274167120212002291e-02,1.156131669307562809e-01,9.906001388499611204e-01,7.321872260667425247e-03,-1.787608101157925899e+00,2.363696304447735208e-01,3.712085442007023728e-01,2.473876723203427996e+00,-7.661413660339173592e-01,1.523088316057250313e-01,-1.977839723594428056e+00,7.555297557751036730e-02,2.498769204033401969e-01,2.646430092485799079e+00,-8.793430027755620992e-01,-6.223405392818356224e-02,4.485713834456789978e-02,1.713195076950909529e-02,-6.588622681557936012e-02,-6.990657578078940393e-01,3.162561397557562270e-01,-1.228932221858067362e-03,4.888977547476122121e-01,-9.153613398160084010e-04,6.761100683233713105e-02,-2.429841142610922929e-03,-3.959155185093536367e-01,-2.650981836884542808e-01,4.127449822807946478e-02,3.585584733409857283e-01,-9.700758820275177940e-03,-3.293168482924359319e-05,-1.776516463195117190e-02
3.836024177415336966e-01,-3.641651672983169715e-03,2.877727122530386317e-01,-7.069405409224786829e-02,1.140537100359509115e-01,9.909386024563253681e-01,5.898144194768736859e-03,-1.803155605603041334e+00,2.404940202734112409e-01,3.623358107319355481e-01,2.495083697920085442e+00,-7.697766816664880496e-01,1.536273236450055868e-01,-1.993514359820782733e+00,7.823806433267374572e-02,2.370715531846865343e-01,2.664641211857605718e+00,-8.758745562713408095e-01,-6.262632136780874048e-02,5.460598920703982340e-02,1.878582195992754486e-02,-6.012206598265930346e-02,-6.501760911601804915e-01,3.127816825384691080e-01,-1.856987825924589185e-03,4.837286946147646427e-01,-2.039250335255175231e-04,5.919181793323648189e-02,-1.335159524567520973e-03,-3.785999989086032413e-01,-2.610706525967317337e-01,4.509588130724388050e-02,3.619533332997622033e-01,-1.020558216979949862e-02,-8.301836196503923748e-04,-1.975735972202876875e-02
3.830540879242381180e-01,-1.918922859320794415e-03,2.824174119057439314e-01,-6.872668161739325932e-02,1.119722667630370372e-01,9.913191745805175481e-01,5.014859799651126548e-03,-1.816033558446917606e+00,2.430892341572945536e-01,3.529566672929784765e-01,2.513700962224111102e+00,-7.735876976557318763e-01,1.557414423540013637e-01,-2.005661991240762276e+00,7.950056383468025178e-02,2.239494119650949910e-01,2.679127850862717430e+00,-8.720765445000200344e-01,-6.274596179109319383e-02,6.361598020437189693e-02,2.100525415697981207e-02,-5.438584979961879479e-02,-6.006342717036813328e-01,3.089966100972884044e-01,-2.134717693525414565e-03,4.782541940898911714e-01,4.639895466543390292e-04,5.015897353975767164e-02,-3.414646138767255847e-04,-3.641265071130188047e-01,-2.574505796040434391e-01,4.578571873667260789e-02,3.654529213827721890e-01,-1.115907575639962096e-02,-8.648776353562722665e-04,-1.874347793359798509e-02
3.825251573249081605e-01,-5.000162009217942218e-04,2.782407324586476660e-01,-6.679442035305434289e-02,1.097912967179890398e-01,9.916977138358695765e-01,4.474477331698035500e-03,-1.824337989373867375e+00,2.436402797304807466e-01,3.437346844541335766e-01,2.528958942535775023e+00,-7.786415051193045223e-01,1.561194778068648314e-01,-2.014095500804900851e+00,7.999514944775738823e-02,2.116092035320565334e-01,2.690730190184327686e+00,-8.689813380007019861e-01,-6.131588797733110441e-02,7.158010229649799938e-02,2.293523446416224909e-02,-4.844310661434599735e-02,-5.504493354061886778e-01,3.048632119418036579e-01,-2.798469849524434783e-03,4.741989237403564372e-01,1.234963321728354407e-03,4.067671776331788225e-02,6.420420938657478600e-04,-3.506080000335008995e-01,-2.561497534039372526e-01,4.444250189129333312e-02,3.697471267196172917e-01,-1.114348855874477962e-02,-1.130759640181130824e-03,-1.719115295135463170e-02
3.820986749853981790e-01,6.109640306019487911e-04,2.753231742846436458e-01,-6.508830117009971328e-02,1.076929492088157803e-01,9.920416895030315096e-01,4.362112959211308059e-03,-1.827256379153149757e+00,2.422894052575328971e-01,3.353277061781543833e-01,2.540229147813796384e+00,-7.866126099576985498e-01,1.538738548829073072e-01,-2.018542785292924968e+00,8.057238612313560866e-02,2.003923516275146199e-01,2.698731454534169849e+00,-8.675643427347859982e-01,-5.816174322843005451e-02,7.855190117454968757e-02,2.437507529848205109e-02,-4.241912642251341459e-02,-4.992876370442155265e-01,3.003243329327224265e-01,-4.077722250690421317e-03,4.725727055533529564e-01,2.161226175198966044e-03,3.094510153723738916e-02,1.659874805494343736e-03,-3.364614335334992212e-01,-2.585824131313044782e-01,4.112414580584188711e-02,3.751835137009991161e-01,-9.838083844462140043e-03,-1.971189385637350105e-03,-1.555332328914423717e-02
3.817220262647790796e-01,1.386422463974322505e-03,2.734872871234609315e-01,-6.349191129988110416e-02,1.058919540025340528e-01,9.923361979772901131e-01,4.953933890344937307e-03,-1.828969914494678051e+00,2.403503434339072098e-01,3.276978639056722931e-01,2.549359470433366859e+00,-7.942403732825868978e-01,1.519722955484097138e-01,-2.019991700377586241e+00,8.080465098015504610e-02,1.905721449300668835e-01,2.702942236692016831e+00,-8.663255014872125459e-01,-5.515348797204707582e-02,8.494795148112892214e-02,2.476895338385482273e-02,-3.616746992659106846e-02,-4.485657186411658448e-01,2.959510453556735698e-01,-5.511485187993979754e-03,4.718239446410766313e-01,2.964377296131758682e-03,2.146854627565383464e-02,2.511524548893518966e-03,-3.227703889369624712e-01,-2.629956719543541377e-01,4.033710998433522738e-02,3.829129941604813570e-01,-8.137468094099806204e-03,-2.144397235271255746e-03,-1.559334339561680230e-02
3.813471938500859193e-01,1.813308989970393009e-03,2.725966109121937264e-01,-6.198031297694564512e-02,1.045156071585411073e-01,9.925725083140257698e-01,5.894438290859416521e-03,-1.832540723857621678e+00,2.375814517430382411e-01,3.203486229868701685e-01,2.557732461529779844e+00,-7.957460979258409450e-01,1.507509575392105006e-01,-2.018496366423828015e+00,8.183557247054737416e-02,1.824818045252318277e-01,2.704457029748402519e+00,-8.641955817389305183e-01,-5.273149183015030800e-02,8.949014394539391015e-02,2.372974898774679250e-02,-3.015117366800397145e-02,-3.994588914657096756e-01,2.924250089200680081e-01,-6.550942550161033620e-03,4.704441291466051056e-01,3.638690157373522614e-03,1.187196658388347398e-02,3.265271729527622485e-03,-3.109849750178126371e-01,-2.691589584547510738e-01,3.583314797791065792e-02,3.893772886742060679e-01,-6.311337912231316724e-03,-2.189821749585124655e-03,-1.390073330245861043e-02
3.812268343673971271e-01,2.011272697167466698e-03,2.727849304276532827e-01,-6.096116022623689068e-02,1.026435057017459629e-01,9.928256260908568942e-01,6.732299638681905722e-03,-1.832790196879214406e+00,2.320055421020415509e-01,3.130619580950280700e-01,2.562025260470255361e+00,-7.935683596774706361e-01,1.500174117793501016e-01,-2.013648087814299714e+00,8.149563772286415320e-02,1.765154345161972227e-01,2.702955832164786187e+00,-8.631871297859314840e-01,-4.883882417746384513e-02,9.243341594052102705e-02,2.316360393738376225e-02,-2.493857159003935731e-02,-3.556922322713749196e-01,2.898669496686505087e-01,-7.193446850714784249e-03,4.688293164038792593e-01,4.080786195523586346e-03,3.197443549160110948e-03,3.787341654646716668e-03,-3.016491179369666931e-01,-2.750284284209914554e-01,3.089711592998431802e-02,3.964751661698490137e-01,-4.926215744681187655e-03,-2.307654909042635132e-03,-1.160278244146399976e-02
3.815014503215983788e-01,2.095320291259141279e-03,2.741539132612705321e-01,-6.082469771224598143e-02,9.947781145927607482e-02,9.931519984739394236e-01,7.323189380813426713e-03,-1.826092028898103958e+00,2.231316871382748313e-01,3.056191361792369166e-01,2.559914410525213402e+00,-7.973605434156598726e-01,1.504490934198546570e-01,-2.005663430337100372e+00,7.812772281654202511e-02,1.709343227506093521e-01,2.697405904716030367e+00,-8.650494427187266355e-01,-4.197926429627807376e-02,9.461143133380463255e-02,2.463808794019570550e-02,-2.144936941943786923e-02,-3.203197959306404163e-01,2.885753019926983187e-01,-7.582128965788401120e-03,4.665426589400078483e-01,4.281473922374856231e-03,-4.306016762908016458e-03,4.018742792542999605e-03,-2.949211846033755746e-01,-2.783478369318155843e-01,2.749132289903059509e-02,4.045368105953499605e-01,-4.168284567990955015e-03,-2.582517877838938145e-03,-8.720634663430013728e-03
3.819068097312824372e-01,1.954334276823037862e-03,2.764953034107067720e-01,-6.089171608772851740e-02,9.584535496564672297e-02,9.934999183530409672e-01,7.986180307376139140e-03,-1.817053000038542532e+00,2.131296503370689044e-01,2.977318799843418073e-01,2.554843411301710443e+00,-8.073931412064481172e-01,1.503394443427094884e-01,-1.995512708807561486e+00,7.331412074384381639e-02,1.645099652532720225e-01,2.688941747766552037e+00,-8.656887311782169858e-01,-3.469144798746069680e-02,9.595001747136461256e-02,2.694616515319608538e-02,-1.935517175409617527e-02,-2.935296513612594693e-01,2.878679190827279633e-01,-7.753604071784906890e-03,4.653656606500398141e-01,4.445469885543134984e-03,-1.010156812562342833e-02,4.151900821384613138e-03,-2.892737793372833766e-01,-2.799792438621921953e-01,2.414820371299957261e-02,4.124817053304324355e-01,-3.533216789331065401e-03,-3.049285546239476064e-03,-5.664346406115960963e-03
3.823417905173612241e-01,1.521716972341441518e-03,2.795679024943896196e-01,-6.086447016491954021e-02,9.266088799500901696e-02,9.937957238814275618e-01,8.918256696780074017e-03,-1.809431795467969062e+00,2.034977079377935649e-01,2.897448017159075517e-01,2.549210080950309987e+00,-8.185150175953124219e-01,1.481895271305880002e-01,-1.983513839324412720e+00,6.835984784520199309e-02,1.588083999374163002e-01,2.678163262524714039e+00,-8.658122628408048138e-01,-2.911580929891388614e-02,9.599013257933602938e-02,2.864292917910953723e-02,-1.852261104382625645e-02,-2.754894694934935107e-01,2.874746250813948745e-01,-7.634622545121254322e-03,4.661706959806970474e-01,4.645907382922451895e-03,-1.404256230911856557e-02,4.304665791761803743e-03,-2.841586829932704616e-01,-2.801768406755462681e-01,2.145700279133289784e-02,4.200136163400257638e-01,-2.829885911571325234e-03,-3.668196002895917317e-03,-3.271034343194344392e-03
3.828570618031970629e-01,9.404481707761424463e-04,2.831997382400809338e-01,-6.072389218474664313e-02,9.005073227455069607e-02,9.940307074061511816e-01,1.031635925990216987e-02,-1.801606939788962691e+00,1.955867502005928515e-01,2.825947855948994225e-01,2.542797689098143632e+00,-8.268423598145564490e-01,1.452890878615930581e-01,-1.969269436298797027e+00,6.504014789907842931e-02,1.541571394182899846e-01,2.665998077919524700e+00,-8.671519234980078483e-01,-2.504249770400881689e-02,9.587512499368176788e-02,2.878377747547312265e-02,-1.812581032374698323e-02,-2.645820892699165539e-01,2.877595024590662853e-01,-7.311966878257867945e-03,4.677973519913120048e-01,4.608846659158632834e-03,-1.606139045259249998e-02,4.237349167186801359e-03,-2.797770065001282114e-01,-2.796800829187853776e-01,2.058618948577581320e-02,4.278159738553272140e-01,-2.367284089298773118e-03,-4.057571758720372387e-03,-2.500393896453370797e-03
3.834148990996611439e-01,3.222067403862283576e-04,2.872150640978705649e-01,-6.038611368528370993e-02,8.796864226581309343e-02,9.942179364054323232e-01,1.207187564636916927e-02,-1.792468860999728131e+00,1.901596104787866559e-01,2.779957857653972964e-01,2.536248054698875265e+00,-8.302370887843646408e-01,1.430604428263757277e-01,-1.952806278065567502e+00,6.476741781591378866e-02,1.501216505367493070e-01,2.653290403578482781e+00,-8.705340089637555456e-01,-2.205320823941346250e-02,9.578819032909495490e-02,2.691690747478312287e-02,-1.765403330867217069e-02,-2.587093496343091936e-01,2.890194485356087917e-01,-6.616864343983497147e-03,4.696304036150573680e-01,4.245756045715792099e-03,-1.643912958404219332e-02,3.895985125364561860e-03,-2.761250221766073931e-01,-2.794785069900176944e-01,1.982161635651276399e-02,4.356272423881050182e-01,-2.269802909629884454e-03,-4.260991770891127406e-03,-2.539008687120299177e-03
3.841648011263690266e-01,-3.452909415416975224e-04,2.918591667102936604e-01,-6.061020769174330775e-02,8.537985727092113619e-02,9.944197247294646047e-01,1.288773699829366681e-02,-1.779933218731751587e+00,1.823556572802990383e-01,2.746007485978739227e-01,2.524102271328376723e+00,-8.326549940833618546e-01,1.413977022384776960e-01,-1.934368395165715349e+00,6.354637885573355405e-02,1.473592193226670732e-01,2.638040046878045608e+00,-8.732208344598262340e-01,-1.774325234212753566e-02,9.383505562206154171e-02,2.577793470368890116e-02,-1.845694357420395865e-02,-2.560957820062326196e-01,2.906005056621496219e-01,-5.744139669069021209e-03,4.718534334937453112e-01,3.840315396181952223e-03,-1.597672553564664921e-02,3.519133856024719235e-03,-2.733942762425738415e-01,-2.799066238955011943e-01,1.868656141471620319e-02,4.433824269103194271e-01,-2.245050442649836227e-03,-4.052562591670975239e-03,-2.427863235118697238e-03
3.850994617334105308e-01,-1.072207496149730609e-03,2.973570004115734244e-01,-6.148080659027744393e-02,8.180205253442790481e-02,9.946727951044166405e-01,1.243242942192532112e-02,-1.762725492903284508e+00,1.704643577649727348e-01,2.717560977486164209e-01,2.506170181171145650e+00,-8.411553430897567019e-01,1.405204823140137338e-01,-1.913848865266849497e+00,5.914720819028816690e-02,1.450140148356518222e-01,2.619547602207275450e+00,-8.740075760491704537e-01,-1.063038207643342281e-02,8.985302043837828379e-02,2.677212373868012932e-02,-2.057448873747246693e-02,-2.548436562140884987e-01,2.920919190396698562e-01,-4.963768169121135845e-03,4.746097870086275483e-01,3.495309730015213473e-03,-1.491943623374625272e-02,3.168927029698777060e-03,-2.714166454539845286e-01,-2.810332976495739654e-01,1.691753940841386403e-02,4.511523927923917765e-01,-2.178955201407493329e-03,-3.335871050357436772e-03,-1.836877985535520594e-03
3.859238632482409059e-01,-1.866359414263456815e-03,3.035967282086279306e-01,-6.162424881356489553e-02,7.832623709765348941e-02,9.949468948086652720e-01,1.217082786342922607e-02,-1.744418350670478457e+00,1.579591016276055693e-01,2.677435408890269652e-01,2.487842880506512699e+00,-8.519761032777940502e-01,1.404202499639171098e-01,-1.891074983014271682e+00,5.407273226770378804e-02,1.415453442454663036e-01,2.599639531953510385e+00,-8.739142427295598647e-01,-3.798638195594160674e-03,8.586042310396269084e-02,2.803010274397939317e-02,-2.146182532286161626e-02,-2.534154724129670244e-01,2.935263697171618946e-01,-4.237818925388132409e-03,4.777471933377820945e-01,3.067948276902062073e-03,-1.413221087293247032e-02,2.749665780588308930e-03,-2.695156461923104430e-01,-2.824461777957624209e-01,1.507076397953205187e-02,4.588009355116614563e-01,-2.153492928827048167e-03,-2.825993042861053850e-03,-1.360525875175519744e-03
3.866048849889510697e-01,-2.627076811407801082e-03,3.104917379055042725e-01,-6.112829775137690325e-02,7.552979163882599101e-02,9.951918676397736307e-01,1.231780713740482022e-02,-1.726861037586761016e+00,1.464924088405017422e-01,2.631815746279954626e-01,2.469644635671926380e+00,-8.594685071282115452e-01,1.400063587989345826e-01,-1.866449134881478900e+00,4.929395955988596922e-02,1.377382305236025117e-01,2.578747115415025437e+00,-8.737333887873983684e-01,1.040321219823146966e-03,8.197434174741802249e-02,2.845269283996089416e-02,-2.131372970136639899e-02,-2.509567542389707362e-01,2.950511422417584351e-01,-3.565236107002144397e-03,4.812675485534355646e-01,2.513686713969592867e-03,-1.397795228247138491e-02,2.216556476172663968e-03,-2.673055099757759012e-01,-2.836372813116634917e-01,1.333276248513364480e-02,4.661530605942050265e-01,-2.196718941110580806e-03,-2.888621073870465805e-03,-1.204608642321364958e-03
3.872393827850406089e-01,-3.286374215223532465e-03,3.178619420042222976e-01,-6.073415961593543744e-02,7.335331687863916317e-02,9.953746909947625010e-01,1.264425900279462882e-02,-1.709324346245755022e+00,1.356872389402649648e-01,2.589522790458083645e-01,2.449917310875904253e+00,-8.616197422030182906e-01,1.386704610050798481e-01,-1.840871551527029082e+00,4.545135025804451084e-02,1.341605494202183224e-01,2.556408403814680597e+00,-8.735485000895446550e-01,3.227611113843031378e-03,7.842898964867084377e-02,2.779822283917812026e-02,-2.130369854532948928e-02,-2.478542742759418382e-01,2.965896541368614470e-01,-2.994195108924260079e-03,4.843525377155069589e-01,2.006777297011707283e-03,-1.384778675102192602e-02,1.721044199964816323e-03,-2.646756020043988245e-01,-2.847414146511113575e-01,1.176029952275799151e-02,4.725063717237976135e-01,-2.143014031664023343e-03,-2.977117085368882147e-03,-1.105085427145140664e-03
3.878481219481679787e-01,-3.818964550752288606e-03,3.255161242505740793e-01,-6.055977214740692477e-02,7.169480845579170869e-02,9.955012722170833994e-01,1.302249792130679047e-02,-1.691325324075923175e+00,1.250260507136640720e-01,2.551412432663484053e-01,2.428170667792859394e+00,-8.591623374265177082e-01,1.363720323139888946e-01,-1.815129852878691441e+00,4.303957337201481242e-02,1.309330567138905776e-01,2.532917972462583212e+00,-8.730406574920760443e-01,2.711549445208752841e-03,7.541282140389790611e-02,2.616272996756042676e-02,-2.147389166295861351e-02,-2.443797544068226635e-01,2.979343791449516332e-01,-2.532128944112446017e-03,4.864953548290895657e-01,1.589576585904898913e-03,-1.356369778363219342e-02,1.318046907680337377e-03,-2.616264417603158532e-01,-2.860052110730127439e-01,1.048191216765054050e-02,4.774932370373633495e-01,-1.953658202109391333e-03,-2.923859393561023187e-03,-9.373839528451519219e-04
3.884189316971384254e-01,-4.240099446343111554e-03,3.334418663770233326e-01,-6.052378033993736223e-02,7.020927940952734203e-02,9.956040945627994132e-01,1.341700368736771162e-02,-1.672505475089721694e+00,1.147100501519185273e-01,2.511026618607869465e-01,2.404996384698488754e+00,-8.549239626473489340e-01,1.328855661469411364e-01,-1.788591286678538950e+00,4.146356868345876107e-02,1.281652227077219874e-01,2.508487759580134036e+00,-8.728227091379577862e-01,1.067778008144961615e-03,7.300175456281307595e-02,2.430796798615864757e-02,-2.163098526694615803e-02,-2.403282427906832108e-01,2.989630883703673914e-01,-2.095607454786605709e-03,4.880561253749069461e-01,1.279432727646537260e-03,-1.344505198309998290e-02,1.019029012791174658e-03,-2.584027243751625402e-01,-2.872656261902953312e-01,9.572212846317897789e-03,4.817459135141267113e-01,-1.691817715708019299e-03,-2.889793357119202575e-03,-7.427926743726824110e-04
3.889352539540445464e-01,-4.549203198530442013e-03,3.416619870928820912e-01,-6.052136114567335107e-02,6.874353448299802549e-02,9.957016043308047903e-01,1.377702598247604326e-02,-1.652600648068821343e+00,1.052367581591193701e-01,2.465182871493407368e-01,2.380814015085925828e+00,-8.512149216823259312e-01,1.282561534829481653e-01,-1.761072111870141566e+00,4.006256201140646900e-02,1.257359222782916952e-01,2.482967939729654905e+00,-8.723150794780828443e-01,-8.052777663450864237e-04,7.122925351858123977e-02,2.251298271417614960e-02,-2.142043813626091225e-02,-2.355345648691501148e-01,2.996782903892465932e-01,-1.687824723832017856e-03,4.893818576486684280e-01,1.066119278665844010e-03,-1.358651715540742932e-02,8.086254984688565680e-04,-2.551358518690620136e-01,-2.882420745959461406e-01,9.079094326063352760e-03,4.858408420607625011e-01,-1.376309476972817619e-03,-2.894594925547464091e-03,-5.178180003890034671e-04
3.893040878352757583e-01,-4.749626426451767844e-03,3.501352398076309491e-01,-6.045621980528811945e-02,6.731329791595050405e-02,9.958006352033039743e-01,1.396640036766974742e-02,-1.631626299439810523e+00,9.664530347103075791e-02,2.416318301118006717e-01,2.355779616495516038e+00,-8.477048494582283267e-01,1.227718007008494067e-01,-1.733040706227148231e+00,3.840969613059120463e-02,1.234341125712209858e-01,2.456972231399150886e+00,-8.721027887546251023e-01,-2.818556456021609636e-03,6.979487829496161533e-02,2.070227130378626823e-02,-2.100280011944554923e-02,-2.291692490704573815e-01,3.001578843213603687e-01,-1.375525791361684354e-03,4.897903574673135307e-01,9.387933544257492154e-04,-1.358271824526071855e-02,6.676076235525997115e-04,-2.504269973372575397e-01,-2.888860960995198734e-01,8.832222611734779835e-03,4.885695851719538685e-01,-1.147634868796110381e-03,-2.844322978151226072e-03,-4.557179831311990777e-04
3.894831972286406652e-01,-4.856268655751539397e-03,3.588488491022044369e-01,-6.036770830789561088e-02,6.591318927550840479e-02,9.958990821198686616e-01,1.400748035827879302e-02,-1.609680225512741591e+00,8.910170604700830277e-02,2.365964082099983878e-01,2.330011022099590878e+00,-8.442284319404012027e-01,1.165197177169468995e-01,-1.704607643363767355e+00,3.628072948787591095e-02,1.211121741999560408e-01,2.430624404648857428e+00,-8.725281526509625074e-01,-4.995016390454158281e-03,6.864381505485678270e-02,1.887148806389340669e-02,-2.059462484446298799e-02,-2.206035064538985901e-01,3.004327485610870374e-01,-1.146945364144387079e-03,4.890181277738106513e-01,8.859348521349368370e-04,-1.335935443227248727e-02,5.839459777345352553e-04,-2.433322135037674361e-01,-2.892232811204779042e-01,8.752384482184084533e-03,4.894099896974175024e-01,-1.036351569013757579e-03,-2.829704085220136230e-03,-6.200438870744304307e-04
3.894590786404673044e-01,-4.906788552556429900e-03,3.677414153478095749e-01,-6.014574270169827097e-02,6.457283314256660745e-02,9.960017324063060729e-01,1.390639775214868624e-02,-1.586565761701160593e+00,8.172680739245768988e-02,2.319609514438385200e-01,2.303711129300665572e+00,-8.411581951735971341e-01,1.107502887639097988e-01,-1.675861398575693384e+00,3.376771343383699886e-02,1.189184636149480806e-01,2.403719260558852433e+00,-8.726367943780923842e-01,-6.779046471203272958e-03,6.744923969610730485e-02,1.708760603948846629e-02,-2.008052074906591100e-02,-2.098477990941081672e-01,3.005989555239400035e-01,-9.782105454879796297e-04,4.873583591751348698e-01,8.443862190549845763e-04,-1.303432483779698968e-02,5.386334911158355580e-04,-2.339087652949456142e-01,-2.894191349234680466e-01,8.669008259371837125e-03,4.885834130675410503e-01,-9.944046845115435320e-04,-2.810489044797121090e-03,-7.561244832927790059e-04
3.892403486790676492e-01,-4.928046409355540079e-03,3.768174153172843543e-01,-5.976616296093540531e-02,6.329247344324050173e-02,9.961091195059779135e-01,1.373646997556805111e-02,-1.562182431299658392e+00,7.409746121179044964e-02,2.276918972897904736e-01,2.276828886831736565e+00,-8.388431690570898880e-01,1.061144563512259331e-01,-1.646719724093508086e+00,3.100203739653756632e-02,1.168267180428330665e-01,2.376086330497324095e+00,-8.719185454393749701e-01,-7.997928448946960839e-03,6.601526045484841509e-02,1.545746925769720531e-02,-1.933982826828213944e-02,-1.969518274472795427e-01,3.007303863236200914e-01,-8.597003366709614260e-04,4.851563768375100616e-01,7.939477997962384945e-04,-1.266512962745137451e-02,5.210682039443932396e-04,-2.222429954316263723e-01,-2.896215239931828056e-01,8.464241712024122774e-03,4.864377023780454556e-01,-1.005561471209076617e-03,-2.785067452885229763e-03,-7.953376384260350384e-04
3.888171023485106348e-01,-4.921701335004060630e-03,3.860005702853817611e-01,-5.930039356352365121e-02,6.199851114596854895e-02,9.962203010075123544e-01,1.359263769092103509e-02,-1.537332064323622127e+00,6.671952354189175649e-02,2.232395104550262410e-01,2.249598680253193095e+00,-8.366989558784129200e-01,1.019830595401674672e-01,-1.617205334236854197e+00,2.816628203490561741e-02,1.145790150355953663e-01,2.348110884306655155e+00,-8.712579300166148899e-01,-9.076764396546180627e-03,6.467123253351023116e-02,1.404122522354886264e-02,-1.859695022558999905e-02,-1.820709841258152661e-01,3.008353133184115680e-01,-7.616068450029340109e-04,4.819765527917023729e-01,7.316873961771995158e-04,-1.217102944851221509e-02,4.841704346334327271e-04,-2.084505772649739574e-01,-2.898848068736757377e-01,8.187899598812328067e-03,4.828307989961896363e-01,-9.779370717188874598e-04,-2.710991492554779784e-03,-7.268610510243773016e-04
3.882054512837767590e-01,-4.886627457529796326e-03,3.952314910787184110e-01,-5.882023096969029446e-02,6.065920191899273894e-02,9.963330465143778181e-01,1.345741708511183354e-02,-1.512426460168111442e+00,5.982539411820133463e-02,2.185196073440578701e-01,2.222174065716207902e+00,-8.343665294003724808e-01,9.790543988663966135e-02,-1.587490291016358857e+00,2.526093564948332648e-02,1.120957629166179775e-01,2.319942751477074960e+00,-8.713215037222107329e-01,-1.024296782649671868e-02,6.351852541891760129e-02,1.282295288570722835e-02,-1.790797049379338340e-02,-1.655368298838519325e-01,3.009468037640670723e-01,-6.701354677553555874e-04,4.775937083382684745e-01,6.559357221180770999e-04,-1.156943156253769853e-02,4.119580596879040624e-04,-1.927969329696530010e-01,-2.902413686095229317e-01,7.851724956443918019e-03,4.777781767900584065e-01,-8.903868535657434320e-04,-2.609648477241914392e-03,-5.524300904765388261e-04
3.874251919368963959e-01,-4.825090333881225380e-03,4.045129526508997042e-01,-5.829749647734096957e-02,5.934338810223347555e-02,9.964453397457168071e-01,1.328341417203876378e-02,-1.487250794839236612e+00,5.319549102302414956e-02,2.137372498921645270e-01,2.194381291936581935e+00,-8.317352002483886508e-01,9.376023676661972284e-02,-1.557682992500563968e+00,2.228202927240195003e-02,1.096361712140769828e-01,2.291347680353023275e+00,-8.713744088089399042e-01,-1.122830791985687804e-02,6.248891094478550151e-02,1.167944204163248213e-02,-1.718846293212183962e-02,-1.476952568148909850e-01,3.010372028127625277e-01,-5.761446060615298516e-04,4.723824862374720324e-01,5.864094925643647052e-04,-1.108321706452589615e-02,3.440389607490205569e-04,-1.757381163345874409e-01,-2.906577362486830740e-01,7.506435978365724043e-03,4.716537403231576553e-01,-7.780001539118767788e-04,-2.478994372425141063e-03,-3.912860553564123461e-04
3.865004171878987926e-01,-4.742302882331519802e-03,4.138871967979148025e-01,-5.770896190096547890e-02,5.806791563187811006e-02,9.965577299287591284e-01,1.305694488466278315e-02,-1.461594946312163135e+00,4.678917619556618307e-02,2.089633088196119481e-01,2.166007529502614215e+00,-8.288821846999678833e-01,8.946566266719593874e-02,-1.527700128048419259e+00,1.919085688990503080e-02,1.072639058766952647e-01,2.262189392230217422e+00,-8.710749913243960307e-01,-1.191652784306011445e-02,6.157048777774434822e-02,1.060491534706897027e-02,-1.628956955569184697e-02,-1.288920295981529629e-01,3.010513222309680326e-01,-4.855595885277887765e-04,4.666333979468595405e-01,5.300171004166948476e-04,-1.078291940518297937e-02,2.938758766574984670e-04,-1.577327204840541230e-01,-2.910994578631482255e-01,7.186877402096439847e-03,4.647785577924477551e-01,-6.465291126118783349e-04,-2.295005584476821243e-03,-2.772622519175061860e-04
3.854277041748480070e-01,-4.639387033518571624e-03,4.233353141415438503e-01,-5.708633715500741057e-02,5.680701360362287039e-02,9.966694020913205998e-01,1.281468886055505720e-02,-1.435668569307667619e+00,4.070913189350859607e-02,2.042849078840036636e-01,2.137098574797173800e+00,-8.255562608207868136e-01,8.558325830010363178e-02,-1.497851787923897282e+00,1.619775948640681668e-02,1.047928218649908233e-01,2.232391212719452511e+00,-8.696555179956064752e-01,-1.251485655821470838e-02,6.078124904502540254e-02,9.603177993541173879e-03,-1.534005050352347729e-02,-1.092459373293940134e-01,3.010661330565034266e-01,-4.110379701445904775e-04,4.603365022536738405e-01,4.827394221575947303e-04,-1.043033388870640184e-02,2.509737220418774978e-04,-1.388077996975436157e-01,-2.915076293710831545e-01,6.864590182250574282e-03,4.571942646530275933e-01,-5.709728940657791962e-04,-2.155503672198934555e-03,-2.007710694068165903e-04
3.842168224567673596e-01,-4.523162376254104972e-03,4.328511036305225379e-01,-5.647402505065991785e-02,5.552208037271414570e-02,9.967795306161063573e-01,1.259168099971743823e-02,-1.409617731147248865e+00,3.504521686884680409e-02,1.996468552856743017e-01,2.107704164448633843e+00,-8.216761882073894130e-01,8.238697647846471295e-02,-1.468230525667554298e+00,1.343001004193675706e-02,1.021316858564889213e-01,2.201908181255493258e+00,-8.668109058551067836e-01,-1.314750369334404673e-02,6.011996113724332735e-02,8.719591865670726569e-03,-1.441764580384105945e-02,-8.893181358881087351e-02,3.011306550046396469e-01,-3.415529957983020107e-04,4.535454157586976676e-01,4.390694362058010199e-04,-9.932078660479173524e-03,2.090453410439760884e-04,-1.190772984424202929e-01,-2.918487801135242754e-01,6.534569790978913932e-03,4.489659923020616894e-01,-5.762525201173271079e-04,-2.099317117916269914e-03,-1.599424252551137778e-04
3.828820911153505979e-01,-4.403106985894441987e-03,4.424349169721467079e-01,-5.584860818949572564e-02,5.424803059949587225e-02,9.968876705095317536e-01,1.237160157182860300e-02,-1.383412437925576555e+00,2.967954149117111098e-02,1.949875393482709551e-01,2.077735828751853475e+00,-8.170467581973307469e-01,7.938534199684210702e-02,-1.438705244292432628e+00,1.079848001288931728e-02,9.946212051276596966e-02,2.170895379655193747e+00,-8.630556805022810973e-01,-1.370568616032042698e-02,5.954096912052896790e-02,7.902022380921240596e-03,-1.348651093594887412e-02,-6.823047687967276342e-02,3.011698674873337644e-01,-2.878415667771519557e-04,4.466990267369134737e-01,4.081406951877219829e-04,-9.472987446016699689e-03,1.794111871519665660e-04,-9.892768621252254202e-02,-2.921682965127956333e-01,6.201993955351402417e-03,4.406289981817538837e-01,-5.703610049782886380e-04,-2.053359115474137891e-03,-1.104063909531306407e-04
3.814386188255869947e-01,-4.287934869035994398e-03,4.520963744011447516e-01,-5.520714305215938117e-02,5.299613914694027011e-02,9.969934989500293110e-01,1.214675441897495288e-02,-1.356985736801505915e+00,2.453024315013429407e-02,1.903343052981590622e-01,2.047099290785495906e+00,-8.117078275005242816e-01,7.629896035910084529e-02,-1.409148677948103945e+00,8.255088087317442175e-03,9.683442558159996438e-02,2.139338181732158173e+00,-8.589109017122172895e-01,-1.417162146708567973e-02,5.902787556249109585e-02,7.148376906851686315e-03,-1.250536267323347148e-02,-4.737852637773257158e-02,3.011061185133283580e-01,-2.720772443323111827e-04,4.400208411508148010e-01,3.965652158507536481e-04,-9.078402359493030135e-03,1.668210020384056525e-04,-7.867147252309754368e-02,-2.925152888114846972e-01,5.862416723910817209e-03,4.324922051545027069e-01,-5.230299309157010208e-04,-1.935573967470331606e-03,-3.223559605072287657e-05
3.798955799435069780e-01,-4.174587675984094658e-03,4.617955072911901215e-01,-5.456584179844936600e-02,5.178879333163823040e-02,9.970950994254297317e-01,1.191018454400360679e-02,-1.330425115537585024e+00,1.950993477542444302e-02,1.857637111232918192e-01,2.015851601343704225e+00,-8.058384672981104835e-01,7.324468398045029527e-02,-1.379818812634711733e+00,5.791281967350485858e-03,9.427431823312494574e-02,2.107276219416478913e+00,-8.542129388925643330e-01,-1.448860543298437047e-02,5.850063833119321238e-02,6.397298316287124142e-03,-1.152253898603304919e-02,-2.662878929236871944e-02,3.010078384420471487e-01,-2.668569103180284171e-04,4.336238028912723919e-01,3.611790705976123295e-04,-8.740708839074380967e-03,1.368577050772108034e-04,-5.857264497059135738e-02,-2.928622015633868814e-01,5.540637733177066968e-03,4.246759701053566260e-01,-4.859156157542209530e-04,-1.779714413663361109e-03,2.321731362587641336e-05
3.782678192151370244e-01,-4.061949044664709893e-03,4.714999020825246245e-01,-5.391822412830909322e-02,5.063690874950151077e-02,9.971923094726075076e-01,1.167161119262483115e-02,-1.303801262691327789e+00,1.453749027315652184e-02,1.812874767719862001e-01,1.984078052974340256e+00,-7.996016105206746882e-01,7.031829533148653555e-02,-1.350785698126340639e+00,3.465714607158518722e-03,9.178258714879791724e-02,2.074773441973576826e+00,-8.488571856785837033e-01,-1.466387427330070881e-02,5.790096099566714033e-02,5.628573001078190918e-03,-1.049453344710292273e-02,-6.225065797594072498e-03,3.009183901329037791e-01,-2.417384494841158299e-04,4.275346489338910927e-01,2.891553657393906829e-04,-8.465717291057951385e-03,7.889869345072272281e-05,-3.888921714995091650e-02,-2.931969715615958538e-01,5.248032745471881838e-03,4.171964420311999322e-01,-4.746097971445158376e-04,-1.592198318589787111e-03,4.227706895298218774e-05
3.765631766199484254e-01,-3.949936364000198284e-03,4.811901851912839811e-01,-5.329873225564523559e-02,4.947433770397537123e-02,9.972865252605217501e-01,1.145083326614818216e-02,-1.277358435218113319e+00,9.782251500417987050e-03,1.767897562006840451e-01,1.951883785886255884e+00,-7.928093106773359544e-01,6.770075281508491916e-02,-1.322079794676711995e+00,1.357403859473742692e-03,8.919982466207510008e-02,2.041785467758526096e+00,-8.427343763737195070e-01,-1.489640571435783302e-02,5.731455721270098391e-02,4.958491442690351157e-03,-9.502358733819937786e-03,1.368418695556674822e-02,3.008332886469950451e-01,-2.262714385740649526e-04,4.217538306047187158e-01,2.355727716881344277e-04,-8.069910279877448925e-03,3.815804389687233930e-05,-1.957954723837796243e-02,-2.935532404365632231e-01,4.947108024124830146e-03,4.100304094491466489e-01,-4.612120602824672385e-04,-1.391521061471086198e-03,6.190001380935785942e-05
3.747893557327953706e-01,-3.835808508441929630e-03,4.908365857121692044e-01,-5.268423565344652892e-02,4.826334619089869132e-02,9.973809417708259240e-01,1.123733600148532630e-02,-1.251175665647876967e+00,5.280842239598339434e-03,1.721980496331724786e-01,1.919393652108293713e+00,-7.852379221342542515e-01,6.546596082744263190e-02,-1.293668835518800853e+00,-4.512389255626821256e-04,8.644708208242160574e-02,2.008364944365796489e+00,-8.357529075983077815e-01,-1.528877827581189355e-02,5.674298893676131550e-02,4.445922491634937343e-03,-8.543859045205107888e-03,3.297676202104114079e-02,3.007655143730277869e-01,-2.231699528827335512e-04,4.162321335263263755e-01,2.180536641671240836e-04,-7.494365220586244811e-03,3.118099672693489091e-05,-6.153817231296446200e-04,-2.939455367421519028e-01,4.618672455822288650e-03,4.031361511200541314e-01,-4.362117928135101426e-04,-1.177706246869198847e-03,9.452311831568987631e-05
3.729537542868659461e-01,-3.720107021164344423e-03,5.004719363557506018e-01,-5.208017172376806780e-02,4.703998004025467666e-02,9.974733600786784837e-01,1.103593785713115512e-02,-1.225049104280980572e+00,1.038985042855941968e-03,1.675187892703908221e-01,1.886462572377428426e+00,-7.769767828857713221e-01,6.339353586513921113e-02,-1.265458828114591316e+00,-2.077842986222144632e-03,8.366324312526243756e-02,1.974393213554321402e+00,-8.278761976369279907e-01,-1.571356651186288020e-02,5.611901647426914552e-02,4.020548644587869716e-03,-7.612837160272633609e-03,5.174521881475513396e-02,3.007134725863289115e-01,-2.145631876242389251e-04,4.111861917184465032e-01,2.065884701515554179e-04,-6.960526615013016075e-03,2.798160270201335660e-05,1.794691325536518570e-02,-2.943325076006452767e-01,4.291972616910063633e-03,3.967942111800032423e-01,-3.990511582377210338e-04,-1.016151023154496626e-03,1.457426770680898278e-04
3.710585122653405898e-01,-3.603228287881351556e-03,5.101195246714458342e-01,-5.147035037999598411e-02,4.581814624229336302e-02,9.975639451171443017e-01,1.084785273681767963e-02,-1.198838010591038339e+00,-2.957445183841190053e-03,1.627877445964603931e-01,1.852957549135717530e+00,-7.680766680445708650e-01,6.132948089141451731e-02,-1.237356506552463431e+00,-3.565711767026117154e-03,8.088146127848279410e-02,1.939805811563944715e+00,-8.190844587415956335e-01,-1.610127325912230623e-02,5.539295692223782097e-02,3.663251549878698745e-03,-6.705099609881940911e-03,7.009685825779191082e-02,3.006666604944295274e-01,-2.038864027665461813e-04,4.067104661694421752e-01,1.922359847485324380e-04,-6.515673691051856835e-03,1.670064519943786181e-05,3.612947045891244657e-02,-2.946934089018119485e-01,3.982907383621859046e-03,3.911225197641500784e-01,-3.517711093699025290e-04,-8.867927410685103387e-04,2.186738573335652636e-04
3.691101471045586391e-01,-3.487029091880909995e-03,5.197825881422738492e-01,-5.086543243851269352e-02,4.461665738847047508e-02,9.976512806789644694e-01,1.067632080565518102e-02,-1.172561595880690977e+00,-6.689668701188219643e-03,1.580889812960454277e-01,1.818835659213088318e+00,-7.585784215971624889e-01,5.930759579461900022e-02,-1.209340122005680529e+00,-4.971459788546050626e-03,7.815494206881973271e-02,1.904597159622844371e+00,-8.095382779179702837e-01,-1.638386143376830556e-02,5.460791830933115626e-02,3.329108510869206207e-03,-5.835509005828029908e-03,8.801847845046759100e-02,3.006155172343121240e-01,-1.971988923013470870e-04,4.028297944950484655e-01,1.725081012676177273e-04,-6.131998015697561789e-03,7.168260253555187075e-07,5.393808282439148394e-02,-2.950415224272338044e-01,3.696477331933855498e-03,3.861500267364687544e-01,-3.038661108317810568e-04,-7.933126529893249484e-04,2.787225789890548531e-04
3.671112561033034183e-01,-3.370966109720608447e-03,5.294480771752783088e-01,-5.022538126387567775e-02,4.344466345517145750e-02,9.977371336234953647e-01,1.051591569654854348e-02,-1.146168122151093982e+00,-1.023229683334086343e-02,1.534623022725750685e-01,1.784100445109312760e+00,-7.484160705391488255e-01,5.738680907281354382e-02,-1.181339599583580258e+00,-6.223188573977181913e-03,7.550033794301241885e-02,1.868826968032260227e+00,-7.992962547408476448e-01,-1.656827664386414586e-02,5.377024321087636727e-02,3.000704019669054017e-03,-4.973526850050208857e-03,1.055631816094744768e-01,3.005630350981292054e-01,-1.896988139426660869e-04,3.994748982113546232e-01,1.467282611485118003e-04,-5.873217998001731624e-03,-1.902512283933417876e-05,7.143784785211804156e-02,-2.953772880491477015e-01,3.440957463129658018e-03,3.818157388565682209e-01,-2.598447190607720402e-04,-7.891837840520612816e-04,3.181292824508033632e-04
3.650788278165844059e-01,-3.255206648494290457e-03,5.390988740065617568e-01,-4.958665216202503417e-02,4.229335844005627232e-02,9.978201518210858545e-01,1.036245043263269404e-02,-1.119775541675721797e+00,-1.356300082156126560e-02,1.488850144368312201e-01,1.748774169216774199e+00,-7.376099497206762834e-01,5.556504211811678917e-02,-1.153467081415674667e+00,-7.360465564898812686e-03,7.289125003108207212e-02,1.832517521966234852e+00,-7.884486110443348350e-01,-1.672007134470408080e-02,5.289983004006231643e-02,2.689867505903226728e-03,-4.152339204351512825e-03,1.226028512161891348e-01,3.004993083348936889e-01,-1.919906510412186670e-04,3.966667846274591347e-01,1.313531779945818160e-04,-5.618088846353425959e-03,-3.063251722406389933e-05,8.851321040194465306e-02,-2.956957727390843726e-01,3.195737110159006626e-03,3.781362825115556214e-01,-2.237580305827772584e-04,-7.941124849057306159e-04,3.517081335799870792e-04
3.630327249773075970e-01,-3.139928968025089071e-03,5.487108008261476488e-01,-4.892079677330023191e-02,4.115849493525974151e-02,9.979020520437867914e-01,1.020923427734533873e-02,-1.093443263521077125e+00,-1.669097165578758632e-02,1.443490314442726630e-01,1.712926463704504965e+00,-7.260047789042982647e-01,5.382660893608729596e-02,-1.125747865606034681e+00,-8.372868367094644937e-03,7.032098980975168279e-02,1.795704060743729347e+00,-7.768564263222581534e-01,-1.686974427855903250e-02,5.199752011964281495e-02,2.399177044479930323e-03,-3.327917343353037523e-03,1.389948252511443161e-01,3.004201608565053028e-01,-2.055413056554979579e-04,3.943941975119983900e-01,1.342497313593803599e-04,-5.238754456580160812e-03,-2.661655642943638509e-05,1.050269475121042018e-01,-2.959935617096566829e-01,2.949691352439403995e-03,3.751069620443612251e-01,-1.921070191089236268e-04,-6.806710172973297899e-04,3.879444562608051631e-04
3.609827614191653544e-01,-3.027663955942368982e-03,5.582791766159376223e-01,-4.826785671577093345e-02,4.002109120912403228e-02,9.979816484464680837e-01,1.005761555079787671e-02,-1.067167083187699372e+00,-1.960972247282653097e-02,1.398333677039538259e-01,1.676540441981236418e+00,-7.138068011752645159e-01,5.222892119231253155e-02,-1.098191081889403176e+00,-9.278314364399851619e-03,6.775099808301394966e-02,1.758356810103045120e+00,-7.646821648620130141e-01,-1.700951773705926609e-02,5.104407230311791555e-02,2.168863496469863091e-03,-2.554657488528574907e-03,1.547225385535872244e-01,3.003151811829322115e-01,-2.231812571789752763e-04,3.927027043638534609e-01,1.333282114711281739e-04,-4.919079266499455996e-03,-2.773316307610309425e-05,1.209403023731493720e-01,-2.962778392412283024e-01,2.717397316573212825e-03,3.727629323596571842e-01,-1.607383407202238497e-04,-5.814106610465118868e-04,4.219496069671089199e-04
3.589393838238606471e-01,-2.919889431356831495e-03,5.677881396289213844e-01,-4.761370341730120775e-02,3.886679844079302809e-02,9.980602416107222652e-01,9.902592680679975917e-03,-1.040972855975706324e+00,-2.230934187051771336e-02,1.353177446394674133e-01,1.639663817713292504e+00,-7.010598034666840617e-01,5.080381416083232238e-02,-1.070799040267574442e+00,-1.008232548092303366e-02,6.514453721696038258e-02,1.720495636923790039e+00,-7.519213668387677574e-01,-1.712543159724796635e-02,5.001053258305881294e-02,2.029490487875812346e-03,-1.808198926806651183e-03,1.697835686781464237e-01,3.001854003588794173e-01,-2.418066116943946354e-04,3.915409447068877169e-01,1.211804606114940167e-04,-4.726228161490754649e-03,-4.217777215299144805e-05,1.362463917240491207e-01,-2.965502868233432232e-01,2.501570356935224702e-03,3.710460942909898918e-01,-1.276138468528223500e-04,-5.435701174812826789e-04,4.533283856226146989e-04
3.569004288315173468e-01,-2.813843351720237036e-03,5.772366191133775359e-01,-4.697734628732999629e-02,3.771738711612689782e-02,9.981358922138521272e-01,9.760549133654313619e-03,-1.014790457586128625e+00,-2.479280741653077172e-02,1.308199581243383869e-01,1.602247194578276801e+00,-6.879676770494997928e-01,4.943639763845807111e-02,-1.043539297322387149e+00,-1.078557299707957016e-02,6.252993486349638086e-02,1.682107806733171618e+00,-7.387311653067748507e-01,-1.726897673935339980e-02,4.893246920254124693e-02,1.913056211258409856e-03,-1.135052420510495891e-03,1.842550883948462226e-01,3.000678240710343836e-01,-2.635523918425262133e-04,3.908784309977779703e-01,1.157315944022527265e-04,-4.564694933472480086e-03,-4.825495498901450600e-05,1.510303221371278037e-01,-2.967979835638913100e-01,2.308202429632023184e-03,3.699336798301881557e-01,-9.700494231859078747e-05,-5.298964197369943714e-04,4.772128657286349635e-04
3.548641546202414565e-01,-2.707533881146772983e-03,5.866145800061941529e-01,-4.634552795715892598e-02,3.658406233638464983e-02,9.982088411725124066e-01,9.633681869892248353e-03,-9.886174636641852365e-01,-2.705768817859818820e-02,1.263756748400022278e-01,1.564307266221934167e+00,-6.745132403858914438e-01,4.806080147730554947e-02,-1.016411397571433062e+00,-1.138984359219770079e-02,5.993180902655974307e-02,1.643225033348271857e+00,-7.250675456095182492e-01,-1.747303996112490806e-02,4.781505828877023051e-02,1.781742029681278924e-03,-5.540827278213489911e-04,1.982278605978581576e-01,2.999938935228841363e-01,-2.809822362939539547e-04,3.906641303063728698e-01,1.239827416335498669e-04,-4.398411133900478019e-03,-3.728063115975219764e-05,1.653941684217412889e-01,-2.970185756178465586e-01,2.141905001145389276e-03,3.693670633822412896e-01,-7.092063456773983125e-05,-5.208482416782620091e-04,4.935164114337827097e-04
3.528318564970915894e-01,-2.602335547289020418e-03,5.959140624877455883e-01,-4.571859967820714188e-02,3.546305910008181600e-02,9.982792726720024490e-01,9.522333547319739022e-03,-9.624418163359801381e-01,-2.912074685609019817e-02,1.220022215509822400e-01,1.525835877988067857e+00,-6.606997087622888953e-01,4.673625899419901752e-02,-9.893628169012688156e-01,-1.186416235066133779e-02,5.738187601052846532e-02,1.603848664307539584e+00,-7.110027867677627400e-01,-1.767609099825555655e-02,4.668020773644847299e-02,1.649433181576836962e-03,-5.947248407595919720e-05,2.117436175142329013e-01,2.999363484809279279e-01,-2.956130596152360505e-04,3.909024125661612059e-01,1.265093749545218222e-04,-4.214358307276583164e-03,-3.142549221377436227e-05,1.793742984862721213e-01,-2.972248273538654617e-01,1.991910573528989439e-03,3.693366246694100852e-01,-4.173821080465256884e-05,-5.031596735517525516e-04,5.062805796047304329e-04
3.508047641132426286e-01,-2.499166255682184340e-03,6.051200649508036156e-01,-4.507405501747865223e-02,3.435312229733836209e-02,9.983483527961506399e-01,9.421200662274156756e-03,-9.362652872281728156e-01,-3.099293942188131173e-02,1.177058598350385205e-01,1.486879001258601507e+00,-6.464014847457412172e-01,4.550894709542026295e-02,-9.623725353945065120e-01,-1.220202666619579941e-02,5.489324576943410000e-02,1.564016355422063853e+00,-6.964643436321457104e-01,-1.785154155413029575e-02,4.553276885044336975e-02,1.524206656416340509e-03,3.683287624473121150e-04,2.248665011645726020e-01,2.998782433319273633e-01,-3.091174630791928050e-04,3.915591925847997090e-01,1.173781634897264363e-04,-4.002553913487719335e-03,-3.797094236010415926e-05,1.930244626558425824e-01,-2.974271532153711650e-01,1.852131670416922848e-03,3.698012026900284743e-01,-5.364418260738189640e-06,-4.623781541099683274e-04,5.188230565020198219e-04
3.487913879774502401e-01,-2.396740346955526877e-03,6.142157224584654518e-01,-4.442223723877376795e-02,3.325246754108879266e-02,9.984157510398068425e-01,9.323428379632755711e-03,-9.101117780810022984e-01,-3.270297876668525755e-02,1.134553342370628326e-01,1.447455260191884641e+00,-6.316127820836754392e-01,4.433078788046858343e-02,-9.354521100524378907e-01,-1.240299383374382156e-02,5.246071501938428389e-02,1.523743908396032909e+00,-6.814875875745020073e-01,-1.803004055579988940e-02,4.437047732176949838e-02,1.403384283071950570e-03,7.514306328227347322e-04,2.375457788074344934e-01,2.998214446212226769e-01,-3.235391000537465042e-04,3.926137970158574686e-01,1.102778595727944274e-04,-3.785489604691464390e-03,-4.438403773919404039e-05,2.062834130858842985e-01,-2.976142834617309108e-01,1.719037838032507837e-03,3.707424130388529138e-01,2.211278417065212667e-05,-4.150249092083013150e-04,5.250857678717844998e-04
3.468009172833436127e-01,-2.293638844063459938e-03,6.231788556773375509e-01,-4.375500932667810566e-02,3.216173816367838556e-02,9.984819186350355480e-01,9.218455185780670760e-03,-8.840282944697732681e-01,-3.426726899979794932e-02,1.092437454809365160e-01,1.407629384888731572e+00,-6.162619308025690801e-01,4.317491471887477394e-02,-9.086410926485108952e-01,-1.247872240110171373e-02,5.008157532370304671e-02,1.483098522144534748e+00,-6.660109005134909888e-01,-1.824191076569757833e-02,4.318284995226184114e-02,1.280104588647715865e-03,1.127367482375319589e-03,2.497496557120666150e-01,2.997710750035439409e-01,-3.379650097622175311e-04,3.940064176021150777e-01,1.093956536077196563e-04,-3.579340045244346763e-03,-4.626073443057598038e-05,2.191140412501884349e-01,-2.977750781767354860e-01,1.591411420168963682e-03,3.721007224560908822e-01,3.515224986558105046e-05,-3.674146273108768986e-04,5.224325252729789502e-04
3.448321081068809746e-01,-2.191966279249463884e-03,6.320033573334948862e-01,-4.308728953034977882e-02,3.106658928896220001e-02,9.985466206388965427e-01,9.110374389625232328e-03,-8.579662404957676403e-01,-3.567099806458089162e-02,1.050621715487190383e-01,1.367381394780016857e+00,-6.004808026458169357e-01,4.209620834296672054e-02,-8.818882573318276297e-01,-1.243049657077340518e-02,4.774004182200625168e-02,1.442036825844408732e+00,-6.501278865595085943e-01,-1.843882185911645266e-02,4.197095972649151491e-02,1.188790620185543228e-03,1.470329923861037405e-03,2.614786298638787643e-01,2.997171358326264357e-01,-3.492816823797732979e-04,3.957362772171784671e-01,1.117786373331826073e-04,-3.365887372993551108e-03,-4.412447303151224832e-05,2.315047114379740201e-01,-2.979285997028227051e-01,1.471410311588995309e-03,3.738647029150374279e-01,5.037594426846939686e-05,-3.181079376717214457e-04,5.222314877302661760e-04
3.428859955569492635e-01,-2.092806662605316108e-03,6.406778298259192539e-01,-4.241802377355299164e-02,2.995726429138097571e-02,9.986102084617656249e-01,8.995839664656840248e-03,-8.319525334968046471e-01,-3.690120216080366305e-02,1.009036835457401832e-01,1.326754190259193278e+00,-5.842977553006584168e-01,4.113695210825340370e-02,-8.552056031746786413e-01,-1.226294847996185419e-02,4.541186837919092972e-02,1.400574445283929492e+00,-6.338251407621400269e-01,-1.858737351475372307e-02,4.072092668417238992e-02,1.151747934349770571e-03,1.774171333910589451e-03,2.727392821871812978e-01,2.996596828063258777e-01,-3.551418512560211918e-04,3.977685380309068375e-01,1.175541514037862703e-04,-3.129357466036164232e-03,-3.732939325526808612e-05,2.434562536138812627e-01,-2.980875255170227778e-01,1.356641027370148042e-03,3.759891916478412810e-01,7.468300468648464256e-05,-2.587114747260275418e-04,5.306486240416876743e-04
3.409552276248322689e-01,-1.992092159146315045e-03,6.491989717318602526e-01,-4.174393910406579145e-02,2.886479597263619593e-02,9.986717498624406719e-01,8.888370391998934653e-03,-8.058855078670578154e-01,-3.798636450693294170e-02,9.679404563514192039e-02,1.285691623053744070e+00,-5.678244647588353011e-01,4.016235440866463419e-02,-8.285545440668450334e-01,-1.198956688576734327e-02,4.313996669277810753e-02,1.358724952342003522e+00,-6.171651199701618795e-01,-1.878291519228928938e-02,3.945772709039260112e-02,1.085440217133326309e-03,2.033761321091585861e-03,2.836156093146756096e-01,2.996297146426333824e-01,-3.556433096563757870e-04,4.000824436514202609e-01,1.191300798612238143e-04,-2.936277849795206150e-03,-3.257830376319425055e-05,2.550385376863100739e-01,-2.982306164575715957e-01,1.254033417626602672e-03,3.784671692867586090e-01,9.026670098048756978e-05,-2.212487594987712271e-04,5.282658755284513723e-04
3.390331838636568285e-01,-1.887223275930692296e-03,6.575595659717414776e-01,-4.105568255306648456e-02,2.780775416036940575e-02,9.987311468717376961e-01,8.789539630865454353e-03,-7.797314732509181834e-01,-3.894701007062327525e-02,9.277360738376839999e-02,1.244182240985422627e+00,-5.510670532426046320e-01,3.909647713417472442e-02,-8.019255632806646661e-01,-1.163290157131742497e-02,4.096148423500532015e-02,1.316530505192871292e+00,-6.001341957143967454e-01,-1.908915944914977084e-02,3.818344065158590928e-02,9.416759106355113325e-04,2.237853107866730890e-03,2.941966097903988553e-01,2.996467913524033522e-01,-3.483615519620534770e-04,4.026371043247783388e-01,1.134836750166676270e-04,-2.818336125151350065e-03,-3.310883945014512667e-05,2.663346145469284720e-01,-2.983523762907223098e-01,1.167337528682934732e-03,3.812592671328107197e-01,9.177192575064427370e-05,-2.160152411030829851e-04,5.088608367171089863e-04
3.371267219391779757e-01,-1.783608550778527932e-03,6.657522245901824620e-01,-4.036679676600498506e-02,2.675357966376737742e-02,9.987888847951678084e-01,8.690874734587765091e-03,-7.536191389465146662e-01,-3.976254144897498066e-02,8.882728791222792297e-02,1.202296708896838373e+00,-5.338623974032226105e-01,3.809717722399100920e-02,-7.753387244781180243e-01,-1.115683291691618555e-02,3.886924301239687990e-02,1.273966001421391603e+00,-5.826489330145668832e-01,-1.937779565604534279e-02,3.690251666988363100e-02,8.122524780181802299e-04,2.381812004344289763e-03,3.044548312645097288e-01,2.996458350408161553e-01,-3.473267883826092650e-04,4.054731081854094366e-01,1.100907581106763114e-04,-2.680515324154455516e-03,-3.347055260493993954e-05,2.773429829655045253e-01,-2.984682112218942640e-01,1.083319438920028483e-03,3.843781438418119034e-01,9.663218011226869263e-05,-2.010502950985284122e-04,4.938589933808449359e-04
3.352434839387295473e-01,-1.683583503597296457e-03,6.737665524046185794e-01,-3.970900081439127788e-02,2.568565643655863068e-02,9.988441767693955198e-01,8.587947462296213752e-03,-7.276524788986911130e-01,-4.041899517767062744e-02,8.493541961841438726e-02,1.160066023953177039e+00,-5.160650317504849038e-01,3.727182487763613938e-02,-7.488711599646498129e-01,-1.053773558605923359e-02,3.683568270854641058e-02,1.231016904955744007e+00,-5.646239908489945059e-01,-1.960083952297245538e-02,3.560902194736056958e-02,7.436920282573942619e-04,2.434175955093282467e-03,3.144022729389437387e-01,2.995893183482938871e-01,-3.637818487599859922e-04,4.085772752588803236e-01,1.141586961275164981e-04,-2.492778088435592364e-03,-2.879415761131421368e-05,2.880802618558629957e-01,-2.985758409933074176e-01,1.002096965026498011e-03,3.878034341666454221e-01,1.104108001887846129e-04,-1.592790768195278888e-04,4.920118144201048038e-04
3.333817348766829891e-01,-1.583327520915406988e-03,6.815938576519703362e-01,-3.903915121901026936e-02,2.461951686238103912e-02,9.988982510021610084e-01,8.491655102913263711e-03,-7.015958856875208483e-01,-4.092283037633434595e-02,8.108992058542167924e-02,1.117414108238752757e+00,-4.978702734494617199e-01,3.649609977993743815e-02,-7.223466905023564477e-01,-9.811291022940503426e-03,3.486025134973570055e-02,1.187646620696720667e+00,-5.462287464841022455e-01,-1.982822904157995059e-02,3.431849011889852308e-02,6.854054484992498251e-04,2.495607992221483308e-03,3.240098064245500176e-01,2.995246518894694177e-01,-3.782594870435517951e-04,4.119312155508628726e-01,1.119742138625073430e-04,-2.336613164997139187e-03,-2.939710964665841458e-05,2.984986672310305234e-01,-2.986688880237201027e-01,9.272313230785139606e-04,3.915464881670588371e-01,1.246636621350276700e-04,-1.261341586306461034e-04,4.898725803585149636e-04
3.315400122987013365e-01,-1.477220469038073363e-03,6.892241950188172650e-01,-3.839488418261451097e-02,2.355874821860834065e-02,9.989495356856922248e-01,8.404963076460490387e-03,-6.754622924246482807e-01,-4.124540514336699770e-02,7.732954215599611991e-02,1.074245429504802951e+00,-4.794156676965121155e-01,3.568895498608691541e-02,-6.958675805723197882e-01,-8.981072862301296006e-03,3.291249045810919205e-02,1.143891918952756770e+00,-5.275542785211027041e-01,-2.015468492618494728e-02,3.300605051999853240e-02,6.198153488323633999e-04,2.493982564298408838e-03,3.332705734543680576e-01,2.994935925591301062e-01,-3.755691731373254081e-04,4.154855125482363465e-01,1.063020918994019470e-04,-2.242172957554613034e-03,-3.195077337779886497e-05,3.085685348570458286e-01,-2.987462210964080822e-01,8.659662961729843811e-04,3.955790760177922971e-01,1.411881621615759059e-04,-9.446964105238514541e-05,4.901913184567537616e-04
3.297199838193994315e-01,-1.367050795958996059e-03,6.966491936287620979e-01,-3.778013330049936891e-02,2.250527255234315016e-02,9.989980253524278764e-01,8.313818442331822808e-03,-6.493627065860902992e-01,-4.143377212173849494e-02,7.364461181791308320e-02,1.030652298079950624e+00,-4.606475144933239174e-01,3.486674117681921176e-02,-6.694448647828645793e-01,-8.068245331905496073e-03,3.102476336330588919e-02,1.099736104720524521e+00,-5.085207930371394847e-01,-2.053370947319095238e-02,3.165775813386823706e-02,5.475746214420142751e-04,2.421530145235176179e-03,3.422143106729036433e-01,2.994842839042356486e-01,-3.715043909134571349e-04,4.191627628297794339e-01,9.959285045975290536e-05,-2.147810557362303877e-03,-3.237142270415008997e-05,3.183463374810635571e-01,-2.988155485998598149e-01,8.143311807233288326e-04,3.997838588188400433e-01,1.545119328565005136e-04,-6.344910821127192871e-05,4.856729980616024747e-04
3.279232805546171137e-01,-1.254638742161854519e-03,7.038562078889706308e-01,-3.719708967338330313e-02,2.146690219282577569e-02,9.990436270693879850e-01,8.208522529442197763e-03,-6.233498933993270041e-01,-4.151869143288459962e-02,7.004256371693810823e-02,9.867150649942569851e-01,-4.415091858309121431e-01,3.405924493618105175e-02,-6.430784648928732361e-01,-7.118315037489158538e-03,2.920263687719886966e-02,1.055180417105852086e+00,-4.890897032549718082e-01,-2.091244578175908281e-02,3.026429208942971877e-02,4.505467778171313607e-04,2.287992083432575929e-03,3.508864985937972802e-01,2.994962508473239526e-01,-3.763154387036218829e-04,4.228738153574259639e-01,9.144447653199786299e-05,-2.054008374983713747e-03,-3.123954108686852454e-05,3.278939785584564226e-01,-2.988837041513066617e-01,7.746692234543085158e-04,4.040394727545473796e-01,1.594179431654895243e-04,-6.002990912069587674e-05,4.711078233403302815e-04
3.261531341216346580e-01,-1.140966737868582409e-03,7.108504668242141555e-01,-3.659486498152474815e-02,2.044104316202810870e-02,9.990882047993288051e-01,8.107936993288288041e-03,-5.972519336066383078e-01,-4.149366304296567970e-02,6.652058800828426766e-02,9.423578560930393477e-01,-4.219016195185867901e-01,3.328050980251361091e-02,-6.166247659973957962e-01,-6.092277444059183630e-03,2.746811290217511178e-02,1.010178642589963927e+00,-4.692039535039288500e-01,-2.129772214733036823e-02,2.886402979150147485e-02,3.360524448367654461e-04,2.204673792911516703e-03,3.592470260505147839e-01,2.994852528119359425e-01,-3.780767628367321808e-04,4.267749059073278062e-01,9.481411462530656489e-05,-1.976853807100012461e-03,-2.314167892804545399e-05,3.371527886791602646e-01,-2.989217458487850032e-01,7.374342114129398083e-04,4.085277738224648569e-01,1.535587218768766978e-04,-7.782693325053947984e-05,4.516812537993041107e-04
3.244074327668722280e-01,-1.027123405919457997e-03,7.176324839734532501e-01,-3.595850220713887879e-02,1.942069329891035409e-02,9.991323618408213258e-01,8.021615372963808444e-03,-5.709548383022593487e-01,-4.134496129378077006e-02,6.307690716756644833e-02,8.974732287674277442e-01,-4.017878960466269023e-01,3.253428615170000926e-02,-5.899964384515834492e-01,-4.967875477486251995e-03,2.583002163458532688e-02,9.646634023019641235e-01,-4.488516246368557949e-01,-2.170279943282722029e-02,2.747549298377558596e-02,2.207925162716050662e-04,2.186621912822353866e-03,3.673091864737071388e-01,2.994195867804446132e-01,-3.767390453134726049e-04,4.309412486542570364e-01,1.154780650209451113e-04,-1.914163808626207202e-03,-5.648319325658421894e-06,3.461185935372563249e-01,-2.989122732124510629e-01,7.041213969597952651e-04,4.133423085876211656e-01,1.344615158102931043e-04,-9.960418296150269581e-05,4.295795111067737403e-04
3.226786447218656928e-01,-9.148291994334305233e-04,7.241631797715865071e-01,-3.533523674307472578e-02,1.839721205234865278e-02,9.991746510405065118e-01,7.936016071964450622e-03,-5.446434214003204044e-01,-4.106101868960116558e-02,5.970942911338036896e-02,8.522143162493722723e-01,-3.812742967493579771e-01,3.182129419331594655e-02,-5.633333581770766374e-01,-3.769385742876804439e-03,2.425274703118919517e-02,9.187286872234482482e-01,-4.281233095344686435e-01,-2.212352798003984489e-02,2.608386866200957527e-02,1.151035120844390877e-04,2.091731959286053689e-03,3.751941628113780181e-01,2.993565253962008899e-01,-3.877571298259780601e-04,4.351728218364205869e-01,1.280358280069905847e-04,-1.857330697748721783e-03,9.909302922984581302e-06,3.549283211995120091e-01,-2.989048570299494556e-01,6.854061487376910582e-04,4.182701166245753610e-01,1.228264611597287099e-04,-9.912229206631865746e-05,4.083385863675444778e-04
3.209646552586649104e-01,-8.059775419735288118e-04,7.304034904854233012e-01,-3.474792714326515458e-02,1.736310275401162229e-02,9.992145042712714531e-01,7.840833878984316066e-03,-5.184830102088386905e-01,-4.063475324742998190e-02,5.641371896490415122e-02,8.068030123688166855e-01,-3.604755709829809418e-01,3.114157357992793085e-02,-5.367681623327088536e-01,-2.507042983885767254e-03,2.270299430534656812e-02,8.725449490312031653e-01,-4.071143987667606434e-01,-2.254286928842464191e-02,2.467873689944768967e-02,2.960965859831159587e-05,1.849856492747377823e-03,3.829800239179658172e-01,2.993423912947091869e-01,-4.120444324548405745e-04,4.393288595793933826e-01,1.236325814033186756e-04,-1.815018125328057017e-03,1.951066820172042395e-05,3.636750731525016378e-01,-2.989431764363504329e-01,6.790711571532594311e-04,4.231616872324072132e-01,1.270960795726091804e-04,-7.981668997776639174e-05,3.901881989498103193e-04
3.192721985871066481e-01,-6.987330121132465967e-04,7.363923022407325991e-01,-3.412094240127246797e-02,1.633891251783492482e-02,9.992540101284436149e-01,7.760442616794632070e-03,-4.920578590520431339e-01,-4.008956075764519289e-02,5.322317161685653081e-02,7.608869850030801629e-01,-3.393418360098283681e-01,3.045801188547123117e-02,-5.100108340639279980e-01,-1.175933947133437751e-03,2.124482742871456817e-02,8.259260666445547017e-01,-3.857744240832846061e-01,-2.299024726481551165e-02,2.328003843290837177e-02,-8.120137353358527208e-05,1.651168865699946791e-03,3.905495626589232105e-01,2.993197584917017262e-01,-4.196928103362527899e-04,4.436084611972170855e-01,1.254293686507054837e-04,-1.809274313412231102e-03,3.042245152395857036e-05,3.722058913013057690e-01,-2.989570104582693899e-01,6.695175474107268893e-04,4.282246815188988642e-01,1.220221813302494590e-04,-9.014226721535007218e-05,3.673946846236345845e-04
3.176007020804938463e-01,-5.923145537536549446e-04,7.421591431347278611e-01,-3.343229555669958303e-02,1.533252067485443675e-02,9.992936870068556132e-01,7.702112165482949933e-03,-4.651187458172961198e-01,-3.944606056336903699e-02,5.015069230378885884e-02,7.140980243297307961e-01,-3.177953009541613083e-01,2.974119145374728990e-02,-4.828654633529229079e-01,2.221284482363976905e-04,1.992143556127443441e-02,7.786121570082339405e-01,-3.640212923171184389e-01,-2.349028458388047538e-02,2.188218350736865353e-02,-2.333553562810433278e-04,1.534375823449227356e-03,3.978645787220706498e-01,2.992494971478251164e-01,-4.090019117608184119e-04,4.480995940134737121e-01,1.420342120621575501e-04,-1.835440373442806007e-03,4.559936864338379219e-05,3.804612680360696664e-01,-2.989066458615255439e-01,6.576334871451599553e-04,4.335361558646279034e-01,9.808040651738356716e-05,-1.357738875996202161e-04,3.356277649961985124e-04
3.159539004512304516e-01,-4.903573209704166621e-04,7.476349756165251437e-01,-3.277878465072866371e-02,1.432302301291828867e-02,9.993308391830922899e-01,7.633881464213366878e-03,-4.382400945039778839e-01,-3.869734586138513094e-02,4.716855685637409007e-02,6.668918122008123950e-01,-2.958625810879900175e-01,2.903945949044631561e-02,-4.557416999640112598e-01,1.679177051760614905e-03,1.867411615789161053e-02,7.308581534828050286e-01,-3.418592135142924926e-01,-2.400771635879249410e-02,2.045463844481415494e-02,-3.823192392098986848e-04,1.282979626185173656e-03,4.050309784524221413e-01,2.991983480143670660e-01,-4.145150168787377853e-04,4.525440048405626192e-01,1.514353574962609770e-04,-1.823521510868489912e-03,5.762297006920315929e-05,3.885871033481300696e-01,-2.988770474932067045e-01,6.529506213386112191e-04,4.388185105236910855e-01,8.510653592227845996e-05,-1.552244979736114869e-04,3.119454582618805868e-04
3.143433874193784505e-01,-3.956770040005840299e-04,7.527574112179895582e-01,-3.218801002816763096e-02,1.330220518195757498e-02,9.993648398159526991e-01,7.543227913784942250e-03,-4.117917639176624234e-01,-3.783480346861398808e-02,4.426831587395831796e-02,6.198009650518008229e-01,-2.736000580519502567e-01,2.839375949507661617e-02,-4.289130488157455456e-01,3.188932444389378819e-03,1.746253692708029520e-02,6.830283523272220325e-01,-3.193457458461534393e-01,-2.450900083726881284e-02,1.899643037497890374e-02,-5.119569438061177206e-04,8.644483019811023163e-04,4.120765575506801781e-01,2.992157554473678926e-01,-4.394526697104912802e-04,4.568027393569417671e-01,1.453044808861922931e-04,-1.771131977720830954e-03,6.326162363677221775e-05,3.966367234142137432e-01,-2.989256813829870851e-01,6.487271410201000954e-04,4.439282679863823522e-01,9.391649111673355745e-05,-1.484627472336013591e-04,3.034665097008654015e-04
3.127681294265065026e-01,-3.051345857076426878e-04,7.575873443655682937e-01,-3.154543313398250337e-02,1.227759629899639708e-02,9.993990089780463437e-01,7.467739363941506420e-03,-3.850253910085231213e-01,-3.685705299529329348e-02,4.145227346332588242e-02,5.721929584957198278e-01,-2.509032457414146489e-01,2.775970646167815262e-02,-4.018631376558121637e-01,4.788096684977589772e-03,1.635092325614517089e-02,6.347774598545754543e-01,-2.963765843257691879e-01,-2.503243013922633320e-02,1.753496515145085491e-02,-6.410452649525067922e-04,5.282364048172522725e-04,4.189504319379857011e-01,2.992015721353588065e-01,-4.490581523542289599e-04,4.610687554824403622e-01,1.484267359714516201e-04,-1.745354572382289094e-03,7.506788400151951908e-05,4.045155760805754230e-01,-2.989438584548649858e-01,6.398859729156093808e-04,4.490785103518751264e-01,9.007316969541657591e-05,-1.659676179510560399e-04,2.858386975029692380e-04
3.112185218091161332e-01,-2.155345410743158858e-04,7.621653263356488184e-01,-3.084024411584130113e-02,1.125023834672950196e-02,9.994335797759739126e-01,7.404802239079850794e-03,-3.575697914020201096e-01,-3.577785149427775008e-02,3.870665729637791375e-02,5.234366989262737579e-01,-2.276535769380740593e-01,2.710038296732276974e-02,-3.743093150806429126e-01,6.479610389488692397e-03,1.536881970856863316e-02,5.856649501503135014e-01,-2.728246935770743953e-01,-2.560809654684926412e-02,1.603470839578854251e-02,-7.759394955153397101e-04,2.506893500626576924e-04,4.257138203041566649e-01,2.991080943785834889e-01,-4.556983142150444863e-04,4.653664013193062332e-01,1.678796667073540751e-04,-1.760570139814378321e-03,9.623181568657590817e-05,4.122711206127899208e-01,-2.988665221118019244e-01,6.446934503476053468e-04,4.542971036110032279e-01,6.417243203957218999e-05,-2.158903677187507344e-04,2.506009202469103780e-04
3.097012289011827346e-01,-1.284549172346863299e-04,7.663966149250730497e-01,-3.013537111945074204e-02,1.021013390532192998e-02,9.994666663782341143e-01,7.348154319898804465e-03,-3.301028508075686263e-01,-3.456548106038958429e-02,3.606693452340574424e-02,4.742690784384339664e-01,-2.040734681980779508e-01,2.644293935769290518e-02,-3.466986532663965948e-01,8.261716528825369457e-03,1.448260315668626827e-02,5.361261840620985542e-01,-2.489173151266509676e-01,-2.620996960264247375e-02,1.452024425788892882e-02,-8.946004299548484780e-04,-1.278127509177498446e-04,4.324196127601142581e-01,2.990211159395328444e-01,-4.737551343551111497e-04,4.695644163646112146e-01,1.818623324346819428e-04,-1.758511213782238151e-03,1.126430153794028281e-04,4.199870825101128524e-01,-2.987777345295108966e-01,6.612556556825988432e-04,4.594367984122467718e-01,3.987856274356045685e-05,-2.481157608100994149e-04,2.177385781417307865e-04
3.082303824692090299e-01,-4.397883002476550378e-05,7.702112464021202420e-01,-2.941370740698663611e-02,9.164556469569115280e-03,9.994985402105009964e-01,7.315246979486458162e-03,-3.029919316019262787e-01,-3.320763683761530916e-02,3.359998684391297952e-02,4.254582494549443150e-01,-1.804020146979157524e-01,2.581192761019774143e-02,-3.193116100120104162e-01,1.012419828729870311e-02,1.369688208251179998e-02,4.867286955623807421e-01,-2.249099065752591109e-01,-2.680614276158728784e-02,1.304343704034000365e-02,-1.015421755565832848e-03,-5.550081053830673537e-04,4.390202141875329533e-01,2.989814957817194530e-01,-4.764036450660415157e-04,4.737099876014475575e-01,1.871652814999823016e-04,-1.736506296373430862e-03,1.241776714470305988e-04,4.276145491030026724e-01,-2.987072139552832684e-01,6.709528782004537057e-04,4.645473741686011460e-01,2.016773944202488898e-05,-2.575363524048763261e-04,1.917721951692038433e-04
3.068051063933771583e-01,3.520394433138710269e-05,7.736166700718477562e-01,-2.866879311354600043e-02,8.103821177352601990e-03,9.995296083258206066e-01,7.279454908897196527e-03,-2.760698903254026337e-01,-3.173021309422482950e-02,3.123624171699089166e-02,3.769669002887279796e-01,-1.568816649644894645e-01,2.520595863632250563e-02,-2.920347035040022354e-01,1.205931290154142917e-02,1.296789183461130590e-02,4.374486602861029638e-01,-2.008918359292960754e-01,-2.744402457037971657e-02,1.152985396928952674e-02,-1.101011094761062759e-03,-1.006091698479806736e-03,4.455626795920883398e-01,2.989686497194620207e-01,-4.782698985229068191e-04,4.775818098137812884e-01,1.861932099373333571e-04,-1.689630080143651172e-03,1.312502561039304266e-04,4.351995370807968389e-01,-2.986613105837436222e-01,6.858000507637053867e-04,4.693974900449941479e-01,6.055800792998717084e-06,-2.472775699444402868e-04,1.672083058417256319e-04
3.054282705268173137e-01,1.067518225704456312e-04,7.766223145981894227e-01,-2.792465207446469255e-02,7.026865229410667740e-03,9.995593336838647369e-01,7.209397827636057979e-03,-2.493525871975612873e-01,-3.016554904680103510e-02,2.892419010748221650e-02,3.287363860090389278e-01,-1.336782675919335750e-01,2.462677982664110768e-02,-2.648762940283798661e-01,1.404264682983833237e-02,1.225971658444254854e-02,3.882370356706962289e-01,-1.769286656090223175e-01,-2.813643493153378250e-02,9.910034152330712137e-03,-1.135819757913426615e-03,-1.510413342577871833e-03,4.520601013946095037e-01,2.989710397001266728e-01,-5.021317512636932438e-04,4.810295526711615977e-01,1.766841250052340873e-04,-1.638612122082115478e-03,1.311174957138480743e-04,4.427814565468506935e-01,-2.986378895584901882e-01,7.112878647989746275e-04,4.738273241716666750e-01,1.737102649497732268e-06,-2.490624066764856540e-04,1.426979364942531638e-04
3.040915182558399099e-01,1.741008153881860648e-04,7.792296443465162037e-01,-2.716416416823731056e-02,5.961454155157541041e-03,9.995874169473402127e-01,7.180886431511039614e-03,-2.227874440171475623e-01,-2.849615796499658377e-02,2.680844125864636010e-02,2.807599082194532358e-01,-1.107435273034697576e-01,2.402120860926800286e-02,-2.379112289439896111e-01,1.606603914632910579e-02,1.168061038704465947e-02,3.393081204848897858e-01,-1.532262042505594668e-01,-2.884228177920119401e-02,8.312749448847831651e-03,-1.172746196385114669e-03,-2.183912075930367555e-03,4.584019776537159307e-01,2.989597583106083922e-01,-4.939260194990076607e-04,4.842942866044679939e-01,1.767280734192769169e-04,-1.614808213653142616e-03,1.358887175885807033e-04,4.501434241099691591e-01,-2.985560236076114093e-01,7.357013819697324911e-04,4.780981801657075425e-01,-2.034197837614832026e-05,-2.381830392139022191e-04,1.105486707704427701e-04
3.027847362599072056e-01,2.409772140104921555e-04,7.814531574468851494e-01,-2.635579473800944705e-02,4.926501600446745073e-03,9.996142827374039364e-01,7.237914968775677541e-03,-1.961872080920532835e-01,-2.673307691033127015e-02,2.499300118842298635e-02,2.328836581830789898e-01,-8.795965036154820837e-02,2.334863395296217850e-02,-2.110760075434390814e-01,1.811745497502989521e-02,1.131532783288632417e-02,2.907190229496999789e-01,-1.298422490034163990e-01,-2.953707418237275228e-02,6.798751348461842293e-03,-1.241694474424081618e-03,-3.103901545417550156e-03,4.644815961065711929e-01,2.988925908503882733e-01,-4.184919207945280296e-04,4.875998703461507655e-01,1.968326754589050918e-04,-1.615008517916548866e-03,1.569675126270739718e-04,4.570853413241379171e-01,-2.983329210455905600e-01,7.554140109877771365e-04,4.824366025527392909e-01,-7.312469155267349748e-05,-1.839029362647394048e-04,6.360064676261622889e-05
3.015152028705784248e-01,2.886704289233966232e-04,7.831460844292464918e-01,-2.533333733149863848e-02,3.915846741132674065e-03,9.996452082407113471e-01,7.235040105924787912e-03,-1.711047464499470538e-01,-2.499153476600496707e-02,2.328337473910872119e-02,1.883133248224141409e-01,-6.670703159428284512e-02,2.274270778065558621e-02,-1.850840340470509826e-01,2.008287909226062415e-02,1.094319459550566719e-02,2.443864406766031450e-01,-1.075864955501556475e-01,-3.018738007624309494e-02,5.264981438444818820e-03,-1.235847694075443374e-03,-4.214576687274015736e-03,4.704078113529808758e-01,2.989517896827934007e-01,-3.661311062339176674e-04,4.902789490614715695e-01,1.882643690281926867e-04,-1.593394851717075053e-03,1.519601390608309134e-04,4.638729017657902132e-01,-2.982249257802541687e-01,7.763441661373017165e-04,4.861027255026732496e-01,-9.876137951678502173e-05,-1.181562289502939296e-04,3.285072755165541555e-05
3.002616182304042036e-01,3.035035938106566767e-04,7.842958536676387649e-01,-2.381320159700497235e-02,2.983086651397467461e-03,9.996860981321470385e-01,7.192901018019870994e-03,-1.479029667981969498e-01,-2.341185432880407702e-02,2.167675057774089489e-02,1.494804179435057501e-01,-4.834076791129214568e-02,2.229185411494640640e-02,-1.599995988341158526e-01,2.182757446203791030e-02,1.055515199687959670e-02,2.019627866971648311e-01,-8.741577803195375862e-02,-3.073388087129083276e-02,3.865631435455772150e-03,-1.209396505483741188e-03,-5.339085606192132440e-03,4.760633539914209678e-01,2.991234751565093331e-01,-2.965489648856976476e-04,4.924982646274710940e-01,1.424241317302319375e-04,-1.562861422049462460e-03,1.140814260812181264e-04,4.704014232298648901e-01,-2.982440301655978065e-01,7.706636768889337831e-04,4.892715420658071968e-01,-9.016309900431917145e-05,-7.898586060899523138e-05,2.619868636582266632e-05
2.990282245884604562e-01,2.785804234396111801e-04,7.850442410772388024e-01,-2.162982866512857399e-02,2.119888088117603819e-03,9.997388909354494313e-01,7.057374693861875013e-03,-1.261782246704613308e-01,-2.198525023642815615e-02,2.018431146790650860e-02,1.167078080226673642e-01,-3.317894715960440638e-02,2.198055501106699686e-02,-1.354791199229704868e-01,2.330273011957520457e-02,9.982182032017459031e-03,1.638701354130221166e-01,-6.981342805754815750e-02,-3.104900610133543015e-02,2.531381437048919707e-03,-1.081827252183491152e-03,-6.177498541157422710e-03,4.812565552753453324e-01,2.992978212170732122e-01,-2.229266899646257702e-04,4.943900547010262603e-01,1.032133868777647173e-04,-1.563675783712581207e-03,7.965317320203540085e-05,4.764476975042433726e-01,-2.983477321346598155e-01,7.296325719965430362e-04,4.920221411219264374e-01,-7.264252373932255453e-05,-6.769818778230985822e-05,3.242393443722555216e-05
2.977885133447679133e-01,2.100020130454152115e-04,7.855530405236803571e-01,-1.866274547425736396e-02,1.339075942141530924e-03,9.998017701937793600e-01,6.806550107839298008e-03,-1.052813764847807809e-01,-2.076626652495710407e-02,1.877690253753166311e-02,8.957419036537454804e-02,-2.127054610232557291e-02,2.177415721202067070e-02,-1.109778206733556816e-01,2.446874271761757813e-02,9.185836007074106233e-03,1.298552792065530426e-01,-5.485928351609083153e-02,-3.107598352920236048e-02,1.246616369731180221e-03,-8.345415130601534486e-04,-6.674095639025158858e-03,4.859054451587178636e-01,2.993743148441507795e-01,-1.644782850313145702e-04,4.961401727605646572e-01,8.520674174966206887e-05,-1.602077094193319522e-03,5.928689010552298084e-05,4.818730630942600346e-01,-2.984547438988497392e-01,6.656462241294956598e-04,4.945293565018220594e-01,-5.651832282935473687e-05,-7.567417176981893010e-05,4.918481066340566171e-05
2.965930744435366084e-01,1.096757697581586045e-04,7.858905990320981250e-01,-1.530722110023160012e-02,7.045087616810723381e-04,9.998617261482082297e-01,6.459197591023953591e-03,-8.647283989020049244e-02,-1.986542937446776624e-02,1.752840030876845132e-02,6.837639074982923559e-02,-1.251269916301987577e-02,2.171187311537878945e-02,-8.825324717176688538e-02,2.526018816533304873e-02,8.182773323942205482e-03,1.010749111145572421e-01,-4.281726499927097918e-02,-3.089682013314222139e-02,1.410743978412457716e-04,-6.177857435556346338e-04,-7.372719058699434870e-03,4.899379545167879546e-01,2.994108877937058377e-01,-1.294750981011113166e-04,4.975770609479887030e-01,7.643107286720149038e-05,-1.605039413966084013e-03,5.055398653608465104e-05,4.866102801674594969e-01,-2.985429949005900530e-01,6.128572447274897557e-04,4.966247474416401464e-01,-4.220303297338533633e-05,-8.272073225418841754e-05,6.175599011370870703e-05
2.954740825291520823e-01,-1.636568081546391088e-05,7.861175129748396717e-01,-1.169628166649372067e-02,2.343028557834601357e-04,9.999136500657562765e-01,5.986193241726698450e-03,-6.997911996445337068e-02,-1.933545170093354040e-02,1.639418704989691056e-02,5.294737750256446607e-02,-6.642778204698938579e-03,2.178834580162957932e-02,-6.781578258648338076e-02,2.563894315815938227e-02,6.918511438873604577e-03,7.803318604437753381e-02,-3.372482631652216900e-02,-3.065278707942541842e-02,-7.527060929191435297e-04,-4.575172315285627647e-04,-8.291869495624904288e-03,4.932801467361977998e-01,2.994277646135640181e-01,-1.288208637026905072e-04,4.985634134526292227e-01,7.177208119683487647e-05,-1.569756149327632350e-03,5.019655879031776062e-05,4.905922844716539277e-01,-2.986411727394418514e-01,5.954847468052909673e-04,4.981501571179303145e-01,-2.863546299924439847e-05,-1.065752939933568150e-04,6.819398547927891271e-05
2.944694187102006033e-01,-1.631742220528874232e-04,7.862755140387633901e-01,-7.821903259561991534e-03,-7.798666957443240681e-05,9.999548863312139879e-01,5.388603697371624479e-03,-5.548131012345597357e-02,-1.919808700898869777e-02,1.525626179168836777e-02,4.268853734391737931e-02,-3.336994823010734027e-03,2.202622743745699663e-02,-4.951876636874996684e-02,2.562330688842868673e-02,5.515636429086445171e-03,6.050992360328113356e-02,-2.731943148214427061e-02,-3.025922008332240440e-02,-1.452171515029970425e-03,-3.686425040678122014e-04,-9.025762715645164330e-03,4.957948717854563925e-01,2.994104884752611384e-01,-1.380075667622418154e-04,4.993065322675801498e-01,7.303452958614435272e-05,-1.555116875635276794e-03,5.663769052434759499e-05,4.937399913935382467e-01,-2.987224342586053405e-01,5.680196906589334840e-04,4.993184307585971649e-01,-1.440366040524251325e-05,-1.646578600520355498e-04,7.400699302230630662e-05
2.936068612882810624e-01,-3.286292276014078683e-04,7.863796230347771532e-01,-3.685789804758033729e-03,-2.713064574559143701e-04,9.999824273940729480e-01,4.635326243107325446e-03,-4.270280211345243299e-02,-1.939777402349179142e-02,1.396488331896330280e-02,3.694508999958621975e-02,-2.278319472459398431e-03,2.242901208732556162e-02,-3.311288880924454642e-02,2.529618394711358534e-02,3.960256407797567955e-03,4.802240511518250654e-02,-2.338349958293575725e-02,-2.968444643493057394e-02,-2.021807156809049284e-03,-2.826044011383564117e-04,-9.235223009776133765e-03,4.974544938001256855e-01,2.993634735436807026e-01,-1.659149429103425760e-04,4.998389680908874033e-01,7.960512592556092076e-05,-1.576186655308665441e-03,6.636982703014330381e-05,4.961070055199285345e-01,-2.988326405260335883e-01,5.110515538341524723e-04,5.001689673810425507e-01,3.176685303732904741e-06,-2.572417128556305486e-04,8.051154062836441165e-05
2.928924724511415278e-01,-4.981898850002110376e-04,7.864484260667938820e-01,3.015965854353919000e-04,-3.747928127148964514e-04,9.999923039329698948e-01,3.893667253256640447e-03,-3.169733768048550726e-02,-1.979357160379277558e-02,1.270070857680386835e-02,3.418803821215127270e-02,-2.809708170916731893e-03,2.285275937175952621e-02,-1.916565835707949306e-02,2.481265243305145682e-02,2.425090403573572102e-03,3.974714626683470420e-02,-2.150390226266961358e-02,-2.904646890104163950e-02,-2.374028744562668714e-03,-2.209234700931004723e-04,-9.445180216100719853e-03,4.985398538803350044e-01,2.993048104237202578e-01,-1.952042732476449256e-04,5.002152781153871297e-01,8.657819681829675106e-05,-1.589696642961710817e-03,7.679809199825274443e-05,4.978150155040335645e-01,-2.989373762849413252e-01,4.629463440708157795e-04,5.007905876144447266e-01,1.679553345366852803e-05,-3.371688931597667895e-04,8.858156516216673796e-05
2.923643637990676059e-01,-6.586718403451170562e-04,7.864900252476429987e-01,3.889468229511740434e-03,-4.291022137866556409e-04,9.999872292627342008e-01,3.198315122479302060e-03,-2.256501927808265973e-02,-2.025621461645185639e-02,1.155241253547071786e-02,3.319551603866605777e-02,-4.242289093415362901e-03,2.323168787201704624e-02,-7.908077535630842966e-03,2.430234598639593319e-02,9.978579063979356543e-04,3.480660714651229171e-02,-2.118234636888154457e-02,-2.841744055080326625e-02,-2.636027115533409217e-03,-1.710324285937849182e-04,-9.682856069294743656e-03,4.991501906503467700e-01,2.992589194699959987e-01,-2.219393414411585132e-04,5.004442515104723377e-01,9.207535251678169064e-05,-1.578045465755839854e-03,8.759840886160334369e-05,4.989080326194639814e-01,-2.990046178399587418e-01,4.176879749797147209e-04,5.011799277766286753e-01,2.648986331529267727e-05,-3.980571424321000234e-04,9.395948711552364388e-05
2.920237576735912333e-01,-8.043679487780379649e-04,7.864984689115077643e-01,6.905114009618409758e-03,-4.535534159522669733e-04,9.999726878357024784e-01,2.595625638457521936e-03,-1.554068592306757056e-02,-2.070555190079741148e-02,1.059677109762899132e-02,3.346382264953777497e-02,-6.216720912605670953e-03,2.349601458006093241e-02,4.317533238630544279e-04,2.382970102958410427e-02,-2.686212245577154420e-04,3.271183882118257336e-02,-2.209347494009050034e-02,-2.788792642923544618e-02,-2.788795315385627065e-03,-1.348980915928858315e-04,-1.015725820313750048e-02,4.994207242287309056e-01,2.992370706430353966e-01,-2.430731031169128308e-04,5.005225198105855977e-01,9.411122970608773594e-05,-1.546039914002686391e-03,9.175392494607772424e-05,4.995423159743800356e-01,-2.990556575404134110e-01,3.924408082358973480e-04,5.013476292130747414e-01,3.160653298427143840e-05,-4.383975440659824085e-04,9.478793064328565972e-05
2.918860265086705152e-01,-9.295936285147177441e-04,7.864818744403959672e-01,9.273247507263649575e-03,-4.651992059711229318e-04,9.999546976471989090e-01,2.095977974148374116e-03,-1.072537883589031078e-02,-2.108695470731733468e-02,9.882932473472072835e-03,3.469205793511222213e-02,-8.382907826458124365e-03,2.361794642245786460e-02,5.820760305467131100e-03,2.343926863112840223e-02,-1.344247931546938783e-03,3.305725084125508278e-02,-2.390760178710760187e-02,-2.749580227202721300e-02,-2.873862888076123088e-03,-1.207094121618558865e-04,-1.079693701486779227e-02,4.993645550432074254e-01,2.992292646608707973e-01,-2.471845153009993097e-04,5.005116322531359963e-01,9.355008576625524670e-05,-1.492470681258579795e-03,8.956935021894325128e-05,4.997725433837048592e-01,-2.990805279811321604e-01,3.794431101653311005e-04,5.013640149376626942e-01,3.255570581412261139e-05,-4.531102077624773647e-04,8.858176117016923706e-05
2.918954659495247572e-01,-1.036450552867990713e-03,7.864541604431393162e-01,1.125332983006115811e-02,-4.637466362657802037e-04,9.999351308350471479e-01,1.697536064853453260e-03,-7.068312214148319075e-03,-2.142613216601472331e-02,9.380324617069215817e-03,3.626172067887242778e-02,-1.053476472611805312e-02,2.367222028973633985e-02,9.727602209979195613e-03,2.311113048496964140e-02,-2.198283389618078346e-03,3.448285253720418525e-02,-2.608328760204632266e-02,-2.718569747665504355e-02,-2.917268577834797576e-03,-1.418496148067087067e-04,-1.127519911966764696e-02,4.991273947068207706e-01,2.992338624592414953e-01,-2.477353976987736652e-04,5.004682987601067889e-01,9.010977521713401685e-05,-1.428095072015210954e-03,8.454645806348923883e-05,4.997572991698203682e-01,-2.990824438962007559e-01,3.685751977524528685e-04,5.013043228349595148e-01,2.874522200666933483e-05,-4.709924711132591280e-04,7.848620777719810969e-05
2.920055554402801179e-01,-1.126859638194076165e-03,7.864254225113229690e-01,1.294431092676757641e-02,-4.432436911827365451e-04,9.999150907438488778e-01,1.435148906137014187e-03,-4.089929996681747511e-03,-2.173769929592015565e-02,9.117318454272389794e-03,3.776278644310784860e-02,-1.252744606245503531e-02,2.371217895740047876e-02,1.283859820524951845e-02,2.283178333207838001e-02,-2.777956832374391463e-03,3.604082381600472867e-02,-2.818416525804853107e-02,-2.691133983123664836e-02,-2.886544788667134639e-03,-2.234395037450611536e-04,-1.160218540292796280e-02,4.988902311361166353e-01,2.992550706500575197e-01,-2.504909475820686062e-04,5.004190559469127164e-01,8.278472027238332077e-05,-1.356970309498134464e-03,7.743923041035452105e-05,4.996705337133003910e-01,-2.990723680973356169e-01,3.606787367573608132e-04,5.012110444720254687e-01,1.942489815346101008e-05,-5.030527043528159074e-04,6.648375089742694058e-05
2.921955771420250980e-01,-1.203635713886013446e-03,7.864011465877488449e-01,1.440212124643466471e-02,-4.310065628560640571e-04,9.998953327822736048e-01,1.310197379383160011e-03,-1.603758949060268574e-03,-2.196260368725709566e-02,9.035271049542761487e-03,3.904380805895793505e-02,-1.423686232296376454e-02,2.372291986047194226e-02,1.534116550509553867e-02,2.266072909895539000e-02,-3.085814804960123822e-03,3.745401249129889226e-02,-2.996681187743221314e-02,-2.670185001142677539e-02,-2.792263466026285394e-03,-2.954744734750473062e-04,-1.179682151960979343e-02,4.986834074866348110e-01,2.992678189110962172e-01,-2.492421954790084650e-04,5.004067992448568702e-01,8.036672694245269475e-05,-1.271696280417538042e-03,7.470340409023873429e-05,4.995037162749912940e-01,-2.990646689711535244e-01,3.603368584528172415e-04,5.011384123080895314e-01,1.320569337386108018e-05,-4.925331173561413745e-04,5.853714001696158582e-05
2.924462203649583203e-01,-1.267171597374624689e-03,7.863830412432694095e-01,1.566900840830781627e-02,-4.351597619960830519e-04,9.998762687565176943e-01,1.319086436387968643e-03,5.117615363873406938e-04,-2.208540581775869649e-02,9.111300862846213877e-03,4.007190916981834272e-02,-1.561072182645042994e-02,2.369328795617257552e-02,1.735600811402993049e-02,2.261836717781607470e-02,-3.118004210011459353e-03,3.865299747895382942e-02,-3.128087556490050103e-02,-2.656492669523720374e-02,-2.655858515257765798e-03,-3.396623658133986852e-04,-1.190291638814144903e-02,4.985493273589932661e-01,2.992743186540595124e-01,-2.422466260328906724e-04,5.004392684770414546e-01,8.536868934585467692e-05,-1.167129688730797043e-03,7.864106484170923996e-05,4.992598716192218622e-01,-2.990582678406555339e-01,3.719535229902640053e-04,5.011162490099307920e-01,1.261180216013325978e-05,-4.101125894137877081e-04,5.653164759983388414e-05
2.927390396545423434e-01,-1.319729837862627106e-03,7.863655493473387104e-01,1.678824577106449029e-02,-4.299285238600840495e-04,9.998580192042113568e-01,1.382533336440401172e-03,2.337160125441799761e-03,-2.218592396313408960e-02,9.300655562923688252e-03,4.088953195281658931e-02,-1.671422321908051789e-02,2.366121439034820848e-02,1.904866147678864474e-02,2.260996838118660424e-02,-2.990235557069003715e-03,3.965176101691125776e-02,-3.228112908419525362e-02,-2.644919766292008062e-02,-2.514685465048723933e-03,-4.042830056581405871e-04,-1.191917035538279067e-02,4.984444526086639349e-01,2.992940334599383245e-01,-2.377674464011488497e-04,5.004778211362106433e-01,8.676496947167421547e-05,-1.060014945666506222e-03,7.953002581220856414e-05,4.990432811076511155e-01,-2.990502573277654674e-01,3.798281295654589167e-04,5.010955370199881020e-01,1.055170667832385796e-05,-3.472384581091129117e-04,5.405210117342509652e-05
2.930554785171854415e-01,-1.366076888029922522e-03,7.863483219866342910e-01,1.779048137753874020e-02,-4.081992525003587152e-04,9.998406023012528232e-01,1.449874337427812339e-03,3.938935682492062176e-03,-2.230809365709014724e-02,9.534468513060426545e-03,4.153989917782894420e-02,-1.762362853503680188e-02,2.363938559913238494e-02,2.052558280705737981e-02,2.258319981393641304e-02,-2.813145779022881762e-03,4.047736948194819578e-02,-3.311059474781088280e-02,-2.632820437747259920e-02,-2.362302789280183897e-03,-4.892879002040359136e-04,-1.188054324927166269e-02,4.983263958092842838e-01,2.993148229604357669e-01,-2.362269458675791370e-04,5.005164479317698589e-01,8.173988229422278679e-05,-9.621541505710355701e-04,7.494165249122688793e-05,4.989333641811116160e-01,-2.990546252262623605e-01,3.748947058554171039e-04,5.010604906538294046e-01,4.608311725426640821e-06,-3.414784034467542345e-04,4.852493882296280943e-05
2.933818255100397177e-01,-1.407105845263111965e-03,7.863338146657498084e-01,1.870282893015131828e-02,-3.800261103419645117e-04,9.998239028617998958e-01,1.490985031283726704e-03,5.402116671953736786e-03,-2.245411221514210728e-02,9.716490260540030025e-03,4.202022870196370913e-02,-1.839605118767582634e-02,2.365603148460929117e-02,2.191608716203930635e-02,2.254103022938149306e-02,-2.662839889938934355e-03,4.107381561901712191e-02,-3.383671765191208214e-02,-2.620607504778681152e-02,-2.235194278419557184e-03,-5.828616235476237473e-04,-1.179404912441619352e-02,4.982074947210542448e-01,2.993392279327209415e-01,-2.337229206616407110e-04,5.005534964178551816e-01,7.556318320076100680e-05,-8.665851932027912336e-04,6.910129884159257299e-05,4.988722755262463560e-01,-2.990664662653503281e-01,3.658730570157508566e-04,5.010346175809710090e-01,-1.916781865279993283e-07,-3.354597830056002734e-04,4.370547734025802803e-05
2.937048892289800262e-01,-1.443446849960287187e-03,7.863239684752609815e-01,1.954005977585505927e-02,-3.519486817998719163e-04,9.998078968370178732e-01,1.493860241398892695e-03,6.780811051678987782e-03,-2.262264458892692190e-02,9.786639987910667957e-03,4.232780565364347575e-02,-1.907928236141774592e-02,2.372297327076747925e-02,2.328381633931364894e-02,2.248664828711324781e-02,-2.588918371968052228e-03,4.141838105005409693e-02,-3.449449339311886492e-02,-2.608293516895807476e-02,-2.131242120296296567e-03,-6.812247887050541968e-04,-1.169636123478294543e-02,4.981016571762798550e-01,2.993735684929722529e-01,-2.278645437340224460e-04,5.005869183085311924e-01,6.993395633805325946e-05,-7.688074298865776564e-04,6.378439764419305648e-05,4.988136367707179941e-01,-2.990777290530021171e-01,3.591141396617321077e-04,5.010328992836049489e-01,-2.744424286951517575e-06,-3.044063850087418057e-04,4.108352654994899394e-05
2.940250013113449579e-01,-1.476380532171270386e-03,7.863197694728181197e-01,2.030809687138536782e-02,-3.419682950701656782e-04,9.997926164972320562e-01,1.479275757472455150e-03,8.025638777444370903e-03,-2.276229730262051970e-02,9.753891473913584367e-03,4.255239450466395679e-02,-1.966660402674155761e-02,2.380311814286718494e-02,2.453791048682588474e-02,2.246649565652338032e-02,-2.561644701971647117e-03,4.164187225984235241e-02,-3.506107381554807861e-02,-2.597251998439806947e-02,-2.041208422208063301e-03,-7.392974953669194469e-04,-1.157634796821166261e-02,4.980004144486367967e-01,2.993983854870288508e-01,-2.201285031781576593e-04,5.006254527175256763e-01,6.541936518743497091e-05,-6.874259396628403483e-04,5.972289697460962042e-05,4.987165208140832418e-01,-2.990929339003369769e-01,3.546846342286611472e-04,5.010506667677262493e-01,-2.384790673804413176e-06,-2.578380659455534142e-04,4.009983465668662408e-05
2.943399348723494402e-01,-1.504721178024809617e-03,7.863197274717930174e-01,2.102227661259028005e-02,-3.506438133004951847e-04,9.997778802300718581e-01,1.459841636768059421e-03,9.141852847551102876e-03,-2.286136223543644083e-02,9.641041844356533844e-03,4.277467719848471878e-02,-2.018180002354896113e-02,2.387271477560742178e-02,2.566315456481594801e-02,2.249316380830769513e-02,-2.547427183968008907e-03,4.185329743432628785e-02,-3.554887378844209800e-02,-2.587627999906339307e-02,-1.970612848097306417e-03,-7.590994082555468318e-04,-1.140959085635250350e-02,4.979087641482647375e-01,2.994176758157778839e-01,-2.130620061228618212e-04,5.006549663087876967e-01,6.136332407546428772e-05,-6.303287830784749888e-04,5.612454145567741330e-05,4.985502537964388026e-01,-2.991029027368152793e-01,3.564137227873250316e-04,5.010734763213261500e-01,8.474636256693250251e-07,-2.022959441372886545e-04,4.085244936694947492e-05
2.946435875006950811e-01,-1.528846180000404060e-03,7.863220045609191633e-01,2.168014378169191500e-02,-3.652481834901278603e-04,9.997638447736392209e-01,1.446596972420717379e-03,1.012857269955462318e-02,-2.293840911218681181e-02,9.510890819004363603e-03,4.302083764888137152e-02,-2.063386591265231607e-02,2.393523092411893941e-02,2.665099608231145251e-02,2.254284988084123698e-02,-2.519336582264473240e-03,4.209516694445055579e-02,-3.597372074803557862e-02,-2.578828278584735165e-02,-1.893830074180451271e-03,-7.617667939123531603e-04,-1.122019169595134779e-02,4.978262878190034546e-01,2.994327523242492073e-01,-2.091238803933322078e-04,5.006834860739393100e-01,5.922849520361733895e-05,-5.741726992648331753e-04,5.464345413517481036e-05,4.983701187317456927e-01,-2.991079217966953752e-01,3.590540259371877629e-04,5.010921223605641073e-01,2.850915127148968551e-06,-1.444000696260554499e-04,4.007008662924310688e-05
2.949304430566784263e-01,-1.549235202110035891e-03,7.863247998430594743e-01,2.228240899793114752e-02,-3.775198639264207875e-04,9.997506005410783381e-01,1.445145582606419165e-03,1.098456604057206770e-02,-2.300500763339258931e-02,9.405701146619959915e-03,4.331540862013646964e-02,-2.102812826133768076e-02,2.399321746665359148e-02,2.750086507581513476e-02,2.259824462313442597e-02,-2.461550117638340758e-03,4.239094839417049954e-02,-3.634662861681328683e-02,-2.570940976431328531e-02,-1.802549960610704341e-03,-7.597671378060858296e-04,-1.103114476473652551e-02,4.977572455248715499e-01,2.994402229512110880e-01,-2.079122152790728996e-04,5.007205684489298703e-01,5.995947432158363734e-05,-5.088149866154578543e-04,5.658092462183291892e-05,4.982244932847945118e-01,-2.991121972827227582e-01,3.603252982200097119e-04,5.011044202841128392e-01,2.337105020781857609e-06,-8.631933128590765368e-05,3.639629049694704236e-05
2.951951058888950818e-01,-1.565628441280302995e-03,7.863270147650178732e-01,2.283821597789269242e-02,-3.808697441974915427e-04,9.997380571633531776e-01,1.444952742934155166e-03,1.177034270065306643e-02,-2.308105038575109999e-02,9.314883860085210882e-03,4.361423131083101701e-02,-2.137799530800393866e-02,2.404078413526865299e-02,2.829143906791025884e-02,2.263973557874076475e-02,-2.384710025369521109e-03,4.267739001152500572e-02,-3.668570134998331428e-02,-2.562096789426685298e-02,-1.712625291608678999e-03,-7.717453707499695751e-04,-1.083740088390969594e-02,4.977138511544653698e-01,2.994493984805470799e-01,-2.080897590930583284e-04,5.007550772704579822e-01,5.974677697867397945e-05,-4.454546705309641620e-04,5.701144819652252541e-05,4.981188433382858771e-01,-2.991139034961654009e-01,3.623905339453205527e-04,5.011153389312853479e-01,-9.897064496373630925e-07,-3.165900742525908681e-05,3.145180818315789612e-05
2.954328914729084099e-01,-1.578866909273408687e-03,7.863284520535418487e-01,2.335138950905703628e-02,-3.735149303970246976e-04,9.997262124894876756e-01,1.439845831066006304e-03,1.251891180408070368e-02,-2.317581704307158930e-02,9.228431843125089323e-03,4.388060493234333115e-02,-2.169868519798336115e-02,2.407624241601080683e-02,2.906233501896186497e-02,2.265729483180297169e-02,-2.302375035077559948e-03,4.290782463968487864e-02,-3.700249268437835748e-02,-2.551047053585543678e-02,-1.630438655951641207e-03,-8.020210037807316795e-04,-1.064943001917864965e-02,4.977010838369261836e-01,2.994616329782855413e-01,-2.094039474710909375e-04,5.007873371852845645e-01,5.651686322381663821e-05,-3.889287801719180904e-04,5.319239624480043461e-05,4.980575599439388546e-01,-2.991150474620948296e-01,3.646068826993974742e-04,5.011320832076576748e-01,-7.333588989437922966e-06,1.889527893448072527e-05,2.565380455243065899e-05
2.956488384518863310e-01,-1.589833482503969853e-03,7.863289925908023559e-01,2.381740681711612406e-02,-3.664570672885863697e-04,9.997152288190166436e-01,1.434611120676955757e-03,1.318750853510710849e-02,-2.326955021653032141e-02,9.137550446268684692e-03,4.413524440946012262e-02,-2.195775715154380317e-02,2.410950741844465270e-02,2.974028330064685741e-02,2.267954889427293771e-02,-2.225361908656089092e-03,4.314027884250956624e-02,-3.726227613706974140e-02,-2.541458235535116322e-02,-1.547207642652153594e-03,-8.251959902497038807e-04,-1.045692763116853191e-02,4.976913450385959115e-01,2.994678400420510145e-01,-2.110498974261488202e-04,5.008232591985595228e-01,5.724976063172221280e-05,-3.242555074947543552e-04,5.347100774283973203e-05,4.980074644857987454e-01,-2.991206031950052191e-01,3.659922535755211377e-04,5.011533433693150519e-01,-1.138316379094193268e-05,7.755884098722422813e-05,2.129888321073388310e-05
2.958470300680026144e-01,-1.598497618694537381e-03,7.863283626762133105e-01,2.423814232994931858e-02,-3.645888651706506701e-04,9.997051233319680374e-01,1.430354909685794358e-03,1.375933160479326893e-02,-2.335096036626311405e-02,9.038708232668113407e-03,4.440679332817236424e-02,-2.214738646221370635e-02,2.415162364665842526e-02,3.029142730787552640e-02,2.271877838830280508e-02,-2.156945303247721161e-03,4.343647848889471696e-02,-3.745743049017983411e-02,-2.535425238136836470e-02,-1.461444586987145199e-03,-8.327227527123333677e-04,-1.023846718563211321e-02,4.976613457155727449e-01,2.994662463115479456e-01,-2.122213948628369940e-04,5.008643962458787513e-01,6.526085283723763388e-05,-2.410621617063394846e-04,6.216015709105219016e-05,4.979365199430988431e-01,-2.991296463953067586e-01,3.672946644302606993e-04,5.011793100249966049e-01,-1.132865872760346560e-05,1.538877420952407119e-04,1.926146900844856786e-05
2.960208796868309400e-01,-1.604554967773821591e-03,7.863268643948784220e-01,2.462404867463787936e-02,-3.622785059931174717e-04,9.996957046638837996e-01,1.422342340845916863e-03,1.429452447793798722e-02,-2.342576372539139154e-02,8.937257863445124961e-03,4.466825894037725758e-02,-2.229802948576675020e-02,2.418170039240060201e-02,3.082251044617433794e-02,2.275694997194299338e-02,-2.089313370672701928e-03,4.371301739863957952e-02,-3.761814202607989543e-02,-2.529140610117193433e-02,-1.382020525592141938e-03,-8.400659654697453576e-04,-9.997451533700523960e-03,4.976396174509408743e-01,2.994657388600064918e-01,-2.141657565007500574e-04,5.008977156184287738e-01,6.765346256780836818e-05,-1.812081438713997422e-04,6.482635773170420963e-05,4.978781037264352061e-01,-2.991374787436911764e-01,3.673598549108914187e-04,5.011963277665348881e-01,-1.178880597385947678e-05,2.005295751691134993e-04,1.747897368945793356e-05
2.961650432005578648e-01,-1.608277168703662338e-03,7.863247182003140212e-01,2.497826258390494977e-02,-3.550293446073452420e-04,9.996869352827797428e-01,1.411303432223514178e-03,1.481793820722131748e-02,-2.350270700019680553e-02,8.842954231762355927e-03,4.489820957065789042e-02,-2.241960201471243294e-02,2.418631140165748011e-02,3.138343050994332750e-02,2.278215680041320579e-02,-2.019075381966666579e-03,4.389738940750012586e-02,-3.774969315574214918e-02,-2.520112501001351563e-02,-1.308993305523514956e-03,-8.584613377339618155e-04,-9.757202916293273437e-03,4.976524724995645133e-01,2.994708564046341115e-01,-2.171218569914717348e-04,5.009126293733699997e-01,5.947071176084557941e-05,-1.656954750293820324e-04,5.548722261517264649e-05,4.978617062414202876e-01,-2.991427869393623040e-01,3.657369299994837506e-04,5.011909380597278085e-01,-1.454256951251011612e-05,1.947270916988828426e-04,1.498135016768788521e-05
2.962890683508768719e-01,-1.610390833017966844e-03,7.863209409179240383e-01,2.529072531405722815e-02,-3.514950163313346220e-04,9.996790875750563021e-01,1.406246580683320107e-03,1.524935187035502543e-02,-2.356855264378693998e-02,8.757554531240297271e-03,4.513602131994939176e-02,-2.241917085533308429e-02,2.418613473456611429e-02,3.183753401267985089e-02,2.282121547770487452e-02,-1.950834655951934511e-03,4.409026164830749661e-02,-3.775206979372516120e-02,-2.512583770843360501e-02,-1.229876221367915724e-03,-8.666097917589773471e-04,-9.516648872887775029e-03,4.976644135889616849e-01,2.994692005037150051e-01,-2.211301278073792822e-04,5.009297196405732011e-01,5.704827695355669327e-05,-1.353362885339805147e-04,5.254700537822204123e-05,4.978463862122750050e-01,-2.991475263418090225e-01,3.652778318283734409e-04,5.011869429035857859e-01,-1.606829538119821253e-05,2.046561872243057205e-04,1.264883904195429059e-05
2.964011126627604797e-01,-1.610535116542332603e-03,7.863142554889874791e-01,2.556541815919833455e-02,-3.529661372588984965e-04,9.996720974764307099e-01,1.407954660217420554e-03,1.555476535501399901e-02,-2.361889916307573223e-02,8.684694265729949944e-03,4.543408221192310470e-02,-2.224338123846064663e-02,2.420047406458372685e-02,3.212260865153399036e-02,2.287883846760071019e-02,-1.884632308669055827e-03,4.439993285199407558e-02,-3.757253846977093303e-02,-2.508799654379817445e-02,-1.147895121769609275e-03,-8.640845136541800515e-04,-9.251822221666060331e-03,4.976476686815977657e-01,2.994581452835315960e-01,-2.260101009134930696e-04,5.009651622958463113e-01,6.607655179497223168e-05,-6.246819860429294951e-05,6.312078392648822302e-05,4.977986107962343865e-01,-2.991458048246024570e-01,3.691417219966842489e-04,5.012087540679953657e-01,-1.533921779605658709e-05,2.623601558770753553e-04,1.101100291015819683e-05
2.964918998152229479e-01,-1.608882948991387707e-03,7.863052354782703590e-01,2.580622884276733905e-02,-3.544040516290027261e-04,9.996659111616116311e-01,1.406773652040300060e-03,1.582643454690043847e-02,-2.365998196277506807e-02,8.618706142263342015e-03,4.573586975803149018e-02,-2.203728811372712010e-02,2.420974419350009621e-02,3.238942848695708365e-02,2.293434642089068470e-02,-1.822915912431202030e-03,4.470818274549610838e-02,-3.736878489188578956e-02,-2.505908506127252008e-02,-1.074978072269635243e-03,-8.606866915715556026e-04,-8.981200636559372869e-03,4.976423326292072069e-01,2.994462942315686549e-01,-2.326468929274486781e-04,5.009965228140835780e-01,7.048276142414342926e-05,-6.862581688545444974e-06,6.853231914338636047e-05,4.977668710775750571e-01,-2.991422261503625113e-01,3.734056473409961218e-04,5.012247229573634222e-01,-1.613191030627374197e-05,3.020125257581136890e-04,8.295418826852574785e-06
2.965552965390170770e-01,-1.606084978307597286e-03,7.862950912726460739e-01,2.600192493562388657e-02,-3.531135306424511007e-04,9.996608467744392268e-01,1.402368242712363853e-03,1.608798864287984756e-02,-2.369877375479225584e-02,8.560587390516231909e-03,4.597302891000104585e-02,-2.188839020185590067e-02,2.420094653450129488e-02,3.268972117710008951e-02,2.297865310881495524e-02,-1.767710037931996764e-03,4.489136224036244932e-02,-3.723202712693637201e-02,-2.502237742144027000e-02,-1.007869059845309260e-03,-8.592243136010957330e-04,-8.748695677864447642e-03,4.976776014933779746e-01,2.994349060100551796e-01,-2.402661531112426716e-04,5.010082533469020216e-01,6.553550057553076237e-05,4.915835937789290536e-06,6.288659322569893151e-05,4.977838339415996405e-01,-2.991429479091348709e-01,3.744149642143798314e-04,5.012107007262535108e-01,-1.984852329587705275e-05,2.947268757625682960e-04,3.203295251474801912e-06
2.966028682624165524e-01,-1.602170838540689559e-03,7.862846784200565597e-01,2.616421193018385674e-02,-3.455047404595822710e-04,9.996566203464625211e-01,1.398584296935184365e-03,1.628207582082943916e-02,-2.374947100820764753e-02,8.511019328697909045e-03,4.618067828288077020e-02,-2.162542486883540366e-02,2.418011599397704506e-02,3.291938848839502663e-02,2.300802227730781857e-02,-1.711583991547751919e-03,4.503989427181579602e-02,-3.700210119399656439e-02,-2.497023094127525863e-02,-9.394836550022266823e-04,-8.710176124971553968e-04,-8.518825140956849326e-03,4.977260167072449781e-01,2.994387229567469499e-01,-2.405863939036006994e-04,5.010174524490695891e-01,6.090942521422425298e-05,1.620625341096178085e-05,5.761545405379836087e-05,4.978172418430032997e-01,-2.991538955808987210e-01,3.694904711220872934e-04,5.011996553083288841e-01,-2.052886834273193452e-05,2.853205766627855966e-04,1.500645861027283462e-06
2.966426430664242941e-01,-1.597498719763744629e-03,7.862742057291179920e-01,2.631073256593403561e-02,-3.325192862189032660e-04,9.996527883421592042e-01,1.391956362399866592e-03,1.639522573728884394e-02,-2.381230631162501929e-02,8.465539456571045951e-03,4.642455502772926956e-02,-2.115796783423399760e-02,2.415272075825180761e-02,3.304496898914952019e-02,2.302329625892585163e-02,-1.658672407283145502e-03,4.526322252808391566e-02,-3.658973343797591177e-02,-2.490023794900484908e-02,-8.752143508342984882e-04,-8.968361904077311710e-04,-8.258223385007989331e-03,4.977749585439253943e-01,2.994716919134304822e-01,-2.289697610067431728e-04,5.010374590315636034e-01,5.924472142002774438e-05,4.393487388462414536e-05,5.630461092491014944e-05,4.978573598969036063e-01,-2.991844924555845386e-01,3.564572892906295570e-04,5.012124933220808431e-01,-1.691903339270291805e-05,2.925506602815990185e-04,4.556432735275896378e-06
2.966785785152600829e-01,-1.593082025845279914e-03,7.862625551962876269e-01,2.644176516523144560e-02,-3.262071024294422228e-04,9.996493405026055656e-01,1.386606137062926193e-03,1.643350110101990738e-02,-2.386212048628422525e-02,8.426604041182613608e-03,4.673957139802045746e-02,-2.059174083749388054e-02,2.416652530305860719e-02,3.305819580850977157e-02,2.305326473315623403e-02,-1.624409510054397425e-03,4.561483262698394492e-02,-3.606526949524022085e-02,-2.487596916684235021e-02,-8.134515474387160779e-04,-9.059528580811482528e-04,-7.963517509689984480e-03,4.978181998594161106e-01,2.995158772080385168e-01,-2.101569574125086736e-04,5.010615860263970545e-01,5.750137163846204670e-05,7.064844188327631296e-05,5.502028205270376198e-05,4.978967778739143979e-01,-2.992357369270601253e-01,3.347627349629116612e-04,5.012277005482896897e-01,-1.018957717973208225e-05,3.018660829637612132e-04,1.037331077569131449e-05
2.967152078025529494e-01,-1.588483506331212543e-03,7.862490755454583091e-01,2.655473692820659384e-02,-3.278869224912682131e-04,9.996463474745832523e-01,1.385069516275210357e-03,1.639220354497879228e-02,-2.389188460184752186e-02,8.399451724043431600e-03,4.713074228750673694e-02,-2.001075214074191783e-02,2.424603097308672059e-02,3.294698294691127821e-02,2.310206088158634624e-02,-1.607768409757498853e-03,4.611502491740292892e-02,-3.550304766435157661e-02,-2.492371340225449025e-02,-7.567529468253651487e-04,-8.968993189916846763e-04,-7.638368000243794115e-03,4.978500302969812719e-01,2.995631884476079865e-01,-1.875360145991947117e-04,5.010820864334095681e-01,5.519575603072860429e-05,9.200640971422259094e-05,5.301661491268990135e-05,4.979217536420723622e-01,-2.992976386463481187e-01,3.066086559914674614e-04,5.012353051121354319e-01,-4.032539526454584323e-07,3.088870294226085406e-04,1.855959668784665060e-05
2.967405024137964586e-01,-1.583232298740888319e-03,7.862349499316678703e-01,2.664467247308276165e-02,-3.281519261576906288e-04,9.996439570532075214e-01,1.383066202618589077e-03,1.638237595671455937e-02,-2.390778298779844269e-02,8.380687397878384265e-03,4.746566976056033893e-02,-1.955880261116807808e-02,2.432617491571611307e-02,3.287633604679995880e-02,2.313492239563819108e-02,-1.596383652596533500e-03,4.655923004997293557e-02,-3.503889744942330353e-02,-2.497755121868231939e-02,-7.111011078289183277e-04,-8.918930613142215429e-04,-7.350419966348167682e-03,4.979062117030967349e-01,2.996132968328149571e-01,-1.667888444706501895e-04,5.010856844714906000e-01,4.546702741274291664e-05,8.194197710521616222e-05,4.195380516595023261e-05,4.979693781801161623e-01,-2.993573764814111970e-01,2.792594645930566435e-04,5.012232834940034687e-01,5.621184554828843916e-06,2.863809655971944661e-04,2.472854737163547595e-05
2.967475630441975265e-01,-1.577763751547978620e-03,7.862228925599724638e-01,2.669291469929860328e-02,-3.226361094568706562e-04,9.996426718713872228e-01,1.383034573339206406e-03,1.642606582877177007e-02,-2.391993287474257143e-02,8.373669246368930716e-03,4.762725451381927960e-02,-1.927430794428716329e-02,2.436245248856950402e-02,3.289471242889090152e-02,2.314043221557858521e-02,-1.583225316367115401e-03,4.677366756027248607e-02,-3.471221239352203364e-02,-2.499660516549489717e-02,-6.709296638144274846e-04,-8.987242678353163676e-04,-7.181284788295944597e-03,4.980031259389974818e-01,2.996547935930260476e-01,-1.507794180750041688e-04,5.010707990145312207e-01,2.659503462707157751e-05,2.928546095312923133e-05,1.929476759033475744e-05,4.980574029849170747e-01,-2.994043478092351940e-01,2.560912036143967309e-04,5.011866095100085960e-01,5.928881150540096707e-06,2.234534617463681953e-04,2.757738008463249960e-05
2.967452199866075779e-01,-1.572443762557215914e-03,7.862146333510539042e-01,2.670948527909500908e-02,-3.124924529726218572e-04,9.996422287714139543e-01,1.385713358767335290e-03,1.645705256651786713e-02,-2.393715019145888426e-02,8.374841077044050883e-03,4.768810230881852935e-02,-1.911620710960320116e-02,2.435864372852212384e-02,3.291405362927161959e-02,2.312844948526207242e-02,-1.566867564582381279e-03,4.685470822354713405e-02,-3.450766253167258935e-02,-2.497368854764284163e-02,-6.318144958927134677e-04,-9.156062893693987922e-04,-7.094973075337339743e-03,4.980991480333699095e-01,2.996860332698948470e-01,-1.382736541540423043e-04,5.010555455918722645e-01,1.073260827771809655e-05,-1.715760399362408904e-05,6.063137321344866696e-07,4.981431216007500828e-01,-2.994368919242521021e-01,2.381432642632807595e-04,5.011514458026412600e-01,5.372009323944527735e-06,1.649767395707718391e-04,2.868238044549975381e-05
2.967393994234497345e-01,-1.567656741564161160e-03,7.862110672127153865e-01,2.671068216916593768e-02,-2.998156934270993119e-04,9.996421963462638338e-01,1.388831388459083570e-03,1.645211801879870386e-02,-2.395824847112142109e-02,8.378850784237883154e-03,4.772957153468684877e-02,-1.901547436195722904e-02,2.432704708909257107e-02,3.290110567774701122e-02,2.310483665232527378e-02,-1.549885392302561725e-03,4.690568140593918273e-02,-3.436985730211516293e-02,-2.491466613955534148e-02,-5.944465440828710897e-04,-9.390919354103553730e-04,-7.055243781628126043e-03,4.981687499310419875e-01,2.997080073938386269e-01,-1.294294228049374068e-04,5.010505461060145160e-01,1.002218313528443691e-06,-3.748876899337802633e-05,-9.405161800239949708e-06,4.982026434944026860e-01,-2.994555817119662899e-01,2.273289325583076781e-04,5.011326920589874723e-01,5.940441706147814240e-06,1.294070816589985493e-04,2.929647497902493472e-05
2.967319781944935397e-01,-1.563839366940786594e-03,7.862103417000388950e-01,2.670741093098756569e-02,-2.931977753097170128e-04,9.996422825598232365e-01,1.391098492035349864e-03,1.643876082339689945e-02,-2.397212515225252347e-02,8.377303520786000268e-03,4.776669871096301395e-02,-1.895245496980789077e-02,2.429579889303219373e-02,3.287514837531379380e-02,2.309663362356128430e-02,-1.541343143064889286e-03,4.695813259277865914e-02,-3.428206192091799720e-02,-2.486174630905375882e-02,-5.595244000560070305e-04,-9.490143152963658162e-04,-7.031555297953284538e-03,4.982098425375782180e-01,2.997183978334677090e-01,-1.251391787540720327e-04,5.010553863170561506e-01,-2.300421370158630472e-06,-3.956398214219268811e-05,-1.304394520953057270e-05,4.982359346762186281e-01,-2.994679971841738286e-01,2.211410752413383901e-04,5.011263714952786108e-01,5.513108198031884947e-06,1.170932881612176779e-04,2.870138491250075622e-05
2.967246579126748829e-01,-1.560446067292295272e-03,7.862109034659404694e-01,2.670375542867380395e-02,-2.934268218110907015e-04,9.996423795912759980e-01,1.391499837309224594e-03,1.642059850324905854e-02,-2.397662281921732544e-02,8.367078220607889610e-03,4.780328294071450185e-02,-1.889504054020827578e-02,2.428620081891953372e-02,3.283500749931667767e-02,2.310820262729000249e-02,-1.541351106612949638e-03,4.702828007428038609e-02,-3.421419175557881276e-02,-2.484061987683540071e-02,-5.279632392303102578e-04,-9.462024118371226101e-04,-7.014130580306863691e-03,4.982265850392163520e-01,2.997216691735072880e-01,-1.249781530006649618e-04,5.010677557698484108e-01,8.043667490045475693e-07,-2.808644429240292540e-05,-1.142101996039169851e-05,4.982446131226367370e-01,-2.994742676100001222e-01,2.192200424378884136e-04,5.011340610729153600e-01,2.779419404294781969e-06,1.276027853069003077e-04,2.644117501972971667e-05
2.967154663382355895e-01,-1.557254888483415632e-03,7.862109742061925699e-01,2.670220864361822974e-02,-2.968803666594853428e-04,9.996424221732699289e-01,1.389858683022467904e-03,1.642615778411052330e-02,-2.397488808647687056e-02,8.349624089015499767e-03,4.781870895303690777e-02,-1.886077143194983888e-02,2.428480608560116064e-02,3.282635786000881462e-02,2.312802375939165128e-02,-1.544877307085140792e-03,4.707129094139250042e-02,-3.417593060469450300e-02,-2.483864794047811048e-02,-5.004507500105188000e-04,-9.379998767082760877e-04,-6.999766342404096543e-03,4.982366327177373266e-01,2.997217719381221057e-01,-1.265907178891835570e-04,5.010759470293059126e-01,2.825737230566687548e-06,-1.451165527304066285e-05,-9.708381852823496342e-06,4.982464267394178248e-01,-2.994770883802093664e-01,2.193940142859181859e-04,5.011386516974635219e-01,1.886621810823119715e-06,1.378926539549015157e-04,2.513977878951353096e-05
2.967034258824085557e-01,-1.554124739568871465e-03,7.862108013951215613e-01,2.670030592968284169e-02,-3.004310427016942692e-04,9.996424746129469741e-01,1.387931609866177758e-03,1.645878181583970701e-02,-2.397262638517980854e-02,8.329913846285003434e-03,4.779384248431961524e-02,-1.883992712911162007e-02,2.428042452349695943e-02,3.286125001447735144e-02,2.314880537382955905e-02,-1.548069045111362570e-03,4.704747747014685622e-02,-3.415037866606512873e-02,-2.484548172531218443e-02,-4.751132857965815397e-04,-9.306662543321969280e-04,-6.997637879081478746e-03,4.982523222000984631e-01,2.997186483859654027e-01,-1.272718921363832770e-04,5.010808521121093984e-01,1.294428928581058415e-06,-4.413349352977419311e-06,-9.347114141435614002e-06,4.982521144787315781e-01,-2.994768230328144765e-01,2.195617154679073391e-04,5.011349788022541052e-01,4.416080297095447855e-06,1.365101883854188426e-04,2.566227996331481184e-05
2.966912387079538305e-01,-1.551129195092482583e-03,7.862104486696029904e-01,2.669206642159826365e-02,-3.006620132247687081e-04,9.996426951657920723e-01,1.387513664903373837e-03,1.647294186088527415e-02,-2.397759115676902433e-02,8.314838984321474766e-03,4.776658885343283700e-02,-1.882896635588017162e-02,2.427818211474008087e-02,3.287804651724798161e-02,2.316137062883951228e-02,-1.547787967848120562e-03,4.701483575196165748e-02,-3.413924391374357353e-02,-2.485051969460543714e-02,-4.469898744782455796e-04,-9.314643442413095146e-04,-7.011381427861857613e-03,4.982690950419714215e-01,2.997161815047262312e-01,-1.280986451557681834e-04,5.010839903136913298e-01,1.138357392555590933e-06,2.567965226652243830e-06,-8.738115732498693327e-06,4.982570238018874109e-01,-2.994746338696265275e-01,2.208037381516853579e-04,5.011306814742595428e-01,4.079965116761628299e-06,1.369465673947744069e-04,2.439099984913255018e-05
2.966807553023839694e-01,-1.548688073096012637e-03,7.862101585049260377e-01,2.667765946910372055e-02,-2.974764088075448594e-04,9.996430802797697801e-01,1.387819084322945099e-03,1.645010510709877041e-02,-2.399088826899803753e-02,8.305262059118927523e-03,4.776874018349730466e-02,-1.882354405072046363e-02,2.428059054985666487e-02,3.285004943784685522e-02,2.316402551527284998e-02,-1.545711023143065983e-03,4.702226863125637951e-02,-3.414035007061145405e-02,-2.484757484591827020e-02,-4.152794794467011509e-04,-9.393003223310938997e-04,-7.033820272151287273e-03,4.982824169499154854e-01,2.997152914803278834e-01,-1.302915766036252961e-04,5.010880059850567614e-01,4.322793918464865760e-06,6.762996312490302108e-06,-7.456974980551901478e-06,4.982596042208259357e-01,-2.994737648560514276e-01,2.227715989757190931e-04,5.011325979599674518e-01,-1.635753075969800001e-06,1.461108666042355245e-04,1.972856030371303147e-05
2.966716226587717831e-01,-1.546843382725453762e-03,7.862099640546347246e-01,2.667095984661898775e-02,-2.949169049657186749e-04,9.996432605944535199e-01,1.387253750721262249e-03,1.643856074126394395e-02,-2.400360333182271350e-02,8.295281271131233619e-03,4.778448012114635407e-02,-1.882511402133339382e-02,2.428431737377944113e-02,3.283558619371924892e-02,2.316682627197820532e-02,-1.544218078122468110e-03,4.704250143465103090e-02,-3.414971578311978145e-02,-2.484469463880855863e-02,-3.866770547551660973e-04,-9.450614017556663565e-04,-7.033284320136510073e-03,4.982918409702272733e-01,2.997150322293155589e-01,-1.316557394914403308e-04,5.010905147082400646e-01,5.938891215606573010e-06,1.212943165188307251e-05,-6.432611379587110644e-06,4.982599735434538046e-01,-2.994751481946554272e-01,2.231997201100194544e-04,5.011319665630787901e-01,-4.362898853434202800e-06,1.513637985963656120e-04,1.696750421397000318e-05
2.966636061662802359e-01,-1.545391969561496536e-03,7.862102191675537366e-01,2.667776294840432105e-02,-2.927892507566785016e-04,9.996430815019343719e-01,1.385945107313523491e-03,1.645517882786230388e-02,-2.401545999445794943e-02,8.285375670940321735e-03,4.780134378195984718e-02,-1.881510327994332515e-02,2.428853495171346549e-02,3.285661558439635643e-02,2.317016641886117737e-02,-1.542035188509748370e-03,4.705269849397278326e-02,-3.414441608526222471e-02,-2.484545376606045117e-02,-3.648863210190747964e-04,-9.504708358425489542e-04,-7.003767367957964597e-03,4.983019100531624890e-01,2.997174666469183402e-01,-1.306704437161508115e-04,5.010907316131315570e-01,4.373257799919937956e-06,2.047781653689328995e-05,-5.804546463535191581e-06,4.982610400155324526e-01,-2.994770306634775836e-01,2.221710723658798200e-04,5.011230211675623547e-01,-1.436921748573780826e-06,1.472818642209703689e-04,1.794168254708443055e-05
2.966572702131608508e-01,-1.544613824212375452e-03,7.862104368426275913e-01,2.668352366048822727e-02,-2.913937956270847571e-04,9.996429289294619380e-01,1.385386604091703262e-03,1.645682860201764033e-02,-2.402590763855592601e-02,8.277147959806486349e-03,4.783224240009684852e-02,-1.879301601188482912e-02,2.429391245545382133e-02,3.285829730978612195e-02,2.317318800999759384e-02,-1.540288532532049174e-03,4.708083248368880730e-02,-3.412751845116268612e-02,-2.484469258875604894e-02,-3.432524688730477004e-04,-9.541662299672105290e-04,-6.977998452410177910e-03,4.983120472753166941e-01,2.997217353669051620e-01,-1.289029186329135465e-04,5.010929244416572059e-01,3.452275693977142913e-06,2.689147250218994241e-05,-5.707796711943982900e-06,4.982641242751336130e-01,-2.994814929605042475e-01,2.201961575080412274e-04,5.011169620299831262e-01,3.176227408372412939e-08,1.443531186706317846e-04,1.841422585340477534e-05
2.966537470713080937e-01,-1.544567238719430453e-03,7.862105431063916017e-01,2.667980048175769281e-02,-2.904926918377828595e-04,9.996430283319255317e-01,1.385556793098270678e-03,1.641369656625504825e-02,-2.403527636313285837e-02,8.272076939650105723e-03,4.789082265272076588e-02,-1.875028233532748459e-02,2.430166421977633662e-02,3.280511381705823043e-02,2.317492205170580688e-02,-1.540223797817074410e-03,4.715280620424848468e-02,-3.409375656181404951e-02,-2.483832041239400143e-02,-3.187454733973983201e-04,-9.571618682275274091e-04,-6.974998131186203876e-03,4.983201042857873797e-01,2.997269268111535379e-01,-1.266808183685036871e-04,5.010999057120867350e-01,4.367287607965309380e-06,2.961352478464390810e-05,-6.019753409519565165e-06,4.982686963296041327e-01,-2.994883416827375244e-01,2.169919940714695186e-04,5.011243686031333633e-01,-2.240822647378729068e-06,1.475157477036240043e-04,1.675730657566420372e-05
2.966510253647979267e-01,-1.544979412123688618e-03,7.862097762977479087e-01,2.668161746441654117e-02,-2.907055713958919623e-04,9.996429817662521033e-01,1.384118936377623380e-03,1.639692893989466715e-02,-2.404217873314018136e-02,8.264288790614403649e-03,4.793670226354070779e-02,-1.871553831614618593e-02,2.430516151324709287e-02,3.278156758264983567e-02,2.317877123883096621e-02,-1.541305322743924443e-03,4.721252629320183553e-02,-3.407048236003441116e-02,-2.483505868235366676e-02,-2.982737335883423567e-04,-9.587553271340036338e-04,-6.964558902639204734e-03,4.983302292797456290e-01,2.997347118642432195e-01,-1.244863511211090627e-04,5.011032772487103992e-01,4.895566414642626650e-06,3.091471757459231853e-05,-6.869776811142602777e-06,4.982778864781856609e-01,-2.994969121443167293e-01,2.137575996249100750e-04,5.011289047930101992e-01,-4.399412036767860572e-06,1.505840111030610096e-04,1.518472242281143796e-05
2.966473875920074832e-01,-1.545608183613869733e-03,7.862084719994936188e-01,2.669323235987123774e-02,-2.917688234600601519e-04,9.996426759631527048e-01,1.380800623968117579e-03,1.643872031578156798e-02,-2.404737577045435587e-02,8.251341145782787462e-03,4.793131111842936082e-02,-1.870230177772115934e-02,2.430045658412698789e-02,3.282664432775218855e-02,2.318502547476980827e-02,-1.541950975479320632e-03,4.720794998216976124e-02,-3.406971790015345114e-02,-2.484087216720509347e-02,-2.845648459345171593e-04,-9.599900141697907500e-04,-6.941430708386696694e-03,4.983455686602512591e-01,2.997451989752272228e-01,-1.223636556867705924e-04,5.011033261203948763e-01,4.589834387320225879e-06,3.096456022867573673e-05,-8.350025664284933011e-06,4.982929611442337148e-01,-2.995047574243460131e-01,2.116071681603501418e-04,5.011241792779904669e-01,-5.569687804495378353e-06,1.503307956969997499e-04,1.437543546534639481e-05
2.966468243959672346e-01,-1.546756023950924402e-03,7.862073886242959553e-01,2.670240047884123169e-02,-2.934554400086187621e-04,9.996424320746967185e-01,1.379742134605476712e-03,1.646145677933394391e-02,-2.405229127253387389e-02,8.240663963806637432e-03,4.792881947361422174e-02,-1.870166222524033417e-02,2.430082816056252509e-02,3.284947730914879876e-02,2.319052973883371782e-02,-1.541174300817433436e-03,4.720554222576834463e-02,-3.408004323512651979e-02,-2.483952880595004242e-02,-2.704823633140180880e-04,-9.598631758005676069e-04,-6.919753303301003945e-03,4.983561522167314073e-01,2.997538569085665960e-01,-1.184689624588028325e-04,5.011061001199348386e-01,2.741562380463529937e-06,3.451404764279026823e-05,-9.144116050471618446e-06,4.982999718817910928e-01,-2.995099589229155979e-01,2.087840601232191461e-04,5.011179324297097004e-01,-3.742414078217907254e-06,1.442730540411683697e-04,1.527940220367431725e-05
2.966526127183516937e-01,-1.548515129728771219e-03,7.862071887799706449e-01,2.670822082453143398e-02,-2.934399735376359169e-04,9.996422725900515616e-01,1.382636744535125630e-03,1.642654343075629700e-02,-2.406109989387721776e-02,8.239613163848262881e-03,4.798362043151535583e-02,-1.868618110884171651e-02,2.431568653252564119e-02,3.280464736385384911e-02,2.318973554665689982e-02,-1.537631709859299837e-03,4.727137745443467376e-02,-3.407359078000594954e-02,-2.482037878574105613e-02,-2.539279771422224248e-04,-9.633753895685601750e-04,-6.897292602728634543e-03,4.983558282726893718e-01,2.997594063281178167e-01,-1.121018723072576118e-04,5.011139690121099166e-01,-8.269114022465227333e-07,4.502736137335494723e-05,-8.686445659668930817e-06,4.982883467521634357e-01,-2.995096974394097500e-01,2.053335217351920307e-04,5.011135193500266816e-01,1.427112817961192316e-06,1.335123914943196473e-04,1.801638212164143247e-05
2.966599706800417402e-01,-1.550729017334151732e-03,7.862068448726319270e-01,2.671969047048831578e-02,-2.956663584086871533e-04,9.996419609316372634e-01,1.385881422455326195e-03,1.641482407553013223e-02,-2.406400526921741861e-02,8.237223601685116775e-03,4.803670769412846792e-02,-1.867906017004934693e-02,2.432599633860285659e-02,3.278397047929229591e-02,2.319450010460815531e-02,-1.535928321969207578e-03,4.733544580237783461e-02,-3.407196490596858807e-02,-2.480357893291232005e-02,-2.376761912665526779e-04,-9.617899369536494353e-04,-6.867599362937144153e-03,4.983553803376933877e-01,2.997627282929373194e-01,-1.071919667971109802e-04,5.011201390859224558e-01,-4.001109221967410727e-06,5.487617285502732376e-05,-8.234580811016041811e-06,4.982740442218557275e-01,-2.995089949819288999e-01,2.030961319545503086e-04,5.011056572119655383e-01,6.394940092145226046e-06,1.242942807329580114e-04,2.064464550912688162e-05
2.966656834575170376e-01,-1.553050240793329984e-03,7.862064243577614464e-01,2.673379622699587066e-02,-3.002516736948184872e-04,9.996415797058331165e-01,1.387844174510025844e-03,1.644985441538503179e-02,-2.406081892332224970e-02,8.229525015393994794e-03,4.803365728599737206e-02,-1.868067018405636034e-02,2.432219280364428249e-02,3.281747747249316033e-02,2.320601796218967755e-02,-1.536633883933803462e-03,4.733293046540917870e-02,-3.407496779560255373e-02,-2.480032959375619989e-02,-2.213759313538753973e-04,-9.558625512603633433e-04,-6.849378657489815780e-03,4.983635254604776299e-01,2.997641879579322488e-01,-1.048458847865393803e-04,5.011233849288885267e-01,-6.121435389428878937e-06,5.948353449935745265e-05,-8.264939796117819952e-06,4.982687482902945497e-01,-2.995080922087151043e-01,2.028297948562758429e-04,5.010979733012751458e-01,9.923926677373941403e-06,1.180721198247034810e-04,2.249644351159477241e-05
2.966719909036174552e-01,-1.555456975104541582e-03,7.862058759426752141e-01,2.674154925939903338e-02,-3.043829636006916035e-04,9.996413692264937145e-01,1.389181485618347801e-03,1.647667891068957738e-02,-2.405925234307626850e-02,8.221609982571178449e-03,4.800786422201849812e-02,-1.869168202737305634e-02,2.431551510787805306e-02,3.284406170333070696e-02,2.321643520005561498e-02,-1.536667100673653249e-03,4.730460912368055632e-02,-3.408648889412930344e-02,-2.480085932767451054e-02,-2.041719468651608297e-04,-9.512618098199658720e-04,-6.852929049868288977e-03,4.983738516850517719e-01,2.997643956702298329e-01,-1.041015419253065214e-04,5.011261896890297773e-01,-6.810039120194874802e-06,6.256301841223475347e-05,-8.102097710902421551e-06,4.982662795991423255e-01,-2.995062958709923118e-01,2.036867046427732900e-04,5.010937842475076121e-01,1.088756166592595515e-05,1.158638361451312676e-04,2.268296614257711883e-05
2.966806877886539184e-01,-1.557946358233463233e-03,7.862057574179347474e-01,2.674094976381373792e-02,-3.063308488337801233e-04,9.996413840063238521e-01,1.389657893903713725e-03,1.646710978985922724e-02,-2.406328651060520366e-02,8.216076834685861335e-03,4.799375780448441459e-02,-1.869616130971432644e-02,2.431344083836613212e-02,3.283253070958567360e-02,2.322124376054464021e-02,-1.535948625652009238e-03,4.729159901113576953e-02,-3.409377821125469943e-02,-2.479865689744961341e-02,-1.867424471498929542e-04,-9.516212453955506020e-04,-6.877568256005963526e-03,4.983803660083648834e-01,2.997630234423172002e-01,-1.043730245809660993e-04,5.011325604610430418e-01,-5.910400451030369764e-06,6.622067553318772401e-05,-7.413689025478764361e-06,4.982617132491320988e-01,-2.995027406641839196e-01,2.049882092541257693e-04,5.010968015110676133e-01,8.894834347089146116e-06,1.185596676400631764e-04,2.075558685556631291e-05
2.966905892751403595e-01,-1.560494673054465620e-03,7.862054820878153771e-01,2.674138291470949322e-02,-3.083033724438816224e-04,9.996413723922722427e-01,1.389240992207105892e-03,1.646149376372904941e-02,-2.406757024496370204e-02,8.209198436696114182e-03,4.798041181291613083e-02,-1.871238501331007678e-02,2.431165739811015289e-02,3.282599492076637010e-02,2.322600507495116776e-02,-1.535645361330655262e-03,4.727956840177170023e-02,-3.411428296514170538e-02,-2.479718392290025664e-02,-1.701933245182220159e-04,-9.514367491123892559e-04,-6.900353793385222666e-03,4.983838575170094209e-01,2.997601314250931126e-01,-1.055787643977321074e-04,5.011372570992894682e-01,-4.912530473324383846e-06,7.086305712243906477e-05,-6.537077803042647798e-06,4.982560675283055351e-01,-2.994996180684109666e-01,2.064272246837224947e-04,5.010987506452255769e-01,7.101879423607599744e-06,1.225019515524669058e-04,1.881060514881569568e-05
2.967006370909224811e-01,-1.562991866015589655e-03,7.862050483166923565e-01,2.674561760950194128e-02,-3.106707773840308782e-04,9.996412596750352542e-01,1.388300278587567592e-03,1.647644802820155685e-02,-2.407103908902033865e-02,8.200296846938811765e-03,4.795289199096641752e-02,-1.874838331081859349e-02,2.430819539199185683e-02,3.284246699098469086e-02,2.323212429626104678e-02,-1.534792728427302952e-03,4.725036534617939321e-02,-3.415492635771644192e-02,-2.479792518639980028e-02,-1.549346921637749627e-04,-9.497031228064389385e-04,-6.914049584841789817e-03,4.983854540064244221e-01,2.997560711297473368e-01,-1.073538175237906888e-04,5.011394278001954916e-01,-4.261532734020419564e-06,7.615654422727069191e-05,-5.557907480688272504e-06,4.982496145001534815e-01,-2.994969566227279612e-01,2.080347742938817314e-04,5.010970477561266234e-01,6.438805226648215875e-06,1.255519751091933736e-04,1.759716494164189558e-05
2.967107013518981429e-01,-1.565354893111462527e-03,7.862049297035682560e-01,2.675013114384707999e-02,-3.128440485726818486e-04,9.996411397555671208e-01,1.387198824740823238e-03,1.649518159612915064e-02,-2.407483138936277606e-02,8.190727509018296340e-03,4.791832102176037805e-02,-1.879546830448195968e-02,2.430390433966228211e-02,3.286399843416538957e-02,2.323814488487999791e-02,-1.533204323544849366e-03,4.721159642840378617e-02,-3.420603016012035980e-02,-2.479933039021591304e-02,-1.404949507394205274e-04,-9.476648084114006184e-04,-6.925638652664676230e-03,4.983859934386573043e-01,2.997514896601883305e-01,-1.092964003559612112e-04,5.011414947567286449e-01,-3.516703623691076657e-06,8.069227795592310887e-05,-4.460234326579881601e-06,4.982425748914876551e-01,-2.994939868659526883e-01,2.097030892856257081e-04,5.010949571312934836e-01,5.786875432685108465e-06,1.272740858471652883e-04,1.643534828879165461e-05
2.967206585922614881e-01,-1.567496508202336153e-03,7.862056515497768405e-01,2.675360170244317146e-02,-3.139410360691119255e-04,9.996410481305831874e-01,1.386048109656776248e-03,1.650469881718024182e-02,-2.408046050325104645e-02,8.182561726704040347e-03,4.788861661273480230e-02,-1.882943828702730860e-02,2.429927356568423527e-02,3.287710380152842476e-02,2.324200116704940033e-02,-1.531111022768522458e-03,4.717597600154062321e-02,-3.424300740865290210e-02,-2.480052505792821813e-02,-1.269637762400388373e-04,-9.476475874815507407e-04,-6.942464057060480226e-03,4.983883088786206228e-01,2.997473228321952954e-01,-1.111873371682000212e-04,5.011446272676834957e-01,-2.449052244005670426e-06,8.426943254267932934e-05,-3.110302877565021644e-06,4.982374130993785233e-01,-2.994899484305043047e-01,2.116670845560260990e-04,5.010941081279178810e-01,4.764084535481775573e-06,1.280835848490408330e-04,1.501979314359731659e-05
2.967304863246533198e-01,-1.569519069566771303e-03,7.862064229033240981e-01,2.675645173724405454e-02,-3.149828836515892929e-04,9.996409727066749573e-01,1.385193946207887708e-03,1.650890949680456840e-02,-2.408613808424773725e-02,8.175403337661724459e-03,4.786658688537933498e-02,-1.885730230327726728e-02,2.429663379368618772e-02,3.288336372323511642e-02,2.324549438221506018e-02,-1.529139301379166520e-03,4.714979020428367029e-02,-3.427376946450342438e-02,-2.479965386546154754e-02,-1.133499061693102311e-04,-9.468304444436162004e-04,-6.958771590780147773e-03,4.983893239184177815e-01,2.997425067865602255e-01,-1.132594433325175552e-04,5.011475578398074671e-01,-1.488925194057480254e-06,8.850651012649426498e-05,-1.925352833922942900e-06,4.982313754289462437e-01,-2.994857019419365773e-01,2.137147018021071446e-04,5.010935237734471803e-01,3.517317961338045358e-06,1.299501121510644643e-04,1.342100027035153164e-05
2.967402363987812763e-01,-1.571445429506967192e-03,7.862068586127292091e-01,2.675821904106047422e-02,-3.153722047084036185e-04,9.996409259717425888e-01,1.384693641439283841e-03,1.650733802878583470e-02,-2.409324849374794297e-02,8.169910869698661024e-03,4.785250211619455213e-02,-1.888459914462492159e-02,2.429858550076443788e-02,3.288131881131738793e-02,2.324727411425475329e-02,-1.526627574785474660e-03,4.713572519309763148e-02,-3.430478592093601925e-02,-2.479455000011259250e-02,-9.931203158962620620e-05,-9.464893092854187928e-04,-6.971309233201604047e-03,4.983858313750428870e-01,2.997365181050306027e-01,-1.154252628904949094e-04,5.011510443206051990e-01,-7.539063263329293365e-07,9.382955299271083941e-05,-1.037293320757090455e-06,4.982208592434185235e-01,-2.994802592776386052e-01,2.158558863879124902e-04,5.010951749719801951e-01,1.898062453624395997e-06,1.336115682435090016e-04,1.154093028464630315e-05
2.967481692552300654e-01,-1.573173364050194697e-03,7.862069717750500564e-01,2.676210826296185341e-02,-3.164290372672195996e-04,9.996408231812192735e-01,1.383496859624947081e-03,1.652078198561492822e-02,-2.409824955109420713e-02,8.162353894171232513e-03,4.783099593040059799e-02,-1.891826882942829191e-02,2.429762677978090923e-02,3.289776616968266565e-02,2.325144924459711729e-02,-1.524701978316705259e-03,4.711060188451703101e-02,-3.434264945207073788e-02,-2.479274983849189679e-02,-8.694121082930450126e-05,-9.436864300459654221e-04,-6.976497222554510318e-03,4.983824381368735512e-01,2.997302949091338875e-01,-1.181235015253612598e-04,5.011527864787509445e-01,1.040245524929263730e-07,9.869623848070654178e-05,-1.888604155494593491e-08,4.982117510342022326e-01,-2.994754928652740844e-01,2.180926245463777203e-04,5.010941524392156232e-01,7.582918125924186065e-07,1.364325479875455290e-04,1.002306915717370660e-05
2.967529229642790756e-01,-1.574485657186028720e-03,7.862074528162695808e-01,2.676685233721214779e-02,-3.179313685432676021e-04,9.996406984248077388e-01,1.381516690340050049e-03,1.654873799059594294e-02,-2.410114667091716595e-02,8.152936972045882538e-03,4.779362913642447308e-02,-1.894338776272249530e-02,2.428994009517587357e-02,3.293544421444501852e-02,2.325796801851674409e-02,-1.523257306453675887e-03,4.705944984993767205e-02,-3.437161198559612885e-02,-2.479817538168770097e-02,-7.674636174008883833e-05,-9.398029768657985370e-04,-6.985755137149106050e-03,4.983854370776678588e-01,2.997247178228416020e-01,-1.211375034724397940e-04,5.011535234488129209e-01,1.357704555595368706e-06,1.020539974205299244e-04,1.498767746792243729e-06,4.982106059997518099e-01,-2.994712229889804345e-01,2.206692659153290333e-04,5.010897320804729160e-01,2.679757379818200188e-07,1.369711875002825531e-04,9.018022193885618927e-06
2.967564884703720041e-01,-1.575520188927240347e-03,7.862081419856126185e-01,2.676951388077253649e-02,-3.181591716894415140e-04,9.996406287302397331e-01,1.380323563491874612e-03,1.656437295512335622e-02,-2.410665560475315147e-02,8.146411189994168939e-03,4.776455624902856828e-02,-1.895473792484197312e-02,2.428457837426255608e-02,3.295900553204868938e-02,2.326141888929969190e-02,-1.520346039977319525e-03,4.701668752051312711e-02,-3.438777044290499546e-02,-2.480138259219936275e-02,-6.584678718873222781e-05,-9.383491949578326441e-04,-6.996701799773148885e-03,4.983885892727173972e-01,2.997202300635519734e-01,-1.231158240556817947e-04,5.011554346360524992e-01,2.333850813186204088e-06,1.053167350164737709e-04,2.746391306531856319e-06,4.982095324442311068e-01,-2.994669705709120389e-01,2.227670962218167999e-04,5.010880449977905826e-01,-4.773407968775853599e-07,1.375209317453976855e-04,7.882521287550636798e-06
2.967603301613261357e-01,-1.576504531922734431e-03,7.862087142759338620e-01,2.677081039624822772e-02,-3.159530589809449131e-04,9.996405949895799115e-01,1.380120745347210472e-03,1.655771921512372638e-02,-2.411769996417946829e-02,8.144916480780103538e-03,4.776395001083551944e-02,-1.895269042545231694e-02,2.428722928735955675e-02,3.295440056851228067e-02,2.325850501400309259e-02,-1.515369091507228795e-03,4.701074243951284398e-02,-3.439240148644537309e-02,-2.479627287050029452e-02,-5.380215940761386964e-05,-9.415066447007378308e-04,-7.000737946103619859e-03,4.983871663522683182e-01,2.997173999032114455e-01,-1.235937856618495370e-04,5.011592482388376180e-01,2.806498757860028744e-06,1.092498934429548429e-04,3.435934970674521994e-06,4.982031510431335630e-01,-2.994629494363872380e-01,2.239429450329597968e-04,5.010923705188383703e-01,-1.973653458650054792e-06,1.395389280058345898e-04,6.134277020715414130e-06
2.967628012626233325e-01,-1.577524460134657443e-03,7.862086861711610197e-01,2.677561197686470496e-02,-3.145583181824640928e-04,9.996404681713695339e-01,1.379148452671561656e-03,1.655861160249397918e-02,-2.412677496012567008e-02,8.142208482896248767e-03,4.777657175687837626e-02,-1.895707819180105641e-02,2.428984737688712203e-02,3.295773779337602544e-02,2.325737222802949991e-02,-1.511904979808303615e-03,4.701982989083581393e-02,-3.440433673101740003e-02,-2.479153811822930667e-02,-4.359045228691856445e-05,-9.416957169225773907e-04,-6.989591606736064895e-03,4.983848188425075154e-01,2.997169187618243247e-01,-1.236912417313281701e-04,5.011607775489821393e-01,2.935748219839526765e-06,1.121031863957086354e-04,3.651508694334151625e-06,4.981987802764494266e-01,-2.994632222063435822e-01,2.235945751523964946e-04,5.010927442467472126e-01,-2.535007079361031096e-06,1.401490656961005264e-04,5.345048835391170698e-06
2.967626948705958112e-01,-1.578444661808131111e-03,7.862084526656399897e-01,2.678302520201515657e-02,-3.142725634020139417e-04,9.996402727714577274e-01,1.376897668756433667e-03,1.657158168143765473e-02,-2.413293347059089142e-02,8.137091943565315233e-03,4.778897650630753446e-02,-1.896578552632086079e-02,2.428860779826094718e-02,3.297645170894096533e-02,2.325909985799838597e-02,-1.510591270345220533e-03,4.702537961427007140e-02,-3.442101823562147139e-02,-2.479154216898293503e-02,-3.606625832229012316e-05,-9.391083662278837613e-04,-6.972206989365270155e-03,4.983857797237218890e-01,2.997198806188683951e-01,-1.233376910648930833e-04,5.011606147870035777e-01,3.034292781918787091e-06,1.136185202651642380e-04,3.747231584160271022e-06,4.982021847787275193e-01,-2.994684033059870631e-01,2.216174947636424526e-04,5.010871510693160058e-01,-1.726410655782028998e-06,1.384459927470491785e-04,6.019701758484491797e-06
2.967612242964214331e-01,-1.579235211061040187e-03,7.862084773856433673e-01,2.679100391258596239e-02,-3.134860138810974706e-04,9.996400612526941121e-01,1.375417967521974302e-03,1.658283961698779965e-02,-2.413990134353249939e-02,8.133153339621218905e-03,4.780595209723765421e-02,-1.896341543420643552e-02,2.428760622325628823e-02,3.298990766750181658e-02,2.325956632458836548e-02,-1.508430796375383231e-03,4.703910569770305278e-02,-3.442554087319251582e-02,-2.479110362749858965e-02,-2.887425920109499005e-05,-9.380428472306372514e-04,-6.951813791858769791e-03,4.983891917097905133e-01,2.997255041534865883e-01,-1.211470517781097241e-04,5.011615548553702837e-01,2.418173829160071254e-06,1.137801639203889388e-04,3.054790916954270323e-06,4.982067373472251481e-01,-2.994748564993388595e-01,2.188141424008316143e-04,5.010843996456324501e-01,-9.423289574702181347e-07,1.352454447539772281e-04,6.809789047086837160e-06
2.967594343450915551e-01,-1.579867010662798759e-03,7.862088958688773221e-01,2.679871289194054804e-02,-3.107108156935002780e-04,9.996398553818081067e-01,1.375492043810765640e-03,1.658177529255155588e-02,-2.415064932465015371e-02,8.133444422158502690e-03,4.783686952773606033e-02,-1.893220189203899742e-02,2.428937833721142581e-02,3.298480759105064386e-02,2.325540946843461174e-02,-1.503676970771803453e-03,4.707539479034449775e-02,-3.439994822947414072e-02,-2.478678227989619329e-02,-2.182780023959869661e-05,-9.430033128569317510e-04,-6.932416994462009541e-03,4.983971325565983435e-01,2.997341008942583929e-01,-1.168893723975925248e-04,5.011634673949822982e-01,6.933686325169301605e-07,1.124139546540304379e-04,1.163367232026632713e-06,4.982105194945825044e-01,-2.994795150115079352e-01,2.162865632880562770e-04,5.010876400764504579e-01,-7.544327356319390763e-07,1.312193283505043841e-04,7.102343284957127382e-06
2.967574469933537684e-01,-1.580739802339408296e-03,7.862086799744170129e-01,2.680599203212716622e-02,-3.104993577489147984e-04,9.996396604087461890e-01,1.375397836767957649e-03,1.657962080528066831e-02,-2.415600045705254550e-02,8.132439630701805006e-03,4.787401738712466354e-02,-1.889949448109794206e-02,2.429198003482150106e-02,3.297657619704847526e-02,2.325589810679299860e-02,-1.502412565411828096e-03,4.712217332778250584e-02,-3.436952620964350835e-02,-2.478137130872028887e-02,-1.468787131927190123e-05,-9.417855968641063126e-04,-6.909039280380104182e-03,4.984008531750791504e-01,2.997396578963583691e-01,-1.143427543929626872e-04,5.011646699171080632e-01,-1.485877849920386259e-07,1.125569203386968248e-04,1.987556667852891316e-07,4.982129905265216263e-01,-2.994846018123635822e-01,2.137804243307951679e-04,5.010889142600223334e-01,-4.821261653967084649e-07,1.295114088518713993e-04,7.321212297680503223e-06
2.967559531701842723e-01,-1.581777878793805660e-03,7.862077268194110902e-01,2.681048510992933842e-02,-3.130842594323981305e-04,9.996395402494487881e-01,1.374567673070596369e-03,1.657536893046943766e-02,-2.415525394264873837e-02,8.129080382517601261e-03,4.790788492050337966e-02,-1.888059991084891504e-02,2.429622828995899042e-02,3.296603045507522090e-02,2.326177682596132154e-02,-1.505984183440305406e-03,4.716719729141503892e-02,-3.434984819561813507e-02,-2.477494875974526473e-02,-6.099359730911344590e-06,-9.335581554861539224e-04,-6.880419683113045762e-03,4.983909315745633228e-01,2.997379651789980337e-01,-1.148961875609359724e-04,5.011664012934810009e-01,6.280909875887873073e-07,1.149982046544200103e-04,1.024625898496496865e-06,4.982080463107338986e-01,-2.994872137922582334e-01,2.119315287594335099e-04,5.010890687495249685e-01,-7.016742548581561660e-08,1.308795734147241555e-04,7.684620887369515729e-06
2.967518001216679635e-01,-1.582486516443123211e-03,7.862064140100475385e-01,2.681357425627260704e-02,-3.152658351899985520e-04,9.996394582926562133e-01,1.373414511946359755e-03,1.659391536496587424e-02,-2.415430861675157623e-02,8.123463435447324937e-03,4.791307741025017941e-02,-1.888993030335455944e-02,2.429560971532899669e-02,3.298417932275356235e-02,2.326868163872214054e-02,-1.508143884917701599e-03,4.717602831823827086e-02,-3.435887581402642665e-02,-2.477455493436866649e-02,1.755750236377394356e-06,-9.268106511003670065e-04,-6.855667494533528028e-03,4.983829304001323179e-01,2.997359416776768093e-01,-1.161034858235356396e-04,5.011664156145416715e-01,9.336013213892094915e-07,1.181293945475929679e-04,1.357999262070234947e-06,4.982042119088704313e-01,-2.994885600877328913e-01,2.114868569032040345e-04,5.010880201630649733e-01,1.666540739708297553e-07,1.327897217725870294e-04,7.865258864554658101e-06
2.967426772317054429e-01,-1.582230638421788533e-03,7.862061907506078251e-01,2.680249826898111615e-02,-3.199343815719520034e-04,9.996397534918959327e-01,1.373669244975739886e-03,1.661176968437614448e-02,-2.414543155149427578e-02,8.115209062889464434e-03,4.787379589211409464e-02,-1.890335015625989323e-02,2.428486638176546863e-02,3.301324870512468285e-02,2.328447149661108315e-02,-1.507797512025171134e-03,4.711928877988618564e-02,-3.436910402622109229e-02,-2.478506577845136435e-02,9.153058656453279127e-06,-9.176471269529148196e-04,-6.875634966507048265e-03,4.983964217357181870e-01,2.997361301943895495e-01,-1.162835899990600764e-04,5.011665812010877019e-01,7.169495481731110078e-07,1.144874927752443327e-04,1.088832105150829836e-06,4.982174397161595047e-01,-2.994893195468529279e-01,2.119871717955903285e-04,5.010858904595808516e-01,-4.177129882887351476e-07,1.278972798344488789e-04,6.978352333600980631e-06
2.967334429248550953e-01,-1.581183852725504034e-03,7.862066743262646762e-01,2.678681330027410032e-02,-3.223061863972894359e-04,9.996401707662437852e-01,1.375406257646361085e-03,1.660599626748465382e-02,-2.414026478872479189e-02,8.112330360244326619e-03,4.784235107889342475e-02,-1.891185298531038173e-02,2.427748872586217577e-02,3.301689408180143864e-02,2.329569388076807232e-02,-1.504293961664178274e-03,4.706757141370655068e-02,-3.437467555143654263e-02,-2.479134513189722167e-02,1.735450201819962443e-05,-9.152853644127614168e-04,-6.901320072374840346e-03,4.984137759717128802e-01,2.997400661129397403e-01,-1.140846826353457253e-04,5.011659108785818662e-01,4.324927870884224859e-07,1.088021920286542959e-04,9.091582571528914585e-07,4.982312412175699534e-01,-2.994892724400397555e-01,2.118019984233080464e-04,5.010844110009134988e-01,-1.174722531004753386e-06,1.212112391167249171e-04,6.038032141626263188e-06
2.967274578174612931e-01,-1.579764085000834707e-03,7.862074579959805742e-01,2.677858528501118190e-02,-3.186830016856498273e-04,9.996403912211985210e-01,1.376245038868180925e-03,1.657253685954069786e-02,-2.414616957576807069e-02,8.118834767425132243e-03,4.786685599947496095e-02,-1.889971790980672986e-02,2.427704399246236391e-02,3.298003052183572092e-02,2.329012098459211713e-02,-1.502521648213218496e-03,4.709351318752753174e-02,-3.436848857977774924e-02,-2.478408907782973791e-02,2.340294131287809528e-05,-9.268246667698463960e-04,-6.901162503964680499e-03,4.984193089488405115e-01,2.997483142056381888e-01,-1.104261630349819072e-04,5.011675553272559869e-01,1.300579427224265528e-07,1.114260814771846455e-04,5.579531696371352689e-07,4.982325039129288924e-01,-2.994908360940277126e-01,2.109015407755230676e-04,5.010869889649188780e-01,-1.917888148130434268e-06,1.228800436696509465e-04,5.592435147846985235e-06
2.967221002695736853e-01,-1.578400813197230676e-03,7.862077861571878934e-01,2.677667026995842608e-02,-3.172460754551893834e-04,9.996404439831871880e-01,1.375513459677918425e-03,1.654848656159266934e-02,-2.414768665323232394e-02,8.123434533939813060e-03,4.791164155587784163e-02,-1.888612235403932388e-02,2.427849770143981206e-02,3.294943417901918803e-02,2.328760609640578502e-02,-1.507836381121970600e-03,4.714958722365387989e-02,-3.436215795857962274e-02,-2.477243936175026542e-02,2.746749017949059139e-05,-9.320579886771605642e-04,-6.882871443779502336e-03,4.984172300269671951e-01,2.997538407215312173e-01,-1.084317014637653346e-04,5.011700726413833573e-01,4.854324995812372764e-07,1.140262405445717378e-04,7.772986921513794771e-07,4.982300884528909624e-01,-2.994959527367208052e-01,2.088344984187025504e-04,5.010882101773398434e-01,-1.937303980414532102e-06,1.246399538484975120e-04,5.909544040007940517e-06
2.967163390604360407e-01,-1.576835332971595997e-03,7.862077595219603143e-01,2.677429359203068598e-02,-3.197475675181782307e-04,9.996405085531415713e-01,1.374272082651470037e-03,1.653395626095846907e-02,-2.414046508315576337e-02,8.124341035083344417e-03,4.794601085902305826e-02,-1.887062567562393378e-02,2.428302257305326242e-02,3.293076722025439773e-02,2.329387006396081358e-02,-1.518792383337467817e-03,4.719301666880362095e-02,-3.434938157775821455e-02,-2.476016496513455678e-02,3.143821866701006955e-05,-9.276111644347800889e-04,-6.865817701324851245e-03,4.984112410644803703e-01,2.997531750950090390e-01,-1.085881584693682136e-04,5.011729297625903135e-01,1.752803052675093126e-06,1.116443868833181781e-04,2.010486455644897167e-06,4.982267225308729119e-01,-2.994996158212258619e-01,2.064205188545529287e-04,5.010896005284666277e-01,-1.390392781294583899e-06,1.218645069117392255e-04,6.883470927302198833e-06
2.967083974789994083e-01,-1.574597950708663983e-03,7.862070920060909573e-01,2.676990489742468032e-02,-3.233384157295415579e-04,9.996406266828309350e-01,1.373000076045707146e-03,1.653996063962909907e-02,-2.412927842076671020e-02,8.121605685357252344e-03,4.795000839894346389e-02,-1.887401765706797629e-02,2.428409457544342120e-02,3.293738095686735839e-02,2.330501614297488672e-02,-1.529397431942971673e-03,4.719876800627424707e-02,-3.435342971796304795e-02,-2.475301107847924231e-02,3.518193930991660525e-05,-9.206216006893678692e-04,-6.857819263478455440e-03,4.984080925400878326e-01,2.997500783614012732e-01,-1.103838999095057633e-04,5.011726583697354576e-01,3.057468720960689929e-06,1.105449036631439655e-04,3.385950838090363199e-06,4.982261333331602371e-01,-2.995013545887988959e-01,2.056293350614167689e-04,5.010883699670257707e-01,-1.088343074608036034e-06,1.200098420541038084e-04,7.339707006693618772e-06
2.966971562929333617e-01,-1.571469079459653518e-03,7.862066764721150625e-01,2.676136924835254005e-02,-3.255061390040442609e-04,9.996408556502845988e-01,1.372179461198166960e-03,1.656563068268025393e-02,-2.411953212986902087e-02,8.117281844667201263e-03,4.791139362206000424e-02,-1.888844011066903236e-02,2.427795782348745462e-02,3.296928863551148309e-02,2.331616359034068692e-02,-1.535726246062992309e-03,4.715198386726617702e-02,-3.436855467219978449e-02,-2.475474761748860594e-02,3.875459034604820490e-05,-9.168950022047905315e-04,-6.870394086986177963e-03,4.984106245926893664e-01,2.997451688079098009e-01,-1.130076173951147797e-04,5.011739349089701090e-01,4.213721540691203227e-06,1.140183251482341749e-04,4.734947186935273492e-06,4.982293969600536943e-01,-2.994997035170193223e-01,2.069403843157436652e-04,5.010879321435486311e-01,-1.378026916413230947e-06,1.220218206158923935e-04,6.785894321510578493e-06
2.966854599192674247e-01,-1.567622363576745169e-03,7.862067278902890033e-01,2.674944000385161627e-02,-3.250431589026262034e-04,9.996411751964104919e-01,1.372099983508589995e-03,1.657848869205089115e-02,-2.411499239125096741e-02,8.115180546755315985e-03,4.787109240069430116e-02,-1.890678146003286000e-02,2.427182891534612405e-02,3.298831478985440185e-02,2.332243223514317981e-02,-1.538010217877267254e-03,4.710117261283116447e-02,-3.438889029574117295e-02,-2.475692275545854706e-02,4.273354181534950931e-05,-9.184896544766835494e-04,-6.890705509915578085e-03,4.984123004683461700e-01,2.997399938964145916e-01,-1.152667000996958173e-04,5.011767424376081248e-01,5.220765332888029425e-06,1.178870179588970967e-04,5.896193882801608283e-06,4.982300171338773787e-01,-2.994957052240175277e-01,2.088235706085343432e-04,5.010892793364986053e-01,-2.114602863425287995e-06,1.248449134958519999e-04,5.826794385404581175e-06
2.966751554461327656e-01,-1.563308869662326326e-03,7.862074083839251104e-01,2.673771899493725124e-02,-3.220348087218398350e-04,9.996414896158927199e-01,1.372193517328905476e-03,1.656335040015252322e-02,-2.411595333320645448e-02,8.116276125850717393e-03,4.786598855133328279e-02,-1.891242716746948174e-02,2.427027047665314408e-02,3.297697676559044333e-02,2.332290615281358906e-02,-1.538521630003572907e-03,4.708853182511828217e-02,-3.439745372324660988e-02,-2.475432937223136232e-02,4.645586156983348383e-05,-9.247062490961449350e-04,-6.907598456372988048e-03,4.984117810361944345e-01,2.997360726943026354e-01,-1.170797697887764321e-04,5.011793944455646965e-01,6.174269181250685566e-06,1.197888338068257613e-04,6.825838661996270301e-06,4.982279638258551024e-01,-2.994916052951343555e-01,2.105666769819350317e-04,5.010909016885690681e-01,-3.292829570240991839e-06,1.266591892228893053e-04,4.580331250312586149e-06
2.966654420439104878e-01,-1.558711153453442178e-03,7.862080340809743939e-01,2.672905886864127001e-02,-3.184510688060990333e-04,9.996417222132762959e-01,1.372301493305038778e-03,1.654653603603589013e-02,-2.411796107343568835e-02,8.118025356007049428e-03,4.788087947348343421e-02,-1.891375892878602652e-02,2.427101497411228437e-02,3.296169985746100900e-02,2.332211701654452601e-02,-1.539044312179667362e-03,4.709982511712097059e-02,-3.440223430054319131e-02,-2.474968599071938197e-02,4.975565404572635826e-05,-9.309005152231955094e-04,-6.914061264933143124e-03,4.984096281472370493e-01,2.997330449143487119e-01,-1.186209709667322004e-04,5.011811947836353198e-01,6.972431626956022895e-06,1.215830490547804111e-04,7.651661809430112106e-06,4.982248425558429283e-01,-2.994888980952420954e-01,2.117483417987689410e-04,5.010914390710230482e-01,-4.471362492417127276e-06,1.281102904624455640e-04,3.299851680331118312e-06
2.966558945799298574e-01,-1.553933455462557607e-03,7.862081970587327939e-01,2.672204595891761181e-02,-3.152940757840870479e-04,9.996419105713912900e-01,1.372398846543620727e-03,1.653627320995596298e-02,-2.411889160162819859e-02,8.119172428397969030e-03,4.789751173570216264e-02,-1.891921022489263457e-02,2.427278046125484756e-02,3.295059227311878530e-02,2.332240056266397452e-02,-1.539845501839189534e-03,4.711726005625944264e-02,-3.441139492360880542e-02,-2.474442039217646799e-02,5.255803654037090192e-05,-9.348912394320255071e-04,-6.911512720316447846e-03,4.984057270256196936e-01,2.997306264459042580e-01,-1.196912271651576730e-04,5.011833410840853542e-01,7.688462364889774665e-06,1.239964279683557376e-04,8.563063645203123963e-06,4.982208217056945943e-01,-2.994876903288118952e-01,2.120286510802984364e-04,5.010922193740166009e-01,-5.666001700407689100e-06,1.295158943173843581e-04,1.929518446504697921e-06
2.966460386459321419e-01,-1.548986108627140512e-03,7.862080245256907185e-01,2.671695616271331161e-02,-3.126374835883437352e-04,9.996420477899713442e-01,1.372152133092212995e-03,1.653596636865750646e-02,-2.411840512715019563e-02,8.118812302641342099e-03,4.790807150681693216e-02,-1.893103694111384142e-02,2.427303269908804087e-02,3.294999961753034695e-02,2.332421225346842028e-02,-1.541209254229963885e-03,4.712876936924965260e-02,-3.442596415335395094e-02,-2.474126728006560000e-02,5.450348314886838949e-05,-9.368997860721581467e-04,-6.901417254868198563e-03,4.984027104279601383e-01,2.997298665795488093e-01,-1.202700982797858247e-04,5.011844177990297799e-01,7.849058774928424880e-06,1.260707850471858048e-04,8.718135467694801248e-06,4.982184498624572244e-01,-2.994885208474412086e-01,2.116149325743067018e-04,5.010919329572460779e-01,-6.054731841387031815e-06,1.300944505404903371e-04,1.458454081831528294e-06
2.966357329978613344e-01,-1.543908746134411069e-03,7.862082780511945312e-01,2.671459992038984974e-02,-3.084019299943298949e-04,9.996421128907425624e-01,1.371559213097001042e-03,1.654170121240515143e-02,-2.412108816754155588e-02,8.119454867913244653e-03,4.791404694094800881e-02,-1.892727721483839984e-02,2.427167395356279178e-02,3.295786713622778086e-02,2.332272402934094588e-02,-1.542181399846384408e-03,4.713237954165815785e-02,-3.442376787650799908e-02,-2.474089844789977011e-02,5.575098235986183188e-05,-9.423600569451169671e-04,-6.890850071665236692e-03,4.984039194218566893e-01,2.997318722323260021e-01,-1.200195790834762298e-04,5.011855895188520593e-01,7.400844225589552040e-06,1.279502384919955680e-04,7.927586229699245222e-06,4.982206044135472078e-01,-2.994901947198431169e-01,2.110413551922924629e-04,5.010920079438836439e-01,-5.450745189565631331e-06,1.300330884354206822e-04,2.249199752275076435e-06
2.966260495365050653e-01,-1.539014887599836953e-03,7.862084387929301199e-01,2.671284638048726512e-02,-3.042428347213840594e-04,9.996421612864395678e-01,1.371369069931898917e-03,1.654112005067938374e-02,-2.412410380668788754e-02,8.121088762129106617e-03,4.792893061865059756e-02,-1.891581898741024823e-02,2.427134368410497484e-02,3.295716709646831499e-02,2.332037810269227754e-02,-1.543397851549140401e-03,4.714709236818451221e-02,-3.441335920453665598e-02,-2.473937681967138327e-02,5.736048809128939055e-05,-9.470719532698259908e-04,-6.879966307653183691e-03,4.984058829862000328e-01,2.997348582424866348e-01,-1.190266798869976211e-04,5.011871619410243062e-01,7.039667297599711159e-06,1.288716018741346175e-04,7.147116826049008888e-06,4.982232728941540234e-01,-2.994936883459854426e-01,2.097091313055013916e-04,5.010924924052105878e-01,-4.867501344163103170e-06,1.295197310733799253e-04,3.132022318813722213e-06
2.966180533261864039e-01,-1.534384099508253382e-03,7.862085099892337503e-01,2.671011294390025423e-02,-3.000765978874211904e-04,9.996422349349985970e-01,1.371843548086431252e-03,1.652188404805855423e-02,-2.412752804080847344e-02,8.125007275315364319e-03,4.796453746172466698e-02,-1.889209455714096000e-02,2.427497570152526915e-02,3.293327456304122325e-02,2.331694294657609551e-02,-1.544623101275718240e-03,4.718929136863407592e-02,-3.439092808330568990e-02,-2.473322386532045974e-02,5.938648492832476012e-05,-9.518875293003816298e-04,-6.871736187361293831e-03,4.984068264498747181e-01,2.997382524424684336e-01,-1.171533137284015962e-04,5.011903313819247030e-01,7.019112860559437220e-06,1.281904446703755309e-04,6.774700633235652806e-06,4.982234239569108825e-01,-2.994975028766072578e-01,2.075430731687536909e-04,5.010956439579702382e-01,-4.929914914480712065e-06,1.285565364946202884e-04,3.441927231902090749e-06
2.966106106842820722e-01,-1.530070852145877210e-03,7.862080906087089982e-01,2.671059081752404432e-02,-2.971812721123774843e-04,9.996422229521617631e-01,1.371901137431196221e-03,1.651442877105600837e-02,-2.412842552690346032e-02,8.127179471378906395e-03,4.799914047369535641e-02,-1.887301336505119165e-02,2.427727035405279413e-02,3.292186724868335912e-02,2.331622625790545980e-02,-1.546586062398416913e-03,4.723105116904361550e-02,-3.437249567800702149e-02,-2.472856825583000587e-02,6.051093138320465958e-05,-9.539551349895758698e-04,-6.858632658296563885e-03,4.984083311136291994e-01,2.997417869268518831e-01,-1.156510252294404387e-04,5.011919126780477463e-01,6.992549512521428824e-06,1.283174006761006946e-04,6.521772409742164488e-06,4.982245897641028320e-01,-2.995023643465291041e-01,2.053059212227428376e-04,5.010964553637529129e-01,-4.757453846434983873e-06,1.277094233807492621e-04,3.714576547273519354e-06
2.966031282434792860e-01,-1.526002605077484905e-03,7.862075900645840720e-01,2.671285822166758958e-02,-2.953489825967921993e-04,9.996421636027658097e-01,1.371394249992422118e-03,1.652447461571067075e-02,-2.412726803888705362e-02,8.126797353332436066e-03,4.801336612414627142e-02,-1.885636772308960790e-02,2.427560893084865917e-02,3.293149350377805318e-02,2.331821517829720664e-02,-1.548686446657838610e-03,4.724761621407033707e-02,-3.435533360326777780e-02,-2.472898145474089135e-02,6.102672774751191924e-05,-9.544060609028849314e-04,-6.847351778393611504e-03,4.984121768902313732e-01,2.997447555317274137e-01,-1.148349750536783743e-04,5.011930253127173662e-01,6.882102930208271821e-06,1.298342525641761743e-04,6.332643823820978621e-06,4.982292962696863725e-01,-2.995065560974153884e-01,2.037715917235362426e-04,5.010953081793376729e-01,-4.051859435622596780e-06,1.267625248091953591e-04,4.218147927647794923e-06
2.965971257029870189e-01,-1.522297736911451494e-03,7.862070996121068855e-01,2.671320609247271674e-02,-2.938076516009774266e-04,9.996421552833332225e-01,1.371013427118764104e-03,1.652787658686087624e-02,-2.412619017304610397e-02,8.126458078181542435e-03,4.802315006421457172e-02,-1.884260065160181866e-02,2.427413674824922124e-02,3.293375091589075682e-02,2.332008915154158007e-02,-1.550403317277543108e-03,4.725964338364543188e-02,-3.434048787249759788e-02,-2.472942212823947203e-02,6.174933699712568827e-05,-9.547144262510558893e-04,-6.840926012041751922e-03,4.984153231874394741e-01,2.997466582441956628e-01,-1.142823738383473916e-04,5.011945235085625283e-01,7.012557624507659892e-06,1.308948581610480525e-04,6.363701295166891629e-06,4.982326648233771915e-01,-2.995094064477428764e-01,2.027000635936407639e-04,5.010950809278104101e-01,-3.963520768301144980e-06,1.260559484972117875e-04,4.284225293981492387e-06
2.965940381682323768e-01,-1.518998247196737391e-03,7.862069985495546698e-01,2.671017200242816955e-02,-2.913819542772218122e-04,9.996422371357698289e-01,1.370964022404289702e-03,1.650766952997174963e-02,-2.412764043696194807e-02,8.128667075325021404e-03,4.804581437806851318e-02,-1.881779179625278284e-02,2.427586581667145332e-02,3.290939226792378991e-02,2.331891328557444271e-02,-1.551577551597672433e-03,4.728896476334835258e-02,-3.431517759418738905e-02,-2.472642667418057522e-02,6.273077219067173368e-05,-9.579365640630647548e-04,-6.841141236324851417e-03,4.984159799468108054e-01,2.997474388227100439e-01,-1.139058298297692187e-04,5.011971582430684302e-01,7.552158790805659724e-06,1.307931543438010653e-04,6.730519563734149821e-06,4.982316171122921911e-01,-2.995093481392535062e-01,2.022228238634687144e-04,5.010982578067826321e-01,-5.098027390876611105e-06,1.261585695711696820e-04,3.469833251457989262e-06
2.965924277891958116e-01,-1.516239345581085838e-03,7.862066136676679751e-01,2.670929485173205789e-02,-2.901210408118453407e-04,9.996422614286970543e-01,1.370607174059667319e-03,1.649628155319125128e-02,-2.412732105409571073e-02,8.129480738250859442e-03,4.806536656698774668e-02,-1.880149723861831296e-02,2.427707786727140160e-02,3.289534964107535681e-02,2.331975090587280405e-02,-1.553244535256970756e-03,4.731404999687797291e-02,-3.429848049351396505e-02,-2.472443339764011927e-02,6.337796720718250900e-05,-9.587667269592718613e-04,-6.838374900129044580e-03,4.984164323264900776e-01,2.997475238939441011e-01,-1.139357253530572534e-04,5.011983747397878997e-01,7.760300402108020023e-06,1.315892241991660581e-04,6.782718163475083214e-06,4.982311410006202701e-01,-2.995100471045993862e-01,2.018258166698591117e-04,5.010991993244995335e-01,-5.401107537680433816e-06,1.265882456354560824e-04,3.270848719191339980e-06
2.965913264689594153e-01,-1.513981102124435391e-03,7.862062249634915734e-01,2.671011712174560862e-02,-2.896601556622390816e-04,9.996422402402538321e-01,1.370134221055007047e-03,1.650021450240924531e-02,-2.412595715472434094e-02,8.128992740994638727e-03,4.806673132597464454e-02,-1.879175201068075327e-02,2.427689040936941225e-02,3.290013270362947967e-02,2.332218320257634786e-02,-1.554333702714861751e-03,4.731550735801735852e-02,-3.428792306273333729e-02,-2.472516173191584288e-02,6.416764063439768723e-05,-9.582000677684312552e-04,-6.839271937768142719e-03,4.984192137412468138e-01,2.997473307437567569e-01,-1.136909143320669996e-04,5.012008030394583535e-01,7.496791097895359724e-06,1.344734856153444028e-04,6.476935698451078383e-06,4.982344012055267557e-01,-2.995119319037963801e-01,2.013320950652744217e-04,5.010994014878072944e-01,-4.382535465547125872e-06,1.273627999841688387e-04,4.094157065206649056e-06
2.965920888636982555e-01,-1.512185764599545661e-03,7.862058934869703419e-01,2.671237308535156368e-02,-2.887459169172738524e-04,9.996421807716076025e-01,1.369734327977303358e-03,1.650270613145015178e-02,-2.412618297516560401e-02,8.128947270297979394e-03,4.806697892641862563e-02,-1.878592354049826718e-02,2.427595616132712311e-02,3.290336812525621740e-02,2.332302058024000868e-02,-1.554315268131434931e-03,4.731480155936874238e-02,-3.428137630469141328e-02,-2.472675467724325810e-02,6.511233537666897772e-05,-9.594356563387030235e-04,-6.839911887027718372e-03,4.984231239809715497e-01,2.997489199022714268e-01,-1.129826953507218502e-04,5.012024973458112376e-01,7.143778714627502100e-06,1.356909513074674761e-04,5.962463471663206714e-06,4.982386500436438159e-01,-2.995142104032443853e-01,2.005517947262962849e-04,5.010996236196607612e-01,-3.817377052053886808e-06,1.271850116898906558e-04,4.753977078098138718e-06
2.965956499569168958e-01,-1.510906235972497630e-03,7.862059005196141426e-01,2.671795337282004829e-02,-2.862760369938603623e-04,9.996420333228880351e-01,1.369024353517352480e-03,1.649608092424791755e-02,-2.413056663952449846e-02,8.130570914130217861e-03,4.808268531072189961e-02,-1.877048017027893589e-02,2.427477485012102809e-02,3.289632643090569658e-02,2.331935964871740749e-02,-1.553527900375956160e-03,4.733146288519744088e-02,-3.426573820994993635e-02,-2.472804749166998897e-02,6.557099989173949880e-05,-9.653858516497808902e-04,-6.836711090611194419e-03,4.984288301135411103e-01,2.997540159946864846e-01,-1.119760104865846772e-04,5.012019468314058424e-01,6.796651964445401582e-06,1.333844208149582468e-04,5.150280230451952341e-06,4.982444571843565040e-01,-2.995163192851757472e-01,1.995157060974600592e-04,5.010998019322944197e-01,-4.352713688341416484e-06,1.253805639360569459e-04,4.771057531089172391e-06
2.966022485686966026e-01,-1.510452113101401744e-03,7.862058126955082660e-01,2.672398236137196736e-02,-2.855362204822908161e-04,9.996418729042035878e-01,1.368638882968921649e-03,1.648070762531007871e-02,-2.413262314143954645e-02,8.132067990745927774e-03,4.811022133707822113e-02,-1.875202441593065358e-02,2.427549242990251904e-02,3.287731768560338275e-02,2.331761514162513857e-02,-1.554208173170426414e-03,4.736448914252171932e-02,-3.424648648534479173e-02,-2.472674649985496381e-02,6.596840244711818166e-05,-9.674560381166499206e-04,-6.832710023663003500e-03,4.984321905015176579e-01,2.997572283285783734e-01,-1.110207593900954881e-04,5.012023732489467864e-01,6.704612436128344070e-06,1.322764222021962646e-04,4.829316605561172524e-06,4.982475129373684086e-01,-2.995190850975381069e-01,1.982708709184996824e-04,5.011002594879711003e-01,-4.625290619233490094e-06,1.244946733942870322e-04,4.693837155895938994e-06
2.966125511851684937e-01,-1.510720252120862500e-03,7.862054216307584609e-01,2.672674834878203953e-02,-2.872713380799393366e-04,9.996417975254230370e-01,1.369320276749825356e-03,1.645013726545100849e-02,-2.413007729294050843e-02,8.133973054598829869e-03,4.814492895741229184e-02,-1.873489346843963330e-02,2.428048248063423634e-02,3.283817210821259047e-02,2.332003504293848548e-02,-1.556013140348277675e-03,4.741190841815051682e-02,-3.422786018580475931e-02,-2.472055219654403085e-02,6.646709988577528209e-05,-9.641029821199963244e-04,-6.831090045515057600e-03,4.984288845734192730e-01,2.997556355303399589e-01,-1.099979077366520640e-04,5.012065493009997263e-01,7.012574296728732441e-06,1.344690592902516256e-04,5.534502050043270399e-06,4.982409976203932556e-01,-2.995200943001424254e-01,1.972735230990740462e-04,5.011035716550050756e-01,-4.284214906004109872e-06,1.257948381406819754e-04,4.649363794013508973e-06
2.966232361847189747e-01,-1.511353611018380208e-03,7.862044505334446765e-01,2.673225630440198911e-02,-2.904150617549257482e-04,9.996416496358235815e-01,1.369103844459943799e-03,1.644987151122230193e-02,-2.412450289442218121e-02,8.132219191057121072e-03,4.814968066246202993e-02,-1.873994122061086592e-02,2.428167596283400606e-02,3.283473544583071640e-02,2.332651217705414282e-02,-1.557930183764083499e-03,4.742398231775245970e-02,-3.423168850444933270e-02,-2.471935121079315428e-02,6.650283156729839987e-05,-9.582998082555939856e-04,-6.827461911663931793e-03,4.984259840059483970e-01,2.997533359145871379e-01,-1.107101501216814049e-04,5.012076737331258025e-01,6.807701531634338528e-06,1.372060761372594616e-04,5.233000812319964686e-06,4.982366319157905954e-01,-2.995199962268672023e-01,1.974264417361940136e-04,5.011033137204542465e-01,-3.823242687167164104e-06,1.267517638987902861e-04,5.129501849463312633e-06
2.966319504767949145e-01,-1.512186252996739226e-03,7.862039686375282832e-01,2.674110704464976312e-02,-2.921655163327082977e-04,9.996414147665260153e-01,1.367375923297105104e-03,1.649316320819430373e-02,-2.412233572393896602e-02,8.127430725704437239e-03,4.809740169038299873e-02,-1.875191341660055813e-02,2.427535242256593714e-02,3.288557398347591310e-02,2.333097064608942797e-02,-1.558184738691924904e-03,4.736373759536836175e-02,-3.424359995046494937e-02,-2.472849779456654309e-02,6.754148902472731115e-05,-9.567175235801316652e-04,-6.833735844456317009e-03,4.984284007887522794e-01,2.997516916412592547e-01,-1.131913554908665421e-04,5.012069954350749645e-01,5.827652830643402320e-06,1.394288001680469007e-04,3.228258720743812923e-06,4.982427252674023199e-01,-2.995174914746376871e-01,1.992954080759615264e-04,5.011012367502094556e-01,-3.475653503816909940e-06,1.265603830437800521e-04,6.334986919954686597e-06
2.966422197640961045e-01,-1.513526003555970036e-03,7.862039717897419955e-01,2.674603123072155642e-02,-2.929058892415507711e-04,9.996412839928364713e-01,1.366512604432406752e-03,1.651312270765458237e-02,-2.412366671712227670e-02,8.124996190622943426e-03,4.804972961107287222e-02,-1.876410346617904054e-02,2.427065731499769216e-02,3.291158512910671852e-02,2.333153130419901577e-02,-1.556808450027242921e-03,4.730640147273509899e-02,-3.425765885821503709e-02,-2.473596304471230301e-02,7.016419823501291928e-05,-9.571727817706745123e-04,-6.852952569930749124e-03,4.984307995104238498e-01,2.997495499573450961e-01,-1.150027079193293524e-04,5.012082945656756161e-01,5.623885365790840587e-06,1.419101204830138939e-04,2.335872606520806144e-06,4.982475569448129860e-01,-2.995150690739772359e-01,2.009832746655388584e-04,5.011016600746746041e-01,-3.506475073891059507e-06,1.277216035354953900e-04,6.928801332967053929e-06
2.966563977660093832e-01,-1.515492185066700040e-03,7.862044309806432985e-01,2.674756137443528095e-02,-2.925374914677671394e-04,9.996412420942436539e-01,1.367291707772709877e-03,1.647904317456140924e-02,-2.412823122996851297e-02,8.128584020485241438e-03,4.806089445272739014e-02,-1.876358742635646226e-02,2.427407263188516642e-02,3.287645239308481515e-02,2.332746970485595830e-02,-1.554205784293247660e-03,4.731669427254648480e-02,-3.426041418749038725e-02,-2.473331398830487873e-02,7.272826695161323880e-05,-9.596437128736148891e-04,-6.878025723611719440e-03,4.984322708011616476e-01,2.997481224024797775e-01,-1.151165565369745866e-04,5.012126581414428905e-01,6.677775570145548148e-06,1.445161105890973923e-04,3.522462331607951111e-06,4.982455984268404636e-01,-2.995142804822765181e-01,2.012144960672142854e-04,5.011060459816438772e-01,-4.181784092572895633e-06,1.307264167617968210e-04,6.188228604757510350e-06
2.966725585246180463e-01,-1.517987687484332639e-03,7.862047001922253253e-01,2.675567666158513297e-02,-2.933234502561905778e-04,9.996410242110903566e-01,1.367641011413560370e-03,1.645379580450231916e-02,-2.413068252468951805e-02,8.131256783540640257e-03,4.809100249849312253e-02,-1.875955736677857935e-02,2.427808031902336031e-02,3.284889358463510822e-02,2.332547856510668038e-02,-1.552846188734815190e-03,4.734974273005383011e-02,-3.425913591295731003e-02,-2.472956627910018190e-02,7.361199374858768828e-05,-9.593799545054481010e-04,-6.887807512854640830e-03,4.984324053649480946e-01,2.997466915727197145e-01,-1.153072741979839245e-04,5.012153356780174596e-01,7.733215336284341834e-06,1.466367811961352154e-04,4.942847200506381324e-06,4.982415924968642829e-01,-2.995149934972491934e-01,2.008397459148177793e-04,5.011080536260830165e-01,-4.688389917753194858e-06,1.332160344259283825e-04,5.311034206813448352e-06
2.966896006054842716e-01,-1.520751374370122016e-03,7.862047555501683327e-01,2.676929903459681140e-02,-2.952950716136514215e-04,9.996406601884660903e-01,1.366721619167429345e-03,1.645433615544614203e-02,-2.413090107776622376e-02,8.130399556684837076e-03,4.810265779326793750e-02,-1.874828548258089186e-02,2.427864516039481002e-02,3.284877223569199201e-02,2.332633282365217595e-02,-1.552926317092991016e-03,4.736372978213444773e-02,-3.424962435521474585e-02,-2.473000963541471808e-02,7.297437120532511423e-05,-9.575494355166205189e-04,-6.886846157577806125e-03,4.984320894374424937e-01,2.997447194315687735e-01,-1.162974229365126361e-04,5.012151586096139644e-01,8.493209505724990237e-06,1.478005157118311100e-04,6.096643272778440697e-06,4.982393889956507338e-01,-2.995146629044694864e-01,2.012321856683768053e-04,5.011066682814691031e-01,-4.882571120501357860e-06,1.342361674610043803e-04,4.693418983715603681e-06
2.967069469975410767e-01,-1.523792005605887441e-03,7.862043458608344304e-01,2.677982457415483200e-02,-2.978297329228124448e-04,9.996403791177949083e-01,1.365551338712262669e-03,1.645914280254633794e-02,-2.413043019342883330e-02,8.127803306793971588e-03,4.809469946495401743e-02,-1.874157182163313159e-02,2.427709469535106399e-02,3.285385212057102128e-02,2.332825321766996557e-02,-1.553143461192164204e-03,4.735710672377053260e-02,-3.424499407842282461e-02,-2.473299110456142133e-02,7.358798214037237857e-05,-9.550670412736591685e-04,-6.894243976847211179e-03,4.984317728072659159e-01,2.997416329665966161e-01,-1.183685291216359805e-04,5.012138378610402345e-01,9.012156436366779483e-06,1.481491636936051464e-04,6.253872809118205461e-06,4.982396712034187214e-01,-2.995131795953881459e-01,2.024724157490531402e-04,5.011048548667790259e-01,-5.348201001751858232e-06,1.346194968014965000e-04,4.518561392954454464e-06
2.967245679290370086e-01,-1.527062731588532413e-03,7.862040581738871659e-01,2.678137906533990809e-02,-2.996299538679851821e-04,9.996403377450947536e-01,1.364957919474335838e-03,1.644944032666095790e-02,-2.413183833656478913e-02,8.126422479093746779e-03,4.807187981762367501e-02,-1.873274180167515054e-02,2.427555583661234959e-02,3.284480050739477935e-02,2.332831795608671446e-02,-1.552103157704374939e-03,4.733475767503361048e-02,-3.423949399707801322e-02,-2.473624594096473367e-02,7.743705514501349869e-05,-9.549437565163389208e-04,-6.923689041570753148e-03,4.984296139348060040e-01,2.997359259661189768e-01,-1.210732754770282849e-04,5.012159037228525182e-01,9.363791401264606813e-06,1.478882273550498436e-04,5.315136049276115749e-06,4.982401036467314914e-01,-2.995084792664136630e-01,2.044649355389157989e-04,5.011084524903705040e-01,-6.443341591976750530e-06,1.350001649081218277e-04,4.693194949188600792e-06
2.967421469693337643e-01,-1.530566263900977808e-03,7.862036456786850591e-01,2.678419303281794062e-02,-3.012664486123552837e-04,9.996402634433076972e-01,1.363798042878005016e-03,1.644841308726653975e-02,-2.413408809795757753e-02,8.124250043541858882e-03,4.804006962527521823e-02,-1.873569253783178429e-02,2.427264335365645134e-02,3.284777868341862833e-02,2.332794725813924080e-02,-1.550596583685795666e-03,4.729885248223025113e-02,-3.424696851184420160e-02,-2.474163090912014085e-02,8.052083916216587055e-05,-9.553896502643927438e-04,-6.950240405136240418e-03,4.984273576423452479e-01,2.997300493932850141e-01,-1.241419341635317428e-04,5.012160758228551005e-01,1.001309794626436900e-05,1.487304080040309181e-04,4.942103874338514124e-06,4.982408340744999276e-01,-2.995039772742772999e-01,2.069341358387004033e-04,5.011100714730508665e-01,-7.582511630979671402e-06,1.369641368812249134e-04,4.448171468321973613e-06
2.967588680478538965e-01,-1.534210924095303578e-03,7.862035539248152238e-01,2.679223069472757429e-02,-3.031383954769332079e-04,9.996400498502131526e-01,1.362063499476964075e-03,1.646354997395164249e-02,-2.413612052070876132e-02,8.120956852819796040e-03,4.800219618727060572e-02,-1.874487953084343766e-02,2.426752713625102836e-02,3.287143080822633318e-02,2.332823998402680510e-02,-1.548881910965877818e-03,4.724938487856895214e-02,-3.426020979296159896e-02,-2.475035015055667559e-02,8.100337851755659644e-05,-9.556461551735026191e-04,-6.969406934898178009e-03,4.984306995412866037e-01,2.997260857176428650e-01,-1.273719683404780445e-04,5.012138778134814787e-01,1.128919000687335514e-05,1.506834184852782576e-04,5.877301445296673806e-06,4.982461311831389850e-01,-2.995016541281180777e-01,2.096523378222814652e-04,5.011073119522850838e-01,-8.766618118172176310e-06,1.402968281305562762e-04,3.290583630720038152e-06
2.967768607688506255e-01,-1.538086913840430118e-03,7.862039270769932697e-01,2.679910526243182989e-02,-3.044525050167455225e-04,9.996398661260019747e-01,1.361366002847868998e-03,1.645724028756610779e-02,-2.413972097011308007e-02,8.120542231570455211e-03,4.798635180973590680e-02,-1.874711400907551340e-02,2.426608736797202306e-02,3.286937957044646502e-02,2.332616484703379373e-02,-1.546599793489224477e-03,4.722542673434889510e-02,-3.426528786168727553e-02,-2.475458191795686103e-02,8.191836238869974773e-05,-9.571887692309070375e-04,-6.986654808110560368e-03,4.984336697075090195e-01,2.997233751204609886e-01,-1.291100869424636609e-04,5.012137007488488560e-01,1.222012098898836591e-05,1.511354899500904497e-04,6.635402770250713833e-06,4.982492714474076045e-01,-2.995000516578245064e-01,2.110376330169858267e-04,5.011068923687150845e-01,-9.578921086203899819e-06,1.414457966448391787e-04,2.538584948337683833e-06
2.967979588969286153e-01,-1.542244844559843625e-03,7.862045620061702822e-01,2.680235905393160353e-02,-3.041861191625646536e-04,9.996397784778897622e-01,1.361728542795755375e-03,1.640701788591975713e-02,-2.414694308218311158e-02,8.125328175304079650e-03,4.801799262952737013e-02,-1.872832103127952327e-02,2.427197497577715871e-02,3.281486400074832416e-02,2.331897626950251226e-02,-1.544109508045628893e-03,4.726165570553100825e-02,-3.424912326515328065e-02,-2.474906974630067258e-02,8.360408059010695635e-05,-9.626403427853327376e-04,-7.002054231426326630e-03,4.984326033000978651e-01,2.997226230231450628e-01,-1.288274965118616324e-04,5.012159914186106180e-01,1.263725876047563485e-05,1.499081564581403094e-04,6.833856062981703542e-06,4.982466022992734778e-01,-2.994981961971405204e-01,2.107336949188509548e-04,5.011106656763406608e-01,-9.997851738866012070e-06,1.396311432125945935e-04,2.518225210772676219e-06
2.968186145202801329e-01,-1.546696699864052744e-03,7.862044816194704300e-01,2.681075856211128511e-02,-3.060223763684699508e-04,9.996395530876747149e-01,1.361425100033179314e-03,1.638096812767595584e-02,-2.414977116725112657e-02,8.127171463158010950e-03,4.804700367016915413e-02,-1.871578577369329907e-02,2.427639575831110411e-02,3.278503757177050199e-02,2.331654368063321506e-02,-1.543693160925900705e-03,4.729765378421260658e-02,-3.423865276843508776e-02,-2.474496170671670880e-02,8.376565568737954939e-05,-9.631700954690551424e-04,-7.003784911106931965e-03,4.984318885113553366e-01,2.997222332821038449e-01,-1.290050179484331745e-04,5.012159182125682788e-01,1.294405692969682035e-05,1.496361907334643434e-04,6.958993102309568052e-06,4.982453238433778853e-01,-2.994987621176073977e-01,2.102019866307171779e-04,5.011104448640383291e-01,-1.007025104707936523e-05,1.386351373975678951e-04,2.625874228279686711e-06
2.968363337196942564e-01,-1.551087696694253759e-03,7.862040510983249186e-01,2.682168163979873482e-02,-3.104627275856354138e-04,9.996392600345764823e-01,1.360442733822572921e-03,1.639720017748948558e-02,-2.414664642459928359e-02,8.124088707258394007e-03,4.802943368079661685e-02,-1.871244308491744682e-02,2.427538129559629262e-02,3.280260304650588904e-02,2.332119795575312085e-02,-1.544497026116403238e-03,4.728050295269989323e-02,-3.423659474137808606e-02,-2.474830485664941335e-02,8.282377495101067349e-05,-9.585871555700166153e-04,-7.006387611705585695e-03,4.984353695482947044e-01,2.997207145638476344e-01,-1.300436976389411246e-04,5.012159188258340503e-01,1.336328597023280378e-05,1.505164563824251038e-04,7.307324741997669467e-06,4.982494010874666812e-01,-2.994993065759284367e-01,2.105719648025463676e-04,5.011086365384761487e-01,-1.007521204781607631e-05,1.393218465281570646e-04,2.571588820845787142e-06
2.968528499095678952e-01,-1.555280377464421946e-03,7.862036241883315624e-01,2.682827949864035472e-02,-3.150008557376686186e-04,9.996390824474247205e-01,1.359793099735712510e-03,1.641034087120620336e-02,-2.414293227448582185e-02,8.120419682085539340e-03,4.799463976993068037e-02,-1.871615223992159280e-02,2.427266161392386060e-02,3.281811496823721502e-02,2.332665566946827071e-02,-1.544689915792122172e-03,4.724294106414201472e-02,-3.424130940666852974e-02,-2.475369075191589247e-02,8.261518141005206781e-05,-9.542865288984683607e-04,-7.018419083377891096e-03,4.984394845801873308e-01,2.997184760683051508e-01,-1.313334643135971981e-04,5.012162496360225150e-01,1.387475464073158523e-05,1.516222008343478427e-04,7.788039934406244659e-06,4.982532101280016668e-01,-2.994981673013123458e-01,2.114932094629516114e-04,5.011078753099360572e-01,-1.013779427814850134e-05,1.401769554188662221e-04,2.497518943424816262e-06
2.968695046917231295e-01,-1.559219513544541453e-03,7.862037532646600768e-01,2.682959379760406146e-02,-3.177316841144039853e-04,9.996390463218531863e-01,1.359783794539073682e-03,1.639725659689580603e-02,-2.414251131402306641e-02,8.119463788873064469e-03,4.797384320104745165e-02,-1.871137171731563492e-02,2.427028169844261743e-02,3.280626146152734041e-02,2.332830185508891901e-02,-1.543881800440454572e-03,4.722004474821937803e-02,-3.423804412879138254e-02,-2.475781840142933857e-02,8.382338412020320180e-05,-9.544285429145937111e-04,-7.039966922943796841e-03,4.984416084782582468e-01,2.997155191206002933e-01,-1.328765118551422891e-04,5.012170965065805284e-01,1.446118299326117346e-05,1.530379093013689476e-04,8.426351185835474940e-06,4.982531646483034371e-01,-2.994942136029737356e-01,2.129650809017172015e-04,5.011090400437612224e-01,-1.035678476121571280e-05,1.412618952565353019e-04,2.288225351939608268e-06
2.968849645480037269e-01,-1.563015494478747942e-03,7.862038636568381422e-01,2.683078620664187952e-02,-3.206693927436635345e-04,9.996390134771524494e-01,1.359712138279337533e-03,1.638831084972833599e-02,-2.414177991471586418e-02,8.118196926404679797e-03,4.795511845977133009e-02,-1.871447548889207738e-02,2.426932936034843780e-02,3.279852620270562458e-02,2.333044791270604684e-02,-1.543175779450984804e-03,4.719956063173427752e-02,-3.424354845551207810e-02,-2.476066516772858564e-02,8.500066017368574376e-05,-9.533392460148504060e-04,-7.059191425228278187e-03,4.984417598139713190e-01,2.997108398908734928e-01,-1.349239506618239834e-04,5.012179370366912634e-01,1.517640365501050098e-05,1.550163935046530782e-04,8.998690793188497737e-06,4.982507911340188778e-01,-2.994903118917906504e-01,2.147813045373282866e-04,5.011093626636655696e-01,-1.072572767365657206e-05,1.427100972035796249e-04,2.032706196270313267e-06
2.968982328382407943e-01,-1.566546104632245400e-03,7.862040920275686906e-01,2.683058897192232284e-02,-3.240274814455885890e-04,9.996390180557634952e-01,1.359441841268567907e-03,1.638757167531473477e-02,-2.414012933208044970e-02,8.116090510590701079e-03,4.792542622419882631e-02,-1.872292123296299612e-02,2.427164750530453122e-02,3.279927467308587502e-02,2.333386850626140499e-02,-1.542489579475867867e-03,4.716811756818215656e-02,-3.425524514024887168e-02,-2.476119250182795550e-02,8.557646801183909008e-05,-9.505125768192031156e-04,-7.081833538610452297e-03,4.984415542045924075e-01,2.997039918507685141e-01,-1.371216975854360615e-04,5.012215198177495390e-01,1.623104288624945378e-05,1.571931521614226737e-04,9.550500575916702622e-06,4.982477703005810388e-01,-2.994863610257213482e-01,2.169244530032968059e-04,5.011113831498953397e-01,-1.151712992091156704e-05,1.441240229282092760e-04,1.658973689589545387e-06
2.969091946789577108e-01,-1.569582707502703480e-03,7.862042828671054195e-01,2.683079882899504567e-02,-3.268096046881222277e-04,9.996390121230224191e-01,1.358996463504722569e-03,1.639429369797925848e-02,-2.413861158452565436e-02,8.112994364005572320e-03,4.789064150735565517e-02,-1.874173253653487609e-02,2.427138346633365973e-02,3.280956428274133668e-02,2.333748461833471885e-02,-1.541303985966854112e-03,4.712865964261440249e-02,-3.427754146605694469e-02,-2.476470329682691970e-02,8.650296428491334509e-05,-9.484790278821271731e-04,-7.101523696425267491e-03,4.984424202691381534e-01,2.996985983538468234e-01,-1.395353076653461195e-04,5.012223641968051036e-01,1.688779177957210918e-05,1.591321009445073988e-04,1.007303002684318427e-05,4.982466067990782288e-01,-2.994827204764891060e-01,2.189375817646961988e-04,5.011107069648759182e-01,-1.197597134109975538e-05,1.453273984089651066e-04,1.265956922786072032e-06
2.969175346873744736e-01,-1.572028670528185547e-03,7.862047322861750454e-01,2.683237395824289093e-02,-3.283707612366522474e-04,9.996389701100432124e-01,1.358424727407390184e-03,1.640555662718165206e-02,-2.413839645380443447e-02,8.109622957911497010e-03,4.785779604843523605e-02,-1.876229939287994350e-02,2.426436106388945788e-02,3.282770607630612625e-02,2.333997923779369127e-02,-1.539342454383846488e-03,4.708558006577472782e-02,-3.430091888816037132e-02,-2.477491514088026384e-02,8.877099391010239218e-05,-9.489265185554725431e-04,-7.118321405676758182e-03,4.984470192683699286e-01,2.996968906329784965e-01,-1.421310305822056166e-04,5.012181680046007282e-01,1.697821953324242416e-05,1.606065004120054394e-04,1.078687541732361411e-05,4.982515437980962192e-01,-2.994800194146086669e-01,2.206549397224393005e-04,5.011050894687459900e-01,-1.190366608161267772e-05,1.464393704849879828e-04,6.449187749507979576e-07
2.969243804796440345e-01,-1.574139452944847218e-03,7.862054422977631241e-01,2.683142955593787599e-02,-3.293337864653634955e-04,9.996389955478387490e-01,1.358126411533562084e-03,1.640611387520653219e-02,-2.413982603271686359e-02,8.108033700220628609e-03,4.783445428958016388e-02,-1.877645766278358483e-02,2.426168637764250860e-02,3.283193055136583716e-02,2.334032882867444550e-02,-1.537335393419265181e-03,4.705519201829498621e-02,-3.431727212117798020e-02,-2.478018674032470003e-02,9.073530941994457271e-05,-9.495787603557343968e-04,-7.134483480693483773e-03,4.984494506104736322e-01,2.996943468419818735e-01,-1.436950999511292135e-04,5.012170050907442942e-01,1.722012302498372900e-05,1.609334037705727346e-04,1.098860346636341165e-05,4.982530811134608384e-01,-2.994776973709217249e-01,2.219619427451347091e-04,5.011029854412805129e-01,-1.212904408408223046e-05,1.462235046221632955e-04,4.399618989770951539e-07
2.969308241607772625e-01,-1.575975381690812929e-03,7.862061634903660945e-01,2.682527770721203700e-02,-3.298835391804140742e-04,9.996391606206292968e-01,1.358015635046571495e-03,1.638509955467361279e-02,-2.414251664500075695e-02,8.108881169200351721e-03,4.782704860500572308e-02,-1.878096472224797045e-02,2.427058524916502966e-02,3.280759729695717497e-02,2.333851468441901569e-02,-1.536349921500544495e-03,4.705172521361976334e-02,-3.432410962032097362e-02,-2.477283546105295622e-02,9.013013972216098483e-05,-9.498231915172032766e-04,-7.149259019808948575e-03,4.984449192847169030e-01,2.996883425295792103e-01,-1.439467076740713006e-04,5.012232388554670459e-01,1.782606243294963360e-05,1.599726302674902493e-04,1.024342265751048004e-05,4.982431261458131200e-01,-2.994742717714004021e-01,2.229322457217819105e-04,5.011094462210624600e-01,-1.304431482547875539e-05,1.442373332829414415e-04,9.629111548379169025e-07
2.969333900286073580e-01,-1.577278973766179770e-03,7.862061138527922655e-01,2.682165750832496073e-02,-3.315306447088588551e-04,9.996392579213376761e-01,1.357497114087074033e-03,1.639037222822207693e-02,-2.414129810591888331e-02,8.106032142514284222e-03,4.780881793164003246e-02,-1.881126805641314403e-02,2.427525815447860100e-02,3.281299543100284904e-02,2.334150883893236494e-02,-1.536038064327843386e-03,4.703540165320820726e-02,-3.435793502929963827e-02,-2.477030604590910873e-02,8.987755114514575064e-05,-9.463799317596092607e-04,-7.152510519556337133e-03,4.984403974315380625e-01,2.996834496932400671e-01,-1.457775979035330367e-04,5.012237230738292304e-01,1.826658117035800084e-05,1.612918976505850325e-04,1.022679493113836071e-05,4.982358076496853916e-01,-2.994723835070207119e-01,2.239586552661253357e-04,5.011090632529073829e-01,-1.334722572080750107e-05,1.446150119891366362e-04,1.030088387241979532e-06
2.969293611642039310e-01,-1.577844587093079134e-03,7.862060783175707224e-01,2.682196866870723700e-02,-3.326758267789050455e-04,9.996392499722041025e-01,1.356922451029161708e-03,1.643654204125674298e-02,-2.413934413176055047e-02,8.100202863720352975e-03,4.775834135526070556e-02,-1.886468205960120312e-02,2.426765059184616408e-02,3.286853442913590523e-02,2.334671357848671844e-02,-1.533273842023082480e-03,4.697317879801636564e-02,-3.441624303276411001e-02,-2.478216493535142020e-02,9.367850224856740860e-05,-9.433996421408340346e-04,-7.153871795232386900e-03,4.984415988680661602e-01,2.996821020489217613e-01,-1.493262248384762873e-04,5.012165442911582502e-01,1.851999002577273741e-05,1.661311598794954923e-04,1.188671386035537938e-05,4.982411637728862974e-01,-2.994714346273038008e-01,2.254767136972332642e-04,5.010997144552654659e-01,-1.270483130209842961e-05,1.489784917412111684e-04,1.083664936350674991e-07
2.969226487803856007e-01,-1.577947596921170596e-03,7.862072268628866878e-01,2.681879202423132977e-02,-3.319532993194241840e-04,9.996393361121171939e-01,1.356428654018398700e-03,1.646332209205314534e-02,-2.414165786782177317e-02,8.097276327109291516e-03,4.771458953456257646e-02,-1.889214356220136892e-02,2.426268586332366861e-02,3.290287152424725692e-02,2.334693449716122512e-02,-1.529706062715618107e-03,4.691670457454170939e-02,-3.444722850985099810e-02,-2.479124687772462504e-02,9.643428895466562016e-05,-9.435227766079975521e-04,-7.161020153476824711e-03,4.984426925930149355e-01,2.996793802776844262e-01,-1.512076778850219238e-04,5.012154115896573225e-01,1.872884994850509556e-05,1.683826748688916340e-04,1.241154274413965851e-05,4.982442150730426178e-01,-2.994692056396534019e-01,2.268484731342645488e-04,5.010974898779704256e-01,-1.255669520498421878e-05,1.505475994693203010e-04,-7.531120820407720174e-08
2.969163564969223290e-01,-1.577773479091612715e-03,7.862093078467988772e-01,2.681157484734469562e-02,-3.287487541937705502e-04,9.996395321231666964e-01,1.355431679596406751e-03,1.643969508028525137e-02,-2.414964383852417212e-02,8.099778799718461778e-03,4.772055522637284886e-02,-1.885871762692241729e-02,2.426915941115903932e-02,3.287916628838846722e-02,2.333928033246292222e-02,-1.528635275111602746e-03,4.692085976243900308e-02,-3.441454112700670365e-02,-2.478649993549577810e-02,9.311857967206333244e-05,-9.483919418851039082e-04,-7.171481103375011192e-03,4.984442556022555260e-01,2.996742403936858423e-01,-1.513577073870170939e-04,5.012217825478624267e-01,1.886853717964496999e-05,1.656246879687117148e-04,1.058158590394332010e-05,4.982396851189889175e-01,-2.994654964939476582e-01,2.282506076459137479e-04,5.011040846761981582e-01,-1.346327283512933785e-05,1.466733494315810248e-04,9.862412163057890446e-07
2.969080800912582974e-01,-1.577387372852693788e-03,7.862101860844017409e-01,2.680835666563361960e-02,-3.267127886003219238e-04,9.996396203204153119e-01,1.354532132384201563e-03,1.643133282264539960e-02,-2.415450955760959847e-02,8.100772097047953882e-03,4.773743818739160233e-02,-1.881575960266656383e-02,2.427642294379151952e-02,3.286985221671263196e-02,2.333484984704279480e-02,-1.529104522880129916e-03,4.693980153703220665e-02,-3.437201952247734976e-02,-2.478064173217406699e-02,9.088032706139265507e-05,-9.493564226259904601e-04,-7.166528728592474681e-03,4.984432567024759675e-01,2.996682325489631871e-01,-1.537274176287408485e-04,5.012230597790001685e-01,1.923309359692494281e-05,1.661397535056328512e-04,1.006148938410585007e-05,4.982360402578913106e-01,-2.994615860274260077e-01,2.302037280253491579e-04,5.011043797425968060e-01,-1.409961985110368592e-05,1.458084672036550060e-04,1.105935450439111754e-06
2.968962779387535611e-01,-1.576636161619354584e-03,7.862095274043375825e-01,2.680714450812264268e-02,-3.269678555966071287e-04,9.996396526207272926e-01,1.354623067025863053e-03,1.646209284618080360e-02,-2.415356105207076137e-02,8.097959533333960389e-03,4.772086748561384095e-02,-1.879882142615116672e-02,2.427910676162221143e-02,3.290258666815486926e-02,2.333779509678365546e-02,-1.527507156280962994e-03,4.692136555183410579e-02,-3.435652623037890874e-02,-2.478096442658311513e-02,9.557919469154356809e-05,-9.442683723931848171e-04,-7.148107643267056707e-03,4.984336495048302673e-01,2.996605170906593285e-01,-1.586261238667209257e-04,5.012190853438602822e-01,2.004299510046414251e-05,1.723464180963417067e-04,1.238584874844128074e-05,4.982337600161276248e-01,-2.994542325236857483e-01,2.334116772915869828e-04,5.010995261356473440e-01,-1.416094740247825769e-05,1.507961860480868733e-04,-4.430743130922032799e-07
2.968820641456466070e-01,-1.575521265160987434e-03,7.862087091891981627e-01,2.680384724053115619e-02,-3.260650200601141629e-04,9.996397419059109835e-01,1.354199760913081182e-03,1.648888220273105054e-02,-2.415457183600724922e-02,8.095076171991053005e-03,4.770032120076133503e-02,-1.879281796356185863e-02,2.427960374789807363e-02,3.293376240135743871e-02,2.333912700651632338e-02,-1.525110181244053063e-03,4.689428182553971591e-02,-3.435021367034606782e-02,-2.478541832969806402e-02,9.847315985542119470e-05,-9.409755943725347333e-04,-7.129160520993038479e-03,4.984266011967581900e-01,2.996561470203925048e-01,-1.611712667566678810e-04,5.012163964874369881e-01,2.026196239958272374e-05,1.763892798424339153e-04,1.340993767265679993e-05,4.982331470086328040e-01,-2.994496708683739294e-01,2.354923291138987732e-04,5.010971731650457617e-01,-1.396519829101103978e-05,1.537418164873294248e-04,-9.311466525831009763e-07
2.968660717682217176e-01,-1.574386609573652290e-03,7.862087515066623622e-01,2.680034023393938411e-02,-3.211713856001129617e-04,9.996398399025261394e-01,1.352439254810467850e-03,1.649166351488267485e-02,-2.416443954216384790e-02,8.095444352558354290e-03,4.771154015485654099e-02,-1.876987581512353648e-02,2.427972683759550832e-02,3.294263353027703650e-02,2.333070179260434557e-02,-1.523498912983907308e-03,4.689606449491486723e-02,-3.432434945112223385e-02,-2.479160465176069236e-02,9.424080699996799555e-05,-9.452836120809806220e-04,-7.116124786749630435e-03,4.984343458894554546e-01,2.996601279846748955e-01,-1.593064466197657565e-04,5.012182253269497068e-01,1.975670662051923031e-05,1.765229111275430976e-04,1.196554726557952117e-05,4.982404542937437508e-01,-2.994554077155192062e-01,2.336281329089351800e-04,5.010983704080164136e-01,-1.374153795652522364e-05,1.525378176868686340e-04,1.003861564421072518e-07
2.968498030194819393e-01,-1.573473354669554288e-03,7.862090327334025908e-01,2.680314275335342333e-02,-3.152907247147930308e-04,9.996397691139278230e-01,1.350605847476988274e-03,1.649280298198986527e-02,-2.417733337035015556e-02,8.098291887904897693e-03,4.775191952236824966e-02,-1.873153164665051704e-02,2.428359770384463587e-02,3.294695410405126812e-02,2.331782278298497740e-02,-1.523276481305866964e-03,4.693093826068685942e-02,-3.428278815024078663e-02,-2.479332423608125030e-02,8.818061329007241241e-05,-9.511201529024640878e-04,-7.088438549083121709e-03,4.984466213268986534e-01,2.996722097767556270e-01,-1.537949525247950808e-04,5.012202359872464097e-01,1.833560441585021088e-05,1.723460746343085325e-04,9.324862006260976674e-06,4.982525090593720729e-01,-2.994696666122087514e-01,2.275583279045612160e-04,5.010986122815931365e-01,-1.234016142195201141e-05,1.462560353901075827e-04,2.479180354187973984e-06
2.968345785980247009e-01,-1.572683095927558498e-03,7.862090968419402914e-01,2.681357135686185736e-02,-3.093107945460240042e-04,9.996394934367858198e-01,1.349029046789358048e-03,1.649655684978744777e-02,-2.419072621937287323e-02,8.103906582630951427e-03,4.781564174405000117e-02,-1.867446973859745313e-02,2.429408757152274820e-02,3.294980679337722318e-02,2.330291961102187032e-02,-1.524243546892989874e-03,4.699617208864594053e-02,-3.422345974629337900e-02,-2.478640249018528030e-02,8.263623966296181197e-05,-9.587599606757047851e-04,-7.041881452586501965e-03,4.984586465783920062e-01,2.996939682397953830e-01,-1.445644771385127484e-04,5.012181941512563466e-01,1.587534969521725445e-05,1.630101283214605804e-04,5.931374964940211549e-06,4.982685553083093244e-01,-2.994888221220661229e-01,2.188533906602188551e-04,5.010956869234882705e-01,-9.493668810352206874e-06,1.342895472722017058e-04,6.216314266689692308e-06
2.968205774030332478e-01,-1.572198387413500931e-03,7.862082602074409454e-01,2.682336318867454411e-02,-3.059904197542293838e-04,9.996392306395076588e-01,1.349860572316864508e-03,1.649732126005673885e-02,-2.419817280354885983e-02,8.109220377362785434e-03,4.788843005218183096e-02,-1.862370659406971038e-02,2.430584684717014554e-02,3.294269276297613624e-02,2.329356476527901301e-02,-1.524730272490585617e-03,4.708006507799033374e-02,-3.417109536316972895e-02,-2.477342283072610923e-02,8.361978521290988403e-05,-9.616585802451286386e-04,-6.992007870320598312e-03,4.984646317988303266e-01,2.997178593156128446e-01,-1.344353338279065575e-04,5.012127445475658138e-01,1.311850644791308208e-05,1.534695281451584027e-04,3.213907926917916481e-06,4.982831194886632176e-01,-2.995079534671911126e-01,2.098823687675813252e-04,5.010910785336651907e-01,-7.018258825029255915e-06,1.232112560523561807e-04,8.814571572419572755e-06
2.968089314916332322e-01,-1.571808253263685257e-03,7.862069788069965259e-01,2.682449192006871111e-02,-3.049174735198733038e-04,9.996391946026036424e-01,1.354353285673204474e-03,1.647906765671597676e-02,-2.419974251557053743e-02,8.115666221225753540e-03,4.795888365693289773e-02,-1.858073262714275697e-02,2.431725904318084164e-02,3.290853061163649673e-02,2.329024755340747613e-02,-1.521377995645326140e-03,4.717261735363224157e-02,-3.412778974335554244e-02,-2.475554085112545433e-02,9.430152724856268455e-05,-9.621144759204413189e-04,-6.953290379139919104e-03,4.984567825437232202e-01,2.997372792417129506e-01,-1.246511544239627491e-04,5.012081743440738313e-01,1.036537575635224843e-05,1.459750052677508461e-04,1.660620941824449436e-06,4.982860078377270852e-01,-2.995176571793862208e-01,2.032204715509197267e-04,5.010917997219562769e-01,-5.666520774494128584e-06,1.160446058815213342e-04,9.601868638958635760e-06
2.967971151954381104e-01,-1.571496974697168597e-03,7.862053047986488075e-01,2.682387085860255677e-02,-3.058861744823216625e-04,9.996392051642654097e-01,1.358633270927498467e-03,1.648015776828823734e-02,-2.419639654569578566e-02,8.118199107676301457e-03,4.800021816098357791e-02,-1.856760071096066542e-02,2.432030346415427202e-02,3.289742014401654535e-02,2.329363771442324177e-02,-1.516923416972788862e-03,4.723261521063414070e-02,-3.411357005790376096e-02,-2.474431727188438832e-02,1.053366130146961158e-04,-9.597518058533008713e-04,-6.920167765308390950e-03,4.984467177721560449e-01,2.997519098317173447e-01,-1.169148776523554396e-04,5.012014735635346163e-01,7.331524494460785226e-06,1.399521559437237996e-04,2.899641409645419537e-07,4.982849634021999097e-01,-2.995220736527964278e-01,1.995612963717108463e-04,5.010912026351919124e-01,-4.635097105622027830e-06,1.122949819940771921e-04,9.514700664534630692e-06
2.967831900450864091e-01,-1.571316957823830135e-03,7.862039528391917553e-01,2.682314654165413384e-02,-3.074046563525966759e-04,9.996392203893065265e-01,1.361385853305286785e-03,1.651661759149227263e-02,-2.419228410810175117e-02,8.115289016034877775e-03,4.798971408334973959e-02,-1.858549649096364817e-02,2.431148838434343817e-02,3.293090827847952595e-02,2.330003680524121018e-02,-1.511956856955537628e-03,4.722719772403806415e-02,-3.412877921875030751e-02,-2.474637845741944550e-02,1.130990096839416597e-04,-9.567971011585454152e-04,-6.897741966462635384e-03,4.984430030743527418e-01,2.997604675306334010e-01,-1.123032343754614879e-04,5.011946127900348547e-01,3.889638613413082919e-06,1.350181657000820603e-04,-1.391350700639818009e-06,4.982853954963912257e-01,-2.995232256898249790e-01,1.984163399538042350e-04,5.010882606926276850e-01,-3.680215368657141489e-06,1.111414848322210135e-04,8.822364752440671910e-06
2.967699112385371873e-01,-1.571424389360938324e-03,7.862033987667296220e-01,2.681937587668143524e-02,-3.083066223032990597e-04,9.996393191573745840e-01,1.362945043815472906e-03,1.654270547243069656e-02,-2.419119295955075161e-02,8.111926938925657915e-03,4.797026100811522392e-02,-1.861918954624902298e-02,2.430254630090330353e-02,3.295599110693157169e-02,2.330397943969226074e-02,-1.507695000974835315e-03,4.720791648928881340e-02,-3.415878999719210857e-02,-2.475008796310079057e-02,1.177652777408496416e-04,-9.549373934135071702e-04,-6.884456593872531616e-03,4.984402459087703963e-01,2.997648830670508469e-01,-1.096107707096042661e-04,5.011904553938133500e-01,1.895136107599536354e-06,1.311307272543293760e-04,-2.618350650715328343e-06,4.982830606150873143e-01,-2.995230131967454579e-01,1.982024184078142522e-04,5.010861132787682859e-01,-3.279422639415842313e-06,1.092844869594502270e-04,8.508421936719377974e-06
2.967591324027325506e-01,-1.571862691611448709e-03,7.862039661778252864e-01,2.681470854832270628e-02,-3.077945214396840892e-04,9.996394444255481959e-01,1.363017454848293800e-03,1.653564136288021569e-02,-2.419456536481889505e-02,8.111001159537126193e-03,4.798334563124207613e-02,-1.863893231837305750e-02,2.430044236359311244e-02,3.294633207784586348e-02,2.330266648575102933e-02,-1.506580729910368243e-03,4.722383211480398607e-02,-3.417467188229539321e-02,-2.474798089334154585e-02,1.185305290037602356e-04,-9.558422378809205153e-04,-6.876050694990816503e-03,4.984384691767628217e-01,2.997682527364916028e-01,-1.082858264879063364e-04,5.011889845683469291e-01,1.866552172490771087e-06,1.284053411124373158e-04,-3.123470775170221655e-06,4.982795158607045138e-01,-2.995235794749477876e-01,1.983264230914381302e-04,5.010846728114710658e-01,-3.588320256807194674e-06,1.057926350316153928e-04,8.783382950734257955e-06
2.967497777940771853e-01,-1.572596040074785827e-03,7.862045481226235255e-01,2.681253780991291191e-02,-3.080771348539669400e-04,9.996395029595112058e-01,1.362727974352699427e-03,1.652979087934725727e-02,-2.419673703688364139e-02,8.109881522025104775e-03,4.800788977741427682e-02,-1.865566824022155817e-02,2.430152729555780378e-02,3.293660116332706306e-02,2.330223827060806316e-02,-1.508127234333057681e-03,4.725407743094205831e-02,-3.418780492010610461e-02,-2.474372756489536321e-02,1.184241169833328004e-04,-9.544718394796542242e-04,-6.863894575316479944e-03,4.984360580068969981e-01,2.997696742166548467e-01,-1.081436501860709421e-04,5.011876952277876107e-01,2.372076521659487546e-06,1.269431008827892312e-04,-3.252651289322537034e-06,4.982752197321303478e-01,-2.995249535672401819e-01,1.983133890513490356e-04,5.010820119502484848e-01,-3.816922320128279229e-06,1.026081707153993135e-04,9.240160975846476083e-06
2.967415465376462835e-01,-1.573377382908309812e-03,7.862049201110516972e-01,2.680946433736572723e-02,-3.089454093907432878e-04,9.996395846906545035e-01,1.363045917458281233e-03,1.652728001450680384e-02,-2.419733351844146133e-02,8.109689495330481279e-03,4.802362935025731444e-02,-1.866543390607601147e-02,2.430438348895315459e-02,3.292879653198511197e-02,2.330324533158355943e-02,-1.509954632005876003e-03,4.727806129730350443e-02,-3.419481211589774777e-02,-2.473850630300995432e-02,1.195000640761532419e-04,-9.524259351859020416e-04,-6.856001783784323490e-03,4.984314585949963794e-01,2.997686318137459671e-01,-1.083184383591851075e-04,5.011881958807549164e-01,2.984968788975671918e-06,1.267806302422834399e-04,-3.002574110685056695e-06,4.982688954740026044e-01,-2.995241398181289760e-01,1.983552186829398061e-04,5.010818250444107891e-01,-3.977241164897817276e-06,1.008395505248642495e-04,9.591074260815075846e-06
2.967329311729678398e-01,-1.574095200165621239e-03,7.862047050133716963e-01,2.680664686991297146e-02,-3.106073399219102973e-04,9.996396595492507142e-01,1.363181180147534245e-03,1.654360093371281051e-02,-2.419572827982798685e-02,8.107692218820629695e-03,4.801410285281254575e-02,-1.868423119773580943e-02,2.430383007975967999e-02,3.294370002810625975e-02,2.330711625924013902e-02,-1.511407616065268663e-03,4.727198772420025674e-02,-3.421221465913157345e-02,-2.473796901771627491e-02,1.206498300327760349e-04,-9.489828209466012960e-04,-6.852481857828740010e-03,4.984286438753008364e-01,2.997662893480477209e-01,-1.092923302309845626e-04,5.011872240021336689e-01,3.239469345767111725e-06,1.274501039941009905e-04,-2.509981417522596814e-06,4.982648941517897612e-01,-2.995226326737304157e-01,1.989499621726432044e-04,5.010803908953072039e-01,-3.810443759633358719e-06,1.011951856517893342e-04,9.478795499421894055e-06
