1.998653059087297879e-28,1.309632362183320380e-30,1.602156601032521943e-01,3.097544831372300855e-01,-6.150341127296178323e-01,-6.725721036412164455e-01,-2.709848152798524090e-01,-1.482397175514391208e+00,2.154663125497001119e-01,1.029833541410217351e-01,2.510385529664586723e+00,-5.191356181519416468e-01,-2.379782612089094695e-01,3.062464355381961378e-01,-4.636333509455432544e-01,-7.457461507195325412e-01,5.309142866972192953e-01,-5.175006515995637102e-01,7.900464474343171783e-02,-4.403237897022911906e-01,-1.619350724103765016e+00,5.962202875813461533e-01,-7.033982754124692427e-01,-3.285569348167611814e-01,2.700975322616114838e-01,-1.316582800212704907e+00,-1.345411298808703027e+00,-1.825478352947327576e-01,3.915813316424895940e-02,-6.422569568274091312e-01
-9.439883605107301980e-04,-1.108187348112918598e-04,1.648282722004868750e-01,3.116081095192829720e-01,-6.121194384241109843e-01,-6.726487333193256202e-01,-2.752341925507736931e-01,-1.472742782004564654e+00,2.250723920584815074e-01,1.113959562923508284e-01,2.504385957168806076e+00,-5.258672339227242754e-01,-2.371859658194437892e-01,2.953784985248887329e-01,-4.707686874974595925e-01,-7.428520426437309476e-01,5.434006921151266489e-01,-5.184501743773326510e-01,7.319942228526830907e-02,-4.334829259752948638e-01,-1.597978630343420026e+00,6.116737076836807896e-01,-6.845341870828848263e-01,-3.377440154038684472e-01,2.776440703754133321e-01,-1.355141551751197326e+00,-1.330975391504751304e+00,-1.513975959097673685e-01,3.379348217375528762e-02,-6.657857969594571657e-01
-1.801193475034669998e-03,-6.384074541767695049e-06,1.702341363529455975e-01,3.155069933683476990e-01,-6.075929639834687368e-01,-6.731888054252094244e-01,-2.794690671677780847e-01,-1.463147999469965876e+00,2.462445306554101598e-01,1.185355185856331039e-01,2.497364731221712653e+00,-5.345938103831664456e-01,-2.360427311681546070e-01,2.780646512831818629e-01,-4.718392876841311923e-01,-7.398066257073742102e-01,5.552240435063295898e-01,-5.182221299645562995e-01,6.751312377169653434e-02,-4.244511079745054150e-01,-1.574443589475357230e+00,6.320165133489166198e-01,-6.628436732782720942e-01,-3.498244914747243861e-01,2.886079979347332403e-01,-1.396342349123821380e+00,-1.317315600246733664e+00,-1.209452162095747685e-01,2.782059453152875214e-02,-6.910703044011317076e-01
-2.425827371363102353e-03,3.611323352128978695e-04,1.759861965379006521e-01,3.203995467870138780e-01,-6.017486266207030532e-01,-6.742404581909274830e-01,-2.839762759761132460e-01,-1.452556756849552322e+00,2.748101675495441265e-01,1.235676585100784347e-01,2.488957299506572962e+00,-5.436125849796228371e-01,-2.346486813698385743e-01,2.580730159629627818e-01,-4.679327097653707690e-01,-7.350159322036307064e-01,5.659326514274566344e-01,-5.149752410680923376e-01,6.283608319034406087e-02,-4.147402471411393288e-01,-1.550399407070123026e+00,6.558994020090893606e-01,-6.408070967968797493e-01,-3.596144200736932639e-01,3.045049463698641934e-01,-1.437898686018333150e+00,-1.302190733086671770e+00,-9.166961053150413097e-02,2.167557351243099353e-02,-7.174126375462315242e-01
-3.051788732835197197e-03,8.959856726180529104e-04,1.818250377059568157e-01,3.248383639366465570e-01,-5.957046865062509688e-01,-6.754299205335096978e-01,-2.888100084647173271e-01,-1.439312462733272513e+00,3.051689128101571225e-01,1.293116265316752445e-01,2.478828585882551394e+00,-5.523992811817932669e-01,-2.330829131639428342e-01,2.398077104137287530e-01,-4.638341431797886605e-01,-7.302980316245454295e-01,5.757571217129695551e-01,-5.084018943718119354e-01,5.928401076620174598e-02,-4.067640400890559227e-01,-1.526274847980140903e+00,6.809543978845636891e-01,-6.194233806820325094e-01,-3.640497068549802262e-01,3.251507258435111236e-01,-1.479080947614740627e+00,-1.284529131488706843e+00,-6.275520572705499400e-02,1.574077264961366504e-02,-7.435045323095831327e-01
-3.887398057934920992e-03,1.498964935185526873e-03,1.875384742902544422e-01,3.282089312444818607e-01,-5.901069056542065372e-01,-6.765050318913494731e-01,-2.939280169977962487e-01,-1.422991931802858323e+00,3.337701982244203336e-01,1.367545412383815995e-01,2.466996531126599557e+00,-5.608312587079181677e-01,-2.314038877401737027e-01,2.253943786553806727e-01,-4.627048099602001918e-01,-7.259147308456146419e-01,5.846613836846120682e-01,-4.987840433133667317e-01,5.668039225118982199e-02,-4.017731960858468843e-01,-1.502430689522305185e+00,7.048776699156698022e-01,-5.997067897104563228e-01,-3.627088208285576543e-01,3.497127659421556123e-01,-1.519325057386915701e+00,-1.263563648081292623e+00,-3.306481666871266545e-02,1.001671010104321705e-02,-7.682896822811545734e-01
-5.399058336382669965e-03,1.995903481658472482e-03,1.927639566344075406e-01,3.311456850415761544e-01,-5.845696563871328744e-01,-6.769903061243759401e-01,-3.005078659925534690e-01,-1.399009183689911451e+00,3.590643061785221413e-01,1.444380942462025752e-01,2.455140108631741924e+00,-5.698237558010165182e-01,-2.298506402382319014e-01,2.152990021416454625e-01,-4.668893490557154413e-01,-7.196360114252092766e-01,5.923386669686780959e-01,-4.866694171461114493e-01,5.473542339039227933e-02,-3.971795871504696374e-01,-1.476744310906364488e+00,7.262428180261611965e-01,-5.809246706341165689e-01,-3.586040088919807411e-01,3.776588982641090886e-01,-1.558883343104384922e+00,-1.238352614574339317e+00,-8.194237877433632744e-04,4.250713366520171566e-03,-7.915609319014434986e-01
-7.627900350576287576e-03,2.234042400690756068e-03,1.973742402849294197e-01,3.340915152835529645e-01,-5.795195057052834331e-01,-6.766817146959366314e-01,-3.076391700008480612e-01,-1.370120281442801069e+00,3.793246462213695214e-01,1.526502217517736737e-01,2.442801708646272996e+00,-5.779540856198416288e-01,-2.289467891546707601e-01,2.072744094087191069e-01,-4.764197769388613946e-01,-7.137068152167085344e-01,5.995497728025626083e-01,-4.743850532293969469e-01,5.236930861803539700e-02,-3.930180413841025677e-01,-1.448679968009568331e+00,7.463915462480311680e-01,-5.599227879664638863e-01,-3.563563943369959519e-01,4.024604970113415114e-01,-1.598333069287426911e+00,-1.210970852738655790e+00,3.306779297945584839e-02,-3.425524311992285409e-04,-8.144939044771601910e-01
-1.036078424632633395e-02,2.232660841754445687e-03,2.013282601464087274e-01,3.366077176063471676e-01,-5.750723467973933856e-01,-6.758980399980437648e-01,-3.148804001790478924e-01,-1.338208448344773815e+00,3.943773151144266964e-01,1.616253993147584445e-01,2.429272754544996804e+00,-5.843961685921869043e-01,-2.286323450988655415e-01,2.007513623158367344e-01,-4.916185944967480514e-01,-7.109235903058928052e-01,6.081630719440582755e-01,-4.623482950855538620e-01,4.928669881437332256e-02,-3.896257359671714826e-01,-1.420977538335494339e+00,7.662113606638668584e-01,-5.369611025907203850e-01,-3.571406764013739799e-01,4.212849866540033239e-01,-1.635998709011534213e+00,-1.182373666697567494e+00,6.541940976358932847e-02,-3.290318050456243325e-03,-8.376365809328953915e-01
-1.334894789220227723e-02,2.002448078869338999e-03,2.045910653545227331e-01,3.387779503100724621e-01,-5.709552003932667485e-01,-6.749527440026229508e-01,-3.219913863613747540e-01,-1.305859444154212401e+00,4.054383169594911740e-01,1.704238796559049418e-01,2.414444649337029958e+00,-5.890725346777330174e-01,-2.287966656307578173e-01,1.950728015477485311e-01,-5.125990222926238848e-01,-7.156099810153450091e-01,6.191247183920064456e-01,-4.505587304156597472e-01,4.546432549937865636e-02,-3.866125382880857275e-01,-1.396937401514274146e+00,7.863845915672962317e-01,-5.132314917754802197e-01,-3.606885821937859116e-01,4.331553197129275889e-01,-1.672062999586247933e+00,-1.152917722347525542e+00,9.399553511313124554e-02,-2.500061485006830307e-03,-8.611531182755051139e-01
-1.632896260267828817e-02,1.480015400396433997e-03,2.071359520893468753e-01,3.407688865202649353e-01,-5.671628560143713305e-01,-6.738294095940677852e-01,-3.288719925798941346e-01,-1.275543024883362575e+00,4.136898036097192977e-01,1.788140413768405379e-01,2.398380107101475200e+00,-5.921910098990499360e-01,-2.293759153550715135e-01,1.892929256328278187e-01,-5.388222706884908675e-01,-7.287950273108013688e-01,6.317155013529200946e-01,-4.392017735611605800e-01,4.103171497151921615e-02,-3.835983246992099027e-01,-1.379909359901079213e+00,8.087355288927245978e-01,-4.933789382096434029e-01,-3.651834288790027361e-01,4.372639101487159063e-01,-1.706962507865048773e+00,-1.124257963045270925e+00,1.172107686956282147e-01,2.201067611538596799e-03,-8.859691553017774446e-01
-1.906869313042271544e-02,6.144933450047555855e-04,2.089795396894654766e-01,3.425570047375141591e-01,-5.638447398593827709e-01,-6.724233186528056905e-01,-3.355304581854152701e-01,-1.248566490119429329e+00,4.194319411817202803e-01,1.870178240915946200e-01,2.381163126549264764e+00,-5.941546055442605834e-01,-2.303238458382617648e-01,1.822920518494711983e-01,-5.689584039944531879e-01,-7.480341397613566867e-01,6.447233923728779015e-01,-4.282041279252248867e-01,3.625411699143284150e-02,-3.805195770896924734e-01,-1.372345324502163066e+00,8.342904259980669091e-01,-4.796772412920099482e-01,-3.692938218072547296e-01,4.331919359334719388e-01,-1.741279560178675911e+00,-1.098539840520241562e+00,1.355765336218105188e-01,1.009360534302463676e-02,-9.117921847246366340e-01
-2.163353356448668996e-02,-3.905752813233739321e-04,2.102608017771949167e-01,-3.443971695069079075e-01,5.605226408955903405e-01,6.706877761970603258e-01,3.426129028834180579e-01,-1.220046337446101470e+00,4.192923642941130402e-01,1.935565597975712759e-01,2.363124134056662218e+00,-5.967376962763586423e-01,-2.315256908065971009e-01,1.722792305621917153e-01,-5.977783815335142581e-01,-7.631156214184927622e-01,6.541766212890418597e-01,-4.151992918644089037e-01,3.279433967424841972e-02,-3.748658147542399122e-01,-1.372161515610108351e+00,8.619859185145160030e-01,-4.674542517717583667e-01,-3.737445182619674733e-01,4.146634535693567436e-01,-1.774820864970021228e+00,-1.070038902514420798e+00,1.511391612220582825e-01,1.610276681230614348e-02,-9.349229331821836686e-01
-2.412966684359223526e-02,-1.430802851994885348e-03,2.110805694300341151e-01,-3.473668573338618559e-01,5.568380673483163124e-01,6.679705254742331899e-01,3.508318832082759631e-01,-1.187637804686360710e+00,4.134857553449705070e-01,1.986056805948300252e-01,2.344509842713307535e+00,-6.000502082200869225e-01,-2.327919947078735674e-01,1.594827023412218048e-01,-6.242952444211582463e-01,-7.754038136384634461e-01,6.568116280831766129e-01,-4.002570978428523496e-01,3.117637326270401854e-02,-3.631631627686833230e-01,-1.379752884612519326e+00,8.905172849379612288e-01,-4.545443180571785424e-01,-3.790214050142480806e-01,3.808364827256628393e-01,-1.805986461335325144e+00,-1.035608236637987956e+00,1.591884844141051580e-01,2.187719002698322937e-02,-9.592847929871455293e-01
-2.612987260012580512e-02,-2.250732266391128420e-03,2.118266780390785364e-01,-3.501466390284959651e-01,5.543652320126766231e-01,6.649409154242948983e-01,3.576731744306249072e-01,-1.161099431748402244e+00,4.095023570326729034e-01,2.079179300720402912e-01,2.323632194589652755e+00,-6.008796635911676232e-01,-2.332390604300101089e-01,1.461377006556525415e-01,-6.478837020727782336e-01,-7.893020956185868853e-01,6.538963073333210474e-01,-3.833269955367534232e-01,3.150855113328500379e-02,-3.503887356315217305e-01,-1.399661951938558024e+00,9.191895769668901872e-01,-4.453261084714059126e-01,-3.808820811734103251e-01,3.316913976433197853e-01,-1.834153470827832866e+00,-1.000683858593473419e+00,1.639735597731199479e-01,2.800614377483021458e-02,-9.861510707634235651e-01
-2.769192095278205992e-02,-2.628995162267642755e-03,2.128385456074925464e-01,-3.527333790773803379e-01,5.528966200067562120e-01,6.614219124399540739e-01,3.638757268821757318e-01,-1.138071711788538609e+00,4.074611597395851881e-01,2.207974911714925825e-01,2.300982966062066204e+00,-6.009969968631663217e-01,-2.335877717091865702e-01,1.319577402249141607e-01,-6.690815315318612289e-01,-8.026479007054797554e-01,6.468633374641614697e-01,-3.643819952086300717e-01,3.347777588274788996e-02,-3.374642602053579132e-01,-1.432631699740300357e+00,9.489284652502855133e-01,-4.413479655699618642e-01,-3.759155920850438815e-01,2.693774542352997958e-01,-1.859878499376370176e+00,-9.693145048062324909e-01,1.742084759165626329e-01,3.479457714930582479e-02,-1.013915778633747822e+00
-2.894262278913412034e-02,-2.439722969018050334e-03,2.144114049896864993e-01,-3.552074134580145426e-01,5.519963943045500532e-01,6.572022032554202253e-01,3.704235719592155474e-01,-1.115732176357830507e+00,4.073732890704600540e-01,2.365372925775339197e-01,2.277097225747663156e+00,-6.010269324447650163e-01,-2.340838337183319962e-01,1.164156538078481018e-01,-6.882634680898737090e-01,-8.131731207926053973e-01,6.365382606983681635e-01,-3.435027162620862828e-01,3.700097309920305499e-02,-3.253239368785010299e-01,-1.476259465665748838e+00,9.805273836651753339e-01,-4.382005735189203888e-01,-3.653305306055977253e-01,1.985889760225613143e-01,-1.883665860425482563e+00,-9.386213567897617738e-01,1.905967465040481756e-01,3.989084123420073152e-02,-1.041164669403134679e+00
-3.006331593823799095e-02,-1.712567433413678553e-03,2.165928643351440475e-01,-3.579285580612687201e-01,5.513755404237864477e-01,6.522329745743313811e-01,3.774444430965676056e-01,-1.093839307765214208e+00,4.089915103258676687e-01,2.533051662803790238e-01,2.252315498289771512e+00,-6.006563331168395248e-01,-2.348964267671689865e-01,9.851169175327925687e-02,-7.055089679291958182e-01,-8.205239021999903848e-01,6.235420012593366756e-01,-3.208936625604706938e-01,4.280290599813958013e-02,-3.131377435468425396e-01,-1.530353435483043922e+00,1.013126185336851615e+00,-4.405374419893254290e-01,-3.460154651794059566e-01,1.315304804701105668e-01,-1.904979465006749972e+00,-9.086051353785306040e-01,2.100530888576994382e-01,4.272537007911728774e-02,-1.066798494695691435e+00
-3.135171312358292495e-02,-4.478398814030202374e-04,2.193071099614044284e-01,-3.605906971607310552e-01,5.510785858622883060e-01,6.468368594038886865e-01,3.845631529952818761e-01,-1.071814273099466197e+00,4.104737821829187450e-01,2.700042142728543149e-01,2.226698182018334915e+00,-5.997699949245672846e-01,-2.359678916137272764e-01,8.067215573109914883e-02,-7.215218492027238861e-01,-8.229690901608623932e-01,6.118230725886760757e-01,-2.976000460852372687e-01,4.763116259113477774e-02,-3.017331157167125744e-01,-1.592849601667973625e+00,1.045471032442686576e+00,-4.511122838547906300e-01,-3.182149248626058857e-01,7.176860652093189352e-02,-1.923926423806645136e+00,-8.794037782593091546e-01,2.308686380304350305e-01,4.332439199181176148e-02,-1.090344626863205102e+00
-3.302726131904525075e-02,1.392614327574944084e-03,2.226235782424892395e-01,-3.634998252493745197e-01,5.509048835843655123e-01,6.410477676234316302e-01,3.917007096133293675e-01,-1.049770641192787402e+00,4.113190144158959671e-01,2.856554111838480736e-01,2.200147825596834750e+00,-5.983800267056827993e-01,-2.372218168410552552e-01,6.191997173935347154e-02,-7.365288391346704877e-01,-8.207507890587855126e-01,6.005767821828900122e-01,-2.727077036672317933e-01,5.299158976909067870e-02,-2.908214259143948044e-01,-1.661576989209951893e+00,1.076988900970915708e+00,-4.712320269581878329e-01,-2.835294940438534139e-01,1.969425641139208039e-02,-1.941123877781244067e+00,-8.509509961526992017e-01,2.519190246779249853e-01,4.219610182646425095e-02,-1.111704572140356229e+00
-3.526640880786208881e-02,3.851119064545135365e-03,2.266307069327600787e-01,-3.669535349653517131e-01,5.506803900777542671e-01,6.348261294060200122e-01,3.988641889378590766e-01,-1.027797205682230652e+00,4.112054144666150712e-01,2.996229180472672060e-01,2.172491655363192109e+00,-5.965301236287473552e-01,-2.385954130522784655e-01,4.117412928314990311e-02,-7.509930420742675361e-01,-8.148814279980884923e-01,5.891336089209087135e-01,-2.452667479948547613e-01,5.957320134806085715e-02,-2.799649253263988280e-01,-1.734444445315283634e+00,1.107402111624958163e+00,-5.012363256754018837e-01,-2.438862069223238227e-01,-2.539794673239104128e-02,-1.957277640174921896e+00,-8.232160497506704200e-01,2.723361634677897714e-01,3.987068704657128343e-02,-1.131126993999304053e+00
-3.818355619511126092e-02,6.966401054648854556e-03,2.313965930108383973e-01,-3.710772272063861399e-01,5.501995459313112624e-01,6.282081464609178267e-01,4.061239660817087538e-01,-1.005743619992687021e+00,4.099637352940455060e-01,3.114806977243382846e-01,2.143573373337802401e+00,-5.942678884152223784e-01,-2.400425146520149544e-01,1.710055971817308826e-02,-7.654863035418874029e-01,-8.057221868087387495e-01,5.782826401654634907e-01,-2.141026690750351125e-01,6.697192373934314491e-02,-2.687923575971526424e-01,-1.809635333971460369e+00,1.136584202442010527e+00,-5.402999801394586799e-01,-2.011687347296733375e-01,-6.709053859952159027e-02,-1.973076872174549523e+00,-7.961245932042965157e-01,2.915690016667818463e-01,3.646005313763706068e-02,-1.149086750395067025e+00
-4.169833893758670418e-02,1.066192412419822780e-02,2.367388305643155222e-01,-3.754166485421589483e-01,5.494305144781131967e-01,6.213842538476973543e-01,4.136061639142109003e-01,-9.829308917418236868e-01,4.074137972378578665e-01,3.222709258664117615e-01,2.113544143501608907e+00,-5.916320744946297339e-01,-2.414761744268844601e-01,-1.086524560143659057e-02,-7.798748147400649255e-01,-7.885671322795964056e-01,5.688277518602593563e-01,-1.790333487931027867e-01,7.217561350307406809e-02,-2.574172665219938705e-01,-1.885876446100086312e+00,1.163814922766285731e+00,-5.848106922775044847e-01,-1.569385767569426438e-01,-1.213805565151303001e-01,-1.988959760836228607e+00,-7.692678671688981673e-01,3.104300618945086132e-01,3.268688158826539569e-02,-1.166287585882843203e+00
-4.567944813284443434e-02,1.483803581343550067e-02,2.424181352879393736e-01,-3.797398160754603680e-01,5.484924530623807026e-01,6.143745575711309082e-01,4.213046451558117300e-01,-9.592824672350978021e-01,4.034736187957935205e-01,3.327437473340127405e-01,2.082563066631732074e+00,-5.887247036306809678e-01,-2.429170543935599003e-01,-4.185518139603737475e-02,-7.932727507317843818e-01,-7.624119693518012220e-01,5.601106068411704220e-01,-1.405889925762281722e-01,7.522154561076802026e-02,-2.459843009210138376e-01,-1.962253236411885426e+00,1.188543635935109810e+00,-6.330975133679016542e-01,-1.114711437206611921e-01,-1.918374419313316759e-01,-2.004800762367977995e+00,-7.423999859579109017e-01,3.293831340546184983e-01,2.911625334431718060e-02,-1.183082602352185653e+00
-4.999054542869871276e-02,1.939753533480679040e-02,2.482004380733746352e-01,-3.838170397188797600e-01,5.475614243928355052e-01,6.072697944019842531e-01,4.290512596658721534e-01,-9.350091746915637492e-01,3.978932936330530912e-01,3.433109495121766663e-01,2.050766021918534410e+00,-5.856434875419106456e-01,-2.443891379309289513e-01,-7.477870564616964644e-02,-8.047413338864978227e-01,-7.271150980097417227e-01,5.522339115164581758e-01,-1.004066046351373143e-01,7.651105771922217524e-02,-2.349655787355769410e-01,-2.037905340444263302e+00,1.210228234278801107e+00,-6.840845620445084041e-01,-6.460515649738363120e-02,-2.778316377602439990e-01,-2.020292215849571971e+00,-7.154380035946291683e-01,3.487265461962396063e-01,2.616630237557519834e-02,-1.199668334119724733e+00
-5.450620303538734890e-02,2.425224572818195784e-02,2.538812739962401088e-01,-3.874908842529292130e-01,5.467950250782994681e-01,6.001700965967998735e-01,4.366484516421563766e-01,-9.106261924974359268e-01,3.901044915118878631e-01,3.540072898938129708e-01,2.018242602328665036e+00,-5.824483904130176581e-01,-2.459013350144470256e-01,-1.083290589726400854e-01,-8.135102432002413453e-01,-6.832402191053918994e-01,5.455236388536893744e-01,-6.129033612114646867e-02,7.637643672803130779e-02,-2.248737116630180055e-01,-2.112015113160341073e+00,1.228452052745792056e+00,-7.369192254119687480e-01,-1.613598996031100075e-02,-3.775173040479671283e-01,-2.035059937651379158e+00,-6.883680436506557365e-01,3.686602218320323421e-01,2.415107347383714867e-02,-1.216160810131110326e+00
-5.913964641336569988e-02,2.933000310668493552e-02,2.593423449364169464e-01,-3.907833033670728984e-01,5.460841570835356373e-01,5.931151588875768210e-01,4.441789183309434730e-01,-8.875524209930768516e-01,3.777391118593934616e-01,3.627710842548834691e-01,1.984972866671480540e+00,-5.791556468156481285e-01,-2.474785746359168814e-01,-1.413235053405769159e-01,-8.192988363894406767e-01,-6.325192476691490207e-01,5.405140715639419335e-01,-2.629146593024559581e-02,7.606079719537037209e-02,-2.154120759230155890e-01,-2.183840205699298931e+00,1.243118390794362593e+00,-7.906663323983692537e-01,3.412960682096943116e-02,-4.823840260237122757e-01,-2.048909870660609478e+00,-6.612885728613741021e-01,3.893666583517263469e-01,2.329787658266750314e-02,-1.232536753904363902e+00
-6.394487825884934140e-02,3.459045735357841461e-02,2.645957179683282035e-01,-3.938605456086929912e-01,5.446509585922960639e-01,5.862490382758772656e-01,4.522623895902957991e-01,-8.676163096317504042e-01,3.561068849338589470e-01,3.633397049323215389e-01,1.950619651437277779e+00,-5.760889784232242627e-01,-2.491937275746712865e-01,-1.725369028503443702e-01,-8.226765473832355902e-01,-5.796444975698915592e-01,5.390725394921692670e-01,1.879065970586034362e-03,7.988939721769232338e-02,-2.044642763638637728e-01,-2.252010435722653359e+00,1.254822254253103564e+00,-8.434319442671509570e-01,8.647138558835418265e-02,-5.613881786044415678e-01,-2.062107284173953836e+00,-6.348127066456553669e-01,4.112748661184146837e-01,2.362937544629948108e-02,-1.248377238360166785e+00
-6.893814767377387520e-02,4.003842886166064652e-02,2.696233947263070307e-01,-3.968048650566701196e-01,5.420424267230464777e-01,5.796925076790195863e-01,4.611866382659097763e-01,-8.500181541536395713e-01,3.276952177806670141e-01,3.558441248307038784e-01,1.915049215438759722e+00,-5.733609591854869070e-01,-2.508227569135758617e-01,-2.021067956976381752e-01,-8.235642934428354378e-01,-5.277476004712264857e-01,5.403775153349967830e-01,1.825765475628040799e-02,9.067356506890715540e-02,-1.909397580148992635e-01,-2.315872028259873705e+00,1.264678653449999635e+00,-8.945143371323923676e-01,1.402354934776869899e-01,-6.076961213360368985e-01,-2.074506660234924471e+00,-6.094431996926737982e-01,4.344950623252831212e-01,2.466988672021845630e-02,-1.263583375705006340e+00
-7.413975270083135449e-02,4.567682755675041284e-02,2.743607797971971962e-01,-3.993080113156176614e-01,5.385323339721561631e-01,5.738308353403168693e-01,4.703766679782305782e-01,-8.323062564569955191e-01,2.985439195299632864e-01,3.444986814329112357e-01,1.877909632409289653e+00,-5.712374407255440545e-01,-2.522684109194590074e-01,-2.297249657315793281e-01,-8.226671496617417034e-01,-4.795020181733198328e-01,5.427580382672740900e-01,1.921481587986761594e-02,1.089758707301764912e-01,-1.759551368724743270e-01,-2.374841536732819058e+00,1.273594692293062325e+00,-9.437462646978594938e-01,1.944915109764332739e-01,-6.226985932545948677e-01,-2.085630026580172824e+00,-5.858313946499101865e-01,4.590695949654811647e-01,2.577912413783547269e-02,-1.278189083981735807e+00
-7.955950980583410825e-02,5.145594445090612146e-02,2.786679737040517191e-01,-4.010155497124016644e-01,5.346508351458915120e-01,5.690634758100594492e-01,4.790634340728111562e-01,-8.131781386551538704e-01,2.710102602575316655e-01,3.308536350541672055e-01,1.838812433000485358e+00,-5.700320993919503199e-01,-2.536794562532057595e-01,-2.537907162511237602e-01,-8.214076229196687340e-01,-4.362123664463757877e-01,5.480827079977824701e-01,1.498542724290674415e-02,1.314891011193642101e-01,-1.610681169373484600e-01,-2.428519236401540216e+00,1.282186928378800994e+00,-9.913822152345476146e-01,2.484426380339875007e-01,-6.101625458045665251e-01,-2.094730851227989188e+00,-5.646926298140426681e-01,4.850160290095646420e-01,2.644816175136028777e-02,-1.292230231860148626e+00
-8.518516132071092539e-02,5.728294996666367239e-02,2.824465337952823951e-01,-4.019058342361781500e-01,5.308389252231081601e-01,5.652687909841399572e-01,4.869835005564618347e-01,-7.928899368044989293e-01,2.448071687031924959e-01,3.151858977917692539e-01,1.798069635991059068e+00,-5.692980443579339633e-01,-2.550897889781028605e-01,-2.755861424496957035e-01,-8.218406829906541589e-01,-3.976432848894575489e-01,5.595058655728435415e-01,8.499002970618646513e-03,1.552488221998170048e-01,-1.466842762884765505e-01,-2.476404805590806557e+00,1.290785196624754549e+00,-1.036878649672452246e+00,3.009802458968552363e-01,-5.803845052727631959e-01,-2.101358102219875512e+00,-5.463846932237544918e-01,5.121238336234672506e-01,2.714149615871326235e-02,-1.305579818690582483e+00
-9.093322080153419529e-02,6.295016513900288102e-02,2.855832184735740409e-01,-4.023217882519957156e-01,5.275341535725489583e-01,5.612297810190580716e-01,4.948400228320244953e-01,-7.714304263009501561e-01,2.198587224830801101e-01,3.011184757343896568e-01,1.757479097597692386e+00,-5.675736829452620036e-01,-2.563210499084978000e-01,-3.022191325485008573e-01,-8.296468374767428378e-01,-3.641581682664800645e-01,5.857495353986853504e-01,-3.227528060676626391e-03,1.740915536637506200e-01,-1.315047148522628939e-01,-2.516661851279975881e+00,1.298817166270739731e+00,-1.077316843210590624e+00,3.504355042549394117e-01,-5.596703034143297728e-01,-2.105791711620771167e+00,-5.301758714708186826e-01,5.395569193069664760e-01,3.069805261501694707e-02,-1.317635321121569225e+00
-9.671899592327107276e-02,6.833532295826916236e-02,2.880662114931702433e-01,-4.022759903527586278e-01,5.246986410441493165e-01,5.567387451428007505e-01,5.028989295364919565e-01,-7.487111379412365597e-01,1.959724437571518652e-01,2.897962974761230659e-01,1.718274272626427290e+00,-5.643901109724506204e-01,-2.573808912681123107e-01,-3.360354811951718479e-01,-8.467187103166498030e-01,-3.359884532248142985e-01,6.293913009200100550e-01,-1.998741901377161859e-02,1.867705966709201915e-01,-1.155761504193995315e-01,-2.549167825380256769e+00,1.306020672760942469e+00,-1.111951865497753156e+00,3.970067058086339529e-01,-5.553788801879050441e-01,-2.109017230282314248e+00,-5.155251234214504041e-01,5.667689494524902338e-01,3.778768212018590589e-02,-1.328504888433381659e+00
-1.024370150447603267e-01,7.336231216345960593e-02,2.899523071580394351e-01,-4.015909489037094993e-01,5.222102917430891944e-01,5.521315679448157709e-01,5.110497555375748124e-01,-7.249529123194937696e-01,1.728211176975932573e-01,2.811629397898202098e-01,1.681224072677768078e+00,-5.596230301511331273e-01,-2.582956613138168156e-01,-3.769784706371513416e-01,-8.733110186280179654e-01,-3.128662032419998185e-01,6.900622717463315015e-01,-4.081400003054007353e-02,1.935750982722386770e-01,-1.001771675831696351e-01,-2.574540134125437696e+00,1.312251886073914520e+00,-1.140973266547300469e+00,4.416968206027810373e-01,-5.682193034638473028e-01,-2.112045868929547598e+00,-5.017987085483796017e-01,5.936380569622443648e-01,4.661299090420864544e-02,-1.338623656267961426e+00
-1.079814278549973139e-01,7.797384896391629239e-02,2.913021675550007683e-01,-4.000760972027252449e-01,5.198765716249719171e-01,5.479855651730969335e-01,5.190176173160431228e-01,-7.004786013200191563e-01,1.503416934023429630e-01,2.746525349358460155e-01,1.646888135778351359e+00,-5.532855393589514170e-01,-2.590864714469152119e-01,-4.238699275657023535e-01,-9.089859827138009329e-01,-2.940681445341091771e-01,7.661165907624959415e-01,-6.477057279387467281e-02,1.952015517101109432e-01,-8.695063152307477838e-02,-2.593511785301983341e+00,1.317310785801380613e+00,-1.164895360010897107e+00,4.856708579062813391e-01,-5.967629325962507947e-01,-2.115738968515685325e+00,-4.883693639196026726e-01,6.202295761018644660e-01,5.577052343083086644e-02,-1.348348292472434817e+00
-1.132621011755331614e-01,8.216168546671417938e-02,2.921540739977339096e-01,-3.978660132381466874e-01,5.176646090591413563e-01,5.446115501069720422e-01,5.264265011323144838e-01,-6.763086976822534346e-01,1.288422253721327460e-01,2.695976514674012225e-01,1.615302921568627426e+00,-5.457191403449552780e-01,-2.599035040020198917e-01,-4.768196289973156143e-01,-9.514881731923554575e-01,-2.756017113179923261e-01,8.542504315965834261e-01,-9.105246494748198138e-02,1.913430643137624954e-01,-7.683558106674050203e-02,-2.607214082381444697e+00,1.321075665802302179e+00,-1.184972914679592648e+00,5.294492101390358973e-01,-6.368549372562798405e-01,-2.120410128849664844e+00,-4.748967341958001409e-01,6.462411747677848650e-01,6.507418584648366755e-02,-1.357519457960808529e+00
-1.182609407795317813e-01,8.601025622854595321e-02,2.925272554745246834e-01,-3.957357113306106955e-01,5.158871437478163013e-01,5.413579898216651642e-01,5.330902630414676713e-01,-6.544556041581496286e-01,1.087678126817182567e-01,2.656915385908957261e-01,1.585475848119752618e+00,-5.378839652258365911e-01,-2.611614140168106446e-01,-5.403682848436254238e-01,-9.947406146299276886e-01,-2.470332724138807334e-01,9.482852092543438971e-01,-1.190643752243260717e-01,1.795755526019855997e-01,-6.872728151490826998e-02,-2.617872294784087561e+00,1.324053688110015781e+00,-1.203771174823439649e+00,5.721344463675628322e-01,-6.798996957982750278e-01,-2.124924219195629682e+00,-4.614954894473463631e-01,6.706938617822508775e-01,7.375571811546169365e-02,-1.365236788795640699e+00
-1.230149234311914280e-01,8.958844356011080867e-02,2.924483904302461190e-01,-3.938762569328905783e-01,5.146126832057681399e-01,5.380079624001015137e-01,5.390572445505076304e-01,-6.352390784802744994e-01,8.984704430690160226e-02,2.624751623115737509e-01,1.556638318326699855e+00,-5.302223834735327879e-01,-2.629163942191986014e-01,-6.161555070503097475e-01,-1.035597263343557728e+00,-2.053924124908843574e-01,1.044298032713310231e+00,-1.489590730943808894e-01,1.600730553573913584e-01,-6.198916948286353756e-02,-2.626792557345376533e+00,1.326533277398652011e+00,-1.222411133946960549e+00,6.133448966326756624e-01,-7.228278052746652804e-01,-2.128639026992766414e+00,-4.483646432283838190e-01,6.931742087259730178e-01,8.144943655371912616e-02,-1.371273995582621641e+00
-1.275858658187287720e-01,9.295952421478770322e-02,2.919495006618644806e-01,-3.922305595146449164e-01,5.137966632948447465e-01,5.345253594347240123e-01,5.444729718646199590e-01,-6.181965260643397242e-01,7.149906531879779426e-02,2.594787540713571761e-01,1.528155473400048425e+00,-5.229455126363600215e-01,-2.640519893749483371e-01,-7.044547496244897289e-01,-1.072253757836490129e+00,-1.508451394271816126e-01,1.140030007668101586e+00,-1.809470705356236164e-01,1.337491328724956796e-01,-5.619868189691987204e-02,-2.634744115304361589e+00,1.328702936848106697e+00,-1.241236855746363998e+00,6.529263503608380148e-01,-7.646324208012373891e-01,-2.131149292535305495e+00,-4.357076774760245685e-01,7.135779814557637879e-01,8.801414758788227155e-02,-1.375632189100202352e+00
-1.320423866129074031e-01,9.618701343058461140e-02,2.910674984756624339e-01,-3.906618495802579583e-01,5.133646530786394324e-01,5.309087015272468957e-01,5.495239934207408750e-01,-6.025793932153737931e-01,5.309491472372447618e-02,2.563361462897795207e-01,1.499497694707742523e+00,-5.161329498491412648e-01,-2.646840543887717945e-01,-8.048344289570804611e-01,-1.103449076166021614e+00,-8.483714727503191555e-02,1.234376057875269384e+00,-2.150918952800766615e-01,1.016295583311882106e-01,-5.097540432667775623e-02,-2.642214827671881316e+00,1.330709662156708495e+00,-1.260202202280270134e+00,6.908186235348652282e-01,-8.050828162315630809e-01,-2.132147031406101512e+00,-4.237116119939933756e-01,7.319680546819040678e-01,9.341365150796585026e-02,-1.378379514855133436e+00
-1.363716346470744967e-01,9.938596088195610079e-02,2.899235311518560954e-01,-3.892453290347331896e-01,5.129336528493432246e-01,5.273638329354687349e-01,5.543234879660817738e-01,-5.875005324539183116e-01,3.530211322051700351e-02,2.526886547244356351e-01,1.470831067716254825e+00,-5.096508138125849241e-01,-2.649825058218293616e-01,-9.141582131230727715e-01,-1.126493445593336862e+00,-1.002725894373023008e-02,1.326503681744857888e+00,-2.501114247850813044e-01,6.832856585801165561e-02,-4.593364818514151376e-02,-2.649183837247441442e+00,1.332694742941876731e+00,-1.278449403377137195e+00,7.275507698737700979e-01,-8.407788779886931074e-01,-2.131795794694128166e+00,-4.126916648493591522e-01,7.476949525886465997e-01,9.773570942843923248e-02,-1.380571313791993493e+00
-1.403548432315926409e-01,1.027496959271986393e-01,2.887679159785320748e-01,-3.885394421925923991e-01,5.117270538332996388e-01,5.242768636244427016e-01,5.588437120554169413e-01,-5.722346747507492948e-01,2.108838605769081803e-02,2.485113804990942976e-01,1.443478633750972184e+00,-5.030590275353252760e-01,-2.651874526978472146e-01,-1.024283112151590958e+00,-1.136539647048126600e+00,6.858826259125669345e-02,1.415627313394305142e+00,-2.827092019639276255e-01,4.384567840887051982e-02,-4.064025916000373051e-02,-2.655050866893271522e+00,1.334648751237101250e+00,-1.294238210784890430e+00,7.644657434791699568e-01,-8.631639272302901178e-01,-2.130338130083813564e+00,-4.023322303789454990e-01,7.620726943781425122e-01,1.010233177700509966e-01,-1.382270272572490688e+00
-1.437853281307332198e-01,1.063201169670108526e-01,2.876575056986909740e-01,-3.888677679741750493e-01,5.096487567382935735e-01,5.212739156322233613e-01,5.633058748738061228e-01,-5.565932318600365081e-01,1.177672297330927854e-02,2.452781254820099455e-01,1.418197674766429550e+00,-4.961152466684794482e-01,-2.654836198716605256e-01,-1.130083233439771906e+00,-1.132214493356348273e+00,1.467213396969327399e-01,1.502392730107862340e+00,-3.118322255923612341e-01,3.016238331761922353e-02,-3.431088639760199177e-02,-2.659704762425201707e+00,1.336317291674813168e+00,-1.307193086313153785e+00,8.019141219225238704e-01,-8.710943426379017529e-01,-2.127326305167315912e+00,-3.923353439401285336e-01,7.750932311001973440e-01,1.032887848414700688e-01,-1.384177405207033473e+00
-1.464852895413219225e-01,1.100352491144715172e-01,2.865152218658356120e-01,-3.902677243127888884e-01,5.069290542358965146e-01,5.178779944001102864e-01,5.679058435280460726e-01,-5.405978029494740156e-01,7.632784922857039148e-03,2.445820222550946221e-01,1.395499351131505694e+00,-4.887047607999416288e-01,-2.659848982862651479e-01,-1.228441929744523486e+00,-1.114406651203564635e+00,2.213898041702066499e-01,1.587642667362996640e+00,-3.372991799211521036e-01,2.668125616252269711e-02,-2.649614741107020333e-02,-2.663087043214678484e+00,1.337298970529516851e+00,-1.317457436790026692e+00,8.400576498764785738e-01,-8.658422154641353119e-01,-2.122053860844310691e+00,-3.824414940500868720e-01,7.861872877546198790e-01,1.045687374777767298e-01,-1.387082568422064899e+00
-1.483046194526106976e-01,1.137900126509594073e-01,2.852455120784737064e-01,-3.925174751076654367e-01,5.040772864450847601e-01,5.139361545109160101e-01,5.724558935951266081e-01,-5.237248963040050942e-01,8.922135179977586095e-03,2.480661070788799383e-01,1.375048619101849612e+00,-4.810651776844122596e-01,-2.667596381699135488e-01,-1.317785515626147319e+00,-1.085675303435617467e+00,2.912221088116621615e-01,1.671858829082975673e+00,-3.593345632980604609e-01,3.211473234219572315e-02,-1.861205801608320498e-02,-2.665112002325173535e+00,1.337566219930771849e+00,-1.325513875149661569e+00,8.789814092832897163e-01,-8.492200476023106237e-01,-2.114729250210401812e+00,-3.716863441240935151e-01,7.962489003830345302e-01,1.058647472108035087e-01,-1.390911712656176968e+00
-1.492001830058282963e-01,1.175311554385222862e-01,2.838068502189755038e-01,-3.954174252132662826e-01,5.012144540476428656e-01,5.098959910498255255e-01,5.765719462502059134e-01,-5.048940401448026583e-01,1.677806610650455985e-02,2.570494590906967081e-01,1.356737680767530652e+00,-4.742643872683828254e-01,-2.677454019146015551e-01,-1.394898586555012532e+00,-1.050258655142461750e+00,3.520508870042189375e-01,1.754400287234397116e+00,-3.792320268913167980e-01,4.258638611085664022e-02,-1.298145523906248100e-02,-2.665894488313290456e+00,1.338006753673846916e+00,-1.331604788231331327e+00,9.172644188098019180e-01,-8.262684639863230318e-01,-2.106485924041504809e+00,-3.592612003114386554e-01,8.065532211911976557e-01,1.082554732252278412e-01,-1.395617485781828426e+00
-1.492612324246065658e-01,1.212960385656501466e-01,2.821510826150929185e-01,-3.990975869393832975e-01,4.975308664245144397e-01,5.064064215187787932e-01,5.802901768068955413e-01,-4.826693621913343835e-01,3.384974258644563028e-02,2.734128152794487177e-01,1.341675555502020556e+00,-4.700322304448841804e-01,-2.687078584978941920e-01,-1.454887952719058797e+00,-1.013016831220848291e+00,3.958259025680657128e-01,1.833593176407974257e+00,-3.993702160366857656e-01,5.151086852038863628e-02,-8.967804084380831542e-03,-2.665862388113925618e+00,1.339608505771330949e+00,-1.335502981416620161e+00,9.517266667776637101e-01,-8.056470515724729609e-01,-2.097655221657153568e+00,-3.456426594151231213e-01,8.154726708232684640e-01,1.106168547500465255e-01,-1.401055530618458889e+00
-1.486085800700962523e-01,1.249769523433923446e-01,2.800295253273578089e-01,-4.036677070690253832e-01,4.924254561346813608e-01,5.035750389358680801e-01,5.839369372060760899e-01,-4.557198095488367295e-01,6.426228955161279732e-02,3.016062967787563331e-01,1.331248516795518810e+00,-4.683697410131855698e-01,-2.695426533346048092e-01,-1.498734501507756001e+00,-9.769373044436472364e-01,4.217875804014619145e-01,1.909047332046067469e+00,-4.205147555312643837e-01,5.719514033426294913e-02,-5.112808561400603025e-03,-2.664993254616625062e+00,1.342253291377307090e+00,-1.338004764439920669e+00,9.820302066064688917e-01,-7.897104759690680709e-01,-2.088646806501010200e+00,-3.313025565706856357e-01,8.223296636365301504e-01,1.124562806389892838e-01,-1.407046746639110113e+00
-1.473352451474842228e-01,1.284618863908868758e-01,2.772430282688944092e-01,-4.088100829908826728e-01,4.858046349136299624e-01,5.013899840321034418e-01,5.877722829920694059e-01,-4.238975049448505672e-01,1.100460831524334715e-01,3.449388905244118453e-01,1.326645046823999641e+00,-4.684458675109434145e-01,-2.701432351516146468e-01,-1.529692595037477121e+00,-9.442443846544222863e-01,4.323300522574784477e-01,1.980847075468673557e+00,-4.427904107082780705e-01,5.952924171260224467e-02,-6.802897566802572349e-04,-2.663229506101796318e+00,1.345544548509645111e+00,-1.339870392950306410e+00,1.008733235463090905e+00,-7.786603903468632959e-01,-2.079882709987801448e+00,-3.161243959344545162e-01,8.263237813964796619e-01,1.135895825896924421e-01,-1.413541680655207244e+00
-1.454887601208077197e-01,1.317176980063735625e-01,2.737813100225875429e-01,-4.140549813679589297e-01,4.779335971803868044e-01,4.996772082904263335e-01,5.919971592885229228e-01,-3.878735032689553663e-01,1.683533049736079534e-01,4.023429537882112772e-01,1.327606493719243996e+00,-4.697031699991215947e-01,-2.683391335059684968e-01,-1.551154244143172489e+00,-9.158752338145841332e-01,4.300688998505707850e-01,2.049143152052595784e+00,-4.661005765829459579e-01,5.886492151422557245e-02,4.409413596843335219e-03,-2.660731527677926866e+00,1.349501403728060822e+00,-1.341568035256745839e+00,1.032443831350292163e+00,-7.720007882764930995e-01,-2.071384747191213904e+00,-2.985076586561752898e-01,8.258210419072044006e-01,1.144095081179594270e-01,-1.420758502186781014e+00
-1.432357045682461361e-01,1.347477035099419740e-01,2.696626276823321788e-01,-4.188384316745116243e-01,4.696578025241283649e-01,4.982377298527488896e-01,5.964520779004978124e-01,-3.495101217546087158e-01,2.300327215205019704e-01,4.657666915248636075e-01,1.330285941628332802e+00,-4.711383867669992620e-01,-2.617196346132883433e-01,-1.568399615761306709e+00,-8.924223423717901893e-01,4.195341434644590528e-01,2.113607973537381834e+00,-4.883250828309932956e-01,5.521993549838832144e-02,1.021582671334998749e-02,-2.657149846252848224e+00,1.353811867678149650e+00,-1.343343449639903264e+00,1.054007014648073115e+00,-7.690149651278540555e-01,-2.063099688501663032e+00,-2.793864205283607682e-01,8.214428713848695995e-01,1.129114473166194371e-01,-1.428918592160169920e+00
-1.409363028803406470e-01,1.375605520997650599e-01,2.648521275459253532e-01,-4.225514854457034231e-01,4.622318128821560346e-01,4.970594384081720163e-01,6.006034467693218692e-01,-3.122389923424728209e-01,2.829406294325360616e-01,5.223359566764075312e-01,1.327628963874742274e+00,-4.712777000202116873e-01,-2.486563538937512363e-01,-1.588435802202303071e+00,-8.743725385128011673e-01,4.077167617314281789e-01,2.173249773172142518e+00,-5.057085362140050222e-01,4.821961647037353860e-02,1.692293302831476484e-02,-2.651923523857121712e+00,1.357436975947793556e+00,-1.345388710041144575e+00,1.074100733314091727e+00,-7.687629575413966743e-01,-2.055301810935055595e+00,-2.640572746831413853e-01,8.170132822666011929e-01,1.076893081219616188e-01,-1.436958758742992615e+00
-1.388987931520206109e-01,1.401813263268152643e-01,2.595111778940630831e-01,-4.249828801819026114e-01,4.560521850937040433e-01,4.963043784970105343e-01,6.042250573323227902e-01,-2.772487317227307346e-01,3.231280026302395525e-01,5.668037899692872639e-01,1.315055365585971581e+00,-4.704794520753169951e-01,-2.291320306535006013e-01,-1.613931592824468186e+00,-8.605364187484632055e-01,3.974888968279204349e-01,2.227492352658760666e+00,-5.177085451301687291e-01,3.810015529631338715e-02,2.260276129554241939e-02,-2.645978725236932672e+00,1.361192604672013307e+00,-1.348090628383209921e+00,1.092290601737234246e+00,-7.701310150776126129e-01,-2.047319514133103091e+00,-2.523152273019862446e-01,8.135904337139098219e-01,9.990850219456175185e-02,-1.445155451502577737e+00
-1.373942003991983352e-01,1.426175789100749269e-01,2.539066784433773316e-01,-4.259069189235206720e-01,4.511565270402571048e-01,4.962869199393765696e-01,6.072564348108089316e-01,-2.440354423592998589e-01,3.512615940473676757e-01,5.987715171203505937e-01,1.290684854334817722e+00,-4.691124971023231116e-01,-2.036858620035141287e-01,-1.645995867807926061e+00,-8.494000636367321500e-01,3.902176823726071220e-01,2.276064986547711388e+00,-5.249074494440850724e-01,2.524323645743229566e-02,2.348977760455613073e-02,-2.640415458121875059e+00,1.366425989970220023e+00,-1.351506961394477235e+00,1.108278332933671839e+00,-7.723078638749371061e-01,-2.038601850361618784e+00,-2.400018096168891613e-01,8.111763535651590473e-01,9.307330747475200949e-02,-1.453788415910170606e+00
-1.365912927942312394e-01,1.449162842753669300e-01,2.482977156878216074e-01,-4.250558327940704983e-01,4.476297057406873336e-01,4.972984325423594476e-01,6.096305885839038430e-01,-2.120721054985621468e-01,3.687598375356652136e-01,6.186056856052678521e-01,1.254329996613206433e+00,-4.672625454976764292e-01,-1.730421439022926666e-01,-1.685482915533603077e+00,-8.395821085177305187e-01,3.865918525286130558e-01,2.318957707910519694e+00,-5.281906737057950885e-01,1.002939259912240255e-02,1.876013563463551151e-02,-2.635453277481178525e+00,1.372263449379645506e+00,-1.354961938848431746e+00,1.122089239315578135e+00,-7.751235288205349239e-01,-2.029560153075188111e+00,-2.268079726476968649e-01,8.103087390241567878e-01,8.736508793719086063e-02,-1.462085088213291417e+00
-1.366868751996486442e-01,1.471274276127822189e-01,2.427392325672412809e-01,-4.227602128976222229e-01,4.452490071174777797e-01,4.985667372823580634e-01,6.119305052878964979e-01,-1.811620075778598848e-01,3.770846770737853459e-01,6.281320647742327790e-01,1.209140188353134748e+00,-4.639838002762065039e-01,-1.440305980592085644e-01,-1.727896489320686957e+00,-8.375609397065403305e-01,3.853431296153299601e-01,2.355876010098270079e+00,-5.299690041400609841e-01,-9.341679656250342564e-03,1.085632909842519644e-02,-2.630806613904047353e+00,1.378046556439580073e+00,-1.358385459399803930e+00,1.134049549516471078e+00,-7.773673769405278211e-01,-2.020359443139692956e+00,-2.137248412874836745e-01,8.110266019330399923e-01,8.208146592481710413e-02,-1.469227398395116735e+00
-1.379359663635108812e-01,1.493406677083213008e-01,2.373380265227597874e-01,-4.195669845644529605e-01,4.436483138737252752e-01,4.999367173919402330e-01,6.141685417406722580e-01,-1.527130955547609803e-01,3.786246363595106024e-01,6.280269054406651952e-01,1.160925404481917944e+00,-4.578222838693177810e-01,-1.269573860725931591e-01,-1.769380297523677648e+00,-8.455848877797335073e-01,3.870532907662185829e-01,2.386952896534616286e+00,-5.285491016951447962e-01,-3.684741585721516138e-02,5.252644360283029862e-04,-2.625994313547242776e+00,1.384371892471244703e+00,-1.361941027490672029e+00,1.145116646163836016e+00,-7.773296160136021760e-01,-2.011525636494676750e+00,-2.016521737825998084e-01,8.128958440266815799e-01,7.693060620841091213e-02,-1.474726211793307096e+00
-1.402084967981690744e-01,1.516950774634961974e-01,2.321672809664557247e-01,-4.153996676988967462e-01,4.422247288304325674e-01,5.022773881024861220e-01,6.161151115558204383e-01,-1.255781883418490286e-01,3.752122145475140225e-01,6.171812813444975676e-01,1.112269283193223934e+00,-4.488492153062565992e-01,-1.235831797218545497e-01,-1.809111149281676933e+00,-8.642414528391565431e-01,3.944608564781110771e-01,2.412878027158332550e+00,-5.218766866686439521e-01,-7.305430418662711700e-02,-1.334593988974381099e-02,-2.620881750096050844e+00,1.391213072258159045e+00,-1.365570831679671748e+00,1.156125772608197488e+00,-7.749379033185042065e-01,-2.002664512232662286e+00,-1.912912288538209660e-01,8.154572950960331523e-01,7.140313599904481168e-02,-1.478770625589588050e+00
-1.432148328436192997e-01,1.543437253548553822e-01,2.271960261701274908e-01,-4.101804416174895107e-01,4.402067144952561129e-01,5.065042899836995627e-01,6.175948980163952218e-01,-9.798802515595107787e-02,3.692306994444271018e-01,5.948212226797918722e-01,1.065019063603318106e+00,-4.372171234164095588e-01,-1.328702216042700335e-01,-1.846016445542172368e+00,-8.941314154300500361e-01,4.101286787183143212e-01,2.434701725299541764e+00,-5.097584958116887499e-01,-1.172037009021422438e-01,-3.172196990927032834e-02,-2.615008305843746772e+00,1.398471474730161201e+00,-1.369265442364971497e+00,1.167632120221262060e+00,-7.705425949399807850e-01,-1.992613789132405389e+00,-1.830988830801943135e-01,8.183304610534012369e-01,6.517657720900692231e-02,-1.481934523824051553e+00
-1.463405365831318972e-01,1.574166773486897208e-01,2.221967952085344977e-01,-4.035553898937741524e-01,4.367766601250871461e-01,5.139228189160125471e-01,6.182662203265664180e-01,-6.751828652156295629e-02,3.639889743019426582e-01,5.601218010547687198e-01,1.020488780433305820e+00,-4.230908278722801397e-01,-1.530676957155423790e-01,-1.877643225586965947e+00,-9.359813608640419336e-01,4.366406381688022753e-01,2.453455143148863815e+00,-4.925629423792823869e-01,-1.682238339922631498e-01,-5.641176990389664553e-02,-2.607696055689565195e+00,1.405426832829498318e+00,-1.373236851240095868e+00,1.179886087323021915e+00,-7.644722858200770910e-01,-1.978704311922174774e+00,-1.772867876278221566e-01,8.205713890553217871e-01,5.732334109597517907e-02,-1.484908173116750385e+00
-1.489131459808004376e-01,1.609647954827445049e-01,2.170567038572524532e-01,-3.958499981628415543e-01,4.313130803109893607e-01,5.245170871370505861e-01,6.181857576880819272e-01,-3.250971670637504973e-02,3.627411575142421851e-01,5.159829701643947608e-01,9.791970885149861026e-01,-4.083246890220563752e-01,-1.780251584518709185e-01,-1.899175957509532386e+00,-9.854276729613458130e-01,4.703428668166148019e-01,2.468682369987260206e+00,-4.744174417743848848e-01,-2.172123262967534385e-01,-8.634559618785420110e-02,-2.597723726014096179e+00,1.410789884132810368e+00,-1.375954970989534232e+00,1.191680470398166936e+00,-7.580298033797000512e-01,-1.958831688271461591e+00,-1.734446022586343950e-01,8.214310923119432228e-01,4.712462379384987216e-02,-1.488377382187858311e+00
-1.509729333709574350e-01,1.649341827809955585e-01,2.120315092522949418e-01,-3.889066231387559025e-01,4.239626325506525850e-01,5.356047203114638888e-01,6.181706141993554837e-01,5.663666973114843406e-03,3.658167333233566243e-01,4.705609981974054890e-01,9.410420005452468928e-01,-3.956261912117386426e-01,-2.001218282995833875e-01,-1.908173851733734550e+00,-1.033007525776590718e+00,5.006175079151993224e-01,2.478901561314470925e+00,-4.602707800265569693e-01,-2.526156805683554274e-01,-1.154333885966349199e-01,-2.583706590498978439e+00,1.414117061886722926e+00,-1.375196700072804923e+00,1.201127826800926668e+00,-7.528973157765557200e-01,-1.934111749237915845e+00,-1.708427103909366529e-01,8.213984150363800030e-01,3.469017034423355073e-02,-1.492504055539621621e+00
-1.527409966523578244e-01,1.691830378611125230e-01,2.072612452841158248e-01,-3.837305304234100989e-01,4.155682219102058150e-01,5.455955886067289651e-01,6.183683260422021544e-01,4.435505042967740480e-02,3.720182674866455153e-01,4.291454362958027624e-01,9.061842812126157387e-01,-3.857235610198674891e-01,-2.174810802489390016e-01,-1.904029348778341735e+00,-1.074266573016002813e+00,5.211908123997903708e-01,2.484145103644591845e+00,-4.502499722229876267e-01,-2.729138343780170284e-01,-1.408430841881865014e-01,-2.564892966163781818e+00,1.414759946714290395e+00,-1.371002458852595973e+00,1.207655249587070934e+00,-7.494348783590640828e-01,-1.906337354320429389e+00,-1.689363862311264175e-01,8.209846137786700471e-01,2.002920614247304110e-02,-1.497060529674846707e+00
-1.544786092465862404e-01,1.735321545268037058e-01,2.028554598484711424e-01,-3.806562393693877500e-01,4.071265428420980936e-01,5.537911897127132388e-01,6.185989959400491900e-01,8.077134951276811192e-02,3.795949316338499413e-01,3.947473912198308788e-01,8.748731511320764209e-01,-3.785643873004417292e-01,-2.301305983527046628e-01,-1.887240837338051813e+00,-1.107396735203666216e+00,5.296343846616815565e-01,2.485125184209790117e+00,-4.431933643473307538e-01,-2.796386099508463285e-01,-1.621209537387922062e-01,-2.542609627718808607e+00,1.412725807792530652e+00,-1.361310804858824275e+00,1.212067035478451293e+00,-7.494073085462432671e-01,-1.877923730155450111e+00,-1.673093920698782711e-01,8.204739369892789513e-01,3.614569253746886986e-03,-1.501456779126014052e+00
-1.564071881185389312e-01,1.777528181879950153e-01,1.989834551430590126e-01,-3.794508116422554700e-01,3.994281704794505616e-01,5.601125861006210904e-01,6.186663956149119903e-01,1.127147003241001644e-01,3.867554610598548659e-01,3.687738865597764981e-01,8.473330132356553523e-01,-3.738132049703814519e-01,-2.386543368362296913e-01,-1.859113927667431998e+00,-1.131814869200115536e+00,5.262602043528017415e-01,2.482675360974712753e+00,-4.381753986995957639e-01,-2.749460804027966110e-01,-1.798115756278921007e-01,-2.518920845756333016e+00,1.410438233934458774e+00,-1.343081012199808466e+00,1.216229798029702991e+00,-7.547230507141993172e-01,-1.851799208364149241e+00,-1.659084819488225726e-01,8.200054277657441437e-01,-1.335890987893260246e-02,-1.504906399661116057e+00
-1.586199086022243021e-01,1.816514386787832225e-01,1.955002188348197167e-01,-3.795118970243401280e-01,3.931705737358982544e-01,5.643508208975875906e-01,6.187857229424335026e-01,1.395313207612904338e-01,3.910793916413218274e-01,3.508264874537813660e-01,8.220589469571231156e-01,-3.695540915739043974e-01,-2.447673228643403587e-01,-1.828092270470108360e+00,-1.147538838687944596e+00,5.166924615484208561e-01,2.478203385550214133e+00,-4.341419690546181598e-01,-2.648539272713241188e-01,-1.943321438553359815e-01,-2.496942596391220182e+00,1.408830705964472463e+00,-1.318998512759034014e+00,1.218802778979608981e+00,-7.589235686521836888e-01,-1.829054800012350990e+00,-1.645354622353037144e-01,8.196197295814252604e-01,-3.004302911322142070e-02,-1.507439593557527102e+00
-1.610633521802175838e-01,1.850919263076224452e-01,1.921146289468301793e-01,-3.801762936515656888e-01,3.885509294520535506e-01,5.661428464639965963e-01,6.196583238890179812e-01,1.625792535399132877e-01,3.904625583515720644e-01,3.391070217721467439e-01,7.962603588001825328e-01,-3.635683698341563574e-01,-2.503521986126874266e-01,-1.805340180179994869e+00,-1.154797877581006160e+00,5.094653902823155223e-01,2.473551716384771115e+00,-4.301794599241579031e-01,-2.562126886115133062e-01,-2.053711694835641255e-01,-2.479960301790044230e+00,1.409064570272965167e+00,-1.292677495509460428e+00,1.217593166826903550e+00,-7.540708275598539956e-01,-1.809534957157003188e+00,-1.628027761324593592e-01,8.192212263391612792e-01,-4.595541334631556007e-02,-1.509676652365557814e+00
-1.636512583386483255e-01,1.881496739805977314e-01,1.888452549204057140e-01,-3.812007497815303458e-01,3.853227886814408198e-01,5.653079415563804222e-01,6.218037569004921661e-01,1.839135983031796873e-01,3.835944416982337013e-01,3.311219970146135338e-01,7.666254955666559345e-01,-3.556070988088073648e-01,-2.560366991828066374e-01,-1.794945019536038133e+00,-1.154382821027838624e+00,5.082336577582741155e-01,2.469306999358715782e+00,-4.259242119801988635e-01,-2.512139575952073711e-01,-2.124037578545011906e-01,-2.469509697262263881e+00,1.412224438107768654e+00,-1.265668350437539891e+00,1.211416871265297956e+00,-7.382564628762136039e-01,-1.793139365286882114e+00,-1.604243844891061477e-01,8.189337283152055003e-01,-6.095593324814479325e-02,-1.512101132274320969e+00
-1.663366332338597764e-01,1.909206854920114660e-01,1.857631309177712742e-01,-3.827643565368182288e-01,3.831307017584676955e-01,5.617469947737148139e-01,6.254139641850982034e-01,2.051589627867124455e-01,3.700035383588660687e-01,3.241787250292326172e-01,7.306990806271856931e-01,-3.461566674651579412e-01,-2.619329484866077529e-01,-1.797648043711743471e+00,-1.147434601698468448e+00,5.133263126718572433e-01,2.465496817682472752e+00,-4.211797272177888463e-01,-2.502155772779749432e-01,-2.149241521534582811e-01,-2.466022338482872112e+00,1.418964360857651874e+00,-1.238639208309900486e+00,1.199916905738444894e+00,-7.118300075435212149e-01,-1.779802321356136696e+00,-1.572471693688811123e-01,8.188790306591392509e-01,-7.491903366581852131e-02,-1.514990346493642503e+00
-1.691310297248886652e-01,1.934714041873642210e-01,1.829943877509470629e-01,-3.851460600913239052e-01,3.817574515737037766e-01,5.554649395692055069e-01,6.303827896393270347e-01,2.263593661155810510e-01,3.496607698775954232e-01,3.162202276486446584e-01,6.878792839835412565e-01,-3.356295920613336925e-01,-2.661440463693968694e-01,-1.813109748458230586e+00,-1.135275179826645831e+00,5.236389897357842660e-01,2.462157628149208133e+00,-4.154109085688543757e-01,-2.529162291786212213e-01,-2.128111672456172443e-01,-2.469527790864174843e+00,1.429439265099424095e+00,-1.211838256495949562e+00,1.183264483461725414e+00,-6.758860105296993215e-01,-1.769711040046813677e+00,-1.533364568801742767e-01,8.190985599099330772e-01,-8.773520322464753440e-02,-1.518486129246385596e+00
-1.721579720645866618e-01,1.958997919559478385e-01,1.805363067062822346e-01,-3.886587948793712721e-01,3.809343942743838030e-01,5.473455487853322587e-01,6.358035692307856257e-01,2.450474302501525481e-01,3.260559510922038107e-01,3.075954689047054602e-01,6.427387284516660193e-01,-3.248960743814707230e-01,-2.688898144858952732e-01,-1.835810441508231916e+00,-1.121852985447578721e+00,5.350624646163457676e-01,2.458743644744913137e+00,-4.088735535170645585e-01,-2.574743511593735601e-01,-2.075474817184607135e-01,-2.476006472190837471e+00,1.442722673627220509e+00,-1.185851710683200499e+00,1.162068777464544622e+00,-6.366562730432354655e-01,-1.762389859334536180e+00,-1.493174651274895293e-01,8.198163091216411624e-01,-9.953287857324942534e-02,-1.522218697405099741e+00
-1.753795323770621084e-01,1.983663983391638630e-01,1.783239835366110804e-01,-3.934184387220232559e-01,3.804915622085404681e-01,5.386133371220066524e-01,6.405813143960363831e-01,2.595261315913972022e-01,3.036792985658084976e-01,2.985883533563042924e-01,5.996475669683141163e-01,-3.149514137645503808e-01,-2.705450944780142808e-01,-1.858701564442174936e+00,-1.111658258596130766e+00,5.428218591728589670e-01,2.454066974682158175e+00,-4.029635170544276224e-01,-2.616421905012515925e-01,-2.011322354163000425e-01,-2.480074393475271144e+00,1.456760854283918771e+00,-1.161460660712377635e+00,1.136780075067871598e+00,-6.011723962399021515e-01,-1.756251207246304791e+00,-1.458253496944659777e-01,8.211658199111370182e-01,-1.109666530640715382e-01,-1.525738922698410605e+00
-1.786011535001175432e-01,2.009455505675685760e-01,1.763045482313398971e-01,-3.990740921988452650e-01,3.803536760063745970e-01,5.299600184268762337e-01,6.443704904424863988e-01,2.705175735307244200e-01,2.842349721736553980e-01,2.888441125511687635e-01,5.597894245345557129e-01,-3.059864484986301592e-01,-2.714325055028721789e-01,-1.878561621862351094e+00,-1.106632171266971110e+00,5.456149535980104881e-01,2.448132009614800708e+00,-3.984101387175943976e-01,-2.646093886230237446e-01,-1.944764095898014189e-01,-2.478247403136331073e+00,1.471074890448366146e+00,-1.138655086880170586e+00,1.108491448597367146e+00,-5.719523338684298075e-01,-1.749869158903944122e+00,-1.430780652304424472e-01,8.230161554765832443e-01,-1.225783981895297442e-01,-1.528832224268183992e+00
-1.816299372847049454e-01,2.036540932444714236e-01,1.743354822772577306e-01,-4.052646016827278763e-01,3.804821378860246406e-01,5.217595233846932246e-01,6.471174121672185198e-01,2.792119786409527626e-01,2.683714644780010872e-01,2.782281825314271706e-01,5.236761414146463567e-01,-2.978826665642587135e-01,-2.718341460354218864e-01,-1.893963504982514978e+00,-1.107356896764178922e+00,5.435106432960069567e-01,2.441743857597058920e+00,-3.957501078574826581e-01,-2.660451143055247436e-01,-1.880360974241613858e-01,-2.469568447792907850e+00,1.485691093561594123e+00,-1.116688960599170555e+00,1.078767636634422544e+00,-5.499732399161183505e-01,-1.741899968750649563e+00,-1.409525240543539060e-01,8.253576550255193878e-01,-1.343593207272560652e-01,-1.530801984462157650e+00
-1.842880545303210993e-01,2.064914862129687834e-01,1.722322470300057251e-01,-4.116892285044508326e-01,3.808657830461902316e-01,5.142628325215474749e-01,6.488350896221143360e-01,2.868156363788582075e-01,2.564096460670393651e-01,2.667581602218677128e-01,4.914440894299090812e-01,-2.904414178476762420e-01,-2.719816569887987256e-01,-1.904389433442964075e+00,-1.113631875718262165e+00,5.374716035904988365e-01,2.436209717492952009e+00,-3.970928345283451510e-01,-2.656310274773864277e-01,-1.821009796719423868e-01,-2.454300577174072906e+00,1.500880580549530663e+00,-1.095279247174125947e+00,1.048715422004419695e+00,-5.351333678688220408e-01,-1.731162800094025345e+00,-1.392225908040371773e-01,8.280951901058917208e-01,-1.462720353461211542e-01,-1.531536367229953788e+00
-1.865808524186534090e-01,2.094133150226099027e-01,1.699760733533334511e-01,-4.180744512334327312e-01,3.812478568210930785e-01,5.077395509081067404e-01,6.496653331000554754e-01,2.944671666424480971e-01,2.482537902380379247e-01,2.543105109680015019e-01,4.627784012262159963e-01,-2.839815078699941542e-01,-2.719285383484850716e-01,-1.909425351479541844e+00,-1.124127958492554979e+00,5.306024274010948671e-01,2.431468246800863042e+00,-4.039119801827874001e-01,-2.644583780919335658e-01,-1.771484595323096489e-01,-2.435792123454253222e+00,1.516225912506579565e+00,-1.076111251877355457e+00,1.019806351381683740e+00,-5.238095949130875395e-01,-1.718215324137378763e+00,-1.379105426114728139e-01,8.309904730379514826e-01,-1.583629491768097086e-01,-1.531669750530564755e+00
-1.886304947414274291e-01,2.123353371129937661e-01,1.676646232067743325e-01,-4.240827033482976183e-01,3.813648002585269259e-01,5.023659134874355336e-01,6.498794032822614586e-01,3.029442818822369876e-01,2.431821495832530988e-01,2.408470978108330496e-01,4.371555119033522785e-01,-2.788569033251470652e-01,-2.716268921145776893e-01,-1.909799044985479366e+00,-1.137687202858392643e+00,5.238672648136927235e-01,2.427213679535125568e+00,-4.128372024326016909e-01,-2.634642040835505350e-01,-1.736599852346996653e-01,-2.418072483239646964e+00,1.530761295044047010e+00,-1.060358818831537597e+00,9.930451341124928444e-01,-5.122246302649710037e-01,-1.704580486557458530e+00,-1.372053045779872693e-01,8.337759800074634464e-01,-1.706395474838506010e-01,-1.531887116039764241e+00
-1.905534951071666816e-01,2.151975017541744861e-01,1.653679983781374263e-01,-4.295366999532987395e-01,3.810915745151088885e-01,4.982351657252051536e-01,6.496377104676132053e-01,3.124273900682238980e-01,2.406170497327698721e-01,2.263248669995440721e-01,4.141167741553404280e-01,-2.750433674030289266e-01,-2.710616009335602428e-01,-1.906358690621842156e+00,-1.153331924137770859e+00,5.176865644999821825e-01,2.423259839875293586e+00,-4.225263401907830008e-01,-2.626902120324089429e-01,-1.719733215560879103e-01,-2.402916495219930226e+00,1.543889764935794995e+00,-1.047687684421280130e+00,9.685362373537722558e-01,-4.991135438536952185e-01,-1.691342051443971872e+00,-1.372339919721388135e-01,8.363991613356299704e-01,-1.829754791440666717e-01,-1.532379124717752505e+00
-1.924571438178356297e-01,2.179551889754922922e-01,1.631440669584969527e-01,-4.343424084325209211e-01,3.803720810831604515e-01,4.953954338987391903e-01,6.490355277192326744e-01,3.227889778129607867e-01,2.400886011215906113e-01,2.107013027576333797e-01,3.932344742279005878e-01,-2.723965979579722752e-01,-2.702423416112380572e-01,-1.899993312215895847e+00,-1.170254642332925865e+00,5.121440163176218530e-01,2.419491297048536715e+00,-4.324666347588960735e-01,-2.621449225715215547e-01,-1.723219866335843897e-01,-2.390912470817507351e+00,1.555293933745604873e+00,-1.037328791524055882e+00,9.460898235068466722e-01,-4.841793971351504577e-01,-1.679286863129434648e+00,-1.380736981321919188e-01,8.390897555637510941e-01,-1.949347283913199502e-01,-1.532627006117642798e+00
-1.944410445942526544e-01,2.205796783324627253e-01,1.610429959928201815e-01,-4.384656993222983412e-01,3.791932387360228418e-01,4.938666062726863593e-01,6.481178778074530022e-01,3.337130069927401466e-01,2.412170633738805192e-01,1.939335598231283764e-01,3.740913129517915992e-01,-2.707536106377058660e-01,-2.691951360292467732e-01,-1.891576206817570327e+00,-1.187817319284244499e+00,5.070774023333624037e-01,2.415828272982259772e+00,-4.424790028312259871e-01,-2.627254343101337319e-01,-1.749075260523411945e-01,-2.382326129432829731e+00,1.564706152086488666e+00,-1.028263130779428991e+00,9.254350816460173990e-01,-4.675811192178639386e-01,-1.669081757713402947e+00,-1.397960462411833860e-01,8.420974546708912545e-01,-2.061323564373441219e-01,-1.532290017748349831e+00
-1.964604084838332543e-01,2.229717394271500397e-01,1.589292018518514427e-01,-4.420952999171449682e-01,3.779489381087955402e-01,4.926526090113914069e-01,6.473019023669499550e-01,3.448632431776581520e-01,2.418008304779416251e-01,1.771167400764679933e-01,3.555605853538261751e-01,-2.696476348853880101e-01,-2.680037648270282014e-01,-1.885577747185507080e+00,-1.202436740934176296e+00,5.053393412382762850e-01,2.412822362610122617e+00,-4.503271924531958570e-01,-2.627659995190343989e-01,-1.779637194102095532e-01,-2.376944721119684356e+00,1.571937316576324628e+00,-1.020269641675479955e+00,9.065814646534631205e-01,-4.506962922083346257e-01,-1.660225273834530002e+00,-1.421801921923198653e-01,8.450924090029229285e-01,-2.165753465183783699e-01,-1.531140326423816145e+00
-1.984234452186993958e-01,2.250553008356100670e-01,1.566587065555924418e-01,-4.455041402358525526e-01,3.770158134300640174e-01,4.906667820836462801e-01,6.470171917469121903e-01,3.560281931969586644e-01,2.397012707291479583e-01,1.616052091787639478e-01,3.367409148929288998e-01,-2.686740289463586118e-01,-2.659709488624395490e-01,-1.886289682328638806e+00,-1.210705735728352384e+00,5.098258031467636231e-01,2.410993784570811815e+00,-4.541239494360663209e-01,-2.628942994554831492e-01,-1.794060321159678950e-01,-2.374234032664971572e+00,1.577232861189246771e+00,-1.013546143524125309e+00,8.894365346848860376e-01,-4.347235872634667153e-01,-1.651912738469669240e+00,-1.449098604531949830e-01,8.475928874167556470e-01,-2.264982284517877698e-01,-1.528975383041171643e+00
-2.002880724212004471e-01,2.268339623345430600e-01,1.542031809869912340e-01,-4.488699060260504248e-01,3.764897210744551082e-01,4.874999703705070186e-01,6.473909763645138149e-01,3.670934669606335521e-01,2.342413126143818025e-01,1.481570336125450915e-01,3.174644460487041631e-01,-2.676911939137387453e-01,-2.615830345632247922e-01,-1.894825395677510960e+00,-1.211710624937518910e+00,5.211511460312409083e-01,2.410394301183214072e+00,-4.537359677035812666e-01,-2.630777396601078899e-01,-1.783913933787568407e-01,-2.373549257435554338e+00,1.581207196603817033e+00,-1.008143611670044626e+00,8.735565200501207439e-01,-4.199441712655970771e-01,-1.643819145717977381e+00,-1.477831804117906989e-01,8.493831875824643385e-01,-2.361168853499719944e-01,-1.525707021265134022e+00
-2.020289900060550092e-01,2.283399836777836311e-01,1.515792521589045538e-01,-4.522738824364305188e-01,3.763688231427925190e-01,4.830899774735344376e-01,6.483977387298754946e-01,3.779744447386978456e-01,2.254008024730313753e-01,1.371415971951692181e-01,2.978422763423976272e-01,-2.666352445956305384e-01,-2.546687572821313972e-01,-1.910726778045806817e+00,-1.205763575746202410e+00,5.388679052669821390e-01,2.410894083979620461e+00,-4.495870579232031372e-01,-2.638531756523589400e-01,-1.747773096492701572e-01,-2.374246361661252358e+00,1.584520981504718096e+00,-1.004029877494855949e+00,8.582419993111939371e-01,-4.063845056232383013e-01,-1.635822958678178063e+00,-1.506554336078542999e-01,8.504029366629141107e-01,-2.456396001888414282e-01,-1.521345238224739882e+00
-2.036235606945142607e-01,2.296095100544374712e-01,1.488168224269751927e-01,-4.557266855765385039e-01,3.766249559970077376e-01,4.775341864937182601e-01,6.499445601768333303e-01,3.885932133819242074e-01,2.134232852071005770e-01,1.287173965758862670e-01,2.780656115497877612e-01,-2.654738594716238298e-01,-2.454686592668500478e-01,-1.932869302318329874e+00,-1.193700607360417720e+00,5.621729932777517202e-01,2.412316605663932467e+00,-4.422185949683815620e-01,-2.635304890463678329e-01,-1.687543668615764103e-01,-2.375704310297734878e+00,1.587781997796589017e+00,-1.001174182336813878e+00,8.426196341957327141e-01,-3.939916472043146212e-01,-1.627829048040447368e+00,-1.534088369017023445e-01,8.508100486290711695e-01,-2.550376547283004225e-01,-1.515629023365152372e+00
-2.050952242075394782e-01,2.307893740604089750e-01,1.460725145187545537e-01,-4.593716485549174666e-01,3.770319230071434990e-01,4.715044051658153768e-01,6.515429482748649193e-01,3.983763669503594951e-01,2.007059388240673148e-01,1.225108995681607887e-01,2.593015975589614275e-01,-2.649763436464775412e-01,-2.355475183568428998e-01,-1.956114746882158029e+00,-1.179426000038564792e+00,5.855443312864250238e-01,2.413878409005239423e+00,-4.345685651524706650e-01,-2.631897474238603651e-01,-1.613348852847175940e-01,-2.378054524370355693e+00,1.591539659334042067e+00,-1.000840313590956265e+00,8.263980647422685122e-01,-3.839295628162933127e-01,-1.619939455978505860e+00,-1.562588421755781165e-01,8.507719974434815313e-01,-2.645865113696885262e-01,-1.509153734891293119e+00
-2.064724450396028255e-01,2.320164245993057983e-01,1.434767251617448669e-01,-4.633716220548948495e-01,3.773514136451218692e-01,4.655553080575671188e-01,6.528023480607797469e-01,4.069547042771582412e-01,1.895039812468587437e-01,1.180760004229487320e-01,2.424410502687617819e-01,-2.657443969200719014e-01,-2.261270896149699394e-01,-1.976308975537344859e+00,-1.166590428850838856e+00,6.041371116474302250e-01,2.414876657239340751e+00,-4.289719113058338418e-01,-2.627854013464953065e-01,-1.531497768228208822e-01,-2.381466199263253980e+00,1.595828400267863545e+00,-1.004148943461931065e+00,8.098571323370433728e-01,-3.770450815184533400e-01,-1.612005397846758781e+00,-1.594927021102922615e-01,8.506392004838388976e-01,-2.742456759460749627e-01,-1.501971499626930218e+00
-2.077652150750712023e-01,2.333403721513710172e-01,1.410569469427697675e-01,-4.678159531416894445e-01,3.774512012813587281e-01,4.598246837570978962e-01,6.536366001551102700e-01,4.144037454381578889e-01,1.807259161669401426e-01,1.150675091233396702e-01,2.275934084557996173e-01,-2.678339258904013365e-01,-2.174953521391094213e-01,-1.992354454957908194e+00,-1.156844593374545704e+00,6.162910235651405388e-01,2.415077445175305648e+00,-4.259427999379660212e-01,-2.627453691562127158e-01,-1.441127406007057521e-01,-2.385871065839062055e+00,1.600338197326140355e+00,-1.011241272419638237e+00,7.936365670820763052e-01,-3.732549006870315433e-01,-1.603762169478864408e+00,-1.632959053106588510e-01,8.505755242352304180e-01,-2.839193898733672894e-01,-1.494240026581010516e+00
-2.089781493185481343e-01,2.347633645192249430e-01,1.387976914328938327e-01,-4.727402822009829642e-01,3.772771987680844652e-01,4.542617664518761034e-01,6.540831662825938864e-01,4.209095857722152112e-01,1.746290977405317857e-01,1.131119013515135552e-01,2.145663875557001776e-01,-2.711243246942309226e-01,-2.096364593381785657e-01,-2.004421722077505574e+00,-1.150808730020673076e+00,6.218014496299332228e-01,2.414479699460634343e+00,-4.253434006198006934e-01,-2.624031162616454749e-01,-1.338947398784774978e-01,-2.391246574431578065e+00,1.604757187395711604e+00,-1.021727405594583304e+00,7.782469577645240166e-01,-3.722539727211723881e-01,-1.594977316507341980e+00,-1.677812817929378031e-01,8.506127651115661381e-01,-2.934886316008477603e-01,-1.486094155163168784e+00
-2.101144409359231302e-01,2.362621868364021271e-01,1.366720875285935000e-01,-4.781354404592871310e-01,3.768336352754183549e-01,4.487410194901580995e-01,6.542281019100676387e-01,4.266479030233824021e-01,1.711490717168975273e-01,1.117618918338417477e-01,2.030749871420526043e-01,-2.754519910762200374e-01,-2.024484036744021165e-01,-2.013155319388518549e+00,-1.148583914011743312e+00,6.210693543057710375e-01,2.413178855614777962e+00,-4.268343141754818437e-01,-2.619855981576103554e-01,-1.221222113862206055e-01,-2.397662162089628790e+00,1.608887206073229992e+00,-1.034980740783662201e+00,7.637683702318938117e-01,-3.737525640570266705e-01,-1.585497327003754453e+00,-1.730142542578325393e-01,8.506953479502706861e-01,-3.028451613507417428e-01,-1.477636438736530611e+00
-2.112354290455785988e-01,2.377721761980472470e-01,1.346270402210303918e-01,-4.837844653362207703e-01,3.763877482374456962e-01,4.432183996398062487e-01,6.540965557903672956e-01,4.312562121885818445e-01,1.694158545048379538e-01,1.100090466913277443e-01,1.929256019743378348e-01,-2.800821388197036743e-01,-1.961289176894837616e-01,-2.020372246499010593e+00,-1.148991525968418692e+00,6.165853653437135540e-01,2.411257394034157731e+00,-4.291180927333859696e-01,-2.615940118813703807e-01,-1.092519035460800814e-01,-2.405028973425498151e+00,1.612625246910158072e+00,-1.051206246262565980e+00,7.502065584771014928e-01,-3.769757917338942277e-01,-1.575558631149544198e+00,-1.789578942832280861e-01,8.506897036865173067e-01,-3.118879404874939087e-01,-1.468941446082750124e+00
-2.124084395438975981e-01,2.392442810199943426e-01,1.326406053368379689e-01,-4.894621485238462300e-01,3.761825499557627794e-01,4.377230916424089679e-01,6.536916095229715618e-01,4.343325996557385049e-01,1.685719636708621072e-01,1.069837237447051337e-01,1.839200180441078747e-01,-2.844425269597075090e-01,-1.907787708195783083e-01,-2.027201575875189121e+00,-1.150610790530654626e+00,6.103863545598918749e-01,2.408770137869723715e+00,-4.312382341230092675e-01,-2.618080847728930793e-01,-9.604366991359646055e-02,-2.413500094668675100e+00,1.615742099403111087e+00,-1.070154740045471176e+00,7.375267973278656353e-01,-3.812516865501622831e-01,-1.565572065803358059e+00,-1.855013950036560333e-01,8.504410274738701814e-01,-3.206080376887954220e-01,-1.460046829580694316e+00
-2.136711487575254087e-01,2.406564322251741328e-01,1.307385357161292838e-01,-4.950262626132094224e-01,3.763426385181433131e-01,4.323341185327533309e-01,6.529949675984548785e-01,4.355666241255717330e-01,1.682024436048053517e-01,1.021814653453786970e-01,1.758960985382797271e-01,-2.883495176704069518e-01,-1.863174540173513083e-01,-2.033765460356092181e+00,-1.152429285089739741e+00,6.032926765949127024e-01,2.405781937054186415e+00,-4.329062889205854137e-01,-2.616438096924612045e-01,-8.316410652057007469e-02,-2.423197362070371064e+00,1.618083539552968020e+00,-1.091215298857666660e+00,7.254267965762560832e-01,-3.862095000522293153e-01,-1.555923072800520890e+00,-1.925277892836118054e-01,8.498091140707498825e-01,-3.290722722542324119e-01,-1.450966449180990159e+00
-2.150359647868030355e-01,2.419934722990845777e-01,1.289764174975894517e-01,-5.003745455008262732e-01,3.769514002891646287e-01,4.271871746389143687e-01,6.519540427506382851e-01,4.345988445878971040e-01,1.682190753363919100e-01,9.526354061796679651e-02,1.687922302541216002e-01,-2.917778717463552773e-01,-1.826251091032332907e-01,-2.039881802048675752e+00,-1.153778374135959517e+00,5.955869965570729230e-01,2.402381631822775976e+00,-4.340775094871812123e-01,-2.616007988708931586e-01,-7.127693364472421911e-02,-2.434321958147705800e+00,1.619487230337853800e+00,-1.113639294686954884e+00,7.135446460157950366e-01,-3.916287278016264972e-01,-1.546957613123611575e+00,-1.999333093423463215e-01,8.486470392736766843e-01,-3.373861077910604300e-01,-1.441708583540120880e+00
-2.164945743229408637e-01,2.432420251301951608e-01,1.274140601910926651e-01,-5.054274594208297833e-01,3.780427366632721498e-01,4.224350052562433344e-01,6.505193608600029487e-01,4.311570617813327289e-01,1.686879946087455062e-01,8.606729652630697169e-02,1.625417444281908874e-01,-2.947589571321765911e-01,-1.795830119561936666e-01,-2.045283843710202998e+00,-1.154183751391564261e+00,5.873466366027489949e-01,2.398679563283873772e+00,-4.347879154558202397e-01,-2.616686847625353529e-01,-6.097374659634582916e-02,-2.447117536348645039e+00,1.619770044930519681e+00,-1.136692197320534836e+00,7.015818813502597839e-01,-3.973443152780549159e-01,-1.538939447523093307e+00,-2.076237575152345138e-01,8.468076594724693873e-01,-3.456676068458893747e-01,-1.432283533602563441e+00
-2.179634468170368045e-01,2.443902356848544899e-01,1.261004851325018827e-01,-5.101282935178712563e-01,3.793340924478706411e-01,4.182694088469058324e-01,6.487882693076929552e-01,4.260576227214379896e-01,1.698296147001795431e-01,7.560915905088354261e-02,1.574193297508056921e-01,-2.977702471849369426e-01,-1.767828213853797348e-01,-2.049045523760322673e+00,-1.154137419763449524e+00,5.783033243511023214e-01,2.394857863368691220e+00,-4.351273706496331939e-01,-2.617797797379601277e-01,-5.239289484748146930e-02,-2.460607039146884389e+00,1.619431121244088612e+00,-1.159213953150934451e+00,6.893884367575748850e-01,-4.026909003246905150e-01,-1.531959463790913745e+00,-2.153967036951082159e-01,8.445622188109770390e-01,-3.537929788539246889e-01,-1.423342429294623290e+00
-2.193486898934090823e-01,2.454181674248356870e-01,1.250341014569818221e-01,-5.144248792152940064e-01,3.805478437693475269e-01,4.147898052386411183e-01,6.469156047869929482e-01,4.202893940433007347e-01,1.715891869654108393e-01,6.522666138761423760e-02,1.536690594286379830e-01,-3.011089417260990886e-01,-1.739627211841582588e-01,-2.050757329414697683e+00,-1.154224024649401104e+00,5.685917454842857044e-01,2.391067631909505664e+00,-4.351686819210053847e-01,-2.618113162581646169e-01,-4.540770563878739063e-02,-2.473679160222530093e+00,1.619122550906836544e+00,-1.180681518827075394e+00,6.769212835735565204e-01,-4.073120651268373749e-01,-1.525918009763295835e+00,-2.230657821476929314e-01,8.421422079407345773e-01,-3.616789457435665711e-01,-1.415532442992288198e+00
-2.205869799049432756e-01,2.463047291815375628e-01,1.241894699961079013e-01,-5.182723158585799128e-01,3.815968478191072988e-01,4.120359877118348613e-01,6.449837185382577553e-01,4.142819147524313683e-01,1.737715668885951303e-01,5.596526404185514503e-02,1.514905283541774228e-01,-3.048038222447795875e-01,-1.710650480720157796e-01,-2.050673129810791195e+00,-1.154898323647466141e+00,5.587172252704024622e-01,2.387352719699172621e+00,-4.349731868789993294e-01,-2.617889056667633274e-01,-3.997534337487411438e-02,-2.485938819513351383e+00,1.618784928305832871e+00,-1.200947612051086244e+00,6.644897544533974187e-01,-4.112696742580957410e-01,-1.520594137773352728e+00,-2.305336448362933777e-01,8.396897763813639948e-01,-3.692651271790740042e-01,-1.408962204896391013e+00
-2.216387782760362302e-01,2.470306991145940212e-01,1.235369718661546989e-01,-5.216301076636201683e-01,3.824924128465907458e-01,4.100087335735428384e-01,6.430353204039831461e-01,4.081577428347260561e-01,1.761310700659668715e-01,4.869462349101922466e-02,1.509816572930116341e-01,-3.087913125597882003e-01,-1.681006235829189399e-01,-2.049221681320785304e+00,-1.156492635592812013e+00,5.492023091027642412e-01,2.383689878718489474e+00,-4.345987966546127068e-01,-2.617185854974787840e-01,-3.608719142219860010e-02,-2.497341359604833944e+00,1.618115939689627858e+00,-1.219932977844591093e+00,6.523916747453982756e-01,-4.146485624993273000e-01,-1.515777456052736838e+00,-2.377593204981340858e-01,8.372288832179027862e-01,-3.765750714169826541e-01,-1.403661711563355619e+00
-2.224687015672890400e-01,2.475809706342335936e-01,1.230532277018983600e-01,-5.244754926485286628e-01,3.832782328978811548e-01,4.086743900217421621e-01,6.411000383827978322e-01,4.019025880785401794e-01,1.784772841256995757e-01,4.421891434084847944e-02,1.521355430062346359e-01,-3.129866380429081607e-01,-1.651047656273962883e-01,-2.046729579877817340e+00,-1.159216829672139459e+00,5.403694862432895096e-01,2.380040985212698246e+00,-4.340880829254272211e-01,-2.616074149397845106e-01,-3.368932549528086406e-02,-2.508002614639678995e+00,1.616700191054059710e+00,-1.237633306423998825e+00,6.408837530043101083e-01,-4.174823349360115010e-01,-1.511244778983602099e+00,-2.447174095236663571e-01,8.347244038798330434e-01,-3.836686184808353328e-01,-1.399603007155150847e+00
-2.231108535082072242e-01,2.479709024377857451e-01,1.227130131045276878e-01,-5.267439510521494395e-01,3.839169018570264269e-01,4.079374761109396674e-01,6.393243606204206397e-01,3.960265895234090228e-01,1.804392909588759530e-01,4.226449109324163095e-02,1.542639275037723523e-01,-3.167049951352784998e-01,-1.622329048394161033e-01,-2.043369011811152713e+00,-1.162602623575349048e+00,5.325627756838747784e-01,2.376692419287666169e+00,-4.350435786792253290e-01,-2.614901254233018002e-01,-3.255250861665379830e-02,-2.517224616192871522e+00,1.614421152811725158e+00,-1.252735018976252723e+00,6.304268509303887491e-01,-4.200775975979663124e-01,-1.507003635225916849e+00,-2.514445562003305712e-01,8.321065262753168934e-01,-3.906018082613466613e-01,-1.396602645305595303e+00
-2.236140278052485275e-01,2.482299992137132760e-01,1.224947000797980134e-01,-5.284252390734260896e-01,3.843927948582960274e-01,4.077006179991373158e-01,6.378002446333350672e-01,3.908831902322554286e-01,1.818407340646994164e-01,4.216411333524920646e-02,1.568236441676449933e-01,-3.195936854735062504e-01,-1.595641706332890375e-01,-2.039222094371761607e+00,-1.166211417349078516e+00,5.258624431547140876e-01,2.373878378509798548e+00,-4.383643926891385711e-01,-2.613950761063679185e-01,-3.243146561186034671e-02,-2.524678034826544071e+00,1.611505107110616120e+00,-1.264605126983101568e+00,6.211708417803402105e-01,-4.227270365859774337e-01,-1.503125149667173366e+00,-2.579638471187488125e-01,8.293690030722287165e-01,-3.974281429479443184e-01,-1.394435590333836128e+00
-2.240233213173188909e-01,2.483946327060849446e-01,1.223665578635565326e-01,-5.295509313988686628e-01,3.847023851499427050e-01,4.078609210742573099e-01,6.365762758499521334e-01,3.867345919187827330e-01,1.825810620139038110e-01,4.325323192770572089e-02,1.594503665509891810e-01,-3.216518965649396988e-01,-1.570915304010905567e-01,-2.034346409717652460e+00,-1.169770982349983557e+00,5.201769884821598744e-01,2.371689477277445501e+00,-4.441050103145225969e-01,-2.613376618564797194e-01,-3.306740188715528994e-02,-2.530418828918712393e+00,1.608349089673979826e+00,-1.273386034805246592e+00,6.129850197398170053e-01,-4.255887251049985109e-01,-1.499643500074231861e+00,-2.642673150320772324e-01,8.265877979563386324e-01,-4.041749996783225996e-01,-1.392894337341680222e+00
-2.243766095159423768e-01,2.484992498573719011e-01,1.222938897747591763e-01,-5.301743589900361764e-01,3.848491648868400117e-01,4.083178153016828182e-01,6.356757073668983793e-01,3.837827497182918490e-01,1.826166176146620801e-01,4.489393486630961078e-02,1.619222727751228053e-01,-3.229935499990421177e-01,-1.547853572541634248e-01,-2.028805126128851555e+00,-1.173113672888689507e+00,5.153368361185912683e-01,2.370154712459485502e+00,-4.520232227481141840e-01,-2.613224658314385884e-01,-3.419244672148946673e-02,-2.534587958524988860e+00,1.605557437872311866e+00,-1.279456428905378029e+00,6.054273080481137326e-01,-4.287406792635310437e-01,-1.496568478001710334e+00,-2.703329963782442058e-01,8.238778983118848487e-01,-4.108347177299557784e-01,-1.391797104818360387e+00
-2.247022264191061436e-01,2.485712164907612765e-01,1.222455344497879043e-01,-5.303538473155253730e-01,3.848393234118258621e-01,4.089786195528675172e-01,6.351062749982707700e-01,3.821843804681309131e-01,1.819525267103172250e-01,4.649166068489223036e-02,1.641352667143694544e-01,-3.237525352083569508e-01,-1.526141088478171759e-01,-2.022682128773230392e+00,-1.176135488772023674e+00,5.111524991922512529e-01,2.369281407159250286e+00,-4.617995932824075500e-01,-2.613477120804018061e-01,-3.553438966983745589e-02,-2.537314486767821009e+00,1.603908389412931790e+00,-1.283236280202857627e+00,5.977967932075455293e-01,-4.322227433424698506e-01,-1.493889434829028362e+00,-2.761435904551042264e-01,8.213596527030310179e-01,-4.173705522493292297e-01,-1.390989877562510690e+00
-2.249805354675316893e-01,2.486341770058101419e-01,1.221565900404586735e-01,-5.302961042832989857e-01,3.847849691350024304e-01,4.096331986401245406e-01,6.347654778590213764e-01,3.815160619181925394e-01,1.806696728288791354e-01,4.821001018328564813e-02,1.656120996738539297e-01,-3.238875460723142918e-01,-1.504533085978347895e-01,-2.016478607729554451e+00,-1.178863941568776719e+00,5.073912866546487210e-01,2.368830843982228984e+00,-4.717939591113093356e-01,-2.613179498112084276e-01,-3.667413331926736020e-02,-2.539205009080020226e+00,1.603080527788967480e+00,-1.285616371134013836e+00,5.902872406893668877e-01,-4.351848539827359308e-01,-1.491219374936052278e+00,-2.816355391171142530e-01,8.190356888673723246e-01,-4.237281202404630798e-01,-1.390228365824719425e+00
-2.251895390326884017e-01,2.487069609602630682e-01,1.219810682448961986e-01,-5.301839248666004867e-01,3.847732222491468956e-01,4.101357140657300171e-01,6.345417790034388883e-01,3.813764647157122933e-01,1.789245694548660948e-01,5.034592373046743730e-02,1.659799531144347251e-01,-3.234533213804725027e-01,-1.482400180097618314e-01,-2.010563090316969337e+00,-1.181425360071132857e+00,5.038860189941763990e-01,2.368597136145722537e+00,-4.810783872019513963e-01,-2.611782037371362386e-01,-3.733669336957250173e-02,-2.540722775839255210e+00,1.602596595538097635e+00,-1.287246097356075314e+00,5.831389705185638928e-01,-4.372403931700399871e-01,-1.488234650676409698e+00,-2.867505947100411068e-01,8.168781859343583474e-01,-4.298494035769000465e-01,-1.389389513550259858e+00
-2.253180565093295673e-01,2.488032443724124965e-01,1.217000666400839398e-01,-5.301411944464755610e-01,3.848507152903442030e-01,4.104243340358471048e-01,6.343444605973275197e-01,3.814939156660093755e-01,1.769054948317199394e-01,5.312808462868064130e-02,1.650783839456287094e-01,-3.225692954294157588e-01,-1.459622811722536551e-01,-2.005114849654671350e+00,-1.183970314591685558e+00,5.005628015772475292e-01,2.368450749749213990e+00,-4.894157888220811436e-01,-2.609166603433032416e-01,-3.741135504955640095e-02,-2.542120239226414835e+00,1.602100202204930657e+00,-1.288502708430022015e+00,5.764795228249005588e-01,-4.384082940401093920e-01,-1.484768396209634300e+00,-2.914505132427879786e-01,8.148645365417378494e-01,-4.356806598003613029e-01,-1.388443187717777416e+00
-2.253610055598295470e-01,2.489324836271407104e-01,1.213158932733776063e-01,-5.302447102598299988e-01,3.850467000020633135e-01,4.104776561662294987e-01,6.341038399562555217e-01,3.817417404735418129e-01,1.747835764101570433e-01,5.684944199068744930e-02,1.627787145315094941e-01,-3.213584719881797391e-01,-1.436215472071651345e-01,-2.000232497567837608e+00,-1.186606902422408627e+00,4.974259160416005243e-01,2.368309214774509730e+00,-4.968321481894831249e-01,-2.605398476408857800e-01,-3.687444629872085183e-02,-2.543507124578869405e+00,1.601510957976110205e+00,-1.289585744915699328e+00,5.701815210007340484e-01,-4.388157873921997298e-01,-1.480759896037918910e+00,-2.957085778493553918e-01,8.129776884705932627e-01,-4.411783526321156335e-01,-1.387393437587857603e+00
-2.253191313958898823e-01,2.491096773131772635e-01,1.208398929750702649e-01,-5.305514096597334639e-01,3.853897614978661346e-01,4.102806275742332809e-01,6.337663134610271864e-01,3.821216008466416514e-01,1.726907824688570237e-01,6.196511062179750617e-02,1.589130061803702698e-01,-3.199315545315667975e-01,-1.412204305309444630e-01,-1.995956517903742622e+00,-1.189395891218916868e+00,4.944899682997253576e-01,2.368102088566294672e+00,-5.034426884405572844e-01,-2.600604937750572998e-01,-3.576088080884750470e-02,-2.545092207666587392e+00,1.600621798807605911e+00,-1.290479444935713094e+00,5.644615250953516350e-01,-4.385498032368909116e-01,-1.476194954411301108e+00,-2.994839976551809668e-01,8.112204868432034699e-01,-4.463279241710684242e-01,-1.386257311564618844e+00
-2.252430211293505180e-01,2.493512703479200399e-01,1.202823540733168745e-01,-5.311160494645557062e-01,3.858979748415393152e-01,4.099150555827903997e-01,6.332204530974346879e-01,3.821853887356304047e-01,1.709640502027848508e-01,6.827582592596911915e-02,1.547470555345339394e-01,-3.191050370579916473e-01,-1.383464984497321804e-01,-1.991507934424147530e+00,-1.192783821864694227e+00,4.907797652025754354e-01,2.367706839327795354e+00,-5.102816358977768640e-01,-2.595772483260927466e-01,-3.436974772406645173e-02,-2.546629057337590929e+00,1.599709598920574294e+00,-1.291102604043985247e+00,5.595412669968130581e-01,-4.379585722182209873e-01,-1.471300064578980660e+00,-3.027635854239218438e-01,8.096962606163904397e-01,-4.511407680433796585e-01,-1.385266614601869506e+00
-2.251656249632409401e-01,2.496572960018716980e-01,1.196560953249987402e-01,-5.319574611221845606e-01,3.865826966189830904e-01,4.094303314368785696e-01,6.324102162341018740e-01,3.816205389004072024e-01,1.698138593560315490e-01,7.558191858457161127e-02,1.512043059971738546e-01,-3.191700241736774579e-01,-1.348425052412735581e-01,-1.986373027996634510e+00,-1.196970141231271878e+00,4.856052910953508328e-01,2.367092835815216123e+00,-5.178399393323023236e-01,-2.591247204337835952e-01,-3.291746800042397170e-02,-2.547880068103484330e+00,1.599044700431872634e+00,-1.291519918936060440e+00,5.553118351574203304e-01,-4.373062008341814799e-01,-1.466258530894211320e+00,-3.055526083952996297e-01,8.084419567364757864e-01,-4.556682376302380599e-01,-1.384541630806118251e+00
-2.250981593374984380e-01,2.500163351980057569e-01,1.189750603362994402e-01,-5.330659074111497864e-01,3.874480381594882505e-01,4.088383646194280741e-01,6.313287160407031751e-01,3.802836204730677405e-01,1.693269823201541957e-01,8.377566363734639809e-02,1.487378271117663631e-01,-3.200657872202734566e-01,-1.307292917280098443e-01,-1.980369102830302319e+00,-1.201930388122171012e+00,4.786607984558282070e-01,2.366298499819539991e+00,-5.261868537033158599e-01,-2.586997611614760828e-01,-3.153663930376484487e-02,-2.548760868709600835e+00,1.598732414744013397e+00,-1.291781644628240855e+00,5.516110140803550665e-01,-4.366873912025306947e-01,-1.461185285183658200e+00,-3.078529431400230387e-01,8.074275203461122041e-01,-4.599837677739976871e-01,-1.384116340677541634e+00
-2.250394969930835098e-01,2.504118521396918595e-01,1.182527989180112149e-01,-5.344160732374952927e-01,3.884914105070995660e-01,4.081360325284201784e-01,6.299990980783867212e-01,3.781356774897752238e-01,1.695256150434432951e-01,9.279520066981145066e-02,1.475310029643133458e-01,-3.216407807199806457e-01,-1.260784419133365586e-01,-1.973496818872491287e+00,-1.207542287265741088e+00,4.698689446751925791e-01,2.365387081172395600e+00,-5.352471408649058793e-01,-2.582924780338509141e-01,-3.031501509762167881e-02,-2.549257080137415254e+00,1.598789796551213449e+00,-1.291918379344160428e+00,5.482812209962933947e-01,-4.361193871533770583e-01,-1.456154489941171581e+00,-3.096618814134388664e-01,8.065872722583578014e-01,-4.641668548890412471e-01,-1.383997172504969564e+00
-2.249822636782901619e-01,2.508260947259931539e-01,1.175017116521191174e-01,-5.359724746210273727e-01,3.897029021854983566e-01,4.073144853313340197e-01,6.284584827306276544e-01,3.752020834588349896e-01,1.704004059387026482e-01,1.025943453557155577e-01,1.476105696732908645e-01,-3.237435893978244938e-01,-1.209692167418235792e-01,-1.965852147691741436e+00,-1.213654829275752522e+00,4.592846216285947358e-01,2.364420365749394737e+00,-5.449098142252016830e-01,-2.578945379013235506e-01,-2.931545132676011481e-02,-2.549369084971489396e+00,1.599184828219108789e+00,-1.291962605839458211e+00,5.452064175882752606e-01,-4.355922702424136483e-01,-1.451214495448857056e+00,-3.109741534493342119e-01,8.058398484172669685e-01,-4.682947198059893013e-01,-1.384183756656667041e+00
-2.249224480008776839e-01,2.512230218202933241e-01,1.168001548436736481e-01,-5.375326733091991827e-01,3.909575921581617819e-01,4.064740660599595601e-01,6.268894856853071129e-01,3.720109275438515106e-01,1.715961628338803779e-01,1.129712768769038922e-01,1.483737982627270913e-01,-3.255074342289652201e-01,-1.165141933454758999e-01,-1.957453041180043485e+00,-1.219592585656273043e+00,4.478035427467486618e-01,2.363149200411775563e+00,-5.540244918133970797e-01,-2.574174517609741364e-01,-2.868008304431964375e-02,-2.549844615054762453e+00,1.599722991368382807e+00,-1.292578015297813465e+00,5.424244082726425997e-01,-4.352899466951273277e-01,-1.446616307142169822e+00,-3.118538765258215273e-01,8.052853533575849987e-01,-4.723971519772984795e-01,-1.384634507379402191e+00
-2.248592886900872001e-01,2.515797857307544572e-01,1.162002882093430001e-01,-5.389422737698069676e-01,3.921511670975262320e-01,4.056986267752413222e-01,6.254336990605495750e-01,3.689689660601551124e-01,1.727981114053009637e-01,1.236724172847154940e-01,1.493552977865678366e-01,-3.265881428232041972e-01,-1.131284230935077073e-01,-1.948289516260844900e+00,-1.224886463683281024e+00,4.361030387381807927e-01,2.361351693377719663e+00,-5.621319050172182141e-01,-2.568468940875170414e-01,-2.851060296535332106e-02,-2.550887426355824328e+00,1.600207073988884732e+00,-1.294056131847014957e+00,5.400530268325224315e-01,-4.352741279072291913e-01,-1.442502455335443301e+00,-3.123853366339465198e-01,8.049947106677310948e-01,-4.765430940121976877e-01,-1.385375636113279407e+00
-2.247929946927702538e-01,2.518850683545384439e-01,1.157242257572259209e-01,-5.401065530193102093e-01,3.932142437476262575e-01,4.050447555486484941e-01,6.241844406120015121e-01,3.663279613934294354e-01,1.737549278046219281e-01,1.344112329863134947e-01,1.502587907830409131e-01,-3.269685241961295952e-01,-1.108165311236112699e-01,-1.938364337703027962e+00,-1.229296534896357596e+00,4.245938351777222564e-01,2.358881275826806068e+00,-5.692152878904666036e-01,-2.562033878280698396e-01,-2.885898263246535964e-02,-2.552319540371639217e+00,1.600591205551348928e+00,-1.296464802691390972e+00,5.380882098447627992e-01,-4.355269034011039486e-01,-1.438924532951618485e+00,-3.126420792593294640e-01,8.049673707077005247e-01,-4.807703972669913894e-01,-1.386446588154105930e+00
-2.247237215666838817e-01,2.521352642317534754e-01,1.153726860798518911e-01,-5.409723289344552377e-01,3.941064433936790068e-01,4.045437563742626530e-01,6.231961166289613496e-01,3.642238478777548583e-01,1.742483177485696644e-01,1.448749013913270822e-01,1.508853913594955243e-01,-3.267389466037989298e-01,-1.094598689499774735e-01,-1.927701323835359304e+00,-1.232734717713837247e+00,4.135006850322888727e-01,2.355652987815341159e+00,-5.754030797382879703e-01,-2.555109390199394870e-01,-2.976499423037011482e-02,-2.553984800407413491e+00,1.600900476405207273e+00,-1.299623219651398376e+00,5.364117427078964884e-01,-4.359841967918699490e-01,-1.435872155565160124e+00,-3.126753027612103608e-01,8.051537200468116273e-01,-4.851134082253620861e-01,-1.387865743576472077e+00
-2.246497698529638931e-01,2.523348859605867300e-01,1.151329440199982262e-01,-5.415173138105427997e-01,3.948196593147242917e-01,4.042016725413442590e-01,6.224935854590750717e-01,3.627334876821437515e-01,1.740772477638731497e-01,1.548409810021851574e-01,1.510331909853612209e-01,-3.260163498485038058e-01,-1.089139944595425430e-01,-1.916349008183108271e+00,-1.235207141517653984e+00,4.029118504281016255e-01,2.351628575047536085e+00,-5.808538567949009801e-01,-2.547878502838661352e-01,-3.125834770972851784e-02,-2.555894096862221243e+00,1.601200754588536723e+00,-1.303164491270893510e+00,5.348120755562778550e-01,-4.365576233294949926e-01,-1.433271338665943695e+00,-3.125134252572570603e-01,8.054028586743791074e-01,-4.896645516182920876e-01,-1.389719449968203513e+00
-2.244947701282825614e-01,2.524191118955939617e-01,1.150371223736569859e-01,-5.417532791508391510e-01,3.953121415662154692e-01,4.037990181753389751e-01,6.222363282389397066e-01,3.624115713235191993e-01,1.730135520644918157e-01,1.664976636515265174e-01,1.516928361113760726e-01,-3.292011243199406967e-01,-1.065644413941393281e-01,-1.906068684232538502e+00,-1.235932886955149135e+00,3.940299342391478388e-01,2.346799552787301568e+00,-5.859295223641081130e-01,-2.541710598336038296e-01,-3.255974647584438525e-02,-2.555398062171841289e+00,1.600805531881607680e+00,-1.302753347064548928e+00,5.324355848067102714e-01,-4.361184282483555053e-01,-1.430921246868180008e+00,-3.121084202172236255e-01,8.054006830114420756e-01,-4.941897338768845849e-01,-1.391853447027787238e+00
-2.242088611943623133e-01,2.523571590834132183e-01,1.151177823752852908e-01,-5.416445690120381684e-01,3.955173050327973061e-01,4.032209533829803072e-01,6.225753649416888580e-01,3.639787806092157352e-01,1.710657876337080552e-01,1.823152589244275701e-01,1.535772369415171756e-01,-3.377662951991559637e-01,-1.016185338371280028e-01,-1.898021019556707767e+00,-1.234598620345456421e+00,3.876554148156549640e-01,2.341071405461586430e+00,-5.909199826121331878e-01,-2.537266854784315795e-01,-3.308264764764962812e-02,-2.551664677467599507e+00,1.599611105609580308e+00,-1.296858944149125170e+00,5.287184437815523053e-01,-4.341853928949612196e-01,-1.428767031764430762e+00,-3.113709989803718492e-01,8.050096162671029898e-01,-4.985247355750119236e-01,-1.394167256869587090e+00
-2.237629391904890075e-01,2.521381143382522838e-01,1.153935683044673699e-01,-5.411191344974676243e-01,3.953663734852032596e-01,4.024357716140160579e-01,6.236352802105584736e-01,3.681199637236179378e-01,1.685000099267225659e-01,2.047240340725049179e-01,1.572714919002506928e-01,-3.515703510739781601e-01,-9.417700100620585157e-02,-1.892786596968295321e+00,-1.231272389134483669e+00,3.841847669516273434e-01,2.334356504876049954e+00,-5.960188858074263463e-01,-2.534729803388959257e-01,-3.242644847873491637e-02,-2.544766434659775367e+00,1.598147547152306780e+00,-1.285575229922013563e+00,5.232316319328935705e-01,-4.306105803983987790e-01,-1.426825988481800644e+00,-3.102052256123396523e-01,8.042863831255268048e-01,-5.025371847255412083e-01,-1.396522281328767656e+00
-2.231322179986634791e-01,2.517710879414654657e-01,1.158728042245337625e-01,-5.400541263658156232e-01,3.948525774642615560e-01,4.014586857263743314e-01,6.255115867256018092e-01,3.755447075114118904e-01,1.659107958110625503e-01,2.365035080858230443e-01,1.630965665619679428e-01,-3.699306004328488107e-01,-8.461367484504286884e-02,-1.890670549334959372e+00,-1.226269134897415514e+00,3.838423423768386189e-01,2.326597136665671250e+00,-6.013555504556378217e-01,-2.534059302274445646e-01,-3.034840156480110573e-02,-2.534794109431938836e+00,1.597125109098604057e+00,-1.270003367178384357e+00,5.165657341824196891e-01,-4.253323386391702488e-01,-1.425062793075566381e+00,-3.085023315928014376e-01,8.034347897688089990e-01,-5.061001144712650168e-01,-1.398790255566662255e+00
-2.223007374986482321e-01,2.512664023380290490e-01,1.165463697290792522e-01,-5.383005830846144812e-01,3.939947654404083455e-01,4.003221961054107547e-01,6.282855611596230849e-01,3.868977351884868576e-01,1.641230852731218048e-01,2.803881132094986350e-01,1.714709301888079351e-01,-3.920503431191431631e-01,-7.333192598741958279e-02,-1.891753509270893696e+00,-1.219988598089903675e+00,3.867053588311247792e-01,2.317786931124443228e+00,-6.070021124943180135e-01,-2.535116288121234129e-01,-2.667186153657132019e-02,-2.521045912309533232e+00,1.597719354394510738e+00,-1.252296994744060754e+00,5.119642676979758722e-01,-4.185705704668952198e-01,-1.423482703138780447e+00,-3.061187158270363695e-01,8.027943924853038205e-01,-5.089991438334537932e-01,-1.400807486441970617e+00
-2.213510403277440253e-01,2.506745169453996613e-01,1.173753658499397112e-01,-5.359192548078470786e-01,3.928923991651866454e-01,3.990325879167236911e-01,6.318220546838383411e-01,4.012069234466533740e-01,1.629271272247415081e-01,3.327800992594410201e-01,1.804568255050685299e-01,-4.141352614103672169e-01,-6.026449837120188141e-02,-1.894482946563572856e+00,-1.212103401531567481e+00,3.919789944438206719e-01,2.307573285574933575e+00,-6.117797486224496595e-01,-2.532614920622879295e-01,-2.185404245329580081e-02,-2.502221974051932030e+00,1.599333829433958298e+00,-1.226914949221498352e+00,5.035258514589091572e-01,-4.090033013802514827e-01,-1.421884470187103844e+00,-3.034935341193835678e-01,8.027857060350219731e-01,-5.114554065887401135e-01,-1.402633349242423888e+00
-2.203437639323591324e-01,2.500377309900156386e-01,1.183245397211314109e-01,-5.330415568171930074e-01,3.916219954850240770e-01,3.975899267217786748e-01,6.359411620013294408e-01,4.172241752571744233e-01,1.615663739515612596e-01,3.882444951302178038e-01,1.885442984519400400e-01,-4.348726407996478804e-01,-4.548185315840273801e-02,-1.897412721367416566e+00,-1.202390351512051092e+00,3.987535748510134814e-01,2.295841077453803614e+00,-6.152656382718270089e-01,-2.525068605027273039e-01,-1.616388056998045025e-02,-2.478041721035937339e+00,1.601318016536170896e+00,-1.193299131689341319e+00,4.916151134373349940e-01,-3.965573656240659606e-01,-1.420071132852622986e+00,-3.010481964095132468e-01,8.035567437924698853e-01,-5.136273070983077282e-01,-1.404536161782385273e+00
-2.193240371958210810e-01,2.493847886111165146e-01,1.193700930564967760e-01,-5.298560919215262732e-01,3.902348017799437963e-01,3.960126649832396706e-01,6.404249716699784711e-01,4.336011112012311264e-01,1.591811044787911911e-01,4.414870185236675626e-01,1.944417502373248507e-01,-4.541411164396919053e-01,-2.912614817839597262e-02,-1.899342927232556821e+00,-1.190774511265379365e+00,4.061588514995838617e-01,2.282645160347683611e+00,-6.174012084266558009e-01,-2.512548299364886772e-01,-9.817083806035265328e-03,-2.448726466892618081e+00,1.603165746582554840e+00,-1.152543315014913361e+00,4.777845246752362995e-01,-3.813009833274348392e-01,-1.417868192945854533e+00,-2.991777914543869432e-01,8.047402748046815768e-01,-5.157779043108811079e-01,-1.407106112132199716e+00
-2.183358960796873693e-01,2.487314546243700186e-01,1.204967256458872593e-01,-5.265662579848032765e-01,3.887650315755548647e-01,3.943503040373717572e-01,6.450407459080178540e-01,4.490326469060591519e-01,1.552566427565891527e-01,4.889992462587448019e-01,1.971046273521303571e-01,-4.722293502469289694e-01,-1.138370158164696624e-02,-1.899435802377786642e+00,-1.177297366555234648e+00,4.135796289288716787e-01,2.268127278677891212e+00,-6.182714494143949358e-01,-2.495610957735540369e-01,-3.101591212256984455e-03,-2.414904905967956594e+00,1.604316678046467270e+00,-1.105495011208984302e+00,4.630697844458607215e-01,-3.636127034837831062e-01,-1.415136392681854982e+00,-2.982867996008614075e-01,8.053063795983620432e-01,-5.184658732938702830e-01,-1.411245015390900859e+00
-2.174308060714237878e-01,2.480816627793654694e-01,1.216857241800685802e-01,-5.233547341827767818e-01,3.872243096559201958e-01,3.926755677233726982e-01,6.495868338668034925e-01,4.623644191267564652e-01,1.497960508291681925e-01,5.294891444508159628e-01,1.959924379673036454e-01,-4.894899038026472304e-01,7.538538530302289070e-03,-1.897253602713861342e+00,-1.162049733784703553e+00,4.207676471457443834e-01,2.252466849854096065e+00,-6.180210431817406702e-01,-2.474970073298633222e-01,3.602414727084429953e-03,-2.377948768467292862e+00,1.603792158969445270e+00,-1.051915412325760357e+00,4.469309247708861954e-01,-3.441784388833726283e-01,-1.411757441927412149e+00,-2.988267060454338764e-01,8.042590633123275490e-01,-5.222294180173719935e-01,-1.417178103233790232e+00
-2.166210096950949016e-01,2.474916212552074890e-01,1.228335651963799041e-01,-5.203970250882681281e-01,3.855798800768269197e-01,3.915457280820328068e-01,6.536107673378179772e-01,4.715007531847617561e-01,1.447207540057264541e-01,5.586962879772311430e-01,1.957747093473062860e-01,-5.036951464082218832e-01,2.295037894181664595e-02,-1.891772174981624532e+00,-1.148437093977779266e+00,4.257475039449026277e-01,2.235256484267629684e+00,-6.179741451269028518e-01,-2.463432674062384087e-01,8.984233033327886780e-03,-2.341969386422959154e+00,1.602739891029219432e+00,-9.984966182350435426e-01,4.293587567283961293e-01,-3.258025996714886685e-01,-1.408275372482013843e+00,-3.002726417879130194e-01,8.027305414016607799e-01,-5.262055675948957845e-01,-1.422542279465364157e+00
-2.158859613853255088e-01,2.469932943982202089e-01,1.239467560247455996e-01,-5.177164775400419083e-01,3.839548353910187117e-01,3.912255987307069471e-01,6.568803055343902519e-01,4.750709599730044697e-01,1.413745539753829827e-01,5.755025519412240165e-01,1.985815254402153174e-01,-5.140476383111968195e-01,3.381348838900751635e-02,-1.883286063520006826e+00,-1.138081877463692049e+00,4.278954428023736267e-01,2.216353788654570778e+00,-6.185936667532263566e-01,-2.463453175911687054e-01,1.225580953524469524e-02,-2.308114247065723212e+00,1.601560482548081810e+00,-9.477538267487052304e-01,4.106005404477982568e-01,-3.092741785349462647e-01,-1.404994949747405908e+00,-3.022386722939237602e-01,8.015804939777843030e-01,-5.296573301395486322e-01,-1.426574834279116244e+00
-2.152179755698588048e-01,2.465854523784432317e-01,1.250613377902979051e-01,-5.152658455200290755e-01,3.824619287659264399e-01,3.918171354193936695e-01,6.593203423806345276e-01,4.725408114585527009e-01,1.404889499553848287e-01,5.806332700741977382e-01,2.049032201420018517e-01,-5.205334692772811689e-01,4.032333125492254533e-02,-1.872479259387198836e+00,-1.131533020239878118e+00,4.271971661502517170e-01,2.195787083375551063e+00,-6.199691888743004142e-01,-2.474171421536918991e-01,1.298221271222640971e-02,-2.276357794387088074e+00,1.600262761786100940e+00,-9.004041317933411115e-01,3.910302909477895161e-01,-2.946388412986325478e-01,-1.402229288699461396e+00,-3.044635287040321492e-01,8.014032376134199165e-01,-5.319477295166527009e-01,-1.429114024448096210e+00
-2.146224089732760021e-01,2.462494837155752292e-01,1.262257115327768964e-01,-5.129570765087148043e-01,3.811984113266960184e-01,3.933424522595507233e-01,6.609421488391237220e-01,4.639284545129551685e-01,1.423684518331815863e-01,5.758719737142486972e-01,2.143850799860212430e-01,-5.234852672689498387e-01,4.299517517127283972e-02,-1.860094173892025804e+00,-1.128781368653069661e+00,4.238970288310264234e-01,2.173671985646639548e+00,-6.220546597093317143e-01,-2.493973493234142025e-01,1.091701204731937956e-02,-2.246270155849615868e+00,1.598678743289254633e+00,-8.564734292862975495e-01,3.710015713015644145e-01,-2.817100836016854237e-01,-1.400311932140993143e+00,-3.067800365383073213e-01,8.025943377221839148e-01,-5.325806491784391694e-01,-1.430203736051719909e+00
-2.141263449349057879e-01,2.459596379074573957e-01,1.274798550869754299e-01,-5.106656088707528518e-01,3.802981798634543775e-01,3.957746505707944173e-01,6.617827107705158696e-01,4.500798854823123696e-01,1.471980736379853438e-01,5.651398732106484024e-01,2.258250774523685167e-01,-5.234288938194360252e-01,4.239463734987519716e-02,-1.846971964609335659e+00,-1.129543874054947494e+00,4.185116332942019346e-01,2.150155056741899884e+00,-6.247405989418621797e-01,-2.520466632956704367e-01,5.877896327394523460e-03,-2.217364184171520147e+00,1.596586147956295054e+00,-8.158615232884587343e-01,3.508221987121149521e-01,-2.702267404810499984e-01,-1.399576272348583839e+00,-3.091034262430912838e-01,8.053870925997174135e-01,-5.311751126938180079e-01,-1.429879355596199053e+00
-2.137929861165312195e-01,2.456639472811340263e-01,1.287294002969787132e-01,-5.083284463467429015e-01,3.794541106246415163e-01,3.988680326552505040e-01,6.622098959221539571e-01,4.358667648950048656e-01,1.531741982511445610e-01,5.535148205012955236e-01,2.356456698063830735e-01,-5.221964120745375970e-01,4.136555552148489523e-02,-1.832048537623576001e+00,-1.131250807055732555e+00,4.126143382086480682e-01,2.126702219288424622e+00,-6.258469465115925612e-01,-2.508682485367099146e-01,-1.045794114090426189e-03,-2.194975225288116061e+00,1.593373154074307019e+00,-7.825660589138596634e-01,3.314164896051017828e-01,-2.586100162453856544e-01,-1.400208692139528699e+00,-3.113553466901270994e-01,8.090044584323655696e-01,-5.256759009615908917e-01,-1.424577857401799097e+00
-2.135973429881962149e-01,2.454266765261043093e-01,1.298965246565613740e-01,-5.058933742660309818e-01,3.786902437554174883e-01,4.023834609428420528e-01,6.623844378590519888e-01,4.242117521493620758e-01,1.586687204258082906e-01,5.425815735311353416e-01,2.425626791058626830e-01,-5.206770934714953780e-01,4.083144884682320119e-02,-1.814746046819150527e+00,-1.132458401913887913e+00,4.071839894601395060e-01,2.104205483747216388e+00,-6.247536531565248685e-01,-2.450230446791266670e-01,-9.072918391898240550e-03,-2.181537867081380977e+00,1.588629243821680692e+00,-7.556543109102304978e-01,3.126548616822416582e-01,-2.460584127199219595e-01,-1.401519024977287309e+00,-3.132752545195356397e-01,8.123402266092122348e-01,-5.157222063242180576e-01,-1.414929241636043722e+00
-2.135092571045880128e-01,2.453084427501180109e-01,1.308926961577767945e-01,-5.033670505659696426e-01,3.780169290986988284e-01,4.061524244605050349e-01,6.623934041218704216e-01,4.163678524659178426e-01,1.629589739661278791e-01,5.323936264871129698e-01,2.481002111628263784e-01,-5.192066987320445026e-01,4.105716513059928796e-02,-1.794487840821220814e+00,-1.132337123579390870e+00,4.026975995903351868e-01,2.083238380286441593e+00,-6.214207999497586288e-01,-2.348240794731343006e-01,-1.746841176923125474e-02,-2.175392379866648795e+00,1.583397115050985127e+00,-7.357330478607712054e-01,2.944171719111865482e-01,-2.325725417180833643e-01,-1.402348479378959345e+00,-3.150011451512046423e-01,8.141925938498384419e-01,-5.054085993401296051e-01,-1.403237369892967656e+00
-2.134977145163535484e-01,2.453609417876424781e-01,1.316226453188543977e-01,-5.007548038351745667e-01,3.773706529876796889e-01,4.100259957994580318e-01,6.623554177843726798e-01,4.132348195335147079e-01,1.654919716447670885e-01,5.224749051921009357e-01,2.540756512914056353e-01,-5.177852409532647249e-01,4.205949571805081555e-02,-1.770803960161678514e+00,-1.130341422282761243e+00,3.994419817054615240e-01,2.064127802377960119e+00,-6.160237292787140717e-01,-2.208829289523790151e-01,-2.671246966636815073e-02,-2.174162951046448189e+00,1.578867422312784319e+00,-7.235127651229696921e-01,2.770756883177700192e-01,-2.189580062411072836e-01,-1.400660803581977643e+00,-3.146384120531365292e-01,8.141333579204768078e-01,-4.946454853220951242e-01,-1.389178360780664034e+00
-2.135545584299111677e-01,2.456743379394416837e-01,1.319947790612698568e-01,-4.980103212164713744e-01,3.766494367268914401e-01,4.138970072036659009e-01,6.624281700177554466e-01,4.161001999686173014e-01,1.653283653327893843e-01,5.118053012776876409e-01,2.609845497474507781e-01,-5.162080190418918413e-01,4.356333443970050734e-02,-1.743288486800891324e+00,-1.126162739672362578e+00,3.976344955635453537e-01,2.046871011137274099e+00,-6.088648367216874524e-01,-2.036427029352798623e-01,-3.657726252486253465e-02,-2.175110409370613951e+00,1.574934221181863547e+00,-7.184408884269087858e-01,2.609388893032049128e-01,-2.057088082387856232e-01,-1.394202697897827026e+00,-3.111160776542458151e-01,8.124358278829895141e-01,-4.831230938915649920e-01,-1.372369173414780930e+00
-2.136841231583038458e-01,2.461100508732403103e-01,1.322374442426234309e-01,-4.954009960434003212e-01,3.760157964820446397e-01,4.175552425798135237e-01,6.624481816031301262e-01,4.216208223779699393e-01,1.647561951904934208e-01,5.014347784530808205e-01,2.699119776434457108e-01,-5.125816799296154525e-01,4.218590085387768918e-02,-1.711824346456394474e+00,-1.117260408134395533e+00,3.955927466560351102e-01,2.031423109263201798e+00,-6.010624886563744607e-01,-1.806126225062844870e-01,-4.449602935895551753e-02,-2.168719586863221416e+00,1.570223530339654117e+00,-7.091733007177307702e-01,2.457413840708247976e-01,-1.924596671823367577e-01,-1.386151057218467653e+00,-3.086533369487884371e-01,8.106607028075660804e-01,-4.727691351988512758e-01,-1.355565391767898920e+00
-2.138027556435905807e-01,2.466643418337092775e-01,1.325615127109179836e-01,-4.929766096760861971e-01,3.753883969135537457e-01,4.209857301201156421e-01,6.624414153796375215e-01,4.289263703246982695e-01,1.650137152454969336e-01,4.924498434558222670e-01,2.791480294334261480e-01,-5.063825070916222471e-01,3.722988912026635455e-02,-1.676165164864947377e+00,-1.102172085660187983e+00,3.921183406850678455e-01,2.017588061781219633e+00,-5.930640810149332420e-01,-1.517300684657841292e-01,-4.929537318298250759e-02,-2.154541244170105951e+00,1.563867839300310703e+00,-6.945545594560572633e-01,2.322844518435401850e-01,-1.791293611933921504e-01,-1.377142566460895390e+00,-3.085807823148134510e-01,8.093042719687122410e-01,-4.641292693375027589e-01,-1.339771757414212949e+00
-2.135168514449958810e-01,2.473137830010319616e-01,1.333906008482354244e-01,-4.910338437097234165e-01,3.747625058769231687e-01,4.241474766575231148e-01,6.622218257997545265e-01,4.368816344591966994e-01,1.688359749409970023e-01,4.882124873142374422e-01,2.871723339061426072e-01,-4.978163126183294263e-01,2.889234436889504681e-02,-1.635805699939982816e+00,-1.079458180033308068e+00,3.847133172337842688e-01,2.005707665812375140e+00,-5.849692899145200187e-01,-1.176067443067279894e-01,-5.026175714089196195e-02,-2.134546408756076818e+00,1.555522677051095926e+00,-6.748555144474944756e-01,2.202960103512751067e-01,-1.661205466833135802e-01,-1.366867050779473569e+00,-3.106324850750954436e-01,8.082787302112938166e-01,-4.574690778429329474e-01,-1.325564075337981595e+00
-2.124775953468180101e-01,2.479795872578418603e-01,1.349888598144018126e-01,-4.897369561948821670e-01,3.739605049237416656e-01,4.272053776196556574e-01,6.616703948440311178e-01,4.450476345092677644e-01,1.787586886694045862e-01,4.910107933281379067e-01,2.931690742011558992e-01,-4.873430864017017083e-01,1.759803483495338966e-02,-1.591352755973959754e+00,-1.048517707816366995e+00,3.724488775712501698e-01,1.995889373915423537e+00,-5.768168546497108862e-01,-7.901564549413872540e-02,-4.725067338293383740e-02,-2.111027099212770874e+00,1.545626934789276374e+00,-6.511151700188994029e-01,2.091998948899487509e-01,-1.537213676862634881e-01,-1.355392204310555737e+00,-3.142310512713885062e-01,8.074101121795194125e-01,-4.528242599444645133e-01,-1.313438955418403165e+00
-2.104290365669007623e-01,2.485818012999792548e-01,1.374290553378286206e-01,-4.889945036237923759e-01,3.728138136011585613e-01,4.304912147060847016e-01,6.607356126884347258e-01,4.532337703092403358e-01,1.967949466060191499e-01,5.025769082818940525e-01,2.973468000611030337e-01,-4.753770990194433610e-01,4.137916348253212889e-03,-1.544082829416006497e+00,-1.009947725256459705e+00,3.558906928809474901e-01,1.987764774928616474e+00,-5.688919314596231347e-01,-3.723781119942387585e-02,-4.137306724143469117e-02,-2.086176637921690169e+00,1.535624856423144946e+00,-6.253846208038233989e-01,1.986285533328779884e-01,-1.417661731526895230e-01,-1.343187944712344040e+00,-3.189163922067564938e-01,8.076868441117233122e-01,-4.502030393651645923e-01,-1.304261140291776089e+00
-2.075849034209022170e-01,2.492526765335891514e-01,1.401129889228707182e-01,-4.874151408434485577e-01,3.719585282167094387e-01,4.352716283182890278e-01,6.592510472836321522e-01,4.603916880646152232e-01,2.218534726979301819e-01,5.216289557590245707e-01,3.032547697743721016e-01,-4.624721129130763275e-01,-7.675902524239743702e-03,-1.494116991644556025e+00,-9.715064236729138436e-01,3.400548775840183113e-01,1.979449724681574319e+00,-5.633093158740983819e-01,1.754357191662170301e-03,-3.853324138921280367e-02,-2.062548766241262932e+00,1.526141372543089236e+00,-6.016912961868059462e-01,1.887014919219847098e-01,-1.287331694721537689e-01,-1.330252858127191296e+00,-3.246131683778618049e-01,8.081642033153255689e-01,-4.501422945547590704e-01,-1.295489546847260032e+00
-2.041358102398298235e-01,2.502138955628873673e-01,1.425843629452708539e-01,-4.836362998779797917e-01,3.722270205408388377e-01,4.420735478635233195e-01,6.573537501977027020e-01,4.649083610650161513e-01,2.512406688688328393e-01,5.471957156177119641e-01,3.123783998912145754e-01,-4.485874255567804947e-01,-1.689263826792217205e-02,-1.441002741552414479e+00,-9.383876304819844805e-01,3.289269440526443322e-01,1.969755827267442916e+00,-5.605268506399496697e-01,3.650535923592938131e-02,-4.259871297735529083e-02,-2.040742090540551779e+00,1.516513852852643174e+00,-5.819453712402842260e-01,1.796893634186022548e-01,-1.140475346853081079e-01,-1.316235772102628987e+00,-3.314921953454639802e-01,8.094429355841720186e-01,-4.528307291887543884e-01,-1.285163550330659987e+00
-2.012794578095636611e-01,2.517519395804543314e-01,1.449324163871504312e-01,-4.793840216930207454e-01,3.722329206021536274e-01,4.483785809662839128e-01,6.561944347328299010e-01,4.651225994873661174e-01,2.772179505850339565e-01,5.746695029466952764e-01,3.233288977960923627e-01,-4.341377737004600279e-01,-2.344488321588756100e-02,-1.394109509008845116e+00,-9.145483317989101524e-01,3.179282307266763641e-01,1.956644704700633897e+00,-5.589759861112948425e-01,6.650332177650047916e-02,-4.891547647756394612e-02,-2.021407012741107678e+00,1.507939682082635846e+00,-5.654781005959255147e-01,1.722014774568683682e-01,-9.803223375317324240e-02,-1.304696324491847914e+00,-3.405864999592393416e-01,8.136804188823951733e-01,-4.563577009299836229e-01,-1.272116293193968906e+00
-1.993274482708336515e-01,2.540616822003213815e-01,1.470217215265666177e-01,-4.751633108909297798e-01,3.715394203838789933e-01,4.544479367290943927e-01,6.554810141313400784e-01,4.606879333899818185e-01,2.974731173164527620e-01,5.976648414102793128e-01,3.343506331602971171e-01,-4.195732944345826332e-01,-2.773151790336166045e-02,-1.349420517751629411e+00,-9.001962420242932694e-01,3.053293181889383812e-01,1.941021999833085765e+00,-5.587122766484243774e-01,9.279760409674604749e-02,-5.719725352055220202e-02,-2.007700740807957018e+00,1.497601460242581339e+00,-5.543105646959176624e-01,1.678254832104610350e-01,-8.131118496293293640e-02,-1.294315074008731470e+00,-3.515763680939261726e-01,8.212668231588003964e-01,-4.590119767881056245e-01,-1.255571118357422522e+00
-1.982946624434094307e-01,2.572609885980201572e-01,1.487370818817358997e-01,-4.713137858170972638e-01,3.696834131515951416e-01,4.605838739897859524e-01,6.550267050738493024e-01,4.519926096411270855e-01,3.112983897930495236e-01,6.126618600291412475e-01,3.451250104336359148e-01,-4.051259324133585360e-01,-3.027072046630759419e-02,-1.302593116516930882e+00,-8.941625775688275546e-01,2.904534274414329320e-01,1.924135100369544382e+00,-5.594987144674766766e-01,1.165758586481281112e-01,-6.718434768240501287e-02,-2.000999309647062407e+00,1.481697338004672737e+00,-5.484012089122475286e-01,1.668899551572141093e-01,-6.423320116043146344e-02,-1.276554737930935213e+00,-3.590281551513195279e-01,8.227590709387719858e-01,-4.595480579311309044e-01,-1.234705713235769053e+00
-1.978330225303392420e-01,2.612316052021614876e-01,1.501985522121104810e-01,-4.685255298336390428e-01,3.653384093810753130e-01,4.660923376279756947e-01,6.555681561283333014e-01,4.416393080288805728e-01,3.195557494355246719e-01,6.160498219476349124e-01,3.606718146769147260e-01,-3.909104675952038699e-01,-3.198113656783519582e-02,-1.251925692735941009e+00,-8.888541549617593462e-01,2.741146186299229237e-01,1.907341675430368255e+00,-5.597220189099850751e-01,1.408098721325130032e-01,-7.552670101650675594e-02,-1.996594119684914626e+00,1.462731743039713317e+00,-5.454728912445939715e-01,1.671219993500585865e-01,-4.581796740411660240e-02,-1.256427101139670821e+00,-3.662823784671708216e-01,8.278476755128272302e-01,-4.581359945255511490e-01,-1.215143530026929097e+00
-1.978771107105352367e-01,2.655573793411339922e-01,1.516989589150987694e-01,-4.671766188278130838e-01,3.602377281038255386e-01,4.716050450372062386e-01,6.554115475038284622e-01,4.316326908843786669e-01,3.273235493449779265e-01,6.169424957130991150e-01,3.781388210512829917e-01,-3.779372931986008655e-01,-3.340189513085081024e-02,-1.199030711262565996e+00,-8.845258252177148339e-01,2.575116973191153846e-01,1.890935053523532750e+00,-5.592750614275405763e-01,1.664265344384256440e-01,-8.452785729508946466e-02,-1.992899173607602048e+00,1.441132967525927899e+00,-5.452642800452454086e-01,1.680214260913730773e-01,-2.584065030110481442e-02,-1.234067790253489338e+00,-3.749351349003582357e-01,8.334806142723278910e-01,-4.557830821307162217e-01,-1.195708463333493121e+00
-1.983553222122639015e-01,2.699689027509263317e-01,1.536133082869615973e-01,-4.672794440895495782e-01,3.552727731134078804e-01,4.773331292457409503e-01,6.538992747664881255e-01,4.229891702272474130e-01,3.362096100843510738e-01,6.160803735979216711e-01,3.980523494115799088e-01,-3.661083055851341861e-01,-3.459523147159817430e-02,-1.144363927810353232e+00,-8.808886826044436402e-01,2.416303489068793442e-01,1.874557351591040089e+00,-5.584299445499240067e-01,1.934759645223941560e-01,-9.481094202205285482e-02,-1.989320769936484101e+00,1.417387934859101639e+00,-5.475078022023597279e-01,1.691751891520269224e-01,-4.394260169491175094e-03,-1.210475060696841521e+00,-3.859409608514802192e-01,8.387838961015754435e-01,-4.532347592871062147e-01,-1.175665515292376728e+00
-1.991297748784353061e-01,2.744725396198346989e-01,1.563092205527204515e-01,-4.682578681850929625e-01,3.502611155040301627e-01,4.830373530016163763e-01,6.517105457592475837e-01,4.167891766999385905e-01,3.454863577464872271e-01,6.109164057450185981e-01,4.241888573357522896e-01,-3.543553283719906855e-01,-3.544474959938095221e-02,-1.087374033534093343e+00,-8.765341349470524568e-01,2.283127198271081015e-01,1.857514541538997532e+00,-5.574179161098109514e-01,2.216681859360478957e-01,-1.047966320667797352e-01,-1.986061285288279299e+00,1.391571816956962415e+00,-5.522014902875590492e-01,1.706368374841453761e-01,1.824209645502522514e-02,-1.187519518241335392e+00,-3.990411341905636400e-01,8.454870961542392260e-01,-4.517153028359348621e-01,-1.154578723975784760e+00
-2.002589385696563473e-01,2.792527847669579177e-01,1.598783329391684493e-01,-4.703025385970913130e-01,3.449369214629324776e-01,4.887578047399914749e-01,6.488064817081828917e-01,4.127177674449346578e-01,3.562244550866880410e-01,5.998042372916544407e-01,4.579268787559465093e-01,-3.415192771149104800e-01,-3.591757661741024760e-02,-1.025515419059124245e+00,-8.703870044997387145e-01,2.155864659231506164e-01,1.838627385341113252e+00,-5.563886443575539742e-01,2.501690490292476365e-01,-1.130941355064827292e-01,-1.979830413523301136e+00,1.364932274406074342e+00,-5.581094309820191501e-01,1.732661371957263385e-01,4.166722427453101174e-02,-1.167262874701855413e+00,-4.139397269798881784e-01,8.531318016251224767e-01,-4.513113224462207973e-01,-1.131819242597815744e+00
-2.013076668576976869e-01,2.842317692686466279e-01,1.642522309364450595e-01,-4.722813097849874464e-01,3.406626720576613199e-01,4.945565128678330868e-01,6.452239618348194483e-01,4.069533880030246631e-01,3.661019543236178064e-01,5.814060646411859379e-01,4.926841221198957066e-01,-3.249596544109062402e-01,-3.620903464652820702e-02,-9.630880597261268772e-01,-8.645573612044430423e-01,2.039388064627898345e-01,1.817786887417694786e+00,-5.553574122651215861e-01,2.755185497698287578e-01,-1.227946664371400709e-01,-1.975268491989294661e+00,1.336111246750598225e+00,-5.643247613587850653e-01,1.755280096434569392e-01,6.418259806069737117e-02,-1.148141741026542206e+00,-4.293066836679065856e-01,8.575114871817411943e-01,-4.497811705662936310e-01,-1.101546757556974843e+00
-2.020933394760369151e-01,2.894056633991050065e-01,1.692345590390743892e-01,-4.744385616664602012e-01,3.373737907210064280e-01,5.004287519715167054e-01,6.408260612199143669e-01,3.967568454881237883e-01,3.761601140225953599e-01,5.558022592365096104e-01,5.254057289680079679e-01,-3.045515517199143263e-01,-3.645434205900947855e-02,-9.006510909834265499e-01,-8.581364581729015173e-01,1.897341626033641482e-01,1.794802237799238087e+00,-5.543025477240662857e-01,2.922592310246406311e-01,-1.330773999456106860e-01,-1.971433070116427100e+00,1.305587662831750650e+00,-5.698643935893868973e-01,1.776626560671151212e-01,8.558247762226811606e-02,-1.130127327656067049e+00,-4.455984128005751055e-01,8.583507366966790508e-01,-4.465853003412739164e-01,-1.062716259239129046e+00
-2.023723383472195436e-01,2.947032517112198602e-01,1.746258393135003695e-01,-4.769987356369401188e-01,3.342535412642774761e-01,5.061207119740140925e-01,6.360727955697900171e-01,3.804159893669647463e-01,3.863353702759353414e-01,5.209605498319705985e-01,5.547503651788134871e-01,-2.807098564001761498e-01,-3.673609358910475547e-02,-8.392978614463297848e-01,-8.487694058742758507e-01,1.712233561231092382e-01,1.770040561083205954e+00,-5.532168384828339835e-01,3.019139470850001339e-01,-1.416492673277154890e-01,-1.967887034836923288e+00,1.273932649005885098e+00,-5.747659244313992888e-01,1.800341300037702763e-01,1.059145697296949296e-01,-1.113107797805932497e+00,-4.636859172669237639e-01,8.551375507843664847e-01,-4.424901479936607651e-01,-1.016631735685276094e+00
-2.020302786280041285e-01,2.999385752967638208e-01,1.803581038695021010e-01,-4.798941082704521466e-01,3.320227606010206500e-01,5.118168733588630559e-01,6.304807843505960685e-01,3.566224346589177974e-01,3.998891462057802548e-01,4.853308782983757341e-01,5.778597511913863283e-01,-2.545945182447534316e-01,-3.708281379031613811e-02,-7.819206882671554393e-01,-8.369318496138042907e-01,1.478950694760795548e-01,1.743832175144123475e+00,-5.521298922919830598e-01,3.060990063031176489e-01,-1.492719963937918781e-01,-1.964949101776109153e+00,1.242079688813203742e+00,-5.792338140880028963e-01,1.819371864341443601e-01,1.253719260913186140e-01,-1.097677833328283503e+00,-4.849411146939292538e-01,8.474469253120401335e-01,-4.386956490420250154e-01,-9.646512842587791070e-01
-2.011640814890969520e-01,3.049507847794119542e-01,1.864943670681345478e-01,-4.828153963921205105e-01,3.320038470179605405e-01,5.176995704524931519e-01,6.234185437154742271e-01,3.242475042972761123e-01,4.199654407713719340e-01,4.588310467576113827e-01,5.920952317284293720e-01,-2.262580469443982167e-01,-3.820608676795400616e-02,-7.315476272104679545e-01,-8.251523651171240870e-01,1.199849079346443220e-01,1.716017702970565439e+00,-5.510227727481384896e-01,3.064520800432432024e-01,-1.578512969970905788e-01,-1.963699316614415658e+00,1.211149044704753708e+00,-5.834299205196635807e-01,1.820093034235800433e-01,1.445989901236056363e-01,-1.085227054510218059e+00,-5.107492373228254001e-01,8.347372529295089549e-01,-4.366864348680165597e-01,-9.096833768979810664e-01
-1.999393801968757933e-01,3.097147591791171162e-01,1.926843663084175096e-01,-4.854875685428609589e-01,3.336057683145434716e-01,5.238129338953747549e-01,6.153283858408643558e-01,2.854313141892722006e-01,4.424192615366753789e-01,4.343226863972249330e-01,5.973291472972396265e-01,-1.919905839642206125e-01,-4.317744177596175709e-02,-6.870399868436839474e-01,-8.133496336814722838e-01,8.922758035749057959e-02,1.686850675840272151e+00,-5.491680376806021835e-01,3.046892304045495936e-01,-1.672823035671293090e-01,-1.963956435098018316e+00,1.180913845552704400e+00,-5.880782185347552815e-01,1.804325428985031343e-01,1.648884877947136840e-01,-1.077642539340328387e+00,-5.412556144027075300e-01,8.173272100317379163e-01,-4.365092210146029328e-01,-8.585168651443132459e-01
-1.985173547139712225e-01,3.142169255114967141e-01,1.985703430971663130e-01,-4.877194872606620546e-01,3.364250630924436325e-01,5.302704680203943477e-01,6.064331038250420081e-01,2.422715244269276202e-01,4.646354896865866890e-01,4.085285970147576884e-01,5.945260283000177726e-01,-1.511709279091911773e-01,-5.245209416389071122e-02,-6.472922761910674394e-01,-8.004590837274739856e-01,5.751526867226165740e-02,1.656620348741770332e+00,-5.462708888315730427e-01,3.021194726076830706e-01,-1.777622020480083831e-01,-1.964771277604852262e+00,1.151053135783505432e+00,-5.931786312336584377e-01,1.775845716778624295e-01,1.866474141427181543e-01,-1.076475519360655442e+00,-5.761965508156242644e-01,7.946088620914442124e-01,-4.369873754398556631e-01,-8.124725372583960770e-01
-1.969697438551929192e-01,3.184275915644810273e-01,2.037340534550039217e-01,-4.895486887146905941e-01,3.399748127104600948e-01,5.368777902297523497e-01,5.970941688362335631e-01,1.975329599522464563e-01,4.848317665582171365e-01,3.807405237237508344e-01,5.849736884291375505e-01,-1.043090934705538791e-01,-6.571504683954833281e-02,-6.112859419252252291e-01,-7.878584301897501030e-01,2.460443851476946248e-02,1.625249059744562352e+00,-5.426318506601969238e-01,2.997571004222113755e-01,-1.888178796270374715e-01,-1.965031444971740759e+00,1.121362690512007987e+00,-5.986802683187449903e-01,1.739635550986008417e-01,2.098632422424656085e-01,-1.082750782830405711e+00,-6.148805103021166563e-01,7.658163416131825718e-01,-4.365682282198329323e-01,-7.712456490386935259e-01
-1.953420505691219611e-01,3.223227311729317535e-01,2.077725111943484193e-01,-4.911400206004740698e-01,3.438241071700374185e-01,5.432936266104630985e-01,5.877067847429786607e-01,1.539620968435355119e-01,5.017666289066564644e-01,3.509814555556238225e-01,5.701630865034716944e-01,-5.223994278980875067e-02,-8.244472513906850319e-02,-5.784272598675663790e-01,-7.764722333233223805e-01,-9.570821375763807412e-03,1.592763364611654575e+00,-5.384345098151858133e-01,2.982633337731181999e-01,-1.995857970785969715e-01,-1.963431650007689155e+00,1.091635462003104351e+00,-6.042552640749128123e-01,1.700799643800015859e-01,2.343699969937768357e-01,-1.097314014481445277e+00,-6.567091743373780766e-01,7.310638476080527637e-01,-4.343843788628214964e-01,-7.344247275768610583e-01
-1.936600670991127093e-01,3.258926676820355639e-01,2.104978580315961245e-01,-4.926723484973702383e-01,3.478826921374325587e-01,5.491825129400823569e-01,5.784895478901184163e-01,1.123503293956268634e-01,5.143988546885454038e-01,3.181045169041540333e-01,5.519016812620780588e-01,3.358259661916496164e-03,-1.020401133667218629e-01,-5.493272805927288394e-01,-7.659844188720758007e-01,-4.376269170830426880e-02,1.559700779187713549e+00,-5.333375525889284541e-01,2.977561487535487772e-01,-2.095426917260888866e-01,-1.959180157490649332e+00,1.061852810899811317e+00,-6.094141269393634763e-01,1.663136122097712555e-01,2.591892540933943834e-01,-1.120939217388023490e+00,-7.012522392949639416e-01,6.915415781792701999e-01,-4.294626821226811275e-01,-7.021458038239840604e-01
-1.919375480124667910e-01,3.291442357766407589e-01,2.123216073122342618e-01,-4.941443996722343357e-01,3.527784244423887161e-01,5.546340526979379737e-01,5.689901256686034081e-01,6.822021882178211372e-02,5.218474647720600101e-01,2.779731604358457453e-01,5.325640336108106165e-01,5.901791209349962347e-02,-1.237716659061906394e-01,-5.267326608065894256e-01,-7.533684872771534424e-01,-7.387439320653518826e-02,1.527749405985504350e+00,-5.259193503756306454e-01,2.974689030496759923e-01,-2.198940778649108307e-01,-1.953458388245520094e+00,1.032341934260383454e+00,-6.139168286968450516e-01,1.627447015891361481e-01,2.816001184853960670e-01,-1.154309281788943098e+00,-7.494342562729481294e-01,6.508673278732159950e-01,-4.208544949246060263e-01,-6.760219743858623120e-01
-1.901897270785909977e-01,3.321122151965815728e-01,2.136296054281416890e-01,-4.952510260075139170e-01,3.588491831701051682e-01,5.602470519400525317e-01,5.586384571161678858e-01,1.892905050496131864e-02,5.243920952868448282e-01,2.294997521414762764e-01,5.131390725229043603e-01,1.136770490181090720e-01,-1.471327936136570536e-01,-5.108238521334872440e-01,-7.368916515709625914e-01,-9.818420483039289048e-02,1.497713186483011993e+00,-5.159469371764119350e-01,2.969201594901799135e-01,-2.322094779011782684e-01,-1.947766287462572521e+00,1.002964730510164548e+00,-6.178225294441647142e-01,1.593516538777360603e-01,3.010472909460497060e-01,-1.197242493935315011e+00,-8.021182561672683953e-01,6.110490754135979863e-01,-4.079672882641356413e-01,-6.557625481129877310e-01
-1.884165791504416321e-01,3.348445908925014036e-01,2.147639911543903768e-01,-4.955289165943711494e-01,3.663312047258798221e-01,5.668159481699315272e-01,5.467842209696104350e-01,-3.734051933113095856e-02,5.226022017112756934e-01,1.733943552113128561e-01,4.939095555936940940e-01,1.671499041882516523e-01,-1.717709946369894991e-01,-5.006807783293033554e-01,-7.156493358086074563e-01,-1.163010776122035128e-01,1.469906337156649867e+00,-5.035941398736780705e-01,2.958365532598318248e-01,-2.482706323457223585e-01,-1.943732963067755781e+00,9.732600363350056849e-01,-6.213635964032834247e-01,1.559947828313362761e-01,3.176663726288894707e-01,-1.248865499565057435e+00,-8.599818753756596212e-01,5.732647955369988280e-01,-3.906613164950060169e-01,-6.405816425757074883e-01
-1.865666442710771644e-01,3.373496676490522761e-01,2.159616181248301403e-01,-4.959234271703249486e-01,3.744197612142340370e-01,5.733853160476501953e-01,5.339466978424455279e-01,-9.984471680232187563e-02,5.172920225331104627e-01,1.133890463778687296e-01,4.747454161614411139e-01,2.194272721248170521e-01,-1.976029361044331634e-01,-4.936277759538197363e-01,-6.961553027539442162e-01,-1.367432272996862985e-01,1.441473280070463936e+00,-4.907615881608993202e-01,2.943161120137423592e-01,-2.654406439429803366e-01,-1.942774712863685860e+00,9.434701265842189155e-01,-6.250642594886275383e-01,1.524654709761505134e-01,3.317572137960669298e-01,-1.308094469672445470e+00,-9.224552118209315976e-01,5.386497633060516321e-01,-3.686633157020660634e-01,-6.296529652124978060e-01
-1.845806881477682349e-01,3.396919922575582507e-01,2.174971772689079930e-01,-4.970383351562233099e-01,3.823723240916394595e-01,5.792078750156901545e-01,5.208287018528231505e-01,-1.668838528389458287e-01,5.096308617840891175e-01,5.485406452526659510e-02,4.541326775511275726e-01,2.643265974427863041e-01,-2.231378724716377437e-01,-4.872012463950796124e-01,-6.790586201243058451e-01,-1.610908284970597737e-01,1.410169248592221480e+00,-4.785796502522409179e-01,2.924501721121692821e-01,-2.811521411040152074e-01,-1.945867927649026718e+00,9.139654162187729192e-01,-6.295295660203990007e-01,1.487488894113855042e-01,3.441347255873141719e-01,-1.373685703827306703e+00,-9.880551438062462610e-01,5.085942322199391574e-01,-3.414166684827134590e-01,-6.193068401902528386e-01
-1.822491644622640794e-01,3.421398361239600394e-01,2.192571035082896691e-01,-4.980956423668777000e-01,3.892981597868078181e-01,5.842719520579651160e-01,5.088948416717423706e-01,-2.274365512647182341e-01,5.051190954624683593e-01,7.574858448568054514e-03,4.406029432811573998e-01,3.095356404601656841e-01,-2.398833148397370163e-01,-4.802401620819645167e-01,-6.631065376501842357e-01,-1.842064281352584765e-01,1.376834911717185195e+00,-4.671113398245822501e-01,2.906112697491850527e-01,-2.931310346543340439e-01,-1.951843563054463937e+00,8.856250460911796463e-01,-6.352412212388108825e-01,1.437251037302310630e-01,3.562728608553780152e-01,-1.443729842770691496e+00,-1.053218117558028855e+00,4.860701866951988581e-01,-3.074984180496868613e-01,-6.008331224902438983e-01
-1.796227690024173318e-01,3.448412791468373206e-01,2.211761964277794978e-01,-4.986535548531341178e-01,3.954261148560660466e-01,5.888376151882799281e-01,4.982507370647797917e-01,-2.784279968855151166e-01,5.025859453865790805e-01,-2.763646991053515453e-02,4.297435453307725806e-01,3.539172177326330715e-01,-2.483473419759587020e-01,-4.719118460436838580e-01,-6.485780476173043096e-01,-2.037634399227563897e-01,1.342483752149616238e+00,-4.563781527305817987e-01,2.890780810090356479e-01,-3.013883177384218959e-01,-1.959150640995263482e+00,8.584362392194627711e-01,-6.417496985505554141e-01,1.370291816133739349e-01,3.687011840636725268e-01,-1.516925412928374239e+00,-1.115891679212230869e+00,4.732560888231231444e-01,-2.668676380125319936e-01,-5.722204157184804796e-01
-1.767022995874832358e-01,3.479300914551351487e-01,2.232848971536764704e-01,-4.983299455394338273e-01,4.011582858503953686e-01,5.933345406435863723e-01,4.885626039224675865e-01,-3.188310741509716162e-01,5.021585379887579803e-01,-4.912859500005143515e-02,4.202222493895797495e-01,3.929824461971238025e-01,-2.504646898568942404e-01,-4.610257515824048857e-01,-6.357006700672308552e-01,-2.188000536860528755e-01,1.307889009430722727e+00,-4.463325146661337173e-01,2.880278233956660716e-01,-3.067366612937291181e-01,-1.967735248160411787e+00,8.318277158487366041e-01,-6.492123842226253938e-01,1.291125649272915621e-01,3.816073760252166602e-01,-1.591353251708054639e+00,-1.174802325260573488e+00,4.703276535497748490e-01,-2.207952432273901922e-01,-5.338727867889165868e-01
-1.733957107280237053e-01,3.515281904262979595e-01,2.257230494186562575e-01,-4.967175532088903833e-01,4.069142939830658334e-01,5.982359199590602250e-01,4.793810736326303279e-01,-3.485048873204664721e-01,5.041346069302450328e-01,-5.742695075609027811e-02,4.118225019458587877e-01,4.207104333877276225e-01,-2.491742975607058597e-01,-4.465135875017097189e-01,-6.245860183244604791e-01,-2.289115328742168665e-01,1.272478280952405783e+00,-4.365894206869448957e-01,2.875267193558043721e-01,-3.101683910119989451e-01,-1.979156258416874703e+00,8.049003901396311056e-01,-6.584576027430671941e-01,1.212948176247418269e-01,3.950539290631588929e-01,-1.664693311676884946e+00,-1.229957021861846522e+00,4.757810481729446983e-01,-1.710946692731230290e-01,-4.869342742030585147e-01
-1.695964679865948066e-01,3.556625313903641894e-01,2.284764140363744755e-01,-4.940419399069867490e-01,4.130312104484420432e-01,6.036813185045433183e-01,4.699964324301330043e-01,-3.711363839298024159e-01,5.099222792647172264e-01,-5.279020898678887797e-02,4.069798347915203895e-01,4.321662037638595022e-01,-2.460912366525025707e-01,-4.287451432254169026e-01,-6.144990276579999078e-01,-2.346226583395933374e-01,1.236238618104409825e+00,-4.271496081644767240e-01,2.875202148993006301e-01,-3.126432539350209594e-01,-1.993686770872896474e+00,7.771824675500761392e-01,-6.697389632983687946e-01,1.146489710634143872e-01,4.077531655219296947e-01,-1.735300173361993048e+00,-1.281424709019827635e+00,4.880182693110916015e-01,-1.187861352318664576e-01,-4.323614032172470312e-01
-1.652171162066853882e-01,3.602071032229803293e-01,2.313272779411779667e-01,-4.913281619840161318e-01,4.193234144204230907e-01,6.092916701936776924e-01,4.599226727280456561e-01,-3.947768410219908986e-01,5.230163963465880306e-01,-3.376707968343096306e-02,4.134115750977574444e-01,4.238186247339034152e-01,-2.427089153698856749e-01,-4.099056869281513249e-01,-6.032247402454248286e-01,-2.372151233080679600e-01,1.199664362075723911e+00,-4.182959668562523659e-01,2.877937616367999829e-01,-3.146036195821647619e-01,-2.010244251226247059e+00,7.489240996428900843e-01,-6.830403632464571162e-01,1.104949695520863751e-01,4.168176352123688644e-01,-1.801882414844750979e+00,-1.328184239732258520e+00,5.051175893643392589e-01,-6.421802410650090387e-02,-3.705911408432320253e-01
-1.602404828148881466e-01,3.650840432543389635e-01,2.341441430829729053e-01,-4.889785574711128513e-01,4.254189653101742574e-01,6.148260704502609419e-01,4.493412705089316894e-01,-4.230830463462734725e-01,5.444111263250647204e-01,-1.678943652414006948e-03,4.337161282891083824e-01,3.976752203276641695e-01,-2.397099114540494069e-01,-3.912217876049651766e-01,-5.895027106717461995e-01,-2.369029394607264083e-01,1.162981605274359564e+00,-4.100372178672942458e-01,2.881620138792408969e-01,-3.160135251388798139e-01,-2.028149656189010663e+00,7.206317290401275111e-01,-6.983901566672282568e-01,1.094119327028181266e-01,4.217489679423647719e-01,-1.863374558809606230e+00,-1.369835468054106276e+00,5.256769666337614000e-01,-7.932143007194115969e-03,-3.025831053293824291e-01
-1.546843547959169951e-01,3.702365061435939353e-01,2.368091621862427054e-01,-4.870470113657154321e-01,4.309195099798338591e-01,6.201299448009905957e-01,4.387851822926395196e-01,-4.572402194308675671e-01,5.741337012158906905e-01,4.143172381861594950e-02,4.683467654135758385e-01,3.583096224181678835e-01,-2.378682623874701085e-01,-3.734549018025346001e-01,-5.728609942039404324e-01,-2.335146000073242134e-01,1.126363241886783273e+00,-4.022431203263990285e-01,2.884896269019197046e-01,-3.166399046270475526e-01,-2.046815427980908986e+00,6.929604821716142116e-01,-7.157575184896910470e-01,1.115385976229251869e-01,4.228278661717258524e-01,-1.918977542886496579e+00,-1.406378854570978332e+00,5.489245846881691815e-01,4.963511219042249928e-02,-2.293130291571212342e-01
-1.486211253734696092e-01,3.756283175450385592e-01,2.392185374341979920e-01,-4.854444086202457931e-01,4.355002337230558518e-01,6.250594631866629447e-01,4.289334914031595059e-01,-4.972831630086690935e-01,6.120353239831468617e-01,9.484804974761729124e-02,5.172466124526116094e-01,3.126973175510301406e-01,-2.393977199274651413e-01,-3.569017428791955160e-01,-5.532720430980428983e-01,-2.267810923520420241e-01,1.089412304189771197e+00,-3.948188309917184391e-01,2.886879957080837333e-01,-3.161129089156515248e-01,-2.065470130169155372e+00,6.666051783755522209e-01,-7.349254186072093908e-01,1.166745737957653739e-01,4.205756907635782582e-01,-1.968227900113475703e+00,-1.438066576355350623e+00,5.746988913756658768e-01,1.081480083873967435e-01,-1.516487794297577962e-01
-1.422944907870439812e-01,3.812431485088442207e-01,2.412787570747705335e-01,-4.840311280057688625e-01,4.393518709347678519e-01,6.294890182945801493e-01,4.200334077652019826e-01,-5.426629510206806284e-01,6.533222406993124398e-01,1.479097544433692069e-01,5.812683208757123410e-01,2.677571175875902987e-01,-2.419424769262684127e-01,-3.415692733133870451e-01,-5.319114081574415343e-01,-2.173194957555586726e-01,1.052022169001069818e+00,-3.878840356996344774e-01,2.887542636980285349e-01,-3.146682399288027177e-01,-2.082380427030702030e+00,6.419909342614139591e-01,-7.548344227697717512e-01,1.236235556351928805e-01,4.168199583445318379e-01,-2.011058941051417914e+00,-1.464960352468145599e+00,6.028950759960386430e-01,1.671765847026766005e-01,-7.459836537533658107e-02
-1.360605747573004620e-01,3.870471144770583072e-01,2.430610296487734912e-01,-4.824248541222896924e-01,4.432861009994075174e-01,6.336684563108936352e-01,4.113732857908976581e-01,-5.946850620144661370e-01,6.880833554857432866e-01,1.804540173950976156e-01,6.580417155132890494e-01,2.205383523404799706e-01,-2.417695305944169704e-01,-3.266008297805643723e-01,-5.111036371006602019e-01,-2.076426375136997682e-01,1.014762680776047699e+00,-3.816141534487544340e-01,2.888001109273634071e-01,-3.141504906491679461e-01,-2.096974167081534723e+00,6.188604168414625351e-01,-7.743765068197082657e-01,1.310987259537350624e-01,4.145656478560446612e-01,-2.048204843825176535e+00,-1.487630496158283355e+00,6.326342101117456984e-01,2.260127312368294672e-01,-7.317726100972463121e-03
-1.301113942210224972e-01,3.929699418246884179e-01,2.445583323389042829e-01,-4.804581025372486325e-01,4.476197572455968277e-01,6.376203325043654502e-01,4.027863902948088937e-01,-6.529938522583097482e-01,7.126502818691198282e-01,1.886048839171408364e-01,7.445413867309906841e-01,1.701198198275837847e-01,-2.380746050430803118e-01,-3.117000744217053310e-01,-4.920126859793508833e-01,-1.990694506760750104e-01,9.783418102784380288e-01,-3.760176319929286470e-01,2.889378777713660917e-01,-3.151184671475288912e-01,-2.109040130458308848e+00,5.968997970305038869e-01,-7.926927549938066475e-01,1.383116521036928392e-01,4.145810696729350653e-01,-2.080486796592514231e+00,-1.506606552455113324e+00,6.635517043749605826e-01,2.840621072910931022e-01,4.835095103329861699e-02
-1.245457158006124943e-01,3.989148927246846665e-01,2.456935670600657873e-01,-4.780799998014363394e-01,4.525004640090891650e-01,6.413122167670418650e-01,3.942099497561676325e-01,-7.162686190120878260e-01,7.260668104757811436e-01,1.749929483207405545e-01,8.386229434475458433e-01,1.163970712418019304e-01,-2.310487626444517606e-01,-2.969358526306851709e-01,-4.752918448252852479e-01,-1.926145331465644872e-01,9.435627107635331523e-01,-3.709556859185416111e-01,2.892551945194185015e-01,-3.177485018449560106e-01,-2.118580125879666820e+00,5.756433165326390045e-01,-8.092427912679269753e-01,1.449512016475410503e-01,4.168600598193110685e-01,-2.108769374562475818e+00,-1.522308834288315538e+00,6.955604029836000013e-01,3.409110275430384251e-01,9.304831770227130205e-02
-1.193955973030493140e-01,4.047595188292099633e-01,2.463266752436866491e-01,-4.752549242025196352e-01,4.579880693500811284e-01,6.447892100102091684e-01,3.855220762032173787e-01,-7.826384599796006869e-01,7.285807143391318519e-01,1.440006386883396772e-01,9.391028445485950504e-01,5.964828196941029254e-02,-2.211385060579836859e-01,-2.828926297354991681e-01,-4.615429338915265634e-01,-1.894557500252133930e-01,9.117676029442205454e-01,-3.660817785106764699e-01,2.898139188167176417e-01,-3.221712037352701952e-01,-2.125811628857430247e+00,5.544355525688452468e-01,-8.238389836002372180e-01,1.511911041600205730e-01,4.211483920601847286e-01,-2.133913113770471437e+00,-1.535083888407071440e+00,7.286588790807723148e-01,3.963234610702021654e-01,1.281219441373988854e-01
-1.146222463985451662e-01,4.104580786523587266e-01,2.463793449563911886e-01,-4.719099531598655584e-01,4.639179835347122527e-01,6.481498921394794888e-01,3.768060747670099464e-01,-8.487040740011299045e-01,7.223045379330536031e-01,1.033884650049106124e-01,1.043404183768314342e+00,3.324395628231932576e-03,-2.112330328892329523e-01,-2.703249290616568934e-01,-4.511442816734294592e-01,-1.902468808737418360e-01,8.844449469734757541e-01,-3.612066388511145365e-01,2.903829058253285522e-01,-3.279402050874929420e-01,-2.131060206199336005e+00,5.331429568479278958e-01,-8.365437389197596385e-01,1.568388006264957446e-01,4.264342180590559028e-01,-2.155611778421869573e+00,-1.545086512010543256e+00,7.609396710342319903e-01,4.488015530995519420e-01,1.515680099302927908e-01
-1.100927424187766179e-01,4.160631556762907635e-01,2.458561141297390673e-01,-4.678674285621423068e-01,4.701290991972166267e-01,6.514973551785041561e-01,3.682796431708881824e-01,-9.107856936257026081e-01,7.104784066160334532e-01,6.250698835607117199e-02,1.147423629850978122e+00,-4.698931447224443531e-02,-2.059085950871152038e-01,-2.586952961732931211e-01,-4.437099511940391094e-01,-1.943738059833632348e-01,8.615744070340372041e-01,-3.567464181745811924e-01,2.903752056297019823e-01,-3.343141570289884790e-01,-2.134593172812548900e+00,5.123787017294906265e-01,-8.474116684570406344e-01,1.610039121970830434e-01,4.312084956106612688e-01,-2.172778324234837743e+00,-1.552428384049086008e+00,7.886240387943184160e-01,4.958124370881905607e-01,1.588009963278234626e-01
-1.057422481933806419e-01,4.215980077869661558e-01,2.448027679626893494e-01,-4.632151110656556603e-01,4.766065426375700187e-01,6.548521655286992926e-01,3.597868892801234231e-01,-9.683960662822663767e-01,6.948125016684645328e-01,2.502414747902603070e-02,1.249355404896303812e+00,-9.030785431272961294e-02,-2.060535308823382983e-01,-2.467778602820296652e-01,-4.381389580735737810e-01,-2.013730467691941806e-01,8.412386431514805585e-01,-3.531158181397103246e-01,2.894071397227043763e-01,-3.407898074997239846e-01,-2.136526447031399822e+00,4.924265442897770018e-01,-8.561762421659655509e-01,1.630774839967963630e-01,4.350803123356439817e-01,-2.186521285293515859e+00,-1.557435390198844916e+00,8.100963093412552052e-01,5.367928784478495086e-01,1.502330878728755370e-01
-1.015515594637934893e-01,4.270811311850825076e-01,2.433239118800213097e-01,-4.582036147762624800e-01,4.833282829815831461e-01,6.581323601239510435e-01,3.511491807872683668e-01,-1.022216200969713551e+00,6.762856178721972089e-01,-7.678011583675643618e-03,1.348431065465728107e+00,-1.271812128120850816e-01,-2.113613563182897004e-01,-2.337619476253274264e-01,-4.334573111524179789e-01,-2.109153710057929676e-01,8.217281035485507479e-01,-3.504702900807248334e-01,2.872935429299408594e-01,-3.468528939221254270e-01,-2.136918626425816647e+00,4.734551659540847668e-01,-8.625237968380721210e-01,1.624999038683547781e-01,4.379890609331703599e-01,-2.198632018109966779e+00,-1.560370383075232237e+00,8.246689802223825527e-01,5.720528003106167825e-01,1.277677513911012475e-01
-9.751681044240949336e-02,4.325331518758175342e-01,2.415564942971447915e-01,-4.530610315141749278e-01,4.902302322789114375e-01,6.612770011213533472e-01,3.422320102956855070e-01,-1.073177349790908730e+00,6.554456140137274733e-01,-3.514753475120459963e-02,1.444396173711086417e+00,-1.585555580587869606e-01,-2.211968436988753228e-01,-2.195089164363289158e-01,-4.290359661657177082e-01,-2.226795110076795203e-01,8.025359947868698773e-01,-3.486640826631083878e-01,2.840065231462232664e-01,-3.521788955024450218e-01,-2.135862887410404642e+00,4.556799329952927469e-01,-8.662456463023523456e-01,1.587374970801490592e-01,4.400678332254162606e-01,-2.210876873411725452e+00,-1.561363847586890952e+00,8.320633404919406395e-01,6.022578543186388744e-01,9.356639039835419613e-02
-9.364977456987444437e-02,4.378951446059055064e-01,2.395731201663728049e-01,-4.479970194516575410e-01,4.970685130443866506e-01,6.643084880823576510e-01,3.330402326506602950e-01,-1.122287850815303578e+00,6.348414415795970989e-01,-5.635001197286937380e-02,1.537727005589709872e+00,-1.865401212747589965e-01,-2.296902307379121710e-01,-2.041818941260865328e-01,-4.241930731590082271e-01,-2.362842036136007795e-01,7.838644044646148057e-01,-3.477793620598942370e-01,2.757676279210520276e-01,-3.569874973704819654e-01,-2.133433074702295595e+00,4.393733350563386320e-01,-8.678347256750830185e-01,1.526821571835406399e-01,4.414046931843434995e-01,-2.220951799391644332e+00,-1.561617911046158103e+00,8.293811908098106533e-01,6.253836627989951547e-01,5.536819795873385713e-02
-9.000852833145502052e-02,4.430141430246021805e-01,2.374004710659083639e-01,-4.432052967699916524e-01,5.034971609399160331e-01,6.672568636196626324e-01,3.237714499348562924e-01,-1.170536952359584326e+00,6.188135464623956139e-01,-7.012985023898821169e-02,1.629308012419186324e+00,-2.137280803243347127e-01,-2.285136351048637493e-01,-1.881636101521889648e-01,-4.184192322481807280e-01,-2.510290056411064730e-01,7.660512055573093226e-01,-3.480414169853588979e-01,2.654972184553573977e-01,-3.618994782388780251e-01,-2.129858028837967598e+00,4.247061628721535698e-01,-8.681494381898173796e-01,1.459035022819547833e-01,4.422592904686423743e-01,-2.223968840715155881e+00,-1.564597111940690288e+00,8.126741792866121195e-01,6.402799915548420540e-01,2.105934307866134947e-02
-8.662739291513538165e-02,4.478337268832958684e-01,2.350961668822924289e-01,4.386140948218932856e-01,-5.094626542470388486e-01,-6.701160512416569626e-01,-3.146596078712439737e-01,-1.218174261765688549e+00,6.095680533241792931e-01,-7.656468098460772476e-02,1.719386459012407276e+00,-2.410326236934082766e-01,-2.163617041069973990e-01,-1.716059534943506215e-01,-4.120030082615571132e-01,-2.662546831280936943e-01,7.493122516066276217e-01,-3.493579313839356160e-01,2.542780058936191523e-01,-3.679013869179109109e-01,-2.125073326534959062e+00,4.119324986358872676e-01,-8.680348082964295386e-01,1.390626655947873602e-01,4.427987869156539968e-01,-2.218504716847027325e+00,-1.570265247746907011e+00,7.848983735611884116e-01,6.487944172637740703e-01,-6.973586564529655162e-03
-8.354940607688952914e-02,4.523187362900190078e-01,2.327323690366593645e-01,4.340516585622615220e-01,-5.150270357939007448e-01,-6.728855440027070589e-01,-3.058943523062805925e-01,-1.265262350887316867e+00,6.081672561747125672e-01,-7.647627767793560571e-02,1.808117478493289410e+00,-2.687146764878233784e-01,-1.941119387276991071e-01,-1.544864565326055372e-01,-4.055692754034687653e-01,-2.814948681693892341e-01,7.337530968816514676e-01,-3.515559188192081685e-01,2.425362806147768890e-01,-3.758805080257724418e-01,-2.118945705746295705e+00,4.012720881137470386e-01,-8.681221818590569850e-01,1.323886582113498467e-01,4.431488971508984465e-01,-2.203894598339563693e+00,-1.578186878754717748e+00,7.492962939387000088e-01,6.525068453764272247e-01,-2.860745877327361755e-02
-8.082157271943084254e-02,4.564485412797884556e-01,2.303766049505835134e-01,4.293222358456686982e-01,-5.203156229489893647e-01,-6.755502845345373597e-01,-2.976338075370245084e-01,-1.311769143539438742e+00,6.150640853632547422e-01,-7.104644471182511301e-02,1.895633581171996651e+00,-2.967814286017145253e-01,-1.631759689437814742e-01,-1.367039278369066857e-01,-3.999029996227808081e-01,-2.964191763244283795e-01,7.193874189399938057e-01,-3.544653743177098026e-01,2.304570502462243986e-01,-3.865369647054289204e-01,-2.111275974768211494e+00,3.928920546588103302e-01,-8.688135945590719222e-01,1.259617578065787558e-01,4.434427311081815537e-01,-2.180108243403728441e+00,-1.587441516244946893e+00,7.085362784885251841e-01,6.529323054157676331e-01,-4.454061782920261392e-02
-7.842186737139754393e-02,4.602967069487835516e-01,2.280817444589705034e-01,4.242231005192179105e-01,-5.255582394713259609e-01,-6.780658421525539437e-01,-2.899138003193523772e-01,-1.356762082756024057e+00,6.261589699186822511e-01,-6.349625506079371873e-02,1.980614308950323865e+00,-3.245756627610326128e-01,-1.313345986246477193e-01,-1.182076051748942730e-01,-3.958707101229535508e-01,-3.107606664147443687e-01,7.056898198945895651e-01,-3.574210706777399826e-01,2.189175723350975378e-01,-3.997789483860268445e-01,-2.102188822050162109e+00,3.865320425794916415e-01,-8.701496268390558342e-01,1.195547991062861221e-01,4.435951352188464702e-01,-2.148165640725030023e+00,-1.597761042039832713e+00,6.653664905305557431e-01,6.509676893262982267e-01,-5.571737408196350549e-02
-7.622959470267325066e-02,4.639802478257082918e-01,2.258506600508276008e-01,4.186481011198011082e-01,-5.308656071255253295e-01,-6.804704300370425507e-01,-2.826237282235400383e-01,-1.399001649905764255e+00,6.341630983377004593e-01,-5.800674770243752915e-02,2.060898266117496380e+00,-3.514326151061240022e-01,-1.080447128346868624e-01,-9.893569509226099457e-02,-3.936373492807489494e-01,-3.242333560371718493e-01,6.917313340085754492e-01,-3.596701313218758078e-01,2.089796816935037271e-01,-4.147440921878879916e-01,-2.092256652197061140e+00,3.816574459310813627e-01,-8.718843916760655732e-01,1.128704691521340286e-01,4.433212853587394919e-01,-2.109764405327898107e+00,-1.609166386828355000e+00,6.219656306589309569e-01,6.453016024113361615e-01,-6.304949014248431571e-02
-7.409783744235039216e-02,4.675630078706610182e-01,2.236202339260121852e-01,4.127654896748332858e-01,-5.360642374977193647e-01,-6.827779614026443511e-01,-2.758152266143635845e-01,-1.437920687768656558e+00,6.349111784699867922e-01,-5.671942249566774841e-02,2.135515024083866731e+00,-3.775571193567786032e-01,-9.498067017455683048e-02,-7.915595421383783692e-02,-3.924725602575916406e-01,-3.360307923945189401e-01,6.768508648558503316e-01,-3.611442139463878487e-01,2.007331675198204546e-01,-4.300658756169939978e-01,-2.082019270767867081e+00,3.778371439229948892e-01,-8.738885410549132038e-01,1.058916999281801080e-01,4.424110193775092625e-01,-2.066585679725687186e+00,-1.620812649070178635e+00,5.783912878156840520e-01,6.371059322053828078e-01,-6.746016131397869486e-02
-7.187545294161945542e-02,4.711000909067217801e-01,2.213057741679038126e-01,4.068502600862365925e-01,-5.408417471545960975e-01,-6.850203650296244895e-01,-2.696482336252277179e-01,-1.473142083321951068e+00,6.260479547373761777e-01,-6.053252390729262772e-02,2.204219141018211925e+00,-4.032877079835699985e-01,-9.137494710186233604e-02,-5.919199947278838692e-02,-3.911461861908326898e-01,-3.450702065379733230e-01,6.604887653265230085e-01,-3.619885235155875791e-01,1.939688772771885894e-01,-4.442255320509197469e-01,-2.071970042541670942e+00,3.746965657690345397e-01,-8.761628141162248751e-01,9.875734003921220194e-02,4.407150224080808032e-01,-2.020095739439716986e+00,-1.631401628222835187e+00,5.343421219078692275e-01,6.278287833012108354e-01,-6.962711662456180783e-02
-6.941778973144192844e-02,4.746837753071690980e-01,2.188278053390171896e-01,4.011930776924727549e-01,-5.450905923313498214e-01,-6.870663228925927291e-01,-2.643108558314454237e-01,-1.503979621828819724e+00,6.059993948140585118e-01,-6.874540860618555405e-02,2.267076385479435352e+00,-4.288585821512096441e-01,-9.587614012270670449e-02,-3.857473777808234638e-02,-3.869573303203294734e-01,-3.483909014473138277e-01,6.402841167892389107e-01,-3.627717062270699455e-01,1.883621373340861327e-01,-4.555843442402746635e-01,-2.063262006782666802e+00,3.714158124886606793e-01,-8.793466203974459328e-01,9.209839461032373609e-02,4.382949021515524235e-01,-1.971046557370207841e+00,-1.639237384931898189e+00,4.906070656125345320e-01,6.196807833324499137e-01,-6.994509660824599351e-02
-6.671191761400170617e-02,4.783217890370026204e-01,2.161281916433619443e-01,3.957047775901587627e-01,-5.490086638305877731e-01,-6.888990496326649060e-01,-2.596651987753653135e-01,-1.530167424125552511e+00,5.756568589063639774e-01,-7.843662212246479970e-02,2.323986670209051475e+00,-4.527761962811682750e-01,-1.074684404178144342e-01,-1.769218622092457935e-02,-3.806110744945733204e-01,-3.471660105876277491e-01,6.183911338515577505e-01,-3.637650654166100783e-01,1.840915096219817859e-01,-4.643244881790876688e-01,-2.056092596448742871e+00,3.678516019572841134e-01,-8.833878680485146573e-01,8.611607601572011939e-02,4.352267427511343767e-01,-1.920405746714316519e+00,-1.643777330638072076e+00,4.464129542746545498e-01,6.127175883735100914e-01,-7.066123024501266836e-02
-6.388425668771502419e-02,4.819361488709005270e-01,2.131652015165442504e-01,3.900769558998138931e-01,-5.530061351492110422e-01,-6.905411343104459476e-01,-2.552981096453906806e-01,-1.552237771394651800e+00,5.378407974638876876e-01,-8.578542736610760000e-02,2.374723074318699112e+00,-4.731806054351597179e-01,-1.254262737948188822e-01,3.016039637651922456e-03,-3.743929955983379965e-01,-3.445619416585953276e-01,5.982191486102309552e-01,-3.650968390335558866e-01,1.815268958611747085e-01,-4.723837788469774646e-01,-2.048851172918473296e+00,3.646219706367508917e-01,-8.871859965815073190e-01,8.021673257745319530e-02,4.315690492778202492e-01,-1.869792301082993324e+00,-1.645907970782657603e+00,3.999847489160461844e-01,6.051584215482131990e-01,-7.437482311848962746e-02
-6.102887136055942796e-02,4.854530158155080932e-01,2.098868224143931593e-01,3.841188785059312938e-01,-5.574430844596613976e-01,-6.919164575308903720e-01,-2.509213234489015565e-01,-1.571049361457528715e+00,4.951291660745527623e-01,-8.839643140677305722e-02,2.419382028824458075e+00,-4.898477848167601123e-01,-1.489403808740051016e-01,2.378548135470291355e-02,-3.691632984441699517e-01,-3.421127793698535702e-01,5.804867578909301828e-01,-3.668225392975015819e-01,1.806116807636338195e-01,-4.809916814666987395e-01,-2.041042788378655715e+00,3.619841364511642290e-01,-8.903797062820353325e-01,7.424642005866342875e-02,4.277637599643189237e-01,-1.820836786526142337e+00,-1.646558600111427184e+00,3.511676955657757615e-01,5.963994171777954323e-01,-8.153215296974671011e-02
-5.823425152094338642e-02,4.888493696921075715e-01,2.063417663175132755e-01,3.778922520889563819e-01,-5.625121424931776026e-01,-6.928525541595833559e-01,-2.464404056834304524e-01,-1.587635411848584255e+00,4.499331390382297347e-01,-8.515215088473468419e-02,2.458163793175983880e+00,-5.031768509878152829e-01,-1.772594495465906195e-01,4.425514724151224238e-02,-3.657097307908046546e-01,-3.410054648584025516e-01,5.654605071862597310e-01,-3.687924878694051611e-01,1.811699149759746497e-01,-4.906529973773565700e-01,-2.032821121913952478e+00,3.600470042714770669e-01,-8.927489181528489581e-01,6.796685830507488701e-02,4.243293429531846961e-01,-1.774482749164099982e+00,-1.646447168041119902e+00,3.011420207494219792e-01,5.866938321113740473e-01,-9.167169064217942087e-02
-5.561473971901972901e-02,4.921589922146595852e-01,2.027965010857201156e-01,3.718206825044740871e-01,-5.682823968366031986e-01,-6.929995551867932368e-01,-2.419851287207006874e-01,-1.603034736523250459e+00,4.043255226091893029e-01,-7.566083319857845602e-02,2.491267488965867472e+00,-5.137559417400879846e-01,-2.097325701213499372e-01,6.298523574174670625e-02,-3.648879288144704636e-01,-3.411538213691541754e-01,5.530046716471970214e-01,-3.708172683657967039e-01,1.830281989262202147e-01,-5.011270593280453545e-01,-2.024709335595672233e+00,3.589329439898078511e-01,-8.940871193037492892e-01,6.097389348623452610e-02,4.215141431753532952e-01,-1.730949522461625145e+00,-1.646322501547036632e+00,2.515160773404235273e-01,5.765089022656862960e-01,-1.040205127305567634e-01
-5.322995744049197758e-02,4.954389129094060040e-01,1.994919072296328921e-01,3.662784484224775872e-01,-5.743499726281474649e-01,-6.922966869097704201e-01,-2.380913783760850166e-01,-1.617472415264792129e+00,3.610467616266714863e-01,-6.066387470805370552e-02,2.518487681023807045e+00,-5.210815276903698612e-01,-2.399287200541362353e-01,7.946988713436708984e-02,-3.664156285658896062e-01,-3.410056066296230926e-01,5.421267309152266733e-01,-3.726494775287738648e-01,1.865129989790982323e-01,-5.108849944021151002e-01,-2.017150369085655814e+00,3.586005184385135935e-01,-8.950704555239051841e-01,5.339647323820438662e-02,4.188252833345309512e-01,-1.689892892806729829e+00,-1.646006672573947727e+00,2.024781620432571927e-01,5.660104960750451664e-01,-1.179300400869939258e-01
-5.108122982881502933e-02,4.987014985647945098e-01,1.964302199399056148e-01,3.611304057316414018e-01,-5.801802697607508774e-01,-6.911607124184626638e-01,-2.351011574740664023e-01,-1.630552036987646725e+00,3.221234956137071781e-01,-4.166166562251051586e-02,2.539645039431651874e+00,-5.244607168363458749e-01,-2.613844936533007979e-01,9.523436993771873527e-02,-3.689875008295385173e-01,-3.397726298825373692e-01,5.315052600681379191e-01,-3.742175222685675262e-01,1.919347685411665894e-01,-5.187435907853424899e-01,-2.010124212132458510e+00,3.587893745580171267e-01,-8.959701689423684723e-01,4.538099741814621835e-02,4.159867050423908252e-01,-1.649937216903951676e+00,-1.644921937373445608e+00,1.536177102238553693e-01,5.549276229673304472e-01,-1.330444771456483488e-01
-4.917150305985132364e-02,5.019338775317873091e-01,1.935119208924522827e-01,3.561316704643466835e-01,-5.855007633013273871e-01,-6.900111946493763249e-01,-2.329026421584301509e-01,-1.642102769014592178e+00,2.882323281484892030e-01,-2.007852540480081424e-02,2.554922143665082857e+00,-5.240950465569319539e-01,-2.731679227055109349e-01,1.118348333982038950e-01,-3.711546220878055857e-01,-3.380617861931296542e-01,5.201870623956316164e-01,-3.756564619744247602e-01,1.990695071856487253e-01,-5.244692958829528795e-01,-2.003159179217402386e+00,3.591246630347581514e-01,-8.968746659798162435e-01,3.693227748263452209e-02,4.128704928482192504e-01,-1.609878135566272350e+00,-1.642836702487336042e+00,1.046444457896117952e-01,5.429804104745936666e-01,-1.492863510671967875e-01
-4.752744883210149179e-02,5.051045899540078654e-01,1.906660222550168038e-01,3.511846745887534094e-01,-5.902145801887130894e-01,-6.890741546192619138e-01,-2.312867396058234104e-01,-1.652103310150605742e+00,2.595520224707354995e-01,3.118317395229392407e-03,2.564685222577006041e+00,-5.204652864217957919e-01,-2.760829215487996535e-01,1.300096318110868787e-01,-3.720500614849948096e-01,-3.365384434609000053e-01,5.077565066112956771e-01,-3.770828723541624350e-01,2.076675762107210998e-01,-5.281659644881070426e-01,-1.995736699418854565e+00,3.593465379875807608e-01,-8.976976934315802348e-01,2.793329320724513565e-02,4.095189140725136734e-01,-1.569133964968303374e+00,-1.639615511256940605e+00,5.516452132311824852e-02,5.298408101534799464e-01,-1.666768328382504938e-01
-4.618947230167075313e-02,5.081652359618100689e-01,1.878508881959438104e-01,3.462578526864614203e-01,-5.943136910077803092e-01,-6.884659208124354057e-01,-2.300248073872797616e-01,-1.660580137696900271e+00,2.359747626705321066e-01,2.727786657904981635e-02,2.569426713436413934e+00,-5.140852375346449676e-01,-2.713502227203637429e-01,1.500558722250845689e-01,-3.712381640583683473e-01,-3.358458798652956823e-01,4.941517343677025442e-01,-3.785636519705360969e-01,2.175100541652155717e-01,-5.299316232593720422e-01,-1.987856160514244186e+00,3.592269340484062767e-01,-8.988591405483995489e-01,1.852866690666898214e-02,4.062151798820785031e-01,-1.527424804339590159e+00,-1.635345910036225980e+00,4.786110076785227152e-03,5.151057119817522567e-01,-1.852057694753474482e-01
-4.514545057625659469e-02,5.110258126098186082e-01,1.849847497478165625e-01,3.417114289069791977e-01,-5.973932779006815297e-01,-6.883664804132991755e-01,-2.291422255212619274e-01,-1.668033839241677585e+00,2.181627288103705209e-01,4.865844221740237702e-02,2.571598609408653591e+00,-5.066669263286678326e-01,-2.638094171255040421e-01,1.714388371836956526e-01,-3.671712032150066807e-01,-3.352130263321922987e-01,4.790197900033669187e-01,-3.792355442467078008e-01,2.265287178224349718e-01,-5.290375017985033956e-01,-1.979576355738852822e+00,3.589520761218604195e-01,-9.001044600781015204e-01,8.886239959926846982e-03,4.027206218717890307e-01,-1.485959290191150028e+00,-1.630535640755668370e+00,-4.561605910946265469e-02,4.987978973272174654e-01,-2.045311331060544191e-01
-4.434685247281590359e-02,5.136315295265850844e-01,1.819941033466365432e-01,3.379616638756076652e-01,-5.990507367095267988e-01,-6.888958372806007757e-01,-2.287851699207452127e-01,-1.674683231262269256e+00,2.068374137107695521e-01,6.308684754597325417e-02,2.574049402638250328e+00,-4.997525905173299532e-01,-2.577418080403287570e-01,1.932800265880123269e-01,-3.584055023497856873e-01,-3.333285649351004354e-01,4.619364543138152479e-01,-3.782662476429937692e-01,2.328872735175678554e-01,-5.248070449862309861e-01,-1.970838028898409755e+00,3.587721040905879621e-01,-9.008456595943374889e-01,-8.621834001545924941e-04,3.985181809890048776e-01,-1.446177033147534097e+00,-1.625554114434329733e+00,-9.494719498343931474e-02,4.814842777203244273e-01,-2.242345322122684115e-01
-4.375342990205553090e-02,5.159955264466495883e-01,1.788506242294896076e-01,3.351417057032726188e-01,-5.992603516796944918e-01,-6.900151328459156463e-01,-2.290127492231727457e-01,-1.680104624765961896e+00,2.020341649825433405e-01,6.865240919574884526e-02,2.578332201523179101e+00,-4.937603315496326140e-01,-2.541958606473970761e-01,2.150237340873426273e-01,-3.447171803432320658e-01,-3.295793855954982088e-01,4.427436379804416955e-01,-3.755599302350030588e-01,2.363527280071273384e-01,-5.173252686707636716e-01,-1.961737895063292880e+00,3.587638897685960782e-01,-9.008900113696035605e-01,-1.057495784576333205e-02,3.931826145742414180e-01,-1.408566264641226251e+00,-1.620458060223013863e+00,-1.427413575006247215e-01,4.638026136903801722e-01,-2.440251474237382368e-01
-4.333412690241471993e-02,5.181573363965781276e-01,1.755420379606623116e-01,3.332291605421972558e-01,-5.981866506102569980e-01,-6.916085976987688122e-01,-2.298012297294498296e-01,-1.683712520061402929e+00,2.034048940966394492e-01,6.461160408555259582e-02,2.585201487727491365e+00,-4.886880407514916369e-01,-2.531611385529723424e-01,2.363643543214473952e-01,-3.264659799101902737e-01,-3.238632373380530560e-01,4.214464100452122719e-01,-3.712835475358700621e-01,2.371835040028745789e-01,-5.071355160523468575e-01,-1.952485808958671853e+00,3.589540189760993538e-01,-9.003237515103724720e-01,-2.014979279275447982e-02,3.865001703924292320e-01,-1.373148541806375578e+00,-1.615192447738284631e+00,-1.887824552648388332e-01,4.462111825602420589e-01,-2.637184982814327339e-01
-4.303226049499399991e-02,5.201636474052018233e-01,1.720888631582699613e-01,3.320695441257463520e-01,-5.961462074403265365e-01,-6.935713706772221876e-01,-2.308641830071381240e-01,-1.685527647011625385e+00,2.101770137526459692e-01,5.102994120840399772e-02,2.594770443008244776e+00,-4.843535181249009058e-01,-2.543046215309076041e-01,2.570707182754612408e-01,-3.041133821615630284e-01,-3.166691395512620244e-01,3.981805833152720631e-01,-3.656713897799420132e-01,2.357565164500987354e-01,-4.952824302559146741e-01,-1.944026210375133346e+00,3.592431374239753450e-01,-8.993346169215373775e-01,-2.924240535545012676e-02,3.783850139348370889e-01,-1.339652090989457589e+00,-1.609870560906451864e+00,-2.330109883393881587e-01,4.289476241019722913e-01,-2.831865769843852076e-01
-4.278885946778918786e-02,5.220941131550338454e-01,1.685630507133122902e-01,3.315377655896931119e-01,-5.937362184360865935e-01,-6.955437655791454343e-01,-2.319027448500602662e-01,-1.686036124163574179e+00,2.209560972095034603e-01,3.136995406863686553e-02,2.605734806685561455e+00,-4.816537509129857342e-01,-2.560085212702374324e-01,2.763654993371370550e-01,-2.795526694455714445e-01,-3.084552894403895240e-01,3.738326436572151357e-01,-3.593482764860137513e-01,2.331852558274444542e-01,-4.833253263570847502e-01,-1.936846218025744415e+00,3.597334868211350956e-01,-8.983725911307031131e-01,-3.786012425360979483e-02,3.692604050797411719e-01,-1.306789139504261454e+00,-1.604686429731569941e+00,-2.748422588207097284e-01,4.121355163647084652e-01,-3.002840872550559537e-01
-4.258172250211559456e-02,5.240275743274781517e-01,1.650231221947578153e-01,3.315596178709340203e-01,-5.914352343023491221e-01,-6.971572025808282502e-01,-2.329057111948641956e-01,-1.685295321856648654e+00,2.343775859922578031e-01,9.822733165026457935e-03,2.616742569767459781e+00,-4.814419741155517296e-01,-2.570314913096932719e-01,2.937271090409809826e-01,-2.549373433923436405e-01,-2.993097536100127187e-01,3.492369688124064009e-01,-3.528275892489429744e-01,2.303617859409345658e-01,-4.721911608496199286e-01,-1.931095891472625947e+00,3.605563927780559008e-01,-8.979254946530665915e-01,-4.602621183144089967e-02,3.596522073039210010e-01,-1.273264372867404903e+00,-1.599792024705448679e+00,-3.133660683932918412e-01,3.959806235847114220e-01,-3.132541498619275111e-01
-4.242719953609129513e-02,5.259984367024930219e-01,1.615010639495164935e-01,3.320694516764463033e-01,-5.894490923176641806e-01,-6.982273330438319991e-01,-2.340047824718198000e-01,-1.683152578851659253e+00,2.492875145404164494e-01,-1.073452670512349202e-02,2.627199141345226696e+00,-4.837831270521482097e-01,-2.571560397578066537e-01,3.091922183935274515e-01,-2.316651322951470138e-01,-2.891987955145517986e-01,3.247243239579085672e-01,-3.462925144000305600e-01,2.275543079155427917e-01,-4.620824159354788851e-01,-1.926789147774956801e+00,3.616908690748328881e-01,-8.981432137695853912e-01,-5.345358583854484952e-02,3.498937076583934491e-01,-1.238449299869347708e+00,-1.595236889908726585e+00,-3.484506116619725535e-01,3.804611025230946741e-01,-3.221534101887561508e-01
-4.236863376436992429e-02,5.279936054032332571e-01,1.580464883414505195e-01,3.330189366718868671e-01,-5.878580132892752275e-01,-6.986796558607967222e-01,-2.353042339520279580e-01,-1.679691499790993969e+00,2.645223021620797255e-01,-2.812748956950927512e-02,2.636900349333386018e+00,-4.884190144239565212e-01,-2.564696118988604168e-01,3.229100387556067542e-01,-2.107124007607552030e-01,-2.781616760516331111e-01,3.004522118253104557e-01,-3.398052738529954708e-01,2.248245886838765306e-01,-4.528973286667795639e-01,-1.923548243518745204e+00,3.629780323304580558e-01,-8.987622157830255087e-01,-5.976066260561219839e-02,3.401876748090416624e-01,-1.202234731007957746e+00,-1.591071617871095301e+00,-3.810969792730075634e-01,3.650335973555008939e-01,-3.277755715895623867e-01
-4.242759867383621986e-02,5.299637654037520074e-01,1.547455670402362315e-01,3.344035685619793363e-01,-5.866481176803567399e-01,-6.985245127284552824e-01,-2.368158450623228939e-01,-1.675478293969313803e+00,2.793304665670276465e-01,-4.083994211751706960e-02,2.645814541179380974e+00,-4.950130078172034764e-01,-2.551305203620593542e-01,3.347911811206566446e-01,-1.926262194601812694e-01,-2.661276102181808212e-01,2.766132497322649764e-01,-3.333757081012309609e-01,2.221737597222926686e-01,-4.444210309252715208e-01,-1.920677195943687465e+00,3.642806806745949588e-01,-8.992082329221096071e-01,-6.483755941748826912e-02,3.306752525375738494e-01,-1.164761051755055288e+00,-1.587364333457954135e+00,-4.128154248188680153e-01,3.488394232198052114e-01,-3.308860172061728333e-01
-4.256988862943329732e-02,5.318387145512333269e-01,1.517351736998679146e-01,3.361798677338536656e-01,-5.859603103864726714e-01,-6.977901045780895428e-01,-2.381663571750677333e-01,-1.671559593421395817e+00,2.931028963000993914e-01,-4.898555689856577688e-02,2.653328485279830229e+00,-5.019860583192300441e-01,-2.538885074225047389e-01,3.441470649579745911e-01,-1.774503747558590916e-01,-2.540527836198828160e-01,2.545942861395043000e-01,-3.279728885775459180e-01,2.193219238885353028e-01,-4.375590070895885031e-01,-1.918273440895929438e+00,3.659180357004679363e-01,-8.994892742244066097e-01,-6.862903620366132829e-02,3.216074619268491364e-01,-1.128483463103771234e+00,-1.584102280389706019e+00,-4.429344750929742336e-01,3.319900355307187079e-01,-3.325531195628860792e-01
-4.272766271843080055e-02,5.335659287098996062e-01,1.490937407359723410e-01,3.382323769832978333e-01,-5.858328678162882941e-01,-6.965851889941168107e-01,-2.390978557419580763e-01,-1.668604466489857385e+00,3.054634579831100316e-01,-5.376090625009317253e-02,2.658954033935789329e+00,-5.081047587322191639e-01,-2.532155857958754419e-01,3.506855237227327615e-01,-1.647165346571687894e-01,-2.429937344913769282e-01,2.356402972607758162e-01,-3.242215994063277207e-01,2.160796759786005050e-01,-4.328961727332232834e-01,-1.916543318039830135e+00,3.681985572987165889e-01,-8.997849654314027390e-01,-7.132714611951958272e-02,3.130656291350175091e-01,-1.095595901398821015e+00,-1.581282040701555758e+00,-4.703547006717431200e-01,3.152055506937403995e-01,-3.334502423364453239e-01
-4.285209204901652136e-02,5.351151462720271645e-01,1.468437419384047704e-01,3.403851180682986866e-01,-5.861866898371113077e-01,-6.950570598297578506e-01,-2.396222436174341996e-01,-1.666619759830748171e+00,3.163244888309549308e-01,-5.633183568484409487e-02,2.662613673991003793e+00,-5.130542147071553982e-01,-2.531340248074908095e-01,3.547080381127713511e-01,-1.539499538752269747e-01,-2.336850879283033922e-01,2.202695736257616888e-01,-3.220354324194557027e-01,2.124504933853052779e-01,-4.301971896351179381e-01,-1.915262078450740146e+00,3.711382713911516862e-01,-8.998725048540403559e-01,-7.362938185840840755e-02,3.050644236610535742e-01,-1.066741101750347198e+00,-1.578948604605938444e+00,-4.948605244592901853e-01,2.990609315479222929e-01,-3.337724780935171220e-01
-4.291500255473821440e-02,5.364674181142862208e-01,1.450087312182747890e-01,3.424824566399824466e-01,-5.869519121939404949e-01,-6.933124768074367950e-01,-2.398145724697658132e-01,-1.665409670955677379e+00,3.256149515519187188e-01,-5.750799474275133938e-02,2.664359923657665608e+00,-5.168811585258186181e-01,-2.535563211813283702e-01,3.564832871429111094e-01,-1.449035713856542951e-01,-2.267476518437444299e-01,2.086923797280388349e-01,-3.211259207526215298e-01,2.084978519588229773e-01,-4.289828566389931042e-01,-1.914227867451441689e+00,3.745373383038484438e-01,-8.996433402596449858e-01,-7.606169499171612502e-02,2.975969622433314865e-01,-1.041888714095229984e+00,-1.577131415363866696e+00,-5.166095848317314720e-01,2.839519664649687858e-01,-3.335891153512444141e-01
-4.290135359401964221e-02,5.376163148534233160e-01,1.437563919858293737e-01,3.443737000141485205e-01,-5.883565010358823288e-01,-6.913265816474355452e-01,-2.393983137481014434e-01,-1.665001663650961472e+00,3.324855729978401508e-01,-5.702329108186827283e-02,2.663976570325647941e+00,-5.198664179814919128e-01,-2.544405661352279746e-01,3.559023176735247596e-01,-1.378529325050765197e-01,-2.239769093210591255e-01,2.004591693035177868e-01,-3.212425583166657050e-01,2.042835432855983624e-01,-4.296729216987842381e-01,-1.913757308147063352e+00,3.781574030776431727e-01,-8.987367447162760703e-01,-7.828834839339789131e-02,2.901541887058814995e-01,-1.020896242406924781e+00,-1.576114660085387031e+00,-5.360411051137426997e-01,2.700626338093171652e-01,-3.329718157089658348e-01
-4.278845312598088257e-02,5.386124981760821440e-01,1.430783461751712338e-01,3.458923420724445696e-01,-5.904833949921045599e-01,-6.890487377911815869e-01,-2.385365483162205091e-01,-1.664794243498396886e+00,3.368814946708328928e-01,-5.460439289543213975e-02,2.661253461904432793e+00,-5.217779573127522275e-01,-2.551674751366850291e-01,3.534774202512481200e-01,-1.335918815490546030e-01,-2.252283647185247539e-01,1.953826856342974205e-01,-3.226428011711019450e-01,2.008237878466018478e-01,-4.319559798841554610e-01,-1.913839051182177453e+00,3.818436163397763150e-01,-8.974506008401251789e-01,-8.055864733940845679e-02,2.829980653004218194e-01,-1.003533283331478509e+00,-1.575439901719335456e+00,-5.536088438060251526e-01,2.573046762488314099e-01,-3.328417315644562890e-01
-4.255479382508549346e-02,5.395055306715634824e-01,1.428554543866716320e-01,3.469214272830128398e-01,-5.933304266208081490e-01,-6.864512236789827027e-01,-2.374641986647968717e-01,-1.664233715941471514e+00,3.389765960146060575e-01,-5.025183162935224074e-02,2.656151491215421157e+00,-5.224936354466144239e-01,-2.553302093711924958e-01,3.498264880484076578e-01,-1.328598104223741583e-01,-2.295486300144348180e-01,1.933577523312165203e-01,-3.254591439863094293e-01,1.987379543832387130e-01,-4.354288843406557419e-01,-1.914397735347294960e+00,3.855711934363263427e-01,-8.961536346863320235e-01,-8.315199952430775421e-02,2.765776778582786921e-01,-9.895481362475280207e-01,-1.574645129682876510e+00,-5.695108919375700962e-01,2.454832798220318579e-01,-3.338074144149705269e-01
-4.216886218412737447e-02,5.403053087445599534e-01,1.429196270919952660e-01,3.473830833154910036e-01,-5.968786374773215053e-01,-6.835344714213461570e-01,-2.363080868869694706e-01,-1.663165265573772089e+00,3.387304382316730367e-01,-4.419010751591536529e-02,2.648835983082476364e+00,-5.221070537406442558e-01,-2.548580860170053808e-01,3.453838815697407028e-01,-1.361666880203479812e-01,-2.362434022371969478e-01,1.943333378106882336e-01,-3.295651911951059665e-01,1.980344116316253289e-01,-4.398633014339549674e-01,-1.915466440039050200e+00,3.893897857616138158e-01,-8.949348176483447048e-01,-8.603660811551572252e-02,2.710929016137885172e-01,-9.786523199484589153e-01,-1.573665594002724211e+00,-5.837425866725635126e-01,2.344963364075455803e-01,-3.359356038254764365e-01
-4.161101159412407269e-02,5.410074688594725956e-01,1.430907035637598024e-01,3.471924523764907677e-01,-6.011106018124150463e-01,-6.803218072840759856e-01,-2.351303833440698265e-01,-1.661616331898675858e+00,3.356843839468522939e-01,-3.656112280157211569e-02,2.639542437194636992e+00,-5.207552804390741530e-01,-2.537840462367997874e-01,3.407477749990829308e-01,-1.437022627822592269e-01,-2.443364967191975212e-01,1.978907769473901568e-01,-3.347712597629398101e-01,1.985328775841283533e-01,-4.450791942753859476e-01,-1.917063763315222769e+00,3.933465137983375715e-01,-8.934407683905982722e-01,-8.912736519925056056e-02,2.664339191474215385e-01,-9.704399304866954123e-01,-1.572697637702518136e+00,-5.963631605960194593e-01,2.242822781236848140e-01,-3.391045506398957521e-01
-4.088823946367507040e-02,5.415910571882466273e-01,1.431925781452255964e-01,3.462203128141419506e-01,-6.061376585862908728e-01,-6.767507769521330374e-01,-2.339594403589888294e-01,-1.659635629421727820e+00,3.290398006997131697e-01,-2.705161316727433540e-02,2.628496288909343725e+00,-5.185703918506465726e-01,-2.521847341404114262e-01,3.368219853475388215e-01,-1.554084014494256927e-01,-2.518331539775625627e-01,2.030696990785420264e-01,-3.409699092438118750e-01,1.999959535818088274e-01,-4.510142605224365386e-01,-1.919125318983202044e+00,3.974526313408978107e-01,-8.909972484453232422e-01,-9.250681834860237374e-02,2.625515991191967324e-01,-9.644594012264419147e-01,-1.572161947168114748e+00,-6.075014717607016834e-01,2.148109470518337893e-01,-3.431392450414570972e-01
-4.003547208758515691e-02,5.420116226940210336e-01,1.429118978468022771e-01,3.443334330218092987e-01,-6.113778436506176472e-01,-6.733051284021143168e-01,-2.330489718148282818e-01,-1.656893384536825886e+00,3.201971971621400126e-01,-1.772206432006781865e-02,2.617247255685471341e+00,-5.158774787535613804e-01,-2.503059350474405864e-01,3.353773991452464465e-01,-1.689430863741000211e-01,-2.585310683929042952e-01,2.088675621828902651e-01,-3.472827361193143170e-01,2.020456504934234621e-01,-4.567414283594480318e-01,-1.921325369525800131e+00,4.016492358382616756e-01,-8.878981593638596292e-01,-9.602561388752256510e-02,2.594442754811805973e-01,-9.602530457807851860e-01,-1.572086938340532480e+00,-6.165161943112219545e-01,2.062358750052894762e-01,-3.471632049853841662e-01
-3.907364771820429766e-02,5.422657532213124298e-01,1.420627655598769301e-01,3.417685857998472576e-01,-6.162780494614820137e-01,-6.703321638912371760e-01,-2.324873965728358194e-01,-1.653558810171648741e+00,3.116034392053057545e-01,-1.026420237352826392e-02,2.606910837736201803e+00,-5.129597362446489672e-01,-2.483462294938775794e-01,3.368254639789564631e-01,-1.820865262876487090e-01,-2.653016930490234571e-01,2.146140056411388053e-01,-3.531809400810493882e-01,2.044759412592548065e-01,-4.614710264859127609e-01,-1.923287557527873615e+00,4.058094658119292264e-01,-8.847268766429718934e-01,-9.949305849753108111e-02,2.570609717544865558e-01,-9.572479976832902748e-01,-1.572275737490222314e+00,-6.231441991029569305e-01,1.986297010577887379e-01,-3.506168051050712053e-01
-3.801322367580243361e-02,5.423981866672797914e-01,1.406817892964903338e-01,3.390016511780553632e-01,-6.205886376241105395e-01,-6.678475396764087524e-01,-2.322237710636415875e-01,-1.650103547418876992e+00,3.048847032619474429e-01,-5.094089889112228715e-03,2.597746636212751259e+00,-5.099657147292717685e-01,-2.464253063286366285e-01,3.402061237000741367e-01,-1.936400443470612798e-01,-2.726588261384775280e-01,2.199378791168276892e-01,-3.585924790625713565e-01,2.072226551726968902e-01,-4.648150195546545960e-01,-1.924813978131667769e+00,4.098446628232537137e-01,-8.818935017395898024e-01,-1.028112473032930380e-01,2.553800510345337060e-01,-9.549705280675452324e-01,-1.572500667850945222e+00,-6.277207102640011138e-01,1.918819366197628551e-01,-3.533820373952767380e-01
-3.689975753209986248e-02,5.424980895482637289e-01,1.389929961589390084e-01,3.364152883471124844e-01,-6.242825508611899998e-01,-6.657262835937751699e-01,-2.321735682393565869e-01,-1.646769047952819420e+00,3.004821320676170360e-01,-1.745163332648310903e-03,2.589526651103591259e+00,-5.069477023421233852e-01,-2.446282087960563179e-01,3.442146176440072924e-01,-2.031333437111532692e-01,-2.805816834614591193e-01,2.246546342694941689e-01,-3.635665012633390036e-01,2.102556721962114128e-01,-4.667270806061311617e-01,-1.925784083196130148e+00,4.137142408859262321e-01,-8.795135687600997842e-01,-1.060581070180344615e-01,2.544615903142694036e-01,-9.531462725495115640e-01,-1.572557226927156382e+00,-6.309505334108911345e-01,1.856814149409248826e-01,-3.555306621386313815e-01
-3.585458373370582069e-02,5.426403267473123293e-01,1.372775598750878845e-01,3.340495279274016127e-01,-6.274965429338880130e-01,-6.638532217467180141e-01,-2.322884015055463880e-01,-1.643406554844813572e+00,2.995559465545344358e-01,1.014653230343901414e-03,2.581959654044221786e+00,-5.038253482643494374e-01,-2.429818999511353383e-01,3.482670160309718765e-01,-2.106945472003823872e-01,-2.891230169269938255e-01,2.286543532854589389e-01,-3.681937465402606580e-01,2.135690715438525178e-01,-4.674427874014738249e-01,-1.925947712731923112e+00,4.173944113399612466e-01,-8.773757573638842899e-01,-1.094869288228776660e-01,2.543946532087279500e-01,-9.516879220479952384e-01,-1.572418638249122314e+00,-6.334133177434639883e-01,1.796907945830072684e-01,-3.571926010790800743e-01
-3.498606539151191686e-02,5.428375618394094548e-01,1.357591752479675729e-01,3.319429252253593421e-01,-6.302607740777443901e-01,-6.621962517282323768e-01,-2.325540265160614684e-01,-1.639922010389561979e+00,3.012291987183389752e-01,3.850061841983674731e-03,2.575406136870616702e+00,-5.014719153713620425e-01,-2.415892870810696369e-01,3.524414470409422684e-01,-2.164905502710134655e-01,-2.988339843004231833e-01,2.320477792745660739e-01,-3.729583711739283824e-01,2.160932608494088025e-01,-4.670473593674210333e-01,-1.925306875089347836e+00,4.209336475949170264e-01,-8.749452222862582618e-01,-1.131623058378058849e-01,2.542927872168633807e-01,-9.517762746285635123e-01,-1.572076606936937182e+00,-6.348827149286320193e-01,1.738721961525193649e-01,-3.593126527224933531e-01
-3.434422053711847639e-02,5.430728681683766323e-01,1.345314336661258825e-01,3.301691303633008667e-01,-6.325412140612742817e-01,-6.607512668470192363e-01,-2.329985295830467318e-01,-1.636397826740138672e+00,3.044658870133954975e-01,6.830821201389161365e-03,2.570317865022218484e+00,-5.003147125142726193e-01,-2.404683514528055677e-01,3.568939736254313488e-01,-2.205485071020353571e-01,-3.102718576069006806e-01,2.352415333383029716e-01,-3.781227128524711767e-01,2.173029922440765649e-01,-4.655828998725247136e-01,-1.923978196410792929e+00,4.243670232633008355e-01,-8.719687388012047347e-01,-1.171185429410249029e-01,2.533221918147460783e-01,-9.541281718464444950e-01,-1.571478718856628376e+00,-6.350741541280391367e-01,1.683313175859664224e-01,-3.623470764802953492e-01
-3.394231739273235321e-02,5.433199246670574745e-01,1.335941396727055586e-01,3.287892583949463265e-01,-6.343055723692120340e-01,-6.595130039303407354e-01,-2.336592862957639072e-01,-1.632960310659577363e+00,3.086340404328399289e-01,9.838061210703359649e-03,2.566984659475835873e+00,-5.003213135968462844e-01,-2.395788695185847028e-01,3.618420044710935479e-01,-2.228371857928815314e-01,-3.239268287113631906e-01,2.386311742123435331e-01,-3.837117791039463266e-01,2.172070188216465858e-01,-4.631446134332320441e-01,-1.922106582537761010e+00,4.276703466336654325e-01,-8.685130460543354358e-01,-1.214072379601806168e-01,2.510765001193939194e-01,-9.587909402224151778e-01,-1.570557076944777419e+00,-6.338580304775913721e-01,1.632181476294823907e-01,-3.662962350374511233e-01
-3.378815226091568674e-02,5.435658773724137971e-01,1.329120272249793844e-01,3.278731665678236151e-01,-6.355044582982597445e-01,-6.584964825996453275e-01,-2.345541569269633253e-01,-1.629753198317699159e+00,3.133025233818430566e-01,1.271591339159307797e-02,2.565515621206168273e+00,-5.013242847530984259e-01,-2.388697632477944643e-01,3.677413049801401823e-01,-2.232280440593792659e-01,-3.404451803996021986e-01,2.422158122115775358e-01,-3.896687980511051586e-01,2.159711752237786497e-01,-4.598104365907426105e-01,-1.919737457406564207e+00,4.307602342840701759e-01,-8.647754115598802471e-01,-1.265234537882416188e-01,2.471133572753788921e-01,-9.654270021230311194e-01,-1.569159875320676800e+00,-6.313104180609157012e-01,1.586491176113554447e-01,-3.710358164455307972e-01
-3.389106940784698124e-02,5.438168098156145325e-01,1.324455595756767190e-01,3.274818792976822990e-01,-6.360999126980699803e-01,-6.577252183643326200e-01,-2.356481634232623634e-01,-1.626912771568637783e+00,3.180864515641500523e-01,1.543081193878637590e-02,2.565842869167637375e+00,-5.031529653935734592e-01,-2.382983197287045218e-01,3.751176532568591404e-01,-2.215219461885544749e-01,-3.608647551239710927e-01,2.458607526178428759e-01,-3.959241371708392965e-01,2.137595802538146406e-01,-4.557117662779983092e-01,-1.916761516628397111e+00,4.335233614574354744e-01,-8.611552471875003612e-01,-1.339205265021563840e-01,2.409463763604468567e-01,-9.734703258898530498e-01,-1.567047539487782748e+00,-6.277063282797474830e-01,1.546991735982352900e-01,-3.764388519067485839e-01
-3.419034957629692867e-02,5.440824345775794324e-01,1.321514914709581157e-01,3.275353148472934794e-01,-6.361662925994637785e-01,-6.572058187524757455e-01,-2.368421149482138055e-01,-1.624479801433138970e+00,3.223563536609916347e-01,1.749226704644971792e-02,2.567550554963751619e+00,-5.054046972403862803e-01,-2.379405991220806815e-01,3.840900349695345328e-01,-2.181672418492980325e-01,-3.860365368061347002e-01,2.499986648648162002e-01,-4.041266608235498103e-01,2.099576838459401018e-01,-4.512462095371452264e-01,-1.912702608964005568e+00,4.363686754438843574e-01,-8.576851150635571575e-01,-1.429997495040889743e-01,2.342873648480265358e-01,-9.816989964250337763e-01,-1.564246556134897048e+00,-6.230844026991249063e-01,1.504440216106381345e-01,-3.820945280386377485e-01
-3.461072438943002538e-02,5.443747631842456025e-01,1.320044583464003718e-01,3.279101012488222500e-01,-6.358064503761006181e-01,-6.569545093712555461e-01,-2.379829737101012144e-01,-1.622485910735147252e+00,3.257053666772969369e-01,1.863204743903927596e-02,2.570204120312197915e+00,-5.078673883572516479e-01,-2.377960938840855687e-01,3.947486009517308103e-01,-2.137676143579276544e-01,-4.171443895243305833e-01,2.549359112256723847e-01,-4.150064051155795131e-01,2.043820846609310793e-01,-4.468165895645160868e-01,-1.907228765333927933e+00,4.396759711504448775e-01,-8.541328049716854220e-01,-1.528550471224346119e-01,2.281728893979757811e-01,-9.895989811502990952e-01,-1.560933419845354386e+00,-6.175729933329356935e-01,1.452239172546303247e-01,-3.878564456113059999e-01
-3.508914196557885723e-02,5.446969555548549780e-01,1.319870630681457546e-01,3.284535112239437837e-01,-6.351003388637291858e-01,-6.570259136422680335e-01,-2.389200689401824729e-01,-1.620941805316943096e+00,3.278713607704897837e-01,1.877130738234126725e-02,2.573495008209265578e+00,-5.104537710834565756e-01,-2.378191805872845177e-01,4.072103617684310617e-01,-2.088012754801832627e-01,-4.544961375657379232e-01,2.609682792851920063e-01,-4.284920633481586472e-01,1.972128034520010675e-01,-4.428414565244563894e-01,-1.900185930355185127e+00,4.435800886850215785e-01,-8.503085971679220645e-01,-1.628969135884024699e-01,2.228609416997180959e-01,-9.972786617246868213e-01,-1.557421483343486956e+00,-6.113394082413755592e-01,1.389726289236921097e-01,-3.936523684664518519e-01
-3.559312401335540388e-02,5.450561744681255982e-01,1.320982097278988465e-01,3.289384838114356446e-01,-6.341280488565393947e-01,-6.574956051107704313e-01,-2.395425239519148874e-01,-1.619658271972584274e+00,3.286494175594585898e-01,1.809070864935482734e-02,2.577195987466544214e+00,-5.131123053913199117e-01,-2.379658592804257122e-01,4.215647449907212740e-01,-2.032129433995123469e-01,-4.961596616939077942e-01,2.682677906348363006e-01,-4.442392987300009533e-01,1.886660414915871664e-01,-4.397108399002789270e-01,-1.891383836626910009e+00,4.481151295663494127e-01,-8.461474017723819019e-01,-1.727903101907793948e-01,2.183870184413040927e-01,-1.004650184440673222e+00,-1.553928893975609293e+00,-6.047000928718769819e-01,1.319431069273354074e-01,-3.993964337083807936e-01
-3.612191412682545094e-02,5.454699754305843973e-01,1.323527832009599170e-01,3.291056254750170940e-01,-6.329903567474342019e-01,-6.584154439116474133e-01,-2.397966474090386935e-01,-1.618247387813818605e+00,3.278249554845159563e-01,1.695638724468552169e-02,2.581140034819990436e+00,-5.158118061486256511e-01,-2.382111186496224664e-01,4.377898744865880709e-01,-1.964375690301096433e-01,-5.386049975357400932e-01,2.766802985568258544e-01,-4.618755925728220135e-01,1.788905742321960091e-01,-4.379083494189637271e-01,-1.880676393107685973e+00,4.533014698051371361e-01,-8.416298137332793861e-01,-1.823672694059491894e-01,2.147631795134886390e-01,-1.011494606180186162e+00,-1.550279858235061203e+00,-5.983320820938194951e-01,1.240113054819908522e-01,-4.050611682673475045e-01
-3.662435716650013634e-02,5.459583514357128076e-01,1.326562409783302587e-01,3.291212606046667322e-01,-6.318310257024408738e-01,-6.595496447192725764e-01,-2.397144487269759483e-01,-1.616877957046173986e+00,3.260778456386942969e-01,1.545419163275570801e-02,2.584495164844097026e+00,-5.183148345441463967e-01,-2.385406065667806941e-01,4.545067827720777887e-01,-1.902845637741765461e-01,-5.836652645468644041e-01,2.837884043649648302e-01,-4.784052507097356632e-01,1.689353439933780066e-01,-4.379337496150471076e-01,-1.869129807430935264e+00,4.589885882115755655e-01,-8.367846185379055335e-01,-1.923650852006787426e-01,2.112870860708812581e-01,-1.019037138600055625e+00,-1.545781627309080974e+00,-5.919633587842565436e-01,1.158949247183831965e-01,-4.113676704944398410e-01
-3.717458724697408901e-02,5.465339887583451350e-01,1.331541705044081425e-01,3.290048104674694329e-01,-6.309095371313734324e-01,-6.605984426804925036e-01,-2.394132163729661977e-01,-1.615192774852108659e+00,3.233634098561942172e-01,1.465860259194041483e-02,2.586503359696644022e+00,-5.205892696047015322e-01,-2.389915447025971473e-01,4.697637700144550177e-01,-1.872888998080054490e-01,-6.315182373434453655e-01,2.882754880808795495e-01,-4.926177529885659712e-01,1.592630543221666417e-01,-4.398052472642891564e-01,-1.857328032597034273e+00,4.650642571657907509e-01,-8.314171961392480270e-01,-2.033785724983057375e-01,2.076264513204975348e-01,-1.027332353519387897e+00,-1.540528032476238041e+00,-5.858377151391273019e-01,1.074181702458565507e-01,-4.183458121361068871e-01
-3.785286733134276410e-02,5.471862297019947086e-01,1.340340033536591702e-01,3.286692509708791787e-01,-6.304223621569240432e-01,-6.613752057538241358e-01,-2.390125644664148341e-01,-1.612750489045479796e+00,3.193002293070321684e-01,1.533062784410907549e-02,2.586759189427118244e+00,-5.227089509242983656e-01,-2.395837327802034789e-01,4.815967793391518481e-01,-1.891702983863726706e-01,-6.805433227468681290e-01,2.893297021698253979e-01,-5.045195549807446334e-01,1.498972404824065741e-01,-4.431786810832407109e-01,-1.845867210244268586e+00,4.712622016569981698e-01,-8.253396473697403035e-01,-2.155027380504015988e-01,2.036909930237053856e-01,-1.036078535589854077e+00,-1.534980744743722259e+00,-5.785912715659585759e-01,9.813494136023040437e-02,-4.244819005980238757e-01
-3.872414051448312688e-02,5.479158988576240397e-01,1.354892716943111308e-01,3.280774230423355586e-01,-6.303836578759683951e-01,-6.618432810468806160e-01,-2.386331647231057229e-01,-1.609245622529845043e+00,3.135154314550261945e-01,1.757692720253898819e-02,2.585119427396604941e+00,-5.247652975889326443e-01,-2.403031935087938109e-01,4.878897823997067618e-01,-1.969261766461631868e-01,-7.285505833330870873e-01,2.864289692938383203e-01,-5.144298644595503012e-01,1.407202986714567450e-01,-4.473042904376984263e-01,-1.835102204869559106e+00,4.775649780756023310e-01,-8.180103920903456505e-01,-2.288797866994696784e-01,1.995590453966632205e-01,-1.045712965166831099e+00,-1.530001552881415705e+00,-5.707652893409516093e-01,9.046271545594482266e-02,-4.311155836150158405e-01
-3.975783653007971402e-02,5.487662203245128323e-01,1.378597520974261526e-01,3.279744370883151405e-01,-6.303618813959059874e-01,-6.618680627897666202e-01,-2.387620877747089199e-01,-1.605196802490606478e+00,3.070184304877813242e-01,2.035117838816959471e-02,2.581583062656060079e+00,-5.268530018570584117e-01,-2.411204386648219122e-01,4.851500244558792918e-01,-2.115983932935562861e-01,-7.729789369013898570e-01,2.792066819807459965e-01,-5.227501604913833422e-01,1.315566853469495312e-01,-4.501530100417639457e-01,-1.825796125605700926e+00,4.843119340585759769e-01,-8.084595112773532710e-01,-2.427120405827443150e-01,1.947693430894132105e-01,-1.057194668768146162e+00,-1.525986464679277566e+00,-5.626467690543383027e-01,8.607864821688704371e-02,-4.389444539897320863e-01
-4.087024011013550007e-02,5.496996676645341529e-01,1.408248099655766972e-01,3.281479894290132981e-01,-6.301405702533422470e-01,-6.618044236145046444e-01,-2.392836468268605410e-01,-1.600837739813715244e+00,3.001923453326988400e-01,2.248775194741561845e-02,2.576997546277816298e+00,-5.285843221776607148e-01,-2.417207429832956556e-01,4.721586758752927548e-01,-2.310392330396973948e-01,-8.058525442405305439e-01,2.772492625862731375e-01,-5.301574716450209168e-01,1.230034540087215911e-01,-4.520831805474648801e-01,-1.817059622289099563e+00,4.912320018078557005e-01,-7.986952117594608991e-01,-2.560470262886441750e-01,1.909006849172616427e-01,-1.071130678272184111e+00,-1.522039484918189300e+00,-5.527210203643336817e-01,8.175982600771028452e-02,-4.475798628536453161e-01
-4.199986854748264525e-02,5.506692251858535947e-01,1.438958711156843873e-01,3.278678826885492725e-01,-6.297392648890316469e-01,-6.621258883289606878e-01,-2.398341463656375461e-01,-1.595786640103399323e+00,2.926341519475851860e-01,2.353291964263109007e-02,2.572072934663085064e+00,-5.297715033500770554e-01,-2.419835213112861982e-01,4.510944800983369696e-01,-2.532670605549305898e-01,-8.253720616033937141e-01,2.860907838740094356e-01,-5.364792165591550921e-01,1.153372276191969997e-01,-4.546898631752728237e-01,-1.808144039642154199e+00,4.978832232343333164e-01,-7.902736018722645861e-01,-2.680009112836956864e-01,1.889710698757874063e-01,-1.087977305735330136e+00,-1.518844990704121711e+00,-5.397256342353998759e-01,7.440818865943407689e-02,-4.563511626912272745e-01
-4.311228315730715466e-02,5.516283157314507690e-01,1.465356252130200487e-01,3.264328864695608678e-01,-6.292616150401409980e-01,-6.632497052442648533e-01,-2.399415215510432575e-01,-1.589720849532173741e+00,2.840652281910444610e-01,2.331945571425451599e-02,2.567334637228650518e+00,-5.303765689966595254e-01,-2.419015628212586588e-01,4.253402601369724034e-01,-2.763344847344609834e-01,-8.330494980625284818e-01,3.078755000360258731e-01,-5.414465814013859069e-01,1.086303164025439472e-01,-4.595373250478387850e-01,-1.798003312100509898e+00,5.042194334257971144e-01,-7.837686595634344444e-01,-2.784546074743686761e-01,1.893882948834563484e-01,-1.106877618121822726e+00,-1.515490111736615741e+00,-5.253466067484056090e-01,6.645871212961966534e-02,-4.660444266133690339e-01
-4.423700416903218746e-02,5.524891746572898610e-01,1.481779458040219377e-01,3.229618004560741995e-01,-6.288377321211980897e-01,-6.657072370151485563e-01,-2.389406970201941871e-01,-1.582795075185550848e+00,2.771363659283989644e-01,2.239091985190288028e-02,2.563200314306797623e+00,-5.302522530974186354e-01,-2.414563375311938043e-01,3.992676541170995796e-01,-2.978931452164599314e-01,-8.317317215629367322e-01,3.429756342650124856e-01,-5.449319176663582898e-01,1.028992256060670962e-01,-4.684442137985861954e-01,-1.785225299556749912e+00,5.101163336186780306e-01,-7.792454404164421700e-01,-2.874038099631351928e-01,1.921326583781721997e-01,-1.125969797049246379e+00,-1.509861974925475359e+00,-5.116705103314360681e-01,5.821924241143508483e-02,-4.764688730993266175e-01
-4.539277445028288421e-02,5.531256675915848797e-01,1.484494181418198611e-01,3.174685169781713556e-01,-6.285278531257135759e-01,-6.695428437427612955e-01,-2.363870955989744449e-01,-1.576838312292393018e+00,2.752698338653206123e-01,2.081228652560616552e-02,2.559860337056880653e+00,-5.293106527122646288e-01,-2.407435909978628552e-01,3.770821118886307777e-01,-3.165605801740403735e-01,-8.274898426518392247e-01,3.894134821454335871e-01,-5.472782500084977242e-01,9.815209553225828776e-02,-4.823081253732478535e-01,-1.768649380559105477e+00,5.157254250040000931e-01,-7.763063117891152443e-01,-2.947974342698129746e-01,1.970367726201815717e-01,-1.144641075122844853e+00,-1.503083738849129825e+00,-5.016369834157076157e-01,4.651837543766895733e-02,-4.875186720719659750e-01
-4.659280768309068815e-02,5.535771034081611308e-01,1.485316126642500789e-01,3.136351733758024896e-01,-6.284614545328256474e-01,-6.719301321356440093e-01,-2.349022684356020796e-01,-1.572252148186360943e+00,2.782030106499916999e-01,2.094724344090343957e-02,2.556338267680573040e+00,-5.281344260727364182e-01,-2.402824933184735667e-01,3.589128736472961823e-01,-3.344130328627458737e-01,-8.233940775605614881e-01,4.266995644635785956e-01,-5.486894061411695667e-01,9.453833561540124497e-02,-4.939297066080709508e-01,-1.751011151555156964e+00,5.218667773036564927e-01,-7.733508826231735300e-01,-3.018109146338068260e-01,2.028185355314054417e-01,-1.163802016865601807e+00,-1.496425820158089559e+00,-4.897425330040408031e-01,3.511300962631228040e-02,-4.987304086012167015e-01
-4.773466325685648409e-02,5.538714119038272710e-01,1.486803186074148742e-01,3.113628693211949461e-01,-6.280982719663863456e-01,-6.732311818874672227e-01,-2.351728401718878869e-01,-1.567168432055252358e+00,2.809620239778096717e-01,2.220217568672910868e-02,2.552718474270398108e+00,-5.268282596714033428e-01,-2.399119029611581633e-01,3.442225641831184735e-01,-3.518344956826582881e-01,-8.180455307296965461e-01,4.556829408039057006e-01,-5.484537512320604158e-01,9.187240317584453864e-02,-5.014163006021672420e-01,-1.734009561861390658e+00,5.288666916676090235e-01,-7.698844905412981499e-01,-3.085903289005970107e-01,2.086754045512918265e-01,-1.181594956534911756e+00,-1.488886260610351675e+00,-4.712297565200329608e-01,2.820486239876616313e-02,-5.095981917284384544e-01
-4.876508710531660129e-02,5.540626676330021594e-01,1.489786223761720707e-01,3.103727327009562775e-01,-6.270877501383718133e-01,-6.738115750693508543e-01,-2.375030141381290205e-01,-1.559955006999452332e+00,2.793760912006829633e-01,2.498495273217215401e-02,2.549012299367691803e+00,-5.254162577768696218e-01,-2.394783990824554676e-01,3.329511567987470944e-01,-3.685471482496656126e-01,-8.107997304580061293e-01,4.766508401618201884e-01,-5.464434139618450370e-01,8.998927788498427283e-02,-5.029453287145283502e-01,-1.717605364510021548e+00,5.358309607334397207e-01,-7.655009739489946341e-01,-3.142519590307949473e-01,2.143283427165202926e-01,-1.194780555049920645e+00,-1.478895148128585690e+00,-4.428038573210584250e-01,2.894538559549082735e-02,-5.196975952097130369e-01
-4.968771175861468742e-02,5.542045180067618482e-01,1.494356168273017205e-01,3.105142876124241114e-01,-6.252432010324804335e-01,-6.738153552757283338e-01,-2.421253471775518251e-01,-1.549312296172091763e+00,2.704555099091202619e-01,3.047031447173232516e-02,2.545188085808786305e+00,-5.238830524502968711e-01,-2.389047426821341580e-01,3.246223293372297869e-01,-3.847109800885286646e-01,-8.010970856852186461e-01,4.900885708613956226e-01,-5.428186301721380502e-01,8.873980717835736054e-02,-4.973065204125082794e-01,-1.701417682020921918e+00,5.420704736469041940e-01,-7.595934790318912277e-01,-3.183945896483221794e-01,2.200389210931944228e-01,-1.201750623813876873e+00,-1.463597584009280306e+00,-4.026813206999262928e-01,3.886636604691667135e-02,-5.292450077793423580e-01
-5.060973597121671413e-02,5.542221245236343963e-01,1.500462430017510396e-01,3.114860020481858838e-01,-6.225490292596920217e-01,-6.734777015970937475e-01,-2.486703885615431375e-01,-1.535760819317335546e+00,2.560784906220571200e-01,4.128976954172358660e-02,2.541205249574816971e+00,-5.220139625842595832e-01,-2.380939546191845058e-01,3.188497538056526692e-01,-4.001294783526335164e-01,-7.888957947890000710e-01,4.965775980782556331e-01,-5.378444771299590865e-01,8.804218269092112248e-02,-4.839714851020471276e-01,-1.686834617401165470e+00,5.503048052520204125e-01,-7.521515133606681003e-01,-3.225414020752112587e-01,2.268775898810841407e-01,-1.209038909040928367e+00,-1.439787313253116041e+00,-3.634611451524298875e-01,4.352545033858803980e-02,-5.444047295584688584e-01
-5.132460522956509147e-02,5.541908817722277503e-01,1.510054763059519856e-01,3.121201978709609026e-01,-6.203991085287718921e-01,-6.731916705324121342e-01,-2.539678678297786485e-01,-1.523827199331559523e+00,2.454661798754531055e-01,5.583086183632453292e-02,2.535307779890815905e+00,-5.205836885222983046e-01,-2.377173595333984257e-01,3.139594704404402026e-01,-4.132936582653207180e-01,-7.772009965075538096e-01,5.002019664140130439e-01,-5.330085204203833804e-01,8.715825984415118133e-02,-4.708747983529484871e-01,-1.674030249672949777e+00,5.594384383107604553e-01,-7.435774038801377106e-01,-3.261491010294877424e-01,2.345021581653456422e-01,-1.218101729226789276e+00,-1.415305262802775133e+00,-3.257195166631080552e-01,4.476200468571380625e-02,-5.627556039341032879e-01
-5.195823324008775473e-02,5.540580138649112696e-01,1.524208140572569092e-01,3.124040787051947099e-01,-6.186970750906435335e-01,-6.729104356818439436e-01,-2.584746920553581129e-01,-1.513257706753844190e+00,2.372312601713747193e-01,7.101488367705643956e-02,2.528672255691021054e+00,-5.196237042859749300e-01,-2.376593264369599168e-01,3.098893321828198877e-01,-4.255970046202198764e-01,-7.663455896658012412e-01,5.041924276065762323e-01,-5.286955495923614246e-01,8.582916545189556157e-02,-4.593349797957580471e-01,-1.662155643500021540e+00,5.687354893838802994e-01,-7.345854055441355390e-01,-3.283897485476819922e-01,2.426260562808523202e-01,-1.232914897501012907e+00,-1.395123052605902858e+00,-2.880225665013896874e-01,4.485933741318391677e-02,-5.823614914280066390e-01
-5.261013508919407805e-02,5.537844921464764036e-01,1.543286013105705234e-01,3.121775552282295974e-01,-6.173838487304147415e-01,-6.726652429365311825e-01,-2.624953871664867933e-01,-1.503558952345210864e+00,2.300291762373278259e-01,8.483473046510141280e-02,2.522116652749835541e+00,-5.190860089774305131e-01,-2.377538722735306753e-01,3.070380704897305857e-01,-4.378601665458630166e-01,-7.572355495248150881e-01,5.102944184221387403e-01,-5.248248952631436870e-01,8.400654496299833629e-02,-4.501006385229570639e-01,-1.649873892892446792e+00,5.778988068252727262e-01,-7.251526556044808336e-01,-3.292373978545426461e-01,2.511716072042448067e-01,-1.254451997873952562e+00,-1.378250696973986722e+00,-2.504158319720139469e-01,4.462548024424987242e-02,-6.021146377385797610e-01
-5.340703457958384526e-02,5.534340470183234384e-01,1.568753009810774646e-01,3.114979102967188607e-01,-6.161917035031092560e-01,-6.725624803177260302e-01,-2.663391568725526071e-01,-1.494198001693064493e+00,2.229374346990847244e-01,9.562784118880243711e-02,2.516027420470104303e+00,-5.189316327214211766e-01,-2.378842332167723506e-01,3.053561520881287739e-01,-4.501387639189813328e-01,-7.502423476849333639e-01,5.190719751089947209e-01,-5.211424520562470963e-01,8.171539168362174088e-02,-4.433890374737191609e-01,-1.635561835278823928e+00,5.868249468588464524e-01,-7.145429953887807439e-01,-3.293545343991797769e-01,2.603963749765998426e-01,-1.283163248145557267e+00,-1.362885969810619269e+00,-2.137077510862976926e-01,4.331083905783445626e-02,-6.220023526540139347e-01
-5.423689525126250410e-02,5.531848937600464255e-01,1.602156601032521943e-01,3.097544831372300855e-01,-6.150341127296178323e-01,-6.725721036412164455e-01,-2.709848152798524090e-01,-1.482397175514391208e+00,2.154663125497001119e-01,1.029833541410217351e-01,2.510385529664586723e+00,-5.191356181519416468e-01,-2.379782612089094695e-01,3.062464355381961378e-01,-4.636333509455432544e-01,-7.457461507195325412e-01,5.309142866972192953e-01,-5.175006515995637102e-01,7.900464474343171783e-02,-4.403237897022911906e-01,-1.619350724103765016e+00,5.962202875813461533e-01,-7.033982754124692427e-01,-3.285569348167611814e-01,2.700975322616114838e-01,-1.316582800212704907e+00,-1.345411298808703027e+00,-1.825478352947327576e-01,3.915813316424895940e-02,-6.422569568274091312e-01
-5.518088361177323625e-02,5.530740750252350901e-01,1.648282722004868750e-01,3.116081095192829720e-01,-6.121194384241109843e-01,-6.726487333193256202e-01,-2.752341925507736931e-01,-1.472742782004564654e+00,2.250723920584815074e-01,1.113959562923508284e-01,2.504385957168806076e+00,-5.258672339227242754e-01,-2.371859658194437892e-01,2.953784985248887329e-01,-4.707686874974595925e-01,-7.428520426437309476e-01,5.434006921151266489e-01,-5.184501743773326510e-01,7.319942228526830907e-02,-4.334829259752948638e-01,-1.597978630343420026e+00,6.116737076836807896e-01,-6.845341870828848263e-01,-3.377440154038684472e-01,2.776440703754133321e-01,-1.355141551751197326e+00,-1.330975391504751304e+00,-1.513975959097673685e-01,3.379348217375528762e-02,-6.657857969594571657e-01
-5.603808872629717497e-02,5.531785096855046380e-01,1.702341363529455975e-01,3.155069933683476990e-01,-6.075929639834687368e-01,-6.731888054252094244e-01,-2.794690671677780847e-01,-1.463147999469965876e+00,2.462445306554101598e-01,1.185355185856331039e-01,2.497364731221712653e+00,-5.345938103831664456e-01,-2.360427311681546070e-01,2.780646512831818629e-01,-4.718392876841311923e-01,-7.398066257073742102e-01,5.552240435063295898e-01,-5.182221299645562995e-01,6.751312377169653434e-02,-4.244511079745054150e-01,-1.574443589475357230e+00,6.320165133489166198e-01,-6.628436732782720942e-01,-3.498244914747243861e-01,2.886079979347332403e-01,-1.396342349123821380e+00,-1.317315600246733664e+00,-1.209452162095747685e-01,2.782059453152875214e-02,-6.910703044011317076e-01
-5.666272262262560949e-02,5.535460260952592693e-01,1.759861965379006521e-01,3.203995467870138780e-01,-6.017486266207030532e-01,-6.742404581909274830e-01,-2.839762759761132460e-01,-1.452556756849552322e+00,2.748101675495441265e-01,1.235676585100784347e-01,2.488957299506572962e+00,-5.436125849796228371e-01,-2.346486813698385743e-01,2.580730159629627818e-01,-4.679327097653707690e-01,-7.350159322036307064e-01,5.659326514274566344e-01,-5.149752410680923376e-01,6.283608319034406087e-02,-4.147402471411393288e-01,-1.550399407070123026e+00,6.558994020090893606e-01,-6.408070967968797493e-01,-3.596144200736932639e-01,3.045049463698641934e-01,-1.437898686018333150e+00,-1.302190733086671770e+00,-9.166961053150413097e-02,2.167557351243099353e-02,-7.174126375462315242e-01
-5.728868398409769913e-02,5.540808794326644859e-01,1.818250377059568157e-01,3.248383639366465570e-01,-5.957046865062509688e-01,-6.754299205335096978e-01,-2.888100084647173271e-01,-1.439312462733272513e+00,3.051689128101571225e-01,1.293116265316752445e-01,2.478828585882551394e+00,-5.523992811817932669e-01,-2.330829131639428342e-01,2.398077104137287530e-01,-4.638341431797886605e-01,-7.302980316245454295e-01,5.757571217129695551e-01,-5.084018943718119354e-01,5.928401076620174598e-02,-4.067640400890559227e-01,-1.526274847980140903e+00,6.809543978845636891e-01,-6.194233806820325094e-01,-3.640497068549802262e-01,3.251507258435111236e-01,-1.479080947614740627e+00,-1.284529131488706843e+00,-6.275520572705499400e-02,1.574077264961366504e-02,-7.435045323095831327e-01
-5.812429330919742509e-02,5.546838586952319572e-01,1.875384742902544422e-01,3.282089312444818607e-01,-5.901069056542065372e-01,-6.765050318913494731e-01,-2.939280169977962487e-01,-1.422991931802858323e+00,3.337701982244203336e-01,1.367545412383815995e-01,2.466996531126599557e+00,-5.608312587079181677e-01,-2.314038877401737027e-01,2.253943786553806727e-01,-4.627048099602001918e-01,-7.259147308456146419e-01,5.846613836846120682e-01,-4.987840433133667317e-01,5.668039225118982199e-02,-4.017731960858468843e-01,-1.502430689522305185e+00,7.048776699156698022e-01,-5.997067897104563228e-01,-3.627088208285576543e-01,3.497127659421556123e-01,-1.519325057386915701e+00,-1.263563648081292623e+00,-3.306481666871266545e-02,1.001671010104321705e-02,-7.682896822811545734e-01
-5.963595358764517407e-02,5.551807972417048820e-01,1.927639566344075406e-01,3.311456850415761544e-01,-5.845696563871328744e-01,-6.769903061243759401e-01,-3.005078659925534690e-01,-1.399009183689911451e+00,3.590643061785221413e-01,1.444380942462025752e-01,2.455140108631741924e+00,-5.698237558010165182e-01,-2.298506402382319014e-01,2.152990021416454625e-01,-4.668893490557154413e-01,-7.196360114252092766e-01,5.923386669686780959e-01,-4.866694171461114493e-01,5.473542339039227933e-02,-3.971795871504696374e-01,-1.476744310906364488e+00,7.262428180261611965e-01,-5.809246706341165689e-01,-3.586040088919807411e-01,3.776588982641090886e-01,-1.558883343104384922e+00,-1.238352614574339317e+00,-8.194237877433632744e-04,4.250713366520171566e-03,-7.915609319014434986e-01
-6.186479560183879428e-02,5.554189361607372311e-01,1.973742402849294197e-01,3.340915152835529645e-01,-5.795195057052834331e-01,-6.766817146959366314e-01,-3.076391700008480612e-01,-1.370120281442801069e+00,3.793246462213695214e-01,1.526502217517736737e-01,2.442801708646272996e+00,-5.779540856198416288e-01,-2.289467891546707601e-01,2.072744094087191069e-01,-4.764197769388613946e-01,-7.137068152167085344e-01,5.995497728025626083e-01,-4.743850532293969469e-01,5.236930861803539700e-02,-3.930180413841025677e-01,-1.448679968009568331e+00,7.463915462480311680e-01,-5.599227879664638863e-01,-3.563563943369959519e-01,4.024604970113415114e-01,-1.598333069287426911e+00,-1.210970852738655790e+00,3.306779297945584839e-02,-3.425524311992285409e-04,-8.144939044771601910e-01
-6.459767949758883632e-02,5.554175546018008669e-01,2.013282601464087274e-01,3.366077176063471676e-01,-5.750723467973933856e-01,-6.758980399980437648e-01,-3.148804001790478924e-01,-1.338208448344773815e+00,3.943773151144266964e-01,1.616253993147584445e-01,2.429272754544996804e+00,-5.843961685921869043e-01,-2.286323450988655415e-01,2.007513623158367344e-01,-4.916185944967480514e-01,-7.109235903058928052e-01,6.081630719440582755e-01,-4.623482950855538620e-01,4.928669881437332256e-02,-3.896257359671714826e-01,-1.420977538335494339e+00,7.662113606638668584e-01,-5.369611025907203850e-01,-3.571406764013739799e-01,4.212849866540033239e-01,-1.635998709011534213e+00,-1.182373666697567494e+00,6.541940976358932847e-02,-3.290318050456243325e-03,-8.376365809328953915e-01
-6.758584314346477440e-02,5.551873418389157155e-01,2.045910653545227331e-01,3.387779503100724621e-01,-5.709552003932667485e-01,-6.749527440026229508e-01,-3.219913863613747540e-01,-1.305859444154212401e+00,4.054383169594911740e-01,1.704238796559049418e-01,2.414444649337029958e+00,-5.890725346777330174e-01,-2.287966656307578173e-01,1.950728015477485311e-01,-5.125990222926238848e-01,-7.156099810153450091e-01,6.191247183920064456e-01,-4.505587304156597472e-01,4.546432549937865636e-02,-3.866125382880857275e-01,-1.396937401514274146e+00,7.863845915672962317e-01,-5.132314917754802197e-01,-3.606885821937859116e-01,4.331553197129275889e-01,-1.672062999586247933e+00,-1.152917722347525542e+00,9.399553511313124554e-02,-2.500061485006830307e-03,-8.611531182755051139e-01
-7.056585785394078880e-02,5.546649091604428650e-01,2.071359520893468753e-01,3.407688865202649353e-01,-5.671628560143713305e-01,-6.738294095940677852e-01,-3.288719925798941346e-01,-1.275543024883362575e+00,4.136898036097192977e-01,1.788140413768405379e-01,2.398380107101475200e+00,-5.921910098990499360e-01,-2.293759153550715135e-01,1.892929256328278187e-01,-5.388222706884908675e-01,-7.287950273108013688e-01,6.317155013529200946e-01,-4.392017735611605800e-01,4.103171497151921615e-02,-3.835983246992099027e-01,-1.379909359901079213e+00,8.087355288927245978e-01,-4.933789382096434029e-01,-3.651834288790027361e-01,4.372639101487159063e-01,-1.706962507865048773e+00,-1.124257963045270925e+00,1.172107686956282147e-01,2.201067611538596799e-03,-8.859691553017774446e-01
-7.330558838168521607e-02,5.537993871050511663e-01,2.089795396894654766e-01,3.425570047375141591e-01,-5.638447398593827709e-01,-6.724233186528056905e-01,-3.355304581854152701e-01,-1.248566490119429329e+00,4.194319411817202803e-01,1.870178240915946200e-01,2.381163126549264764e+00,-5.941546055442605834e-01,-2.303238458382617648e-01,1.822920518494711983e-01,-5.689584039944531879e-01,-7.480341397613566867e-01,6.447233923728779015e-01,-4.282041279252248867e-01,3.625411699143284150e-02,-3.805195770896924734e-01,-1.372345324502163066e+00,8.342904259980669091e-01,-4.796772412920099482e-01,-3.692938218072547296e-01,4.331919359334719388e-01,-1.741279560178675911e+00,-1.098539840520241562e+00,1.355765336218105188e-01,1.009360534302463676e-02,-9.117921847246366340e-01
-7.587042881574919406e-02,5.527943184787230679e-01,2.102608017771949167e-01,-3.443971695069079075e-01,5.605226408955903405e-01,6.706877761970603258e-01,3.426129028834180579e-01,-1.220046337446101470e+00,4.192923642941130402e-01,1.935565597975712759e-01,2.363124134056662218e+00,-5.967376962763586423e-01,-2.315256908065971009e-01,1.722792305621917153e-01,-5.977783815335142581e-01,-7.631156214184927622e-01,6.541766212890418597e-01,-4.151992918644089037e-01,3.279433967424841972e-02,-3.748658147542399122e-01,-1.372161515610108351e+00,8.619859185145160030e-01,-4.674542517717583667e-01,-3.737445182619674733e-01,4.146634535693567436e-01,-1.774820864970021228e+00,-1.070038902514420798e+00,1.511391612220582825e-01,1.610276681230614348e-02,-9.349229331821836686e-01
-7.836656209485473590e-02,5.517540909080514977e-01,2.110805694300341151e-01,-3.473668573338618559e-01,5.568380673483163124e-01,6.679705254742331899e-01,3.508318832082759631e-01,-1.187637804686360710e+00,4.134857553449705070e-01,1.986056805948300252e-01,2.344509842713307535e+00,-6.000502082200869225e-01,-2.327919947078735674e-01,1.594827023412218048e-01,-6.242952444211582463e-01,-7.754038136384634461e-01,6.568116280831766129e-01,-4.002570978428523496e-01,3.117637326270401854e-02,-3.631631627686833230e-01,-1.379752884612519326e+00,8.905172849379612288e-01,-4.545443180571785424e-01,-3.790214050142480806e-01,3.808364827256628393e-01,-1.805986461335325144e+00,-1.035608236637987956e+00,1.591884844141051580e-01,2.187719002698322937e-02,-9.592847929871455293e-01
-8.036676785138831269e-02,5.509341614936552611e-01,2.118266780390785364e-01,-3.501466390284959651e-01,5.543652320126766231e-01,6.649409154242948983e-01,3.576731744306249072e-01,-1.161099431748402244e+00,4.095023570326729034e-01,2.079179300720402912e-01,2.323632194589652755e+00,-6.008796635911676232e-01,-2.332390604300101089e-01,1.461377006556525415e-01,-6.478837020727782336e-01,-7.893020956185868853e-01,6.538963073333210474e-01,-3.833269955367534232e-01,3.150855113328500379e-02,-3.503887356315217305e-01,-1.399661951938558024e+00,9.191895769668901872e-01,-4.453261084714059126e-01,-3.808820811734103251e-01,3.316913976433197853e-01,-1.834153470827832866e+00,-1.000683858593473419e+00,1.639735597731199479e-01,2.800614377483021458e-02,-9.861510707634235651e-01
-8.192881620404456056e-02,5.505558985977787589e-01,2.128385456074925464e-01,-3.527333790773803379e-01,5.528966200067562120e-01,6.614219124399540739e-01,3.638757268821757318e-01,-1.138071711788538609e+00,4.074611597395851881e-01,2.207974911714925825e-01,2.300982966062066204e+00,-6.009969968631663217e-01,-2.335877717091865702e-01,1.319577402249141607e-01,-6.690815315318612289e-01,-8.026479007054797554e-01,6.468633374641614697e-01,-3.643819952086300717e-01,3.347777588274788996e-02,-3.374642602053579132e-01,-1.432631699740300357e+00,9.489284652502855133e-01,-4.413479655699618642e-01,-3.759155920850438815e-01,2.693774542352997958e-01,-1.859878499376370176e+00,-9.693145048062324909e-01,1.742084759165626329e-01,3.479457714930582479e-02,-1.013915778633747822e+00
-8.317951804039662445e-02,5.507451707910283600e-01,2.144114049896864993e-01,-3.552074134580145426e-01,5.519963943045500532e-01,6.572022032554202253e-01,3.704235719592155474e-01,-1.115732176357830507e+00,4.073732890704600540e-01,2.365372925775339197e-01,2.277097225747663156e+00,-6.010269324447650163e-01,-2.340838337183319962e-01,1.164156538078481018e-01,-6.882634680898737090e-01,-8.131731207926053973e-01,6.365382606983681635e-01,-3.435027162620862828e-01,3.700097309920305499e-02,-3.253239368785010299e-01,-1.476259465665748838e+00,9.805273836651753339e-01,-4.382005735189203888e-01,-3.653305306055977253e-01,1.985889760225613143e-01,-1.883665860425482563e+00,-9.386213567897617738e-01,1.905967465040481756e-01,3.989084123420073152e-02,-1.041164669403134679e+00
-8.430021118950049852e-02,5.514723263266327891e-01,2.165928643351440475e-01,-3.579285580612687201e-01,5.513755404237864477e-01,6.522329745743313811e-01,3.774444430965676056e-01,-1.093839307765214208e+00,4.089915103258676687e-01,2.533051662803790238e-01,2.252315498289771512e+00,-6.006563331168395248e-01,-2.348964267671689865e-01,9.851169175327925687e-02,-7.055089679291958182e-01,-8.205239021999903848e-01,6.235420012593366756e-01,-3.208936625604706938e-01,4.280290599813958013e-02,-3.131377435468425396e-01,-1.530353435483043922e+00,1.013126185336851615e+00,-4.405374419893254290e-01,-3.460154651794059566e-01,1.315304804701105668e-01,-1.904979465006749972e+00,-9.086051353785306040e-01,2.100530888576994382e-01,4.272537007911728774e-02,-1.066798494695691435e+00
-8.558860837484542905e-02,5.527370538786433585e-01,2.193071099614044284e-01,-3.605906971607310552e-01,5.510785858622883060e-01,6.468368594038886865e-01,3.845631529952818761e-01,-1.071814273099466197e+00,4.104737821829187450e-01,2.700042142728543149e-01,2.226698182018334915e+00,-5.997699949245672846e-01,-2.359678916137272764e-01,8.067215573109914883e-02,-7.215218492027238861e-01,-8.229690901608623932e-01,6.118230725886760757e-01,-2.976000460852372687e-01,4.763116259113477774e-02,-3.017331157167125744e-01,-1.592849601667973625e+00,1.045471032442686576e+00,-4.511122838547906300e-01,-3.182149248626058857e-01,7.176860652093189352e-02,-1.923926423806645136e+00,-8.794037782593091546e-01,2.308686380304350305e-01,4.332439199181176148e-02,-1.090344626863205102e+00
-8.726415657030775486e-02,5.545775080876214069e-01,2.226235782424892395e-01,-3.634998252493745197e-01,5.509048835843655123e-01,6.410477676234316302e-01,3.917007096133293675e-01,-1.049770641192787402e+00,4.113190144158959671e-01,2.856554111838480736e-01,2.200147825596834750e+00,-5.983800267056827993e-01,-2.372218168410552552e-01,6.191997173935347154e-02,-7.365288391346704877e-01,-8.207507890587855126e-01,6.005767821828900122e-01,-2.727077036672317933e-01,5.299158976909067870e-02,-2.908214259143948044e-01,-1.661576989209951893e+00,1.076988900970915708e+00,-4.712320269581878329e-01,-2.835294940438534139e-01,1.969425641139208039e-02,-1.941123877781244067e+00,-8.509509961526992017e-01,2.519190246779249853e-01,4.219610182646425095e-02,-1.111704572140356229e+00
-8.950330405912459986e-02,5.570360128245915865e-01,2.266307069327600787e-01,-3.669535349653517131e-01,5.506803900777542671e-01,6.348261294060200122e-01,3.988641889378590766e-01,-1.027797205682230652e+00,4.112054144666150712e-01,2.996229180472672060e-01,2.172491655363192109e+00,-5.965301236287473552e-01,-2.385954130522784655e-01,4.117412928314990311e-02,-7.509930420742675361e-01,-8.148814279980884923e-01,5.891336089209087135e-01,-2.452667479948547613e-01,5.957320134806085715e-02,-2.799649253263988280e-01,-1.734444445315283634e+00,1.107402111624958163e+00,-5.012363256754018837e-01,-2.438862069223238227e-01,-2.539794673239104128e-02,-1.957277640174921896e+00,-8.232160497506704200e-01,2.723361634677897714e-01,3.987068704657128343e-02,-1.131126993999304053e+00
-9.242045144637375809e-02,5.601512948146952775e-01,2.313965930108383973e-01,-3.710772272063861399e-01,5.501995459313112624e-01,6.282081464609178267e-01,4.061239660817087538e-01,-1.005743619992687021e+00,4.099637352940455060e-01,3.114806977243382846e-01,2.143573373337802401e+00,-5.942678884152223784e-01,-2.400425146520149544e-01,1.710055971817308826e-02,-7.654863035418874029e-01,-8.057221868087387495e-01,5.782826401654634907e-01,-2.141026690750351125e-01,6.697192373934314491e-02,-2.687923575971526424e-01,-1.809635333971460369e+00,1.136584202442010527e+00,-5.402999801394586799e-01,-2.011687347296733375e-01,-6.709053859952159027e-02,-1.973076872174549523e+00,-7.961245932042965157e-01,2.915690016667818463e-01,3.646005313763706068e-02,-1.149086750395067025e+00
-9.593523418884920828e-02,5.638468178842446221e-01,2.367388305643155222e-01,-3.754166485421589483e-01,5.494305144781131967e-01,6.213842538476973543e-01,4.136061639142109003e-01,-9.829308917418236868e-01,4.074137972378578665e-01,3.222709258664117615e-01,2.113544143501608907e+00,-5.916320744946297339e-01,-2.414761744268844601e-01,-1.086524560143659057e-02,-7.798748147400649255e-01,-7.885671322795964056e-01,5.688277518602593563e-01,-1.790333487931027867e-01,7.217561350307406809e-02,-2.574172665219938705e-01,-1.885876446100086312e+00,1.163814922766285731e+00,-5.848106922775044847e-01,-1.569385767569426438e-01,-1.213805565151303001e-01,-1.988959760836228607e+00,-7.692678671688981673e-01,3.104300618945086132e-01,3.268688158826539569e-02,-1.166287585882843203e+00
-9.991634338410693150e-02,5.680229295734818828e-01,2.424181352879393736e-01,-3.797398160754603680e-01,5.484924530623807026e-01,6.143745575711309082e-01,4.213046451558117300e-01,-9.592824672350978021e-01,4.034736187957935205e-01,3.327437473340127405e-01,2.082563066631732074e+00,-5.887247036306809678e-01,-2.429170543935599003e-01,-4.185518139603737475e-02,-7.932727507317843818e-01,-7.624119693518012220e-01,5.601106068411704220e-01,-1.405889925762281722e-01,7.522154561076802026e-02,-2.459843009210138376e-01,-1.962253236411885426e+00,1.188543635935109810e+00,-6.330975133679016542e-01,-1.114711437206611921e-01,-1.918374419313316759e-01,-2.004800762367977995e+00,-7.423999859579109017e-01,3.293831340546184983e-01,2.911625334431718060e-02,-1.183082602352185653e+00
-1.042274406799612169e-01,5.725824290948532402e-01,2.482004380733746352e-01,-3.838170397188797600e-01,5.475614243928355052e-01,6.072697944019842531e-01,4.290512596658721534e-01,-9.350091746915637492e-01,3.978932936330530912e-01,3.433109495121766663e-01,2.050766021918534410e+00,-5.856434875419106456e-01,-2.443891379309289513e-01,-7.477870564616964644e-02,-8.047413338864978227e-01,-7.271150980097417227e-01,5.522339115164581758e-01,-1.004066046351373143e-01,7.651105771922217524e-02,-2.349655787355769410e-01,-2.037905340444263302e+00,1.210228234278801107e+00,-6.840845620445084041e-01,-6.460515649738363120e-02,-2.778316377602439990e-01,-2.020292215849571971e+00,-7.154380035946291683e-01,3.487265461962396063e-01,2.616630237557519834e-02,-1.199668334119724733e+00
-1.087430982866498530e-01,5.774371394882283903e-01,2.538812739962401088e-01,-3.874908842529292130e-01,5.467950250782994681e-01,6.001700965967998735e-01,4.366484516421563766e-01,-9.106261924974359268e-01,3.901044915118878631e-01,3.540072898938129708e-01,2.018242602328665036e+00,-5.824483904130176581e-01,-2.459013350144470256e-01,-1.083290589726400854e-01,-8.135102432002413453e-01,-6.832402191053918994e-01,5.455236388536893744e-01,-6.129033612114646867e-02,7.637643672803130779e-02,-2.248737116630180055e-01,-2.112015113160341073e+00,1.228452052745792056e+00,-7.369192254119687480e-01,-1.613598996031100075e-02,-3.775173040479671283e-01,-2.035059937651379158e+00,-6.883680436506557365e-01,3.686602218320323421e-01,2.415107347383714867e-02,-1.216160810131110326e+00
-1.133765416646282109e-01,5.825148968667314131e-01,2.593423449364169464e-01,-3.907833033670728984e-01,5.460841570835356373e-01,5.931151588875768210e-01,4.441789183309434730e-01,-8.875524209930768516e-01,3.777391118593934616e-01,3.627710842548834691e-01,1.984972866671480540e+00,-5.791556468156481285e-01,-2.474785746359168814e-01,-1.413235053405769159e-01,-8.192988363894406767e-01,-6.325192476691490207e-01,5.405140715639419335e-01,-2.629146593024559581e-02,7.606079719537037209e-02,-2.154120759230155890e-01,-2.183840205699298931e+00,1.243118390794362593e+00,-7.906663323983692537e-01,3.412960682096943116e-02,-4.823840260237122757e-01,-2.048909870660609478e+00,-6.612885728613741021e-01,3.893666583517263469e-01,2.329787658266750314e-02,-1.232536753904363902e+00
-1.181817735101118455e-01,5.877753511136248887e-01,2.645957179683282035e-01,-3.938605456086929912e-01,5.446509585922960639e-01,5.862490382758772656e-01,4.522623895902957991e-01,-8.676163096317504042e-01,3.561068849338589470e-01,3.633397049323215389e-01,1.950619651437277779e+00,-5.760889784232242627e-01,-2.491937275746712865e-01,-1.725369028503443702e-01,-8.226765473832355902e-01,-5.796444975698915592e-01,5.390725394921692670e-01,1.879065970586034362e-03,7.988939721769232338e-02,-2.044642763638637728e-01,-2.252010435722653359e+00,1.254822254253103564e+00,-8.434319442671509570e-01,8.647138558835418265e-02,-5.613881786044415678e-01,-2.062107284173953836e+00,-6.348127066456553669e-01,4.112748661184146837e-01,2.362937544629948108e-02,-1.248377238360166785e+00
-1.231750429250363793e-01,5.932233226217070721e-01,2.696233947263070307e-01,-3.968048650566701196e-01,5.420424267230464777e-01,5.796925076790195863e-01,4.611866382659097763e-01,-8.500181541536395713e-01,3.276952177806670141e-01,3.558441248307038784e-01,1.915049215438759722e+00,-5.733609591854869070e-01,-2.508227569135758617e-01,-2.021067956976381752e-01,-8.235642934428354378e-01,-5.277476004712264857e-01,5.403775153349967830e-01,1.825765475628040799e-02,9.067356506890715540e-02,-1.909397580148992635e-01,-2.315872028259873705e+00,1.264678653449999635e+00,-8.945143371323923676e-01,1.402354934776869899e-01,-6.076961213360368985e-01,-2.074506660234924471e+00,-6.094431996926737982e-01,4.344950623252831212e-01,2.466988672021845630e-02,-1.263583375705006340e+00
-1.283766479520938586e-01,5.988617213167968245e-01,2.743607797971971962e-01,-3.993080113156176614e-01,5.385323339721561631e-01,5.738308353403168693e-01,4.703766679782305782e-01,-8.323062564569955191e-01,2.985439195299632864e-01,3.444986814329112357e-01,1.877909632409289653e+00,-5.712374407255440545e-01,-2.522684109194590074e-01,-2.297249657315793281e-01,-8.226671496617417034e-01,-4.795020181733198328e-01,5.427580382672740900e-01,1.921481587986761594e-02,1.089758707301764912e-01,-1.759551368724743270e-01,-2.374841536732819058e+00,1.273594692293062325e+00,-9.437462646978594938e-01,1.944915109764332739e-01,-6.226985932545948677e-01,-2.085630026580172824e+00,-5.858313946499101865e-01,4.590695949654811647e-01,2.577912413783547269e-02,-1.278189083981735807e+00
-1.337964050570966124e-01,6.046408382109524915e-01,2.786679737040517191e-01,-4.010155497124016644e-01,5.346508351458915120e-01,5.690634758100594492e-01,4.790634340728111562e-01,-8.131781386551538704e-01,2.710102602575316655e-01,3.308536350541672055e-01,1.838812433000485358e+00,-5.700320993919503199e-01,-2.536794562532057595e-01,-2.537907162511237602e-01,-8.214076229196687340e-01,-4.362123664463757877e-01,5.480827079977824701e-01,1.498542724290674415e-02,1.314891011193642101e-01,-1.610681169373484600e-01,-2.428519236401540216e+00,1.282186928378800994e+00,-9.913822152345476146e-01,2.484426380339875007e-01,-6.101625458045665251e-01,-2.094730851227989188e+00,-5.646926298140426681e-01,4.850160290095646420e-01,2.644816175136028777e-02,-1.292230231860148626e+00
-1.394220565719734295e-01,6.104678437267101465e-01,2.824465337952823951e-01,-4.019058342361781500e-01,5.308389252231081601e-01,5.652687909841399572e-01,4.869835005564618347e-01,-7.928899368044989293e-01,2.448071687031924959e-01,3.151858977917692539e-01,1.798069635991059068e+00,-5.692980443579339633e-01,-2.550897889781028605e-01,-2.755861424496957035e-01,-8.218406829906541589e-01,-3.976432848894575489e-01,5.595058655728435415e-01,8.499002970618646513e-03,1.552488221998170048e-01,-1.466842762884765505e-01,-2.476404805590806557e+00,1.290785196624754549e+00,-1.036878649672452246e+00,3.009802458968552363e-01,-5.803845052727631959e-01,-2.101358102219875512e+00,-5.463846932237544918e-01,5.121238336234672506e-01,2.714149615871326235e-02,-1.305579818690582483e+00
-1.451701160527966994e-01,6.161350588990492927e-01,2.855832184735740409e-01,-4.023217882519957156e-01,5.275341535725489583e-01,5.612297810190580716e-01,4.948400228320244953e-01,-7.714304263009501561e-01,2.198587224830801101e-01,3.011184757343896568e-01,1.757479097597692386e+00,-5.675736829452620036e-01,-2.563210499084978000e-01,-3.022191325485008573e-01,-8.296468374767428378e-01,-3.641581682664800645e-01,5.857495353986853504e-01,-3.227528060676626391e-03,1.740915536637506200e-01,-1.315047148522628939e-01,-2.516661851279975881e+00,1.298817166270739731e+00,-1.077316843210590624e+00,3.504355042549394117e-01,-5.596703034143297728e-01,-2.105791711620771167e+00,-5.301758714708186826e-01,5.395569193069664760e-01,3.069805261501694707e-02,-1.317635321121569225e+00
-1.509558911745335630e-01,6.215202167183155879e-01,2.880662114931702433e-01,-4.022759903527586278e-01,5.246986410441493165e-01,5.567387451428007505e-01,5.028989295364919565e-01,-7.487111379412365597e-01,1.959724437571518652e-01,2.897962974761230659e-01,1.718274272626427290e+00,-5.643901109724506204e-01,-2.573808912681123107e-01,-3.360354811951718479e-01,-8.467187103166498030e-01,-3.359884532248142985e-01,6.293913009200100550e-01,-1.998741901377161859e-02,1.867705966709201915e-01,-1.155761504193995315e-01,-2.549167825380256769e+00,1.306020672760942469e+00,-1.111951865497753156e+00,3.970067058086339529e-01,-5.553788801879050441e-01,-2.109017230282314248e+00,-5.155251234214504041e-01,5.667689494524902338e-01,3.778768212018590589e-02,-1.328504888433381659e+00
-1.566739102960228447e-01,6.265472059235059898e-01,2.899523071580394351e-01,-4.015909489037094993e-01,5.222102917430891944e-01,5.521315679448157709e-01,5.110497555375748124e-01,-7.249529123194937696e-01,1.728211176975932573e-01,2.811629397898202098e-01,1.681224072677768078e+00,-5.596230301511331273e-01,-2.582956613138168156e-01,-3.769784706371513416e-01,-8.733110186280179654e-01,-3.128662032419998185e-01,6.900622717463315015e-01,-4.081400003054007353e-02,1.935750982722386770e-01,-1.001771675831696351e-01,-2.574540134125437696e+00,1.312251886073914520e+00,-1.140973266547300469e+00,4.416968206027810373e-01,-5.682193034638473028e-01,-2.112045868929547598e+00,-5.017987085483796017e-01,5.936380569622443648e-01,4.661299090420864544e-02,-1.338623656267961426e+00
-1.622183231062598319e-01,6.311587427239626624e-01,2.913021675550007683e-01,-4.000760972027252449e-01,5.198765716249719171e-01,5.479855651730969335e-01,5.190176173160431228e-01,-7.004786013200191563e-01,1.503416934023429630e-01,2.746525349358460155e-01,1.646888135778351359e+00,-5.532855393589514170e-01,-2.590864714469152119e-01,-4.238699275657023535e-01,-9.089859827138009329e-01,-2.940681445341091771e-01,7.661165907624959415e-01,-6.477057279387467281e-02,1.952015517101109432e-01,-8.695063152307477838e-02,-2.593511785301983341e+00,1.317310785801380613e+00,-1.164895360010897107e+00,4.856708579062813391e-01,-5.967629325962507947e-01,-2.115738968515685325e+00,-4.883693639196026726e-01,6.202295761018644660e-01,5.577052343083086644e-02,-1.348348292472434817e+00
-1.674989964267956655e-01,6.353465792267606327e-01,2.921540739977339096e-01,-3.978660132381466874e-01,5.176646090591413563e-01,5.446115501069720422e-01,5.264265011323144838e-01,-6.763086976822534346e-01,1.288422253721327460e-01,2.695976514674012225e-01,1.615302921568627426e+00,-5.457191403449552780e-01,-2.599035040020198917e-01,-4.768196289973156143e-01,-9.514881731923554575e-01,-2.756017113179923261e-01,8.542504315965834261e-01,-9.105246494748198138e-02,1.913430643137624954e-01,-7.683558106674050203e-02,-2.607214082381444697e+00,1.321075665802302179e+00,-1.184972914679592648e+00,5.294492101390358973e-01,-6.368549372562798405e-01,-2.120410128849664844e+00,-4.748967341958001409e-01,6.462411747677848650e-01,6.507418584648366755e-02,-1.357519457960808529e+00
-1.724978360307942715e-01,6.391951499885923926e-01,2.925272554745246834e-01,-3.957357113306106955e-01,5.158871437478163013e-01,5.413579898216651642e-01,5.330902630414676713e-01,-6.544556041581496286e-01,1.087678126817182567e-01,2.656915385908957261e-01,1.585475848119752618e+00,-5.378839652258365911e-01,-2.611614140168106446e-01,-5.403682848436254238e-01,-9.947406146299276886e-01,-2.470332724138807334e-01,9.482852092543438971e-01,-1.190643752243260717e-01,1.795755526019855997e-01,-6.872728151490826998e-02,-2.617872294784087561e+00,1.324053688110015781e+00,-1.203771174823439649e+00,5.721344463675628322e-01,-6.798996957982750278e-01,-2.124924219195629682e+00,-4.614954894473463631e-01,6.706938617822508775e-01,7.375571811546169365e-02,-1.365236788795640699e+00
-1.772518186824539321e-01,6.427733373201571787e-01,2.924483904302461190e-01,-3.938762569328905783e-01,5.146126832057681399e-01,5.380079624001015137e-01,5.390572445505076304e-01,-6.352390784802744994e-01,8.984704430690160226e-02,2.624751623115737509e-01,1.556638318326699855e+00,-5.302223834735327879e-01,-2.629163942191986014e-01,-6.161555070503097475e-01,-1.035597263343557728e+00,-2.053924124908843574e-01,1.044298032713310231e+00,-1.489590730943808894e-01,1.600730553573913584e-01,-6.198916948286353756e-02,-2.626792557345376533e+00,1.326533277398652011e+00,-1.222411133946960549e+00,6.133448966326756624e-01,-7.228278052746652804e-01,-2.128639026992766414e+00,-4.483646432283838190e-01,6.931742087259730178e-01,8.144943655371912616e-02,-1.371273995582621641e+00
-1.818227610699912900e-01,6.461444179748341288e-01,2.919495006618644806e-01,-3.922305595146449164e-01,5.137966632948447465e-01,5.345253594347240123e-01,5.444729718646199590e-01,-6.181965260643397242e-01,7.149906531879779426e-02,2.594787540713571761e-01,1.528155473400048425e+00,-5.229455126363600215e-01,-2.640519893749483371e-01,-7.044547496244897289e-01,-1.072253757836490129e+00,-1.508451394271816126e-01,1.140030007668101586e+00,-1.809470705356236164e-01,1.337491328724956796e-01,-5.619868189691987204e-02,-2.634744115304361589e+00,1.328702936848106697e+00,-1.241236855746363998e+00,6.529263503608380148e-01,-7.646324208012373891e-01,-2.131149292535305495e+00,-4.357076774760245685e-01,7.135779814557637879e-01,8.801414758788227155e-02,-1.375632189100202352e+00
-1.862792818641699211e-01,6.493719071906309814e-01,2.910674984756624339e-01,-3.906618495802579583e-01,5.133646530786394324e-01,5.309087015272468957e-01,5.495239934207408750e-01,-6.025793932153737931e-01,5.309491472372447618e-02,2.563361462897795207e-01,1.499497694707742523e+00,-5.161329498491412648e-01,-2.646840543887717945e-01,-8.048344289570804611e-01,-1.103449076166021614e+00,-8.483714727503191555e-02,1.234376057875269384e+00,-2.150918952800766615e-01,1.016295583311882106e-01,-5.097540432667775623e-02,-2.642214827671881316e+00,1.330709662156708495e+00,-1.260202202280270134e+00,6.908186235348652282e-01,-8.050828162315630809e-01,-2.132147031406101512e+00,-4.237116119939933756e-01,7.319680546819040678e-01,9.341365150796585026e-02,-1.378379514855133436e+00
-1.906085298983369869e-01,6.525708546420024847e-01,2.899235311518560954e-01,-3.892453290347331896e-01,5.129336528493432246e-01,5.273638329354687349e-01,5.543234879660817738e-01,-5.875005324539183116e-01,3.530211322051700351e-02,2.526886547244356351e-01,1.470831067716254825e+00,-5.096508138125849241e-01,-2.649825058218293616e-01,-9.141582131230727715e-01,-1.126493445593336862e+00,-1.002725894373023008e-02,1.326503681744857888e+00,-2.501114247850813044e-01,6.832856585801165561e-02,-4.593364818514151376e-02,-2.649183837247441442e+00,1.332694742941876731e+00,-1.278449403377137195e+00,7.275507698737700979e-01,-8.407788779886931074e-01,-2.131795794694128166e+00,-4.126916648493591522e-01,7.476949525886465997e-01,9.773570942843923248e-02,-1.380571313791993493e+00
-1.945917384828551588e-01,6.559345896872450510e-01,2.887679159785320748e-01,-3.885394421925923991e-01,5.117270538332996388e-01,5.242768636244427016e-01,5.588437120554169413e-01,-5.722346747507492948e-01,2.108838605769081803e-02,2.485113804990942976e-01,1.443478633750972184e+00,-5.030590275353252760e-01,-2.651874526978472146e-01,-1.024283112151590958e+00,-1.136539647048126600e+00,6.858826259125669345e-02,1.415627313394305142e+00,-2.827092019639276255e-01,4.384567840887051982e-02,-4.064025916000373051e-02,-2.655050866893271522e+00,1.334648751237101250e+00,-1.294238210784890430e+00,7.644657434791699568e-01,-8.631639272302901178e-01,-2.130338130083813564e+00,-4.023322303789454990e-01,7.620726943781425122e-01,1.010233177700509966e-01,-1.382270272572490688e+00
-1.980222233819957101e-01,6.595050107270572504e-01,2.876575056986909740e-01,-3.888677679741750493e-01,5.096487567382935735e-01,5.212739156322233613e-01,5.633058748738061228e-01,-5.565932318600365081e-01,1.177672297330927854e-02,2.452781254820099455e-01,1.418197674766429550e+00,-4.961152466684794482e-01,-2.654836198716605256e-01,-1.130083233439771906e+00,-1.132214493356348273e+00,1.467213396969327399e-01,1.502392730107862340e+00,-3.118322255923612341e-01,3.016238331761922353e-02,-3.431088639760199177e-02,-2.659704762425201707e+00,1.336317291674813168e+00,-1.307193086313153785e+00,8.019141219225238704e-01,-8.710943426379017529e-01,-2.127326305167315912e+00,-3.923353439401285336e-01,7.750932311001973440e-01,1.032887848414700688e-01,-1.384177405207033473e+00
-2.007221847925844127e-01,6.632201428745179150e-01,2.865152218658356120e-01,-3.902677243127888884e-01,5.069290542358965146e-01,5.178779944001102864e-01,5.679058435280460726e-01,-5.405978029494740156e-01,7.632784922857039148e-03,2.445820222550946221e-01,1.395499351131505694e+00,-4.887047607999416288e-01,-2.659848982862651479e-01,-1.228441929744523486e+00,-1.114406651203564635e+00,2.213898041702066499e-01,1.587642667362996640e+00,-3.372991799211521036e-01,2.668125616252269711e-02,-2.649614741107020333e-02,-2.663087043214678484e+00,1.337298970529516851e+00,-1.317457436790026692e+00,8.400576498764785738e-01,-8.658422154641353119e-01,-2.122053860844310691e+00,-3.824414940500868720e-01,7.861872877546198790e-01,1.045687374777767298e-01,-1.387082568422064899e+00
-2.025415147038732155e-01,6.669749064110058745e-01,2.852455120784737064e-01,-3.925174751076654367e-01,5.040772864450847601e-01,5.139361545109160101e-01,5.724558935951266081e-01,-5.237248963040050942e-01,8.922135179977586095e-03,2.480661070788799383e-01,1.375048619101849612e+00,-4.810651776844122596e-01,-2.667596381699135488e-01,-1.317785515626147319e+00,-1.085675303435617467e+00,2.912221088116621615e-01,1.671858829082975673e+00,-3.593345632980604609e-01,3.211473234219572315e-02,-1.861205801608320498e-02,-2.665112002325173535e+00,1.337566219930771849e+00,-1.325513875149661569e+00,8.789814092832897163e-01,-8.492200476023106237e-01,-2.114729250210401812e+00,-3.716863441240935151e-01,7.962489003830345302e-01,1.058647472108035087e-01,-1.390911712656176968e+00
-2.034370782570907865e-01,6.707160491985687534e-01,2.838068502189755038e-01,-3.954174252132662826e-01,5.012144540476428656e-01,5.098959910498255255e-01,5.765719462502059134e-01,-5.048940401448026583e-01,1.677806610650455985e-02,2.570494590906967081e-01,1.356737680767530652e+00,-4.742643872683828254e-01,-2.677454019146015551e-01,-1.394898586555012532e+00,-1.050258655142461750e+00,3.520508870042189375e-01,1.754400287234397116e+00,-3.792320268913167980e-01,4.258638611085664022e-02,-1.298145523906248100e-02,-2.665894488313290456e+00,1.338006753673846916e+00,-1.331604788231331327e+00,9.172644188098019180e-01,-8.262684639863230318e-01,-2.106485924041504809e+00,-3.592612003114386554e-01,8.065532211911976557e-01,1.082554732252278412e-01,-1.395617485781828426e+00
-2.034981276758690560e-01,6.744809323256966138e-01,2.821510826150929185e-01,-3.990975869393832975e-01,4.975308664245144397e-01,5.064064215187787932e-01,5.802901768068955413e-01,-4.826693621913343835e-01,3.384974258644563028e-02,2.734128152794487177e-01,1.341675555502020556e+00,-4.700322304448841804e-01,-2.687078584978941920e-01,-1.454887952719058797e+00,-1.013016831220848291e+00,3.958259025680657128e-01,1.833593176407974257e+00,-3.993702160366857656e-01,5.151086852038863628e-02,-8.967804084380831542e-03,-2.665862388113925618e+00,1.339608505771330949e+00,-1.335502981416620161e+00,9.517266667776637101e-01,-8.056470515724729609e-01,-2.097655221657153568e+00,-3.456426594151231213e-01,8.154726708232684640e-01,1.106168547500465255e-01,-1.401055530618458889e+00
-2.028454753213587702e-01,6.781618461034387702e-01,2.800295253273578089e-01,-4.036677070690253832e-01,4.924254561346813608e-01,5.035750389358680801e-01,5.839369372060760899e-01,-4.557198095488367295e-01,6.426228955161279732e-02,3.016062967787563331e-01,1.331248516795518810e+00,-4.683697410131855698e-01,-2.695426533346048092e-01,-1.498734501507756001e+00,-9.769373044436472364e-01,4.217875804014619145e-01,1.909047332046067469e+00,-4.205147555312643837e-01,5.719514033426294913e-02,-5.112808561400603025e-03,-2.664993254616625062e+00,1.342253291377307090e+00,-1.338004764439920669e+00,9.820302066064688917e-01,-7.897104759690680709e-01,-2.088646806501010200e+00,-3.313025565706856357e-01,8.223296636365301504e-01,1.124562806389892838e-01,-1.407046746639110113e+00
-2.015721403987467131e-01,6.816467801509332736e-01,2.772430282688944092e-01,-4.088100829908826728e-01,4.858046349136299624e-01,5.013899840321034418e-01,5.877722829920694059e-01,-4.238975049448505672e-01,1.100460831524334715e-01,3.449388905244118453e-01,1.326645046823999641e+00,-4.684458675109434145e-01,-2.701432351516146468e-01,-1.529692595037477121e+00,-9.442443846544222863e-01,4.323300522574784477e-01,1.980847075468673557e+00,-4.427904107082780705e-01,5.952924171260224467e-02,-6.802897566802572349e-04,-2.663229506101796318e+00,1.345544548509645111e+00,-1.339870392950306410e+00,1.008733235463090905e+00,-7.786603903468632959e-01,-2.079882709987801448e+00,-3.161243959344545162e-01,8.263237813964796619e-01,1.135895825896924421e-01,-1.413541680655207244e+00
-1.997256553720702099e-01,6.849025917664199881e-01,2.737813100225875429e-01,-4.140549813679589297e-01,4.779335971803868044e-01,4.996772082904263335e-01,5.919971592885229228e-01,-3.878735032689553663e-01,1.683533049736079534e-01,4.023429537882112772e-01,1.327606493719243996e+00,-4.697031699991215947e-01,-2.683391335059684968e-01,-1.551154244143172489e+00,-9.158752338145841332e-01,4.300688998505707850e-01,2.049143152052595784e+00,-4.661005765829459579e-01,5.886492151422557245e-02,4.409413596843335219e-03,-2.660731527677926866e+00,1.349501403728060822e+00,-1.341568035256745839e+00,1.032443831350292163e+00,-7.720007882764930995e-01,-2.071384747191213904e+00,-2.985076586561752898e-01,8.258210419072044006e-01,1.144095081179594270e-01,-1.420758502186781014e+00
-1.974725998195086540e-01,6.879325972699883440e-01,2.696626276823321788e-01,-4.188384316745116243e-01,4.696578025241283649e-01,4.982377298527488896e-01,5.964520779004978124e-01,-3.495101217546087158e-01,2.300327215205019704e-01,4.657666915248636075e-01,1.330285941628332802e+00,-4.711383867669992620e-01,-2.617196346132883433e-01,-1.568399615761306709e+00,-8.924223423717901893e-01,4.195341434644590528e-01,2.113607973537381834e+00,-4.883250828309932956e-01,5.521993549838832144e-02,1.021582671334998749e-02,-2.657149846252848224e+00,1.353811867678149650e+00,-1.343343449639903264e+00,1.054007014648073115e+00,-7.690149651278540555e-01,-2.063099688501663032e+00,-2.793864205283607682e-01,8.214428713848695995e-01,1.129114473166194371e-01,-1.428918592160169920e+00
-1.951731981316031650e-01,6.907454458598114577e-01,2.648521275459253532e-01,-4.225514854457034231e-01,4.622318128821560346e-01,4.970594384081720163e-01,6.006034467693218692e-01,-3.122389923424728209e-01,2.829406294325360616e-01,5.223359566764075312e-01,1.327628963874742274e+00,-4.712777000202116873e-01,-2.486563538937512363e-01,-1.588435802202303071e+00,-8.743725385128011673e-01,4.077167617314281789e-01,2.173249773172142518e+00,-5.057085362140050222e-01,4.821961647037353860e-02,1.692293302831476484e-02,-2.651923523857121712e+00,1.357436975947793556e+00,-1.345388710041144575e+00,1.074100733314091727e+00,-7.687629575413966743e-01,-2.055301810935055595e+00,-2.640572746831413853e-01,8.170132822666011929e-01,1.076893081219616188e-01,-1.436958758742992615e+00
-1.931356884032831012e-01,6.933662200868616621e-01,2.595111778940630831e-01,-4.249828801819026114e-01,4.560521850937040433e-01,4.963043784970105343e-01,6.042250573323227902e-01,-2.772487317227307346e-01,3.231280026302395525e-01,5.668037899692872639e-01,1.315055365585971581e+00,-4.704794520753169951e-01,-2.291320306535006013e-01,-1.613931592824468186e+00,-8.605364187484632055e-01,3.974888968279204349e-01,2.227492352658760666e+00,-5.177085451301687291e-01,3.810015529631338715e-02,2.260276129554241939e-02,-2.645978725236932672e+00,1.361192604672013307e+00,-1.348090628383209921e+00,1.092290601737234246e+00,-7.701310150776126129e-01,-2.047319514133103091e+00,-2.523152273019862446e-01,8.135904337139098219e-01,9.990850219456175185e-02,-1.445155451502577737e+00
-1.916310956504608254e-01,6.958024726701212970e-01,2.539066784433773316e-01,-4.259069189235206720e-01,4.511565270402571048e-01,4.962869199393765696e-01,6.072564348108089316e-01,-2.440354423592998589e-01,3.512615940473676757e-01,5.987715171203505937e-01,1.290684854334817722e+00,-4.691124971023231116e-01,-2.036858620035141287e-01,-1.645995867807926061e+00,-8.494000636367321500e-01,3.902176823726071220e-01,2.276064986547711388e+00,-5.249074494440850724e-01,2.524323645743229566e-02,2.348977760455613073e-02,-2.640415458121875059e+00,1.366425989970220023e+00,-1.351506961394477235e+00,1.108278332933671839e+00,-7.723078638749371061e-01,-2.038601850361618784e+00,-2.400018096168891613e-01,8.111763535651590473e-01,9.307330747475200949e-02,-1.453788415910170606e+00
-1.908281880454937296e-01,6.981011780354133833e-01,2.482977156878216074e-01,-4.250558327940704983e-01,4.476297057406873336e-01,4.972984325423594476e-01,6.096305885839038430e-01,-2.120721054985621468e-01,3.687598375356652136e-01,6.186056856052678521e-01,1.254329996613206433e+00,-4.672625454976764292e-01,-1.730421439022926666e-01,-1.685482915533603077e+00,-8.395821085177305187e-01,3.865918525286130558e-01,2.318957707910519694e+00,-5.281906737057950885e-01,1.002939259912240255e-02,1.876013563463551151e-02,-2.635453277481178525e+00,1.372263449379645506e+00,-1.354961938848431746e+00,1.122089239315578135e+00,-7.751235288205349239e-01,-2.029560153075188111e+00,-2.268079726476968649e-01,8.103087390241567878e-01,8.736508793719086063e-02,-1.462085088213291417e+00
-1.909237704509111344e-01,7.003123213728286167e-01,2.427392325672412809e-01,-4.227602128976222229e-01,4.452490071174777797e-01,4.985667372823580634e-01,6.119305052878964979e-01,-1.811620075778598848e-01,3.770846770737853459e-01,6.281320647742327790e-01,1.209140188353134748e+00,-4.639838002762065039e-01,-1.440305980592085644e-01,-1.727896489320686957e+00,-8.375609397065403305e-01,3.853431296153299601e-01,2.355876010098270079e+00,-5.299690041400609841e-01,-9.341679656250342564e-03,1.085632909842519644e-02,-2.630806613904047353e+00,1.378046556439580073e+00,-1.358385459399803930e+00,1.134049549516471078e+00,-7.773673769405278211e-01,-2.020359443139692956e+00,-2.137248412874836745e-01,8.110266019330399923e-01,8.208146592481710413e-02,-1.469227398395116735e+00
-1.921728616147733715e-01,7.025255614683677541e-01,2.373380265227597874e-01,-4.195669845644529605e-01,4.436483138737252752e-01,4.999367173919402330e-01,6.141685417406722580e-01,-1.527130955547609803e-01,3.786246363595106024e-01,6.280269054406651952e-01,1.160925404481917944e+00,-4.578222838693177810e-01,-1.269573860725931591e-01,-1.769380297523677648e+00,-8.455848877797335073e-01,3.870532907662185829e-01,2.386952896534616286e+00,-5.285491016951447962e-01,-3.684741585721516138e-02,5.252644360283029862e-04,-2.625994313547242776e+00,1.384371892471244703e+00,-1.361941027490672029e+00,1.145116646163836016e+00,-7.773296160136021760e-01,-2.011525636494676750e+00,-2.016521737825998084e-01,8.128958440266815799e-01,7.693060620841091213e-02,-1.474726211793307096e+00
-1.944453920494315646e-01,7.048799712235426229e-01,2.321672809664557247e-01,-4.153996676988967462e-01,4.422247288304325674e-01,5.022773881024861220e-01,6.161151115558204383e-01,-1.255781883418490286e-01,3.752122145475140225e-01,6.171812813444975676e-01,1.112269283193223934e+00,-4.488492153062565992e-01,-1.235831797218545497e-01,-1.809111149281676933e+00,-8.642414528391565431e-01,3.944608564781110771e-01,2.412878027158332550e+00,-5.218766866686439521e-01,-7.305430418662711700e-02,-1.334593988974381099e-02,-2.620881750096050844e+00,1.391213072258159045e+00,-1.365570831679671748e+00,1.156125772608197488e+00,-7.749379033185042065e-01,-2.002664512232662286e+00,-1.912912288538209660e-01,8.154572950960331523e-01,7.140313599904481168e-02,-1.478770625589588050e+00
-1.974517280948818176e-01,7.075286191149018356e-01,2.271960261701274908e-01,-4.101804416174895107e-01,4.402067144952561129e-01,5.065042899836995627e-01,6.175948980163952218e-01,-9.798802515595107787e-02,3.692306994444271018e-01,5.948212226797918722e-01,1.065019063603318106e+00,-4.372171234164095588e-01,-1.328702216042700335e-01,-1.846016445542172368e+00,-8.941314154300500361e-01,4.101286787183143212e-01,2.434701725299541764e+00,-5.097584958116887499e-01,-1.172037009021422438e-01,-3.172196990927032834e-02,-2.615008305843746772e+00,1.398471474730161201e+00,-1.369265442364971497e+00,1.167632120221262060e+00,-7.705425949399807850e-01,-1.992613789132405389e+00,-1.830988830801943135e-01,8.183304610534012369e-01,6.517657720900692231e-02,-1.481934523824051553e+00
-2.005774318343944151e-01,7.106015711087361186e-01,2.221967952085344977e-01,-4.035553898937741524e-01,4.367766601250871461e-01,5.139228189160125471e-01,6.182662203265664180e-01,-6.751828652156295629e-02,3.639889743019426582e-01,5.601218010547687198e-01,1.020488780433305820e+00,-4.230908278722801397e-01,-1.530676957155423790e-01,-1.877643225586965947e+00,-9.359813608640419336e-01,4.366406381688022753e-01,2.453455143148863815e+00,-4.925629423792823869e-01,-1.682238339922631498e-01,-5.641176990389664553e-02,-2.607696055689565195e+00,1.405426832829498318e+00,-1.373236851240095868e+00,1.179886087323021915e+00,-7.644722858200770910e-01,-1.978704311922174774e+00,-1.772867876278221566e-01,8.205713890553217871e-01,5.732334109597517907e-02,-1.484908173116750385e+00
-2.031500412320629279e-01,7.141496892427909859e-01,2.170567038572524532e-01,-3.958499981628415543e-01,4.313130803109893607e-01,5.245170871370505861e-01,6.181857576880819272e-01,-3.250971670637504973e-02,3.627411575142421851e-01,5.159829701643947608e-01,9.791970885149861026e-01,-4.083246890220563752e-01,-1.780251584518709185e-01,-1.899175957509532386e+00,-9.854276729613458130e-01,4.703428668166148019e-01,2.468682369987260206e+00,-4.744174417743848848e-01,-2.172123262967534385e-01,-8.634559618785420110e-02,-2.597723726014096179e+00,1.410789884132810368e+00,-1.375954970989534232e+00,1.191680470398166936e+00,-7.580298033797000512e-01,-1.958831688271461591e+00,-1.734446022586343950e-01,8.214310923119432228e-01,4.712462379384987216e-02,-1.488377382187858311e+00
-2.052098286222199253e-01,7.181190765410420118e-01,2.120315092522949418e-01,-3.889066231387559025e-01,4.239626325506525850e-01,5.356047203114638888e-01,6.181706141993554837e-01,5.663666973114843406e-03,3.658167333233566243e-01,4.705609981974054890e-01,9.410420005452468928e-01,-3.956261912117386426e-01,-2.001218282995833875e-01,-1.908173851733734550e+00,-1.033007525776590718e+00,5.006175079151993224e-01,2.478901561314470925e+00,-4.602707800265569693e-01,-2.526156805683554274e-01,-1.154333885966349199e-01,-2.583706590498978439e+00,1.414117061886722926e+00,-1.375196700072804923e+00,1.201127826800926668e+00,-7.528973157765557200e-01,-1.934111749237915845e+00,-1.708427103909366529e-01,8.213984150363800030e-01,3.469017034423355073e-02,-1.492504055539621621e+00
-2.069778919036203146e-01,7.223679316211589763e-01,2.072612452841158248e-01,-3.837305304234100989e-01,4.155682219102058150e-01,5.455955886067289651e-01,6.183683260422021544e-01,4.435505042967740480e-02,3.720182674866455153e-01,4.291454362958027624e-01,9.061842812126157387e-01,-3.857235610198674891e-01,-2.174810802489390016e-01,-1.904029348778341735e+00,-1.074266573016002813e+00,5.211908123997903708e-01,2.484145103644591845e+00,-4.502499722229876267e-01,-2.729138343780170284e-01,-1.408430841881865014e-01,-2.564892966163781818e+00,1.414759946714290395e+00,-1.371002458852595973e+00,1.207655249587070934e+00,-7.494348783590640828e-01,-1.906337354320429389e+00,-1.689363862311264175e-01,8.209846137786700471e-01,2.002920614247304110e-02,-1.497060529674846707e+00
-2.087155044978487584e-01,7.267170482868501313e-01,2.028554598484711424e-01,-3.806562393693877500e-01,4.071265428420980936e-01,5.537911897127132388e-01,6.185989959400491900e-01,8.077134951276811192e-02,3.795949316338499413e-01,3.947473912198308788e-01,8.748731511320764209e-01,-3.785643873004417292e-01,-2.301305983527046628e-01,-1.887240837338051813e+00,-1.107396735203666216e+00,5.296343846616815565e-01,2.485125184209790117e+00,-4.431933643473307538e-01,-2.796386099508463285e-01,-1.621209537387922062e-01,-2.542609627718808607e+00,1.412725807792530652e+00,-1.361310804858824275e+00,1.212067035478451293e+00,-7.494073085462432671e-01,-1.877923730155450111e+00,-1.673093920698782711e-01,8.204739369892789513e-01,3.614569253746886986e-03,-1.501456779126014052e+00
-2.106440833698014492e-01,7.309377119480414686e-01,1.989834551430590126e-01,-3.794508116422554700e-01,3.994281704794505616e-01,5.601125861006210904e-01,6.186663956149119903e-01,1.127147003241001644e-01,3.867554610598548659e-01,3.687738865597764981e-01,8.473330132356553523e-01,-3.738132049703814519e-01,-2.386543368362296913e-01,-1.859113927667431998e+00,-1.131814869200115536e+00,5.262602043528017415e-01,2.482675360974712753e+00,-4.381753986995957639e-01,-2.749460804027966110e-01,-1.798115756278921007e-01,-2.518920845756333016e+00,1.410438233934458774e+00,-1.343081012199808466e+00,1.216229798029702991e+00,-7.547230507141993172e-01,-1.851799208364149241e+00,-1.659084819488225726e-01,8.200054277657441437e-01,-1.335890987893260246e-02,-1.504906399661116057e+00
-2.128568038534868201e-01,7.348363324388296203e-01,1.955002188348197167e-01,-3.795118970243401280e-01,3.931705737358982544e-01,5.643508208975875906e-01,6.187857229424335026e-01,1.395313207612904338e-01,3.910793916413218274e-01,3.508264874537813660e-01,8.220589469571231156e-01,-3.695540915739043974e-01,-2.447673228643403587e-01,-1.828092270470108360e+00,-1.147538838687944596e+00,5.166924615484208561e-01,2.478203385550214133e+00,-4.341419690546181598e-01,-2.648539272713241188e-01,-1.943321438553359815e-01,-2.496942596391220182e+00,1.408830705964472463e+00,-1.318998512759034014e+00,1.218802778979608981e+00,-7.589235686521836888e-01,-1.829054800012350990e+00,-1.645354622353037144e-01,8.196197295814252604e-01,-3.004302911322142070e-02,-1.507439593557527102e+00
-2.153002474314800740e-01,7.382768200676688153e-01,1.921146289468301793e-01,-3.801762936515656888e-01,3.885509294520535506e-01,5.661428464639965963e-01,6.196583238890179812e-01,1.625792535399132877e-01,3.904625583515720644e-01,3.391070217721467439e-01,7.962603588001825328e-01,-3.635683698341563574e-01,-2.503521986126874266e-01,-1.805340180179994869e+00,-1.154797877581006160e+00,5.094653902823155223e-01,2.473551716384771115e+00,-4.301794599241579031e-01,-2.562126886115133062e-01,-2.053711694835641255e-01,-2.479960301790044230e+00,1.409064570272965167e+00,-1.292677495509460428e+00,1.217593166826903550e+00,-7.540708275598539956e-01,-1.809534957157003188e+00,-1.628027761324593592e-01,8.192212263391612792e-01,-4.595541334631556007e-02,-1.509676652365557814e+00
-2.178881535899108157e-01,7.413345677406442125e-01,1.888452549204057140e-01,-3.812007497815303458e-01,3.853227886814408198e-01,5.653079415563804222e-01,6.218037569004921661e-01,1.839135983031796873e-01,3.835944416982337013e-01,3.311219970146135338e-01,7.666254955666559345e-01,-3.556070988088073648e-01,-2.560366991828066374e-01,-1.794945019536038133e+00,-1.154382821027838624e+00,5.082336577582741155e-01,2.469306999358715782e+00,-4.259242119801988635e-01,-2.512139575952073711e-01,-2.124037578545011906e-01,-2.469509697262263881e+00,1.412224438107768654e+00,-1.265668350437539891e+00,1.211416871265297956e+00,-7.382564628762136039e-01,-1.793139365286882114e+00,-1.604243844891061477e-01,8.189337283152055003e-01,-6.095593324814479325e-02,-1.512101132274320969e+00
-2.205735284851222944e-01,7.441055792520578915e-01,1.857631309177712742e-01,-3.827643565368182288e-01,3.831307017584676955e-01,5.617469947737148139e-01,6.254139641850982034e-01,2.051589627867124455e-01,3.700035383588660687e-01,3.241787250292326172e-01,7.306990806271856931e-01,-3.461566674651579412e-01,-2.619329484866077529e-01,-1.797648043711743471e+00,-1.147434601698468448e+00,5.133263126718572433e-01,2.465496817682472752e+00,-4.211797272177888463e-01,-2.502155772779749432e-01,-2.149241521534582811e-01,-2.466022338482872112e+00,1.418964360857651874e+00,-1.238639208309900486e+00,1.199916905738444894e+00,-7.118300075435212149e-01,-1.779802321356136696e+00,-1.572471693688811123e-01,8.188790306591392509e-01,-7.491903366581852131e-02,-1.514990346493642503e+00
-2.233679249761511554e-01,7.466562979474106188e-01,1.829943877509470629e-01,-3.851460600913239052e-01,3.817574515737037766e-01,5.554649395692055069e-01,6.303827896393270347e-01,2.263593661155810510e-01,3.496607698775954232e-01,3.162202276486446584e-01,6.878792839835412565e-01,-3.356295920613336925e-01,-2.661440463693968694e-01,-1.813109748458230586e+00,-1.135275179826645831e+00,5.236389897357842660e-01,2.462157628149208133e+00,-4.154109085688543757e-01,-2.529162291786212213e-01,-2.128111672456172443e-01,-2.469527790864174843e+00,1.429439265099424095e+00,-1.211838256495949562e+00,1.183264483461725414e+00,-6.758860105296993215e-01,-1.769711040046813677e+00,-1.533364568801742767e-01,8.190985599099330772e-01,-8.773520322464753440e-02,-1.518486129246385596e+00
-2.263948673158491798e-01,7.490846857159942918e-01,1.805363067062822346e-01,-3.886587948793712721e-01,3.809343942743838030e-01,5.473455487853322587e-01,6.358035692307856257e-01,2.450474302501525481e-01,3.260559510922038107e-01,3.075954689047054602e-01,6.427387284516660193e-01,-3.248960743814707230e-01,-2.688898144858952732e-01,-1.835810441508231916e+00,-1.121852985447578721e+00,5.350624646163457676e-01,2.458743644744913137e+00,-4.088735535170645585e-01,-2.574743511593735601e-01,-2.075474817184607135e-01,-2.476006472190837471e+00,1.442722673627220509e+00,-1.185851710683200499e+00,1.162068777464544622e+00,-6.366562730432354655e-01,-1.762389859334536180e+00,-1.493174651274895293e-01,8.198163091216411624e-01,-9.953287857324942534e-02,-1.522218697405099741e+00
-2.296164276283246264e-01,7.515512920992102330e-01,1.783239835366110804e-01,-3.934184387220232559e-01,3.804915622085404681e-01,5.386133371220066524e-01,6.405813143960363831e-01,2.595261315913972022e-01,3.036792985658084976e-01,2.985883533563042924e-01,5.996475669683141163e-01,-3.149514137645503808e-01,-2.705450944780142808e-01,-1.858701564442174936e+00,-1.111658258596130766e+00,5.428218591728589670e-01,2.454066974682158175e+00,-4.029635170544276224e-01,-2.616421905012515925e-01,-2.011322354163000425e-01,-2.480074393475271144e+00,1.456760854283918771e+00,-1.161460660712377635e+00,1.136780075067871598e+00,-6.011723962399021515e-01,-1.756251207246304791e+00,-1.458253496944659777e-01,8.211658199111370182e-01,-1.109666530640715382e-01,-1.525738922698410605e+00
-2.328380487513800334e-01,7.541304443276150016e-01,1.763045482313398971e-01,-3.990740921988452650e-01,3.803536760063745970e-01,5.299600184268762337e-01,6.443704904424863988e-01,2.705175735307244200e-01,2.842349721736553980e-01,2.888441125511687635e-01,5.597894245345557129e-01,-3.059864484986301592e-01,-2.714325055028721789e-01,-1.878561621862351094e+00,-1.106632171266971110e+00,5.456149535980104881e-01,2.448132009614800708e+00,-3.984101387175943976e-01,-2.646093886230237446e-01,-1.944764095898014189e-01,-2.478247403136331073e+00,1.471074890448366146e+00,-1.138655086880170586e+00,1.108491448597367146e+00,-5.719523338684298075e-01,-1.749869158903944122e+00,-1.430780652304424472e-01,8.230161554765832443e-01,-1.225783981895297442e-01,-1.528832224268183992e+00
-2.358668325359674633e-01,7.568389870045177936e-01,1.743354822772577306e-01,-4.052646016827278763e-01,3.804821378860246406e-01,5.217595233846932246e-01,6.471174121672185198e-01,2.792119786409527626e-01,2.683714644780010872e-01,2.782281825314271706e-01,5.236761414146463567e-01,-2.978826665642587135e-01,-2.718341460354218864e-01,-1.893963504982514978e+00,-1.107356896764178922e+00,5.435106432960069567e-01,2.441743857597058920e+00,-3.957501078574826581e-01,-2.660451143055247436e-01,-1.880360974241613858e-01,-2.469568447792907850e+00,1.485691093561594123e+00,-1.116688960599170555e+00,1.078767636634422544e+00,-5.499732399161183505e-01,-1.741899968750649563e+00,-1.409525240543539060e-01,8.253576550255193878e-01,-1.343593207272560652e-01,-1.530801984462157650e+00
-2.385249497815836173e-01,7.596763799730151812e-01,1.722322470300057251e-01,-4.116892285044508326e-01,3.808657830461902316e-01,5.142628325215474749e-01,6.488350896221143360e-01,2.868156363788582075e-01,2.564096460670393651e-01,2.667581602218677128e-01,4.914440894299090812e-01,-2.904414178476762420e-01,-2.719816569887987256e-01,-1.904389433442964075e+00,-1.113631875718262165e+00,5.374716035904988365e-01,2.436209717492952009e+00,-3.970928345283451510e-01,-2.656310274773864277e-01,-1.821009796719423868e-01,-2.454300577174072906e+00,1.500880580549530663e+00,-1.095279247174125947e+00,1.048715422004419695e+00,-5.351333678688220408e-01,-1.731162800094025345e+00,-1.392225908040371773e-01,8.280951901058917208e-01,-1.462720353461211542e-01,-1.531536367229953788e+00
-2.408177476699159270e-01,7.625982087826563838e-01,1.699760733533334511e-01,-4.180744512334327312e-01,3.812478568210930785e-01,5.077395509081067404e-01,6.496653331000554754e-01,2.944671666424480971e-01,2.482537902380379247e-01,2.543105109680015019e-01,4.627784012262159963e-01,-2.839815078699941542e-01,-2.719285383484850716e-01,-1.909425351479541844e+00,-1.124127958492554979e+00,5.306024274010948671e-01,2.431468246800863042e+00,-4.039119801827874001e-01,-2.644583780919335658e-01,-1.771484595323096489e-01,-2.435792123454253222e+00,1.516225912506579565e+00,-1.076111251877355457e+00,1.019806351381683740e+00,-5.238095949130875395e-01,-1.718215324137378763e+00,-1.379105426114728139e-01,8.309904730379514826e-01,-1.583629491768097086e-01,-1.531669750530564755e+00
-2.428673899926899193e-01,7.655202308730402194e-01,1.676646232067743325e-01,-4.240827033482976183e-01,3.813648002585269259e-01,5.023659134874355336e-01,6.498794032822614586e-01,3.029442818822369876e-01,2.431821495832530988e-01,2.408470978108330496e-01,4.371555119033522785e-01,-2.788569033251470652e-01,-2.716268921145776893e-01,-1.909799044985479366e+00,-1.137687202858392643e+00,5.238672648136927235e-01,2.427213679535125568e+00,-4.128372024326016909e-01,-2.634642040835505350e-01,-1.736599852346996653e-01,-2.418072483239646964e+00,1.530761295044047010e+00,-1.060358818831537597e+00,9.930451341124928444e-01,-5.122246302649710037e-01,-1.704580486557458530e+00,-1.372053045779872693e-01,8.337759800074634464e-01,-1.706395474838506010e-01,-1.531887116039764241e+00
-2.447903903584291996e-01,7.683823955142209394e-01,1.653679983781374263e-01,-4.295366999532987395e-01,3.810915745151088885e-01,4.982351657252051536e-01,6.496377104676132053e-01,3.124273900682238980e-01,2.406170497327698721e-01,2.263248669995440721e-01,4.141167741553404280e-01,-2.750433674030289266e-01,-2.710616009335602428e-01,-1.906358690621842156e+00,-1.153331924137770859e+00,5.176865644999821825e-01,2.423259839875293586e+00,-4.225263401907830008e-01,-2.626902120324089429e-01,-1.719733215560879103e-01,-2.402916495219930226e+00,1.543889764935794995e+00,-1.047687684421280130e+00,9.685362373537722558e-01,-4.991135438536952185e-01,-1.691342051443971872e+00,-1.372339919721388135e-01,8.363991613356299704e-01,-1.829754791440666717e-01,-1.532379124717752505e+00
-2.466940390690981477e-01,7.711400827355386900e-01,1.631440669584969527e-01,-4.343424084325209211e-01,3.803720810831604515e-01,4.953954338987391903e-01,6.490355277192326744e-01,3.227889778129607867e-01,2.400886011215906113e-01,2.107013027576333797e-01,3.932344742279005878e-01,-2.723965979579722752e-01,-2.702423416112380572e-01,-1.899993312215895847e+00,-1.170254642332925865e+00,5.121440163176218530e-01,2.419491297048536715e+00,-4.324666347588960735e-01,-2.621449225715215547e-01,-1.723219866335843897e-01,-2.390912470817507351e+00,1.555293933745604873e+00,-1.037328791524055882e+00,9.460898235068466722e-01,-4.841793971351504577e-01,-1.679286863129434648e+00,-1.380736981321919188e-01,8.390897555637510941e-01,-1.949347283913199502e-01,-1.532627006117642798e+00
-2.486779398455151724e-01,7.737645720925091508e-01,1.610429959928201815e-01,-4.384656993222983412e-01,3.791932387360228418e-01,4.938666062726863593e-01,6.481178778074530022e-01,3.337130069927401466e-01,2.412170633738805192e-01,1.939335598231283764e-01,3.740913129517915992e-01,-2.707536106377058660e-01,-2.691951360292467732e-01,-1.891576206817570327e+00,-1.187817319284244499e+00,5.070774023333624037e-01,2.415828272982259772e+00,-4.424790028312259871e-01,-2.627254343101337319e-01,-1.749075260523411945e-01,-2.382326129432829731e+00,1.564706152086488666e+00,-1.028263130779428991e+00,9.254350816460173990e-01,-4.675811192178639386e-01,-1.669081757713402947e+00,-1.397960462411833860e-01,8.420974546708912545e-01,-2.061323564373441219e-01,-1.532290017748349831e+00
-2.506973037350957445e-01,7.761566331871965208e-01,1.589292018518514427e-01,-4.420952999171449682e-01,3.779489381087955402e-01,4.926526090113914069e-01,6.473019023669499550e-01,3.448632431776581520e-01,2.418008304779416251e-01,1.771167400764679933e-01,3.555605853538261751e-01,-2.696476348853880101e-01,-2.680037648270282014e-01,-1.885577747185507080e+00,-1.202436740934176296e+00,5.053393412382762850e-01,2.412822362610122617e+00,-4.503271924531958570e-01,-2.627659995190343989e-01,-1.779637194102095532e-01,-2.376944721119684356e+00,1.571937316576324628e+00,-1.020269641675479955e+00,9.065814646534631205e-01,-4.506962922083346257e-01,-1.660225273834530002e+00,-1.421801921923198653e-01,8.450924090029229285e-01,-2.165753465183783699e-01,-1.531140326423816145e+00
-2.526603404699618860e-01,7.782401945956565203e-01,1.566587065555924418e-01,-4.455041402358525526e-01,3.770158134300640174e-01,4.906667820836462801e-01,6.470171917469121903e-01,3.560281931969586644e-01,2.397012707291479583e-01,1.616052091787639478e-01,3.367409148929288998e-01,-2.686740289463586118e-01,-2.659709488624395490e-01,-1.886289682328638806e+00,-1.210705735728352384e+00,5.098258031467636231e-01,2.410993784570811815e+00,-4.541239494360663209e-01,-2.628942994554831492e-01,-1.794060321159678950e-01,-2.374234032664971572e+00,1.577232861189246771e+00,-1.013546143524125309e+00,8.894365346848860376e-01,-4.347235872634667153e-01,-1.651912738469669240e+00,-1.449098604531949830e-01,8.475928874167556470e-01,-2.264982284517877698e-01,-1.528975383041171643e+00
-2.545249676724629651e-01,7.800188560945895411e-01,1.542031809869912340e-01,-4.488699060260504248e-01,3.764897210744551082e-01,4.874999703705070186e-01,6.473909763645138149e-01,3.670934669606335521e-01,2.342413126143818025e-01,1.481570336125450915e-01,3.174644460487041631e-01,-2.676911939137387453e-01,-2.615830345632247922e-01,-1.894825395677510960e+00,-1.211710624937518910e+00,5.211511460312409083e-01,2.410394301183214072e+00,-4.537359677035812666e-01,-2.630777396601078899e-01,-1.783913933787568407e-01,-2.373549257435554338e+00,1.581207196603817033e+00,-1.008143611670044626e+00,8.735565200501207439e-01,-4.199441712655970771e-01,-1.643819145717977381e+00,-1.477831804117906989e-01,8.493831875824643385e-01,-2.361168853499719944e-01,-1.525707021265134022e+00
-2.562658852573175272e-01,7.815248774378300567e-01,1.515792521589045538e-01,-4.522738824364305188e-01,3.763688231427925190e-01,4.830899774735344376e-01,6.483977387298754946e-01,3.779744447386978456e-01,2.254008024730313753e-01,1.371415971951692181e-01,2.978422763423976272e-01,-2.666352445956305384e-01,-2.546687572821313972e-01,-1.910726778045806817e+00,-1.205763575746202410e+00,5.388679052669821390e-01,2.410894083979620461e+00,-4.495870579232031372e-01,-2.638531756523589400e-01,-1.747773096492701572e-01,-2.374246361661252358e+00,1.584520981504718096e+00,-1.004029877494855949e+00,8.582419993111939371e-01,-4.063845056232383013e-01,-1.635822958678178063e+00,-1.506554336078542999e-01,8.504029366629141107e-01,-2.456396001888414282e-01,-1.521345238224739882e+00
-2.578604559457767786e-01,7.827944038144838412e-01,1.488168224269751927e-01,-4.557266855765385039e-01,3.766249559970077376e-01,4.775341864937182601e-01,6.499445601768333303e-01,3.885932133819242074e-01,2.134232852071005770e-01,1.287173965758862670e-01,2.780656115497877612e-01,-2.654738594716238298e-01,-2.454686592668500478e-01,-1.932869302318329874e+00,-1.193700607360417720e+00,5.621729932777517202e-01,2.412316605663932467e+00,-4.422185949683815620e-01,-2.635304890463678329e-01,-1.687543668615764103e-01,-2.375704310297734878e+00,1.587781997796589017e+00,-1.001174182336813878e+00,8.426196341957327141e-01,-3.939916472043146212e-01,-1.627829048040447368e+00,-1.534088369017023445e-01,8.508100486290711695e-01,-2.550376547283004225e-01,-1.515629023365152372e+00
-2.593321194588019685e-01,7.839742678204554283e-01,1.460725145187545537e-01,-4.593716485549174666e-01,3.770319230071434990e-01,4.715044051658153768e-01,6.515429482748649193e-01,3.983763669503594951e-01,2.007059388240673148e-01,1.225108995681607887e-01,2.593015975589614275e-01,-2.649763436464775412e-01,-2.355475183568428998e-01,-1.956114746882158029e+00,-1.179426000038564792e+00,5.855443312864250238e-01,2.413878409005239423e+00,-4.345685651524706650e-01,-2.631897474238603651e-01,-1.613348852847175940e-01,-2.378054524370355693e+00,1.591539659334042067e+00,-1.000840313590956265e+00,8.263980647422685122e-01,-3.839295628162933127e-01,-1.619939455978505860e+00,-1.562588421755781165e-01,8.507719974434815313e-01,-2.645865113696885262e-01,-1.509153734891293119e+00
-2.607093402908653434e-01,7.852013183593522516e-01,1.434767251617448669e-01,-4.633716220548948495e-01,3.773514136451218692e-01,4.655553080575671188e-01,6.528023480607797469e-01,4.069547042771582412e-01,1.895039812468587437e-01,1.180760004229487320e-01,2.424410502687617819e-01,-2.657443969200719014e-01,-2.261270896149699394e-01,-1.976308975537344859e+00,-1.166590428850838856e+00,6.041371116474302250e-01,2.414876657239340751e+00,-4.289719113058338418e-01,-2.627854013464953065e-01,-1.531497768228208822e-01,-2.381466199263253980e+00,1.595828400267863545e+00,-1.004148943461931065e+00,8.098571323370433728e-01,-3.770450815184533400e-01,-1.612005397846758781e+00,-1.594927021102922615e-01,8.506392004838388976e-01,-2.742456759460749627e-01,-1.501971499626930218e+00
-2.620021103263336926e-01,7.865252659114174705e-01,1.410569469427697675e-01,-4.678159531416894445e-01,3.774512012813587281e-01,4.598246837570978962e-01,6.536366001551102700e-01,4.144037454381578889e-01,1.807259161669401426e-01,1.150675091233396702e-01,2.275934084557996173e-01,-2.678339258904013365e-01,-2.174953521391094213e-01,-1.992354454957908194e+00,-1.156844593374545704e+00,6.162910235651405388e-01,2.415077445175305648e+00,-4.259427999379660212e-01,-2.627453691562127158e-01,-1.441127406007057521e-01,-2.385871065839062055e+00,1.600338197326140355e+00,-1.011241272419638237e+00,7.936365670820763052e-01,-3.732549006870315433e-01,-1.603762169478864408e+00,-1.632959053106588510e-01,8.505755242352304180e-01,-2.839193898733672894e-01,-1.494240026581010516e+00
-2.632150445698106522e-01,7.879482582792713963e-01,1.387976914328938327e-01,-4.727402822009829642e-01,3.772771987680844652e-01,4.542617664518761034e-01,6.540831662825938864e-01,4.209095857722152112e-01,1.746290977405317857e-01,1.131119013515135552e-01,2.145663875557001776e-01,-2.711243246942309226e-01,-2.096364593381785657e-01,-2.004421722077505574e+00,-1.150808730020673076e+00,6.218014496299332228e-01,2.414479699460634343e+00,-4.253434006198006934e-01,-2.624031162616454749e-01,-1.338947398784774978e-01,-2.391246574431578065e+00,1.604757187395711604e+00,-1.021727405594583304e+00,7.782469577645240166e-01,-3.722539727211723881e-01,-1.594977316507341980e+00,-1.677812817929378031e-01,8.506127651115661381e-01,-2.934886316008477603e-01,-1.486094155163168784e+00
-2.643513361871856482e-01,7.894470805964485249e-01,1.366720875285935000e-01,-4.781354404592871310e-01,3.768336352754183549e-01,4.487410194901580995e-01,6.542281019100676387e-01,4.266479030233824021e-01,1.711490717168975273e-01,1.117618918338417477e-01,2.030749871420526043e-01,-2.754519910762200374e-01,-2.024484036744021165e-01,-2.013155319388518549e+00,-1.148583914011743312e+00,6.210693543057710375e-01,2.413178855614777962e+00,-4.268343141754818437e-01,-2.619855981576103554e-01,-1.221222113862206055e-01,-2.397662162089628790e+00,1.608887206073229992e+00,-1.034980740783662201e+00,7.637683702318938117e-01,-3.737525640570266705e-01,-1.585497327003754453e+00,-1.730142542578325393e-01,8.506953479502706861e-01,-3.028451613507417428e-01,-1.477636438736530611e+00
-2.654723242968410890e-01,7.909570699580936726e-01,1.346270402210303918e-01,-4.837844653362207703e-01,3.763877482374456962e-01,4.432183996398062487e-01,6.540965557903672956e-01,4.312562121885818445e-01,1.694158545048379538e-01,1.100090466913277443e-01,1.929256019743378348e-01,-2.800821388197036743e-01,-1.961289176894837616e-01,-2.020372246499010593e+00,-1.148991525968418692e+00,6.165853653437135540e-01,2.411257394034157731e+00,-4.291180927333859696e-01,-2.615940118813703807e-01,-1.092519035460800814e-01,-2.405028973425498151e+00,1.612625246910158072e+00,-1.051206246262565980e+00,7.502065584771014928e-01,-3.769757917338942277e-01,-1.575558631149544198e+00,-1.789578942832280861e-01,8.506897036865173067e-01,-3.118879404874939087e-01,-1.468941446082750124e+00
-2.666453347951601160e-01,7.924291747800407126e-01,1.326406053368379689e-01,-4.894621485238462300e-01,3.761825499557627794e-01,4.377230916424089679e-01,6.536916095229715618e-01,4.343325996557385049e-01,1.685719636708621072e-01,1.069837237447051337e-01,1.839200180441078747e-01,-2.844425269597075090e-01,-1.907787708195783083e-01,-2.027201575875189121e+00,-1.150610790530654626e+00,6.103863545598918749e-01,2.408770137869723715e+00,-4.312382341230092675e-01,-2.618080847728930793e-01,-9.604366991359646055e-02,-2.413500094668675100e+00,1.615742099403111087e+00,-1.070154740045471176e+00,7.375267973278656353e-01,-3.812516865501622831e-01,-1.565572065803358059e+00,-1.855013950036560333e-01,8.504410274738701814e-01,-3.206080376887954220e-01,-1.460046829580694316e+00
-2.679080440087879267e-01,7.938413259852206139e-01,1.307385357161292838e-01,-4.950262626132094224e-01,3.763426385181433131e-01,4.323341185327533309e-01,6.529949675984548785e-01,4.355666241255717330e-01,1.682024436048053517e-01,1.021814653453786970e-01,1.758960985382797271e-01,-2.883495176704069518e-01,-1.863174540173513083e-01,-2.033765460356092181e+00,-1.152429285089739741e+00,6.032926765949127024e-01,2.405781937054186415e+00,-4.329062889205854137e-01,-2.616438096924612045e-01,-8.316410652057007469e-02,-2.423197362070371064e+00,1.618083539552968020e+00,-1.091215298857666660e+00,7.254267965762560832e-01,-3.862095000522293153e-01,-1.555923072800520890e+00,-1.925277892836118054e-01,8.498091140707498825e-01,-3.290722722542324119e-01,-1.450966449180990159e+00
-2.692728600380655535e-01,7.951783660591309477e-01,1.289764174975894517e-01,-5.003745455008262732e-01,3.769514002891646287e-01,4.271871746389143687e-01,6.519540427506382851e-01,4.345988445878971040e-01,1.682190753363919100e-01,9.526354061796679651e-02,1.687922302541216002e-01,-2.917778717463552773e-01,-1.826251091032332907e-01,-2.039881802048675752e+00,-1.153778374135959517e+00,5.955869965570729230e-01,2.402381631822775976e+00,-4.340775094871812123e-01,-2.616007988708931586e-01,-7.127693364472421911e-02,-2.434321958147705800e+00,1.619487230337853800e+00,-1.113639294686954884e+00,7.135446460157950366e-01,-3.916287278016264972e-01,-1.546957613123611575e+00,-1.999333093423463215e-01,8.486470392736766843e-01,-3.373861077910604300e-01,-1.441708583540120880e+00
-2.707314695742033539e-01,7.964269188902415308e-01,1.274140601910926651e-01,-5.054274594208297833e-01,3.780427366632721498e-01,4.224350052562433344e-01,6.505193608600029487e-01,4.311570617813327289e-01,1.686879946087455062e-01,8.606729652630697169e-02,1.625417444281908874e-01,-2.947589571321765911e-01,-1.795830119561936666e-01,-2.045283843710202998e+00,-1.154183751391564261e+00,5.873466366027489949e-01,2.398679563283873772e+00,-4.347879154558202397e-01,-2.616686847625353529e-01,-6.097374659634582916e-02,-2.447117536348645039e+00,1.619770044930519681e+00,-1.136692197320534836e+00,7.015818813502597839e-01,-3.973443152780549159e-01,-1.538939447523093307e+00,-2.076237575152345138e-01,8.468076594724693873e-01,-3.456676068458893747e-01,-1.432283533602563441e+00
-2.722003420682992947e-01,7.975751294449009432e-01,1.261004851325018827e-01,-5.101282935178712563e-01,3.793340924478706411e-01,4.182694088469058324e-01,6.487882693076929552e-01,4.260576227214379896e-01,1.698296147001795431e-01,7.560915905088354261e-02,1.574193297508056921e-01,-2.977702471849369426e-01,-1.767828213853797348e-01,-2.049045523760322673e+00,-1.154137419763449524e+00,5.783033243511023214e-01,2.394857863368691220e+00,-4.351273706496331939e-01,-2.617797797379601277e-01,-5.239289484748146930e-02,-2.460607039146884389e+00,1.619431121244088612e+00,-1.159213953150934451e+00,6.893884367575748850e-01,-4.026909003246905150e-01,-1.531959463790913745e+00,-2.153967036951082159e-01,8.445622188109770390e-01,-3.537929788539246889e-01,-1.423342429294623290e+00
-2.735855851446715725e-01,7.986030611848821126e-01,1.250341014569818221e-01,-5.144248792152940064e-01,3.805478437693475269e-01,4.147898052386411183e-01,6.469156047869929482e-01,4.202893940433007347e-01,1.715891869654108393e-01,6.522666138761423760e-02,1.536690594286379830e-01,-3.011089417260990886e-01,-1.739627211841582588e-01,-2.050757329414697683e+00,-1.154224024649401104e+00,5.685917454842857044e-01,2.391067631909505664e+00,-4.351686819210053847e-01,-2.618113162581646169e-01,-4.540770563878739063e-02,-2.473679160222530093e+00,1.619122550906836544e+00,-1.180681518827075394e+00,6.769212835735565204e-01,-4.073120651268373749e-01,-1.525918009763295835e+00,-2.230657821476929314e-01,8.421422079407345773e-01,-3.616789457435665711e-01,-1.415532442992288198e+00
-2.748238751562057658e-01,7.994896229415839883e-01,1.241894699961079013e-01,-5.182723158585799128e-01,3.815968478191072988e-01,4.120359877118348613e-01,6.449837185382577553e-01,4.142819147524313683e-01,1.737715668885951303e-01,5.596526404185514503e-02,1.514905283541774228e-01,-3.048038222447795875e-01,-1.710650480720157796e-01,-2.050673129810791195e+00,-1.154898323647466141e+00,5.587172252704024622e-01,2.387352719699172621e+00,-4.349731868789993294e-01,-2.617889056667633274e-01,-3.997534337487411438e-02,-2.485938819513351383e+00,1.618784928305832871e+00,-1.200947612051086244e+00,6.644897544533974187e-01,-4.112696742580957410e-01,-1.520594137773352728e+00,-2.305336448362933777e-01,8.396897763813639948e-01,-3.692651271790740042e-01,-1.408962204896391013e+00
-2.758756735272987481e-01,8.002155928746403912e-01,1.235369718661546989e-01,-5.216301076636201683e-01,3.824924128465907458e-01,4.100087335735428384e-01,6.430353204039831461e-01,4.081577428347260561e-01,1.761310700659668715e-01,4.869462349101922466e-02,1.509816572930116341e-01,-3.087913125597882003e-01,-1.681006235829189399e-01,-2.049221681320785304e+00,-1.156492635592812013e+00,5.492023091027642412e-01,2.383689878718489474e+00,-4.345987966546127068e-01,-2.617185854974787840e-01,-3.608719142219860010e-02,-2.497341359604833944e+00,1.618115939689627858e+00,-1.219932977844591093e+00,6.523916747453982756e-01,-4.146485624993273000e-01,-1.515777456052736838e+00,-2.377593204981340858e-01,8.372288832179027862e-01,-3.765750714169826541e-01,-1.403661711563355619e+00
-2.767055968185515580e-01,8.007658643942799914e-01,1.230532277018983600e-01,-5.244754926485286628e-01,3.832782328978811548e-01,4.086743900217421621e-01,6.411000383827978322e-01,4.019025880785401794e-01,1.784772841256995757e-01,4.421891434084847944e-02,1.521355430062346359e-01,-3.129866380429081607e-01,-1.651047656273962883e-01,-2.046729579877817340e+00,-1.159216829672139459e+00,5.403694862432895096e-01,2.380040985212698246e+00,-4.340880829254272211e-01,-2.616074149397845106e-01,-3.368932549528086406e-02,-2.508002614639678995e+00,1.616700191054059710e+00,-1.237633306423998825e+00,6.408837530043101083e-01,-4.174823349360115010e-01,-1.511244778983602099e+00,-2.447174095236663571e-01,8.347244038798330434e-01,-3.836686184808353328e-01,-1.399603007155150847e+00
-2.773477487594697144e-01,8.011557961978321707e-01,1.227130131045276878e-01,-5.267439510521494395e-01,3.839169018570264269e-01,4.079374761109396674e-01,6.393243606204206397e-01,3.960265895234090228e-01,1.804392909588759530e-01,4.226449109324163095e-02,1.542639275037723523e-01,-3.167049951352784998e-01,-1.622329048394161033e-01,-2.043369011811152713e+00,-1.162602623575349048e+00,5.325627756838747784e-01,2.376692419287666169e+00,-4.350435786792253290e-01,-2.614901254233018002e-01,-3.255250861665379830e-02,-2.517224616192871522e+00,1.614421152811725158e+00,-1.252735018976252723e+00,6.304268509303887491e-01,-4.200775975979663124e-01,-1.507003635225916849e+00,-2.514445562003305712e-01,8.321065262753168934e-01,-3.906018082613466613e-01,-1.396602645305595303e+00
-2.778509230565110455e-01,8.014148929737596738e-01,1.224947000797980134e-01,-5.284252390734260896e-01,3.843927948582960274e-01,4.077006179991373158e-01,6.378002446333350672e-01,3.908831902322554286e-01,1.818407340646994164e-01,4.216411333524920646e-02,1.568236441676449933e-01,-3.195936854735062504e-01,-1.595641706332890375e-01,-2.039222094371761607e+00,-1.166211417349078516e+00,5.258624431547140876e-01,2.373878378509798548e+00,-4.383643926891385711e-01,-2.613950761063679185e-01,-3.243146561186034671e-02,-2.524678034826544071e+00,1.611505107110616120e+00,-1.264605126983101568e+00,6.211708417803402105e-01,-4.227270365859774337e-01,-1.503125149667173366e+00,-2.579638471187488125e-01,8.293690030722287165e-01,-3.974281429479443184e-01,-1.394435590333836128e+00
-2.782602165685814088e-01,8.015795264661313979e-01,1.223665578635565326e-01,-5.295509313988686628e-01,3.847023851499427050e-01,4.078609210742573099e-01,6.365762758499521334e-01,3.867345919187827330e-01,1.825810620139038110e-01,4.325323192770572089e-02,1.594503665509891810e-01,-3.216518965649396988e-01,-1.570915304010905567e-01,-2.034346409717652460e+00,-1.169770982349983557e+00,5.201769884821598744e-01,2.371689477277445501e+00,-4.441050103145225969e-01,-2.613376618564797194e-01,-3.306740188715528994e-02,-2.530418828918712393e+00,1.608349089673979826e+00,-1.273386034805246592e+00,6.129850197398170053e-01,-4.255887251049985109e-01,-1.499643500074231861e+00,-2.642673150320772324e-01,8.265877979563386324e-01,-4.041749996783225996e-01,-1.392894337341680222e+00
-2.786135047672048670e-01,8.016841436174183544e-01,1.222938897747591763e-01,-5.301743589900361764e-01,3.848491648868400117e-01,4.083178153016828182e-01,6.356757073668983793e-01,3.837827497182918490e-01,1.826166176146620801e-01,4.489393486630961078e-02,1.619222727751228053e-01,-3.229935499990421177e-01,-1.547853572541634248e-01,-2.028805126128851555e+00,-1.173113672888689507e+00,5.153368361185912683e-01,2.370154712459485502e+00,-4.520232227481141840e-01,-2.613224658314385884e-01,-3.419244672148946673e-02,-2.534587958524988860e+00,1.605557437872311866e+00,-1.279456428905378029e+00,6.054273080481137326e-01,-4.287406792635310437e-01,-1.496568478001710334e+00,-2.703329963782442058e-01,8.238778983118848487e-01,-4.108347177299557784e-01,-1.391797104818360387e+00
-2.789391216703686616e-01,8.017561102508077298e-01,1.222455344497879043e-01,-5.303538473155253730e-01,3.848393234118258621e-01,4.089786195528675172e-01,6.351062749982707700e-01,3.821843804681309131e-01,1.819525267103172250e-01,4.649166068489223036e-02,1.641352667143694544e-01,-3.237525352083569508e-01,-1.526141088478171759e-01,-2.022682128773230392e+00,-1.176135488772023674e+00,5.111524991922512529e-01,2.369281407159250286e+00,-4.617995932824075500e-01,-2.613477120804018061e-01,-3.553438966983745589e-02,-2.537314486767821009e+00,1.603908389412931790e+00,-1.283236280202857627e+00,5.977967932075455293e-01,-4.322227433424698506e-01,-1.493889434829028362e+00,-2.761435904551042264e-01,8.213596527030310179e-01,-4.173705522493292297e-01,-1.390989877562510690e+00
-2.792174307187941795e-01,8.018190707658565675e-01,1.221565900404586735e-01,-5.302961042832989857e-01,3.847849691350024304e-01,4.096331986401245406e-01,6.347654778590213764e-01,3.815160619181925394e-01,1.806696728288791354e-01,4.821001018328564813e-02,1.656120996738539297e-01,-3.238875460723142918e-01,-1.504533085978347895e-01,-2.016478607729554451e+00,-1.178863941568776719e+00,5.073912866546487210e-01,2.368830843982228984e+00,-4.717939591113093356e-01,-2.613179498112084276e-01,-3.667413331926736020e-02,-2.539205009080020226e+00,1.603080527788967480e+00,-1.285616371134013836e+00,5.902872406893668877e-01,-4.351848539827359308e-01,-1.491219374936052278e+00,-2.816355391171142530e-01,8.190356888673723246e-01,-4.237281202404630798e-01,-1.390228365824719425e+00
-2.794264342839509196e-01,8.018918547203095493e-01,1.219810682448961986e-01,-5.301839248666004867e-01,3.847732222491468956e-01,4.101357140657300171e-01,6.345417790034388883e-01,3.813764647157122933e-01,1.789245694548660948e-01,5.034592373046743730e-02,1.659799531144347251e-01,-3.234533213804725027e-01,-1.482400180097618314e-01,-2.010563090316969337e+00,-1.181425360071132857e+00,5.038860189941763990e-01,2.368597136145722537e+00,-4.810783872019513963e-01,-2.611782037371362386e-01,-3.733669336957250173e-02,-2.540722775839255210e+00,1.602596595538097635e+00,-1.287246097356075314e+00,5.831389705185638928e-01,-4.372403931700399871e-01,-1.488234650676409698e+00,-2.867505947100411068e-01,8.168781859343583474e-01,-4.298494035769000465e-01,-1.389389513550259858e+00
-2.795549517605920853e-01,8.019881381324589498e-01,1.217000666400839398e-01,-5.301411944464755610e-01,3.848507152903442030e-01,4.104243340358471048e-01,6.343444605973275197e-01,3.814939156660093755e-01,1.769054948317199394e-01,5.312808462868064130e-02,1.650783839456287094e-01,-3.225692954294157588e-01,-1.459622811722536551e-01,-2.005114849654671350e+00,-1.183970314591685558e+00,5.005628015772475292e-01,2.368450749749213990e+00,-4.894157888220811436e-01,-2.609166603433032416e-01,-3.741135504955640095e-02,-2.542120239226414835e+00,1.602100202204930657e+00,-1.288502708430022015e+00,5.764795228249005588e-01,-4.384082940401093920e-01,-1.484768396209634300e+00,-2.914505132427879786e-01,8.148645365417378494e-01,-4.356806598003613029e-01,-1.388443187717777416e+00
-2.795979008110920372e-01,8.021173773871871360e-01,1.213158932733776063e-01,-5.302447102598299988e-01,3.850467000020633135e-01,4.104776561662294987e-01,6.341038399562555217e-01,3.817417404735418129e-01,1.747835764101570433e-01,5.684944199068744930e-02,1.627787145315094941e-01,-3.213584719881797391e-01,-1.436215472071651345e-01,-2.000232497567837608e+00,-1.186606902422408627e+00,4.974259160416005243e-01,2.368309214774509730e+00,-4.968321481894831249e-01,-2.605398476408857800e-01,-3.687444629872085183e-02,-2.543507124578869405e+00,1.601510957976110205e+00,-1.289585744915699328e+00,5.701815210007340484e-01,-4.388157873921997298e-01,-1.480759896037918910e+00,-2.957085778493553918e-01,8.129776884705932627e-01,-4.411783526321156335e-01,-1.387393437587857603e+00
-2.795560266471524002e-01,8.022945710732236613e-01,1.208398929750702649e-01,-5.305514096597334639e-01,3.853897614978661346e-01,4.102806275742332809e-01,6.337663134610271864e-01,3.821216008466416514e-01,1.726907824688570237e-01,6.196511062179750617e-02,1.589130061803702698e-01,-3.199315545315667975e-01,-1.412204305309444630e-01,-1.995956517903742622e+00,-1.189395891218916868e+00,4.944899682997253576e-01,2.368102088566294672e+00,-5.034426884405572844e-01,-2.600604937750572998e-01,-3.576088080884750470e-02,-2.545092207666587392e+00,1.600621798807605911e+00,-1.290479444935713094e+00,5.644615250953516350e-01,-4.385498032368909116e-01,-1.476194954411301108e+00,-2.994839976551809668e-01,8.112204868432034699e-01,-4.463279241710684242e-01,-1.386257311564618844e+00
-2.794799163806130360e-01,8.025361641079664654e-01,1.202823540733168745e-01,-5.311160494645557062e-01,3.858979748415393152e-01,4.099150555827903997e-01,6.332204530974346879e-01,3.821853887356304047e-01,1.709640502027848508e-01,6.827582592596911915e-02,1.547470555345339394e-01,-3.191050370579916473e-01,-1.383464984497321804e-01,-1.991507934424147530e+00,-1.192783821864694227e+00,4.907797652025754354e-01,2.367706839327795354e+00,-5.102816358977768640e-01,-2.595772483260927466e-01,-3.436974772406645173e-02,-2.546629057337590929e+00,1.599709598920574294e+00,-1.291102604043985247e+00,5.595412669968130581e-01,-4.379585722182209873e-01,-1.471300064578980660e+00,-3.027635854239218438e-01,8.096962606163904397e-01,-4.511407680433796585e-01,-1.385266614601869506e+00
-2.794025202145034581e-01,8.028421897619181236e-01,1.196560953249987402e-01,-5.319574611221845606e-01,3.865826966189830904e-01,4.094303314368785696e-01,6.324102162341018740e-01,3.816205389004072024e-01,1.698138593560315490e-01,7.558191858457161127e-02,1.512043059971738546e-01,-3.191700241736774579e-01,-1.348425052412735581e-01,-1.986373027996634510e+00,-1.196970141231271878e+00,4.856052910953508328e-01,2.367092835815216123e+00,-5.178399393323023236e-01,-2.591247204337835952e-01,-3.291746800042397170e-02,-2.547880068103484330e+00,1.599044700431872634e+00,-1.291519918936060440e+00,5.553118351574203304e-01,-4.373062008341814799e-01,-1.466258530894211320e+00,-3.055526083952996297e-01,8.084419567364757864e-01,-4.556682376302380599e-01,-1.384541630806118251e+00
-2.793350545887609560e-01,8.032012289580521269e-01,1.189750603362994402e-01,-5.330659074111497864e-01,3.874480381594882505e-01,4.088383646194280741e-01,6.313287160407031751e-01,3.802836204730677405e-01,1.693269823201541957e-01,8.377566363734639809e-02,1.487378271117663631e-01,-3.200657872202734566e-01,-1.307292917280098443e-01,-1.980369102830302319e+00,-1.201930388122171012e+00,4.786607984558282070e-01,2.366298499819539991e+00,-5.261868537033158599e-01,-2.586997611614760828e-01,-3.153663930376484487e-02,-2.548760868709600835e+00,1.598732414744013397e+00,-1.291781644628240855e+00,5.516110140803550665e-01,-4.366873912025306947e-01,-1.461185285183658200e+00,-3.078529431400230387e-01,8.074275203461122041e-01,-4.599837677739976871e-01,-1.384116340677541634e+00
-2.792763922443460278e-01,8.035967458997382851e-01,1.182527989180112149e-01,-5.344160732374952927e-01,3.884914105070995660e-01,4.081360325284201784e-01,6.299990980783867212e-01,3.781356774897752238e-01,1.695256150434432951e-01,9.279520066981145066e-02,1.475310029643133458e-01,-3.216407807199806457e-01,-1.260784419133365586e-01,-1.973496818872491287e+00,-1.207542287265741088e+00,4.698689446751925791e-01,2.365387081172395600e+00,-5.352471408649058793e-01,-2.582924780338509141e-01,-3.031501509762167881e-02,-2.549257080137415254e+00,1.598789796551213449e+00,-1.291918379344160428e+00,5.482812209962933947e-01,-4.361193871533770583e-01,-1.456154489941171581e+00,-3.096618814134388664e-01,8.065872722583578014e-01,-4.641668548890412471e-01,-1.383997172504969564e+00
-2.792191589295526799e-01,8.040109884860395795e-01,1.175017116521191174e-01,-5.359724746210273727e-01,3.897029021854983566e-01,4.073144853313340197e-01,6.284584827306276544e-01,3.752020834588349896e-01,1.704004059387026482e-01,1.025943453557155577e-01,1.476105696732908645e-01,-3.237435893978244938e-01,-1.209692167418235792e-01,-1.965852147691741436e+00,-1.213654829275752522e+00,4.592846216285947358e-01,2.364420365749394737e+00,-5.449098142252016830e-01,-2.578945379013235506e-01,-2.931545132676011481e-02,-2.549369084971489396e+00,1.599184828219108789e+00,-1.291962605839458211e+00,5.452064175882752606e-01,-4.355922702424136483e-01,-1.451214495448857056e+00,-3.109741534493342119e-01,8.058398484172669685e-01,-4.682947198059893013e-01,-1.384183756656667041e+00
-2.791593432521402018e-01,8.044079155803397496e-01,1.168001548436736481e-01,-5.375326733091991827e-01,3.909575921581617819e-01,4.064740660599595601e-01,6.268894856853071129e-01,3.720109275438515106e-01,1.715961628338803779e-01,1.129712768769038922e-01,1.483737982627270913e-01,-3.255074342289652201e-01,-1.165141933454758999e-01,-1.957453041180043485e+00,-1.219592585656273043e+00,4.478035427467486618e-01,2.363149200411775563e+00,-5.540244918133970797e-01,-2.574174517609741364e-01,-2.868008304431964375e-02,-2.549844615054762453e+00,1.599722991368382807e+00,-1.292578015297813465e+00,5.424244082726425997e-01,-4.352899466951273277e-01,-1.446616307142169822e+00,-3.118538765258215273e-01,8.052853533575849987e-01,-4.723971519772984795e-01,-1.384634507379402191e+00
-2.790961839413497181e-01,8.047646794908008827e-01,1.162002882093430001e-01,-5.389422737698069676e-01,3.921511670975262320e-01,4.056986267752413222e-01,6.254336990605495750e-01,3.689689660601551124e-01,1.727981114053009637e-01,1.236724172847154940e-01,1.493552977865678366e-01,-3.265881428232041972e-01,-1.131284230935077073e-01,-1.948289516260844900e+00,-1.224886463683281024e+00,4.361030387381807927e-01,2.361351693377719663e+00,-5.621319050172182141e-01,-2.568468940875170414e-01,-2.851060296535332106e-02,-2.550887426355824328e+00,1.600207073988884732e+00,-1.294056131847014957e+00,5.400530268325224315e-01,-4.352741279072291913e-01,-1.442502455335443301e+00,-3.123853366339465198e-01,8.049947106677310948e-01,-4.765430940121976877e-01,-1.385375636113279407e+00
-2.790298899440327718e-01,8.050699621145849250e-01,1.157242257572259209e-01,-5.401065530193102093e-01,3.932142437476262575e-01,4.050447555486484941e-01,6.241844406120015121e-01,3.663279613934294354e-01,1.737549278046219281e-01,1.344112329863134947e-01,1.502587907830409131e-01,-3.269685241961295952e-01,-1.108165311236112699e-01,-1.938364337703027962e+00,-1.229296534896357596e+00,4.245938351777222564e-01,2.358881275826806068e+00,-5.692152878904666036e-01,-2.562033878280698396e-01,-2.885898263246535964e-02,-2.552319540371639217e+00,1.600591205551348928e+00,-1.296464802691390972e+00,5.380882098447627992e-01,-4.355269034011039486e-01,-1.438924532951618485e+00,-3.126420792593294640e-01,8.049673707077005247e-01,-4.807703972669913894e-01,-1.386446588154105930e+00
-2.789606168179463719e-01,8.053201579917999009e-01,1.153726860798518911e-01,-5.409723289344552377e-01,3.941064433936790068e-01,4.045437563742626530e-01,6.231961166289613496e-01,3.642238478777548583e-01,1.742483177485696644e-01,1.448749013913270822e-01,1.508853913594955243e-01,-3.267389466037989298e-01,-1.094598689499774735e-01,-1.927701323835359304e+00,-1.232734717713837247e+00,4.135006850322888727e-01,2.355652987815341159e+00,-5.754030797382879703e-01,-2.555109390199394870e-01,-2.976499423037011482e-02,-2.553984800407413491e+00,1.600900476405207273e+00,-1.299623219651398376e+00,5.364117427078964884e-01,-4.359841967918699490e-01,-1.435872155565160124e+00,-3.126753027612103608e-01,8.051537200468116273e-01,-4.851134082253620861e-01,-1.387865743576472077e+00
-2.788866651042263833e-01,8.055197797206331556e-01,1.151329440199982262e-01,-5.415173138105427997e-01,3.948196593147242917e-01,4.042016725413442590e-01,6.224935854590750717e-01,3.627334876821437515e-01,1.740772477638731497e-01,1.548409810021851574e-01,1.510331909853612209e-01,-3.260163498485038058e-01,-1.089139944595425430e-01,-1.916349008183108271e+00,-1.235207141517653984e+00,4.029118504281016255e-01,2.351628575047536085e+00,-5.808538567949009801e-01,-2.547878502838661352e-01,-3.125834770972851784e-02,-2.555894096862221243e+00,1.601200754588536723e+00,-1.303164491270893510e+00,5.348120755562778550e-01,-4.365576233294949926e-01,-1.433271338665943695e+00,-3.125134252572570603e-01,8.054028586743791074e-01,-4.896645516182920876e-01,-1.389719449968203513e+00
-2.787316653795450794e-01,8.056040056556403872e-01,1.150371223736569859e-01,-5.417532791508391510e-01,3.953121415662154692e-01,4.037990181753389751e-01,6.222363282389397066e-01,3.624115713235191993e-01,1.730135520644918157e-01,1.664976636515265174e-01,1.516928361113760726e-01,-3.292011243199406967e-01,-1.065644413941393281e-01,-1.906068684232538502e+00,-1.235932886955149135e+00,3.940299342391478388e-01,2.346799552787301568e+00,-5.859295223641081130e-01,-2.541710598336038296e-01,-3.255974647584438525e-02,-2.555398062171841289e+00,1.600805531881607680e+00,-1.302753347064548928e+00,5.324355848067102714e-01,-4.361184282483555053e-01,-1.430921246868180008e+00,-3.121084202172236255e-01,8.054006830114420756e-01,-4.941897338768845849e-01,-1.391853447027787238e+00
-2.784457564456248035e-01,8.055420528434595884e-01,1.151177823752852908e-01,-5.416445690120381684e-01,3.955173050327973061e-01,4.032209533829803072e-01,6.225753649416888580e-01,3.639787806092157352e-01,1.710657876337080552e-01,1.823152589244275701e-01,1.535772369415171756e-01,-3.377662951991559637e-01,-1.016185338371280028e-01,-1.898021019556707767e+00,-1.234598620345456421e+00,3.876554148156549640e-01,2.341071405461586430e+00,-5.909199826121331878e-01,-2.537266854784315795e-01,-3.308264764764962812e-02,-2.551664677467599507e+00,1.599611105609580308e+00,-1.296858944149125170e+00,5.287184437815523053e-01,-4.341853928949612196e-01,-1.428767031764430762e+00,-3.113709989803718492e-01,8.050096162671029898e-01,-4.985247355750119236e-01,-1.394167256869587090e+00
-2.779998344417515255e-01,8.053230080982987094e-01,1.153935683044673699e-01,-5.411191344974676243e-01,3.953663734852032596e-01,4.024357716140160579e-01,6.236352802105584736e-01,3.681199637236179378e-01,1.685000099267225659e-01,2.047240340725049179e-01,1.572714919002506928e-01,-3.515703510739781601e-01,-9.417700100620585157e-02,-1.892786596968295321e+00,-1.231272389134483669e+00,3.841847669516273434e-01,2.334356504876049954e+00,-5.960188858074263463e-01,-2.534729803388959257e-01,-3.242644847873491637e-02,-2.544766434659775367e+00,1.598147547152306780e+00,-1.285575229922013563e+00,5.232316319328935705e-01,-4.306105803983987790e-01,-1.426825988481800644e+00,-3.102052256123396523e-01,8.042863831255268048e-01,-5.025371847255412083e-01,-1.396522281328767656e+00
-2.773691132499259693e-01,8.049559817015119467e-01,1.158728042245337625e-01,-5.400541263658156232e-01,3.948525774642615560e-01,4.014586857263743314e-01,6.255115867256018092e-01,3.755447075114118904e-01,1.659107958110625503e-01,2.365035080858230443e-01,1.630965665619679428e-01,-3.699306004328488107e-01,-8.461367484504286884e-02,-1.890670549334959372e+00,-1.226269134897415514e+00,3.838423423768386189e-01,2.326597136665671250e+00,-6.013555504556378217e-01,-2.534059302274445646e-01,-3.034840156480110573e-02,-2.534794109431938836e+00,1.597125109098604057e+00,-1.270003367178384357e+00,5.165657341824196891e-01,-4.253323386391702488e-01,-1.425062793075566381e+00,-3.085023315928014376e-01,8.034347897688089990e-01,-5.061001144712650168e-01,-1.398790255566662255e+00
-2.765376327499107223e-01,8.044512960980754190e-01,1.165463697290792522e-01,-5.383005830846144812e-01,3.939947654404083455e-01,4.003221961054107547e-01,6.282855611596230849e-01,3.868977351884868576e-01,1.641230852731218048e-01,2.803881132094986350e-01,1.714709301888079351e-01,-3.920503431191431631e-01,-7.333192598741958279e-02,-1.891753509270893696e+00,-1.219988598089903675e+00,3.867053588311247792e-01,2.317786931124443228e+00,-6.070021124943180135e-01,-2.535116288121234129e-01,-2.667186153657132019e-02,-2.521045912309533232e+00,1.597719354394510738e+00,-1.252296994744060754e+00,5.119642676979758722e-01,-4.185705704668952198e-01,-1.423482703138780447e+00,-3.061187158270363695e-01,8.027943924853038205e-01,-5.089991438334537932e-01,-1.400807486441970617e+00
-2.755879355790065155e-01,8.038594107054460869e-01,1.173753658499397112e-01,-5.359192548078470786e-01,3.928923991651866454e-01,3.990325879167236911e-01,6.318220546838383411e-01,4.012069234466533740e-01,1.629271272247415081e-01,3.327800992594410201e-01,1.804568255050685299e-01,-4.141352614103672169e-01,-6.026449837120188141e-02,-1.894482946563572856e+00,-1.212103401531567481e+00,3.919789944438206719e-01,2.307573285574933575e+00,-6.117797486224496595e-01,-2.532614920622879295e-01,-2.185404245329580081e-02,-2.502221974051932030e+00,1.599333829433958298e+00,-1.226914949221498352e+00,5.035258514589091572e-01,-4.090033013802514827e-01,-1.421884470187103844e+00,-3.034935341193835678e-01,8.027857060350219731e-01,-5.114554065887401135e-01,-1.402633349242423888e+00
-2.745806591836216226e-01,8.032226247500620087e-01,1.183245397211314109e-01,-5.330415568171930074e-01,3.916219954850240770e-01,3.975899267217786748e-01,6.359411620013294408e-01,4.172241752571744233e-01,1.615663739515612596e-01,3.882444951302178038e-01,1.885442984519400400e-01,-4.348726407996478804e-01,-4.548185315840273801e-02,-1.897412721367416566e+00,-1.202390351512051092e+00,3.987535748510134814e-01,2.295841077453803614e+00,-6.152656382718270089e-01,-2.525068605027273039e-01,-1.616388056998045025e-02,-2.478041721035937339e+00,1.601318016536170896e+00,-1.193299131689341319e+00,4.916151134373349940e-01,-3.965573656240659606e-01,-1.420071132852622986e+00,-3.010481964095132468e-01,8.035567437924698853e-01,-5.136273070983077282e-01,-1.404536161782385273e+00
-2.735609324470835713e-01,8.025696823711629957e-01,1.193700930564967760e-01,-5.298560919215262732e-01,3.902348017799437963e-01,3.960126649832396706e-01,6.404249716699784711e-01,4.336011112012311264e-01,1.591811044787911911e-01,4.414870185236675626e-01,1.944417502373248507e-01,-4.541411164396919053e-01,-2.912614817839597262e-02,-1.899342927232556821e+00,-1.190774511265379365e+00,4.061588514995838617e-01,2.282645160347683611e+00,-6.174012084266558009e-01,-2.512548299364886772e-01,-9.817083806035265328e-03,-2.448726466892618081e+00,1.603165746582554840e+00,-1.152543315014913361e+00,4.777845246752362995e-01,-3.813009833274348392e-01,-1.417868192945854533e+00,-2.991777914543869432e-01,8.047402748046815768e-01,-5.157779043108811079e-01,-1.407106112132199716e+00
-2.725727913309498596e-01,8.019163483844164997e-01,1.204967256458872593e-01,-5.265662579848032765e-01,3.887650315755548647e-01,3.943503040373717572e-01,6.450407459080178540e-01,4.490326469060591519e-01,1.552566427565891527e-01,4.889992462587448019e-01,1.971046273521303571e-01,-4.722293502469289694e-01,-1.138370158164696624e-02,-1.899435802377786642e+00,-1.177297366555234648e+00,4.135796289288716787e-01,2.268127278677891212e+00,-6.182714494143949358e-01,-2.495610957735540369e-01,-3.101591212256984455e-03,-2.414904905967956594e+00,1.604316678046467270e+00,-1.105495011208984302e+00,4.630697844458607215e-01,-3.636127034837831062e-01,-1.415136392681854982e+00,-2.982867996008614075e-01,8.053063795983620432e-01,-5.184658732938702830e-01,-1.411245015390900859e+00
-2.716677013226863058e-01,8.012665565394119227e-01,1.216857241800685802e-01,-5.233547341827767818e-01,3.872243096559201958e-01,3.926755677233726982e-01,6.495868338668034925e-01,4.623644191267564652e-01,1.497960508291681925e-01,5.294891444508159628e-01,1.959924379673036454e-01,-4.894899038026472304e-01,7.538538530302289070e-03,-1.897253602713861342e+00,-1.162049733784703553e+00,4.207676471457443834e-01,2.252466849854096065e+00,-6.180210431817406702e-01,-2.474970073298633222e-01,3.602414727084429953e-03,-2.377948768467292862e+00,1.603792158969445270e+00,-1.051915412325760357e+00,4.469309247708861954e-01,-3.441784388833726283e-01,-1.411757441927412149e+00,-2.988267060454338764e-01,8.042590633123275490e-01,-5.222294180173719935e-01,-1.417178103233790232e+00
-2.708579049463574195e-01,8.006765150152539423e-01,1.228335651963799041e-01,-5.203970250882681281e-01,3.855798800768269197e-01,3.915457280820328068e-01,6.536107673378179772e-01,4.715007531847617561e-01,1.447207540057264541e-01,5.586962879772311430e-01,1.957747093473062860e-01,-5.036951464082218832e-01,2.295037894181664595e-02,-1.891772174981624532e+00,-1.148437093977779266e+00,4.257475039449026277e-01,2.235256484267629684e+00,-6.179741451269028518e-01,-2.463432674062384087e-01,8.984233033327886780e-03,-2.341969386422959154e+00,1.602739891029219432e+00,-9.984966182350435426e-01,4.293587567283961293e-01,-3.258025996714886685e-01,-1.408275372482013843e+00,-3.002726417879130194e-01,8.027305414016607799e-01,-5.262055675948957845e-01,-1.422542279465364157e+00
-2.701228566365880268e-01,8.001781881582665790e-01,1.239467560247455996e-01,-5.177164775400419083e-01,3.839548353910187117e-01,3.912255987307069471e-01,6.568803055343902519e-01,4.750709599730044697e-01,1.413745539753829827e-01,5.755025519412240165e-01,1.985815254402153174e-01,-5.140476383111968195e-01,3.381348838900751635e-02,-1.883286063520006826e+00,-1.138081877463692049e+00,4.278954428023736267e-01,2.216353788654570778e+00,-6.185936667532263566e-01,-2.463453175911687054e-01,1.225580953524469524e-02,-2.308114247065723212e+00,1.601560482548081810e+00,-9.477538267487052304e-01,4.106005404477982568e-01,-3.092741785349462647e-01,-1.404994949747405908e+00,-3.022386722939237602e-01,8.015804939777843030e-01,-5.296573301395486322e-01,-1.426574834279116244e+00
-2.694548708211212951e-01,7.997703461384896295e-01,1.250613377902979051e-01,-5.152658455200290755e-01,3.824619287659264399e-01,3.918171354193936695e-01,6.593203423806345276e-01,4.725408114585527009e-01,1.404889499553848287e-01,5.806332700741977382e-01,2.049032201420018517e-01,-5.205334692772811689e-01,4.032333125492254533e-02,-1.872479259387198836e+00,-1.131533020239878118e+00,4.271971661502517170e-01,2.195787083375551063e+00,-6.199691888743004142e-01,-2.474171421536918991e-01,1.298221271222640971e-02,-2.276357794387088074e+00,1.600262761786100940e+00,-9.004041317933411115e-01,3.910302909477895161e-01,-2.946388412986325478e-01,-1.402229288699461396e+00,-3.044635287040321492e-01,8.014032376134199165e-01,-5.319477295166527009e-01,-1.429114024448096210e+00
-2.688593042245385201e-01,7.994343774756216270e-01,1.262257115327768964e-01,-5.129570765087148043e-01,3.811984113266960184e-01,3.933424522595507233e-01,6.609421488391237220e-01,4.639284545129551685e-01,1.423684518331815863e-01,5.758719737142486972e-01,2.143850799860212430e-01,-5.234852672689498387e-01,4.299517517127283972e-02,-1.860094173892025804e+00,-1.128781368653069661e+00,4.238970288310264234e-01,2.173671985646639548e+00,-6.220546597093317143e-01,-2.493973493234142025e-01,1.091701204731937956e-02,-2.246270155849615868e+00,1.598678743289254633e+00,-8.564734292862975495e-01,3.710015713015644145e-01,-2.817100836016854237e-01,-1.400311932140993143e+00,-3.067800365383073213e-01,8.025943377221839148e-01,-5.325806491784391694e-01,-1.430203736051719909e+00
-2.683632401861683059e-01,7.991445316675038768e-01,1.274798550869754299e-01,-5.106656088707528518e-01,3.802981798634543775e-01,3.957746505707944173e-01,6.617827107705158696e-01,4.500798854823123696e-01,1.471980736379853438e-01,5.651398732106484024e-01,2.258250774523685167e-01,-5.234288938194360252e-01,4.239463734987519716e-02,-1.846971964609335659e+00,-1.129543874054947494e+00,4.185116332942019346e-01,2.150155056741899884e+00,-6.247405989418621797e-01,-2.520466632956704367e-01,5.877896327394523460e-03,-2.217364184171520147e+00,1.596586147956295054e+00,-8.158615232884587343e-01,3.508221987121149521e-01,-2.702267404810499984e-01,-1.399576272348583839e+00,-3.091034262430912838e-01,8.053870925997174135e-01,-5.311751126938180079e-01,-1.429879355596199053e+00
-2.680298813677937098e-01,7.988488410411804796e-01,1.287294002969787132e-01,-5.083284463467429015e-01,3.794541106246415163e-01,3.988680326552505040e-01,6.622098959221539571e-01,4.358667648950048656e-01,1.531741982511445610e-01,5.535148205012955236e-01,2.356456698063830735e-01,-5.221964120745375970e-01,4.136555552148489523e-02,-1.832048537623576001e+00,-1.131250807055732555e+00,4.126143382086480682e-01,2.126702219288424622e+00,-6.258469465115925612e-01,-2.508682485367099146e-01,-1.045794114090426189e-03,-2.194975225288116061e+00,1.593373154074307019e+00,-7.825660589138596634e-01,3.314164896051017828e-01,-2.586100162453856544e-01,-1.400208692139528699e+00,-3.113553466901270994e-01,8.090044584323655696e-01,-5.256759009615908917e-01,-1.424577857401799097e+00
-2.678342382394587329e-01,7.986115702861507071e-01,1.298965246565613740e-01,-5.058933742660309818e-01,3.786902437554174883e-01,4.023834609428420528e-01,6.623844378590519888e-01,4.242117521493620758e-01,1.586687204258082906e-01,5.425815735311353416e-01,2.425626791058626830e-01,-5.206770934714953780e-01,4.083144884682320119e-02,-1.814746046819150527e+00,-1.132458401913887913e+00,4.071839894601395060e-01,2.104205483747216388e+00,-6.247536531565248685e-01,-2.450230446791266670e-01,-9.072918391898240550e-03,-2.181537867081380977e+00,1.588629243821680692e+00,-7.556543109102304978e-01,3.126548616822416582e-01,-2.460584127199219595e-01,-1.401519024977287309e+00,-3.132752545195356397e-01,8.123402266092122348e-01,-5.157222063242180576e-01,-1.414929241636043722e+00
-2.677461523558505307e-01,7.984933365101644087e-01,1.308926961577767945e-01,-5.033670505659696426e-01,3.780169290986988284e-01,4.061524244605050349e-01,6.623934041218704216e-01,4.163678524659178426e-01,1.629589739661278791e-01,5.323936264871129698e-01,2.481002111628263784e-01,-5.192066987320445026e-01,4.105716513059928796e-02,-1.794487840821220814e+00,-1.132337123579390870e+00,4.026975995903351868e-01,2.083238380286441593e+00,-6.214207999497586288e-01,-2.348240794731343006e-01,-1.746841176923125474e-02,-2.175392379866648795e+00,1.583397115050985127e+00,-7.357330478607712054e-01,2.944171719111865482e-01,-2.325725417180833643e-01,-1.402348479378959345e+00,-3.150011451512046423e-01,8.141925938498384419e-01,-5.054085993401296051e-01,-1.403237369892967656e+00
-2.677346097676160386e-01,7.985458355476888759e-01,1.316226453188543977e-01,-5.007548038351745667e-01,3.773706529876796889e-01,4.100259957994580318e-01,6.623554177843726798e-01,4.132348195335147079e-01,1.654919716447670885e-01,5.224749051921009357e-01,2.540756512914056353e-01,-5.177852409532647249e-01,4.205949571805081555e-02,-1.770803960161678514e+00,-1.130341422282761243e+00,3.994419817054615240e-01,2.064127802377960119e+00,-6.160237292787140717e-01,-2.208829289523790151e-01,-2.671246966636815073e-02,-2.174162951046448189e+00,1.578867422312784319e+00,-7.235127651229696921e-01,2.770756883177700192e-01,-2.189580062411072836e-01,-1.400660803581977643e+00,-3.146384120531365292e-01,8.141333579204768078e-01,-4.946454853220951242e-01,-1.389178360780664034e+00
-2.677914536811736856e-01,7.988592316994881370e-01,1.319947790612698568e-01,-4.980103212164713744e-01,3.766494367268914401e-01,4.138970072036659009e-01,6.624281700177554466e-01,4.161001999686173014e-01,1.653283653327893843e-01,5.118053012776876409e-01,2.609845497474507781e-01,-5.162080190418918413e-01,4.356333443970050734e-02,-1.743288486800891324e+00,-1.126162739672362578e+00,3.976344955635453537e-01,2.046871011137274099e+00,-6.088648367216874524e-01,-2.036427029352798623e-01,-3.657726252486253465e-02,-2.175110409370613951e+00,1.574934221181863547e+00,-7.184408884269087858e-01,2.609388893032049128e-01,-2.057088082387856232e-01,-1.394202697897827026e+00,-3.111160776542458151e-01,8.124358278829895141e-01,-4.831230938915649920e-01,-1.372369173414780930e+00
-2.679210184095663361e-01,7.992949446332867636e-01,1.322374442426234309e-01,-4.954009960434003212e-01,3.760157964820446397e-01,4.175552425798135237e-01,6.624481816031301262e-01,4.216208223779699393e-01,1.647561951904934208e-01,5.014347784530808205e-01,2.699119776434457108e-01,-5.125816799296154525e-01,4.218590085387768918e-02,-1.711824346456394474e+00,-1.117260408134395533e+00,3.955927466560351102e-01,2.031423109263201798e+00,-6.010624886563744607e-01,-1.806126225062844870e-01,-4.449602935895551753e-02,-2.168719586863221416e+00,1.570223530339654117e+00,-7.091733007177307702e-01,2.457413840708247976e-01,-1.924596671823367577e-01,-1.386151057218467653e+00,-3.086533369487884371e-01,8.106607028075660804e-01,-4.727691351988512758e-01,-1.355565391767898920e+00
-2.680396508948530987e-01,7.998492355937556475e-01,1.325615127109179836e-01,-4.929766096760861971e-01,3.753883969135537457e-01,4.209857301201156421e-01,6.624414153796375215e-01,4.289263703246982695e-01,1.650137152454969336e-01,4.924498434558222670e-01,2.791480294334261480e-01,-5.063825070916222471e-01,3.722988912026635455e-02,-1.676165164864947377e+00,-1.102172085660187983e+00,3.921183406850678455e-01,2.017588061781219633e+00,-5.930640810149332420e-01,-1.517300684657841292e-01,-4.929537318298250759e-02,-2.154541244170105951e+00,1.563867839300310703e+00,-6.945545594560572633e-01,2.322844518435401850e-01,-1.791293611933921504e-01,-1.377142566460895390e+00,-3.085807823148134510e-01,8.093042719687122410e-01,-4.641292693375027589e-01,-1.339771757414212949e+00
-2.677537466962583990e-01,8.004986767610784426e-01,1.333906008482354244e-01,-4.910338437097234165e-01,3.747625058769231687e-01,4.241474766575231148e-01,6.622218257997545265e-01,4.368816344591966994e-01,1.688359749409970023e-01,4.882124873142374422e-01,2.871723339061426072e-01,-4.978163126183294263e-01,2.889234436889504681e-02,-1.635805699939982816e+00,-1.079458180033308068e+00,3.847133172337842688e-01,2.005707665812375140e+00,-5.849692899145200187e-01,-1.176067443067279894e-01,-5.026175714089196195e-02,-2.134546408756076818e+00,1.555522677051095926e+00,-6.748555144474944756e-01,2.202960103512751067e-01,-1.661205466833135802e-01,-1.366867050779473569e+00,-3.106324850750954436e-01,8.082787302112938166e-01,-4.574690778429329474e-01,-1.325564075337981595e+00
-2.667144905980805003e-01,8.011644810178882858e-01,1.349888598144018126e-01,-4.897369561948821670e-01,3.739605049237416656e-01,4.272053776196556574e-01,6.616703948440311178e-01,4.450476345092677644e-01,1.787586886694045862e-01,4.910107933281379067e-01,2.931690742011558992e-01,-4.873430864017017083e-01,1.759803483495338966e-02,-1.591352755973959754e+00,-1.048517707816366995e+00,3.724488775712501698e-01,1.995889373915423537e+00,-5.768168546497108862e-01,-7.901564549413872540e-02,-4.725067338293383740e-02,-2.111027099212770874e+00,1.545626934789276374e+00,-6.511151700188994029e-01,2.091998948899487509e-01,-1.537213676862634881e-01,-1.355392204310555737e+00,-3.142310512713885062e-01,8.074101121795194125e-01,-4.528242599444645133e-01,-1.313438955418403165e+00
-2.646659318181632803e-01,8.017666950600257358e-01,1.374290553378286206e-01,-4.889945036237923759e-01,3.728138136011585613e-01,4.304912147060847016e-01,6.607356126884347258e-01,4.532337703092403358e-01,1.967949466060191499e-01,5.025769082818940525e-01,2.973468000611030337e-01,-4.753770990194433610e-01,4.137916348253212889e-03,-1.544082829416006497e+00,-1.009947725256459705e+00,3.558906928809474901e-01,1.987764774928616474e+00,-5.688919314596231347e-01,-3.723781119942387585e-02,-4.137306724143469117e-02,-2.086176637921690169e+00,1.535624856423144946e+00,-6.253846208038233989e-01,1.986285533328779884e-01,-1.417661731526895230e-01,-1.343187944712344040e+00,-3.189163922067564938e-01,8.076868441117233122e-01,-4.502030393651645923e-01,-1.304261140291776089e+00
-2.618217986721647073e-01,8.024375702936356047e-01,1.401129889228707182e-01,-4.874151408434485577e-01,3.719585282167094387e-01,4.352716283182890278e-01,6.592510472836321522e-01,4.603916880646152232e-01,2.218534726979301819e-01,5.216289557590245707e-01,3.032547697743721016e-01,-4.624721129130763275e-01,-7.675902524239743702e-03,-1.494116991644556025e+00,-9.715064236729138436e-01,3.400548775840183113e-01,1.979449724681574319e+00,-5.633093158740983819e-01,1.754357191662170301e-03,-3.853324138921280367e-02,-2.062548766241262932e+00,1.526141372543089236e+00,-6.016912961868059462e-01,1.887014919219847098e-01,-1.287331694721537689e-01,-1.330252858127191296e+00,-3.246131683778618049e-01,8.081642033153255689e-01,-4.501422945547590704e-01,-1.295489546847260032e+00
-2.583727054910923138e-01,8.033987893229337374e-01,1.425843629452708539e-01,-4.836362998779797917e-01,3.722270205408388377e-01,4.420735478635233195e-01,6.573537501977027020e-01,4.649083610650161513e-01,2.512406688688328393e-01,5.471957156177119641e-01,3.123783998912145754e-01,-4.485874255567804947e-01,-1.689263826792217205e-02,-1.441002741552414479e+00,-9.383876304819844805e-01,3.289269440526443322e-01,1.969755827267442916e+00,-5.605268506399496697e-01,3.650535923592938131e-02,-4.259871297735529083e-02,-2.040742090540551779e+00,1.516513852852643174e+00,-5.819453712402842260e-01,1.796893634186022548e-01,-1.140475346853081079e-01,-1.316235772102628987e+00,-3.314921953454639802e-01,8.094429355841720186e-01,-4.528307291887543884e-01,-1.285163550330659987e+00
-2.555163530608261513e-01,8.049368333405007014e-01,1.449324163871504312e-01,-4.793840216930207454e-01,3.722329206021536274e-01,4.483785809662839128e-01,6.561944347328299010e-01,4.651225994873661174e-01,2.772179505850339565e-01,5.746695029466952764e-01,3.233288977960923627e-01,-4.341377737004600279e-01,-2.344488321588756100e-02,-1.394109509008845116e+00,-9.145483317989101524e-01,3.179282307266763641e-01,1.956644704700633897e+00,-5.589759861112948425e-01,6.650332177650047916e-02,-4.891547647756394612e-02,-2.021407012741107678e+00,1.507939682082635846e+00,-5.654781005959255147e-01,1.722014774568683682e-01,-9.803223375317324240e-02,-1.304696324491847914e+00,-3.405864999592393416e-01,8.136804188823951733e-01,-4.563577009299836229e-01,-1.272116293193968906e+00
-2.535643435220961694e-01,8.072465759603677515e-01,1.470217215265666177e-01,-4.751633108909297798e-01,3.715394203838789933e-01,4.544479367290943927e-01,6.554810141313400784e-01,4.606879333899818185e-01,2.974731173164527620e-01,5.976648414102793128e-01,3.343506331602971171e-01,-4.195732944345826332e-01,-2.773151790336166045e-02,-1.349420517751629411e+00,-9.001962420242932694e-01,3.053293181889383812e-01,1.941021999833085765e+00,-5.587122766484243774e-01,9.279760409674604749e-02,-5.719725352055220202e-02,-2.007700740807957018e+00,1.497601460242581339e+00,-5.543105646959176624e-01,1.678254832104610350e-01,-8.131118496293293640e-02,-1.294315074008731470e+00,-3.515763680939261726e-01,8.212668231588003964e-01,-4.590119767881056245e-01,-1.255571118357422522e+00
-2.525315576946719487e-01,8.104458823580665827e-01,1.487370818817358997e-01,-4.713137858170972638e-01,3.696834131515951416e-01,4.605838739897859524e-01,6.550267050738493024e-01,4.519926096411270855e-01,3.112983897930495236e-01,6.126618600291412475e-01,3.451250104336359148e-01,-4.051259324133585360e-01,-3.027072046630759419e-02,-1.302593116516930882e+00,-8.941625775688275546e-01,2.904534274414329320e-01,1.924135100369544382e+00,-5.594987144674766766e-01,1.165758586481281112e-01,-6.718434768240501287e-02,-2.000999309647062407e+00,1.481697338004672737e+00,-5.484012089122475286e-01,1.668899551572141093e-01,-6.423320116043146344e-02,-1.276554737930935213e+00,-3.590281551513195279e-01,8.227590709387719858e-01,-4.595480579311309044e-01,-1.234705713235769053e+00
-2.520699177816017600e-01,8.144164989622079132e-01,1.501985522121104810e-01,-4.685255298336390428e-01,3.653384093810753130e-01,4.660923376279756947e-01,6.555681561283333014e-01,4.416393080288805728e-01,3.195557494355246719e-01,6.160498219476349124e-01,3.606718146769147260e-01,-3.909104675952038699e-01,-3.198113656783519582e-02,-1.251925692735941009e+00,-8.888541549617593462e-01,2.741146186299229237e-01,1.907341675430368255e+00,-5.597220189099850751e-01,1.408098721325130032e-01,-7.552670101650675594e-02,-1.996594119684914626e+00,1.462731743039713317e+00,-5.454728912445939715e-01,1.671219993500585865e-01,-4.581796740411660240e-02,-1.256427101139670821e+00,-3.662823784671708216e-01,8.278476755128272302e-01,-4.581359945255511490e-01,-1.215143530026929097e+00
-2.521140059617977269e-01,8.187422731011804178e-01,1.516989589150987694e-01,-4.671766188278130838e-01,3.602377281038255386e-01,4.716050450372062386e-01,6.554115475038284622e-01,4.316326908843786669e-01,3.273235493449779265e-01,6.169424957130991150e-01,3.781388210512829917e-01,-3.779372931986008655e-01,-3.340189513085081024e-02,-1.199030711262565996e+00,-8.845258252177148339e-01,2.575116973191153846e-01,1.890935053523532750e+00,-5.592750614275405763e-01,1.664265344384256440e-01,-8.452785729508946466e-02,-1.992899173607602048e+00,1.441132967525927899e+00,-5.452642800452454086e-01,1.680214260913730773e-01,-2.584065030110481442e-02,-1.234067790253489338e+00,-3.749351349003582357e-01,8.334806142723278910e-01,-4.557830821307162217e-01,-1.195708463333493121e+00
-2.525922174635263917e-01,8.231537965109727573e-01,1.536133082869615973e-01,-4.672794440895495782e-01,3.552727731134078804e-01,4.773331292457409503e-01,6.538992747664881255e-01,4.229891702272474130e-01,3.362096100843510738e-01,6.160803735979216711e-01,3.980523494115799088e-01,-3.661083055851341861e-01,-3.459523147159817430e-02,-1.144363927810353232e+00,-8.808886826044436402e-01,2.416303489068793442e-01,1.874557351591040089e+00,-5.584299445499240067e-01,1.934759645223941560e-01,-9.481094202205285482e-02,-1.989320769936484101e+00,1.417387934859101639e+00,-5.475078022023597279e-01,1.691751891520269224e-01,-4.394260169491175094e-03,-1.210475060696841521e+00,-3.859409608514802192e-01,8.387838961015754435e-01,-4.532347592871062147e-01,-1.175665515292376728e+00
-2.533666701296978241e-01,8.276574333798811800e-01,1.563092205527204515e-01,-4.682578681850929625e-01,3.502611155040301627e-01,4.830373530016163763e-01,6.517105457592475837e-01,4.167891766999385905e-01,3.454863577464872271e-01,6.109164057450185981e-01,4.241888573357522896e-01,-3.543553283719906855e-01,-3.544474959938095221e-02,-1.087374033534093343e+00,-8.765341349470524568e-01,2.283127198271081015e-01,1.857514541538997532e+00,-5.574179161098109514e-01,2.216681859360478957e-01,-1.047966320667797352e-01,-1.986061285288279299e+00,1.391571816956962415e+00,-5.522014902875590492e-01,1.706368374841453761e-01,1.824209645502522514e-02,-1.187519518241335392e+00,-3.990411341905636400e-01,8.454870961542392260e-01,-4.517153028359348621e-01,-1.154578723975784760e+00
-2.544958338209188375e-01,8.324376785270043433e-01,1.598783329391684493e-01,-4.703025385970913130e-01,3.449369214629324776e-01,4.887578047399914749e-01,6.488064817081828917e-01,4.127177674449346578e-01,3.562244550866880410e-01,5.998042372916544407e-01,4.579268787559465093e-01,-3.415192771149104800e-01,-3.591757661741024760e-02,-1.025515419059124245e+00,-8.703870044997387145e-01,2.155864659231506164e-01,1.838627385341113252e+00,-5.563886443575539742e-01,2.501690490292476365e-01,-1.130941355064827292e-01,-1.979830413523301136e+00,1.364932274406074342e+00,-5.581094309820191501e-01,1.732661371957263385e-01,4.166722427453101174e-02,-1.167262874701855413e+00,-4.139397269798881784e-01,8.531318016251224767e-01,-4.513113224462207973e-01,-1.131819242597815744e+00
-2.555445621089602048e-01,8.374166630286929980e-01,1.642522309364450595e-01,-4.722813097849874464e-01,3.406626720576613199e-01,4.945565128678330868e-01,6.452239618348194483e-01,4.069533880030246631e-01,3.661019543236178064e-01,5.814060646411859379e-01,4.926841221198957066e-01,-3.249596544109062402e-01,-3.620903464652820702e-02,-9.630880597261268772e-01,-8.645573612044430423e-01,2.039388064627898345e-01,1.817786887417694786e+00,-5.553574122651215861e-01,2.755185497698287578e-01,-1.227946664371400709e-01,-1.975268491989294661e+00,1.336111246750598225e+00,-5.643247613587850653e-01,1.755280096434569392e-01,6.418259806069737117e-02,-1.148141741026542206e+00,-4.293066836679065856e-01,8.575114871817411943e-01,-4.497811705662936310e-01,-1.101546757556974843e+00
-2.563302347272994330e-01,8.425905571591514320e-01,1.692345590390743892e-01,-4.744385616664602012e-01,3.373737907210064280e-01,5.004287519715167054e-01,6.408260612199143669e-01,3.967568454881237883e-01,3.761601140225953599e-01,5.558022592365096104e-01,5.254057289680079679e-01,-3.045515517199143263e-01,-3.645434205900947855e-02,-9.006510909834265499e-01,-8.581364581729015173e-01,1.897341626033641482e-01,1.794802237799238087e+00,-5.543025477240662857e-01,2.922592310246406311e-01,-1.330773999456106860e-01,-1.971433070116427100e+00,1.305587662831750650e+00,-5.698643935893868973e-01,1.776626560671151212e-01,8.558247762226811606e-02,-1.130127327656067049e+00,-4.455984128005751055e-01,8.583507366966790508e-01,-4.465853003412739164e-01,-1.062716259239129046e+00
-2.566092335984820338e-01,8.478881454712663412e-01,1.746258393135003695e-01,-4.769987356369401188e-01,3.342535412642774761e-01,5.061207119740140925e-01,6.360727955697900171e-01,3.804159893669647463e-01,3.863353702759353414e-01,5.209605498319705985e-01,5.547503651788134871e-01,-2.807098564001761498e-01,-3.673609358910475547e-02,-8.392978614463297848e-01,-8.487694058742758507e-01,1.712233561231092382e-01,1.770040561083205954e+00,-5.532168384828339835e-01,3.019139470850001339e-01,-1.416492673277154890e-01,-1.967887034836923288e+00,1.273932649005885098e+00,-5.747659244313992888e-01,1.800341300037702763e-01,1.059145697296949296e-01,-1.113107797805932497e+00,-4.636859172669237639e-01,8.551375507843664847e-01,-4.424901479936607651e-01,-1.016631735685276094e+00
-2.562671738792666187e-01,8.531234690568102463e-01,1.803581038695021010e-01,-4.798941082704521466e-01,3.320227606010206500e-01,5.118168733588630559e-01,6.304807843505960685e-01,3.566224346589177974e-01,3.998891462057802548e-01,4.853308782983757341e-01,5.778597511913863283e-01,-2.545945182447534316e-01,-3.708281379031613811e-02,-7.819206882671554393e-01,-8.369318496138042907e-01,1.478950694760795548e-01,1.743832175144123475e+00,-5.521298922919830598e-01,3.060990063031176489e-01,-1.492719963937918781e-01,-1.964949101776109153e+00,1.242079688813203742e+00,-5.792338140880028963e-01,1.819371864341443601e-01,1.253719260913186140e-01,-1.097677833328283503e+00,-4.849411146939292538e-01,8.474469253120401335e-01,-4.386956490420250154e-01,-9.646512842587791070e-01
-2.554009767403594422e-01,8.581356785394583797e-01,1.864943670681345478e-01,-4.828153963921205105e-01,3.320038470179605405e-01,5.176995704524931519e-01,6.234185437154742271e-01,3.242475042972761123e-01,4.199654407713719340e-01,4.588310467576113827e-01,5.920952317284293720e-01,-2.262580469443982167e-01,-3.820608676795400616e-02,-7.315476272104679545e-01,-8.251523651171240870e-01,1.199849079346443220e-01,1.716017702970565439e+00,-5.510227727481384896e-01,3.064520800432432024e-01,-1.578512969970905788e-01,-1.963699316614415658e+00,1.211149044704753708e+00,-5.834299205196635807e-01,1.820093034235800433e-01,1.445989901236056363e-01,-1.085227054510218059e+00,-5.107492373228254001e-01,8.347372529295089549e-01,-4.366864348680165597e-01,-9.096833768979810664e-01
-2.541762754481383113e-01,8.628996529391634862e-01,1.926843663084175096e-01,-4.854875685428609589e-01,3.336057683145434716e-01,5.238129338953747549e-01,6.153283858408643558e-01,2.854313141892722006e-01,4.424192615366753789e-01,4.343226863972249330e-01,5.973291472972396265e-01,-1.919905839642206125e-01,-4.317744177596175709e-02,-6.870399868436839474e-01,-8.133496336814722838e-01,8.922758035749057959e-02,1.686850675840272151e+00,-5.491680376806021835e-01,3.046892304045495936e-01,-1.672823035671293090e-01,-1.963956435098018316e+00,1.180913845552704400e+00,-5.880782185347552815e-01,1.804325428985031343e-01,1.648884877947136840e-01,-1.077642539340328387e+00,-5.412556144027075300e-01,8.173272100317379163e-01,-4.365092210146029328e-01,-8.585168651443132459e-01
-2.527542499652337127e-01,8.674018192715431397e-01,1.985703430971663130e-01,-4.877194872606620546e-01,3.364250630924436325e-01,5.302704680203943477e-01,6.064331038250420081e-01,2.422715244269276202e-01,4.646354896865866890e-01,4.085285970147576884e-01,5.945260283000177726e-01,-1.511709279091911773e-01,-5.245209416389071122e-02,-6.472922761910674394e-01,-8.004590837274739856e-01,5.751526867226165740e-02,1.656620348741770332e+00,-5.462708888315730427e-01,3.021194726076830706e-01,-1.777622020480083831e-01,-1.964771277604852262e+00,1.151053135783505432e+00,-5.931786312336584377e-01,1.775845716778624295e-01,1.866474141427181543e-01,-1.076475519360655442e+00,-5.761965508156242644e-01,7.946088620914442124e-01,-4.369873754398556631e-01,-8.124725372583960770e-01
-2.512066391064554094e-01,8.716124853245275084e-01,2.037340534550039217e-01,-4.895486887146905941e-01,3.399748127104600948e-01,5.368777902297523497e-01,5.970941688362335631e-01,1.975329599522464563e-01,4.848317665582171365e-01,3.807405237237508344e-01,5.849736884291375505e-01,-1.043090934705538791e-01,-6.571504683954833281e-02,-6.112859419252252291e-01,-7.878584301897501030e-01,2.460443851476946248e-02,1.625249059744562352e+00,-5.426318506601969238e-01,2.997571004222113755e-01,-1.888178796270374715e-01,-1.965031444971740759e+00,1.121362690512007987e+00,-5.986802683187449903e-01,1.739635550986008417e-01,2.098632422424656085e-01,-1.082750782830405711e+00,-6.148805103021166563e-01,7.658163416131825718e-01,-4.365682282198329323e-01,-7.712456490386935259e-01
-2.495789458203844791e-01,8.755076249329781790e-01,2.077725111943484193e-01,-4.911400206004740698e-01,3.438241071700374185e-01,5.432936266104630985e-01,5.877067847429786607e-01,1.539620968435355119e-01,5.017666289066564644e-01,3.509814555556238225e-01,5.701630865034716944e-01,-5.223994278980875067e-02,-8.244472513906850319e-02,-5.784272598675663790e-01,-7.764722333233223805e-01,-9.570821375763807412e-03,1.592763364611654575e+00,-5.384345098151858133e-01,2.982633337731181999e-01,-1.995857970785969715e-01,-1.963431650007689155e+00,1.091635462003104351e+00,-6.042552640749128123e-01,1.700799643800015859e-01,2.343699969937768357e-01,-1.097314014481445277e+00,-6.567091743373780766e-01,7.310638476080527637e-01,-4.343843788628214964e-01,-7.344247275768610583e-01
-2.478969623503752273e-01,8.790775614420820450e-01,2.104978580315961245e-01,-4.926723484973702383e-01,3.478826921374325587e-01,5.491825129400823569e-01,5.784895478901184163e-01,1.123503293956268634e-01,5.143988546885454038e-01,3.181045169041540333e-01,5.519016812620780588e-01,3.358259661916496164e-03,-1.020401133667218629e-01,-5.493272805927288394e-01,-7.659844188720758007e-01,-4.376269170830426880e-02,1.559700779187713549e+00,-5.333375525889284541e-01,2.977561487535487772e-01,-2.095426917260888866e-01,-1.959180157490649332e+00,1.061852810899811317e+00,-6.094141269393634763e-01,1.663136122097712555e-01,2.591892540933943834e-01,-1.120939217388023490e+00,-7.012522392949639416e-01,6.915415781792701999e-01,-4.294626821226811275e-01,-7.021458038239840604e-01
-2.461744432637292812e-01,8.823291295366871845e-01,2.123216073122342618e-01,-4.941443996722343357e-01,3.527784244423887161e-01,5.546340526979379737e-01,5.689901256686034081e-01,6.822021882178211372e-02,5.218474647720600101e-01,2.779731604358457453e-01,5.325640336108106165e-01,5.901791209349962347e-02,-1.237716659061906394e-01,-5.267326608065894256e-01,-7.533684872771534424e-01,-7.387439320653518826e-02,1.527749405985504350e+00,-5.259193503756306454e-01,2.974689030496759923e-01,-2.198940778649108307e-01,-1.953458388245520094e+00,1.032341934260383454e+00,-6.139168286968450516e-01,1.627447015891361481e-01,2.816001184853960670e-01,-1.154309281788943098e+00,-7.494342562729481294e-01,6.508673278732159950e-01,-4.208544949246060263e-01,-6.760219743858623120e-01
-2.444266223298535157e-01,8.852971089566279428e-01,2.136296054281416890e-01,-4.952510260075139170e-01,3.588491831701051682e-01,5.602470519400525317e-01,5.586384571161678858e-01,1.892905050496131864e-02,5.243920952868448282e-01,2.294997521414762764e-01,5.131390725229043603e-01,1.136770490181090720e-01,-1.471327936136570536e-01,-5.108238521334872440e-01,-7.368916515709625914e-01,-9.818420483039289048e-02,1.497713186483011993e+00,-5.159469371764119350e-01,2.969201594901799135e-01,-2.322094779011782684e-01,-1.947766287462572521e+00,1.002964730510164548e+00,-6.178225294441647142e-01,1.593516538777360603e-01,3.010472909460497060e-01,-1.197242493935315011e+00,-8.021182561672683953e-01,6.110490754135979863e-01,-4.079672882641356413e-01,-6.557625481129877310e-01
-2.426534744017041501e-01,8.880294846525478292e-01,2.147639911543903768e-01,-4.955289165943711494e-01,3.663312047258798221e-01,5.668159481699315272e-01,5.467842209696104350e-01,-3.734051933113095856e-02,5.226022017112756934e-01,1.733943552113128561e-01,4.939095555936940940e-01,1.671499041882516523e-01,-1.717709946369894991e-01,-5.006807783293033554e-01,-7.156493358086074563e-01,-1.163010776122035128e-01,1.469906337156649867e+00,-5.035941398736780705e-01,2.958365532598318248e-01,-2.482706323457223585e-01,-1.943732963067755781e+00,9.732600363350056849e-01,-6.213635964032834247e-01,1.559947828313362761e-01,3.176663726288894707e-01,-1.248865499565057435e+00,-8.599818753756596212e-01,5.732647955369988280e-01,-3.906613164950060169e-01,-6.405816425757074883e-01
-2.408035395223396824e-01,8.905345614090987016e-01,2.159616181248301403e-01,-4.959234271703249486e-01,3.744197612142340370e-01,5.733853160476501953e-01,5.339466978424455279e-01,-9.984471680232187563e-02,5.172920225331104627e-01,1.133890463778687296e-01,4.747454161614411139e-01,2.194272721248170521e-01,-1.976029361044331634e-01,-4.936277759538197363e-01,-6.961553027539442162e-01,-1.367432272996862985e-01,1.441473280070463936e+00,-4.907615881608993202e-01,2.943161120137423592e-01,-2.654406439429803366e-01,-1.942774712863685860e+00,9.434701265842189155e-01,-6.250642594886275383e-01,1.524654709761505134e-01,3.317572137960669298e-01,-1.308094469672445470e+00,-9.224552118209315976e-01,5.386497633060516321e-01,-3.686633157020660634e-01,-6.296529652124978060e-01
-2.388175833990307528e-01,8.928768860176046207e-01,2.174971772689079930e-01,-4.970383351562233099e-01,3.823723240916394595e-01,5.792078750156901545e-01,5.208287018528231505e-01,-1.668838528389458287e-01,5.096308617840891175e-01,5.485406452526659510e-02,4.541326775511275726e-01,2.643265974427863041e-01,-2.231378724716377437e-01,-4.872012463950796124e-01,-6.790586201243058451e-01,-1.610908284970597737e-01,1.410169248592221480e+00,-4.785796502522409179e-01,2.924501721121692821e-01,-2.811521411040152074e-01,-1.945867927649026718e+00,9.139654162187729192e-01,-6.295295660203990007e-01,1.487488894113855042e-01,3.441347255873141719e-01,-1.373685703827306703e+00,-9.880551438062462610e-01,5.085942322199391574e-01,-3.414166684827134590e-01,-6.193068401902528386e-01
-2.364860597135265974e-01,8.953247298840064650e-01,2.192571035082896691e-01,-4.980956423668777000e-01,3.892981597868078181e-01,5.842719520579651160e-01,5.088948416717423706e-01,-2.274365512647182341e-01,5.051190954624683593e-01,7.574858448568054514e-03,4.406029432811573998e-01,3.095356404601656841e-01,-2.398833148397370163e-01,-4.802401620819645167e-01,-6.631065376501842357e-01,-1.842064281352584765e-01,1.376834911717185195e+00,-4.671113398245822501e-01,2.906112697491850527e-01,-2.931310346543340439e-01,-1.951843563054463937e+00,8.856250460911796463e-01,-6.352412212388108825e-01,1.437251037302310630e-01,3.562728608553780152e-01,-1.443729842770691496e+00,-1.053218117558028855e+00,4.860701866951988581e-01,-3.074984180496868613e-01,-6.008331224902438983e-01
-2.338596642536798220e-01,8.980261729068836907e-01,2.211761964277794978e-01,-4.986535548531341178e-01,3.954261148560660466e-01,5.888376151882799281e-01,4.982507370647797917e-01,-2.784279968855151166e-01,5.025859453865790805e-01,-2.763646991053515453e-02,4.297435453307725806e-01,3.539172177326330715e-01,-2.483473419759587020e-01,-4.719118460436838580e-01,-6.485780476173043096e-01,-2.037634399227563897e-01,1.342483752149616238e+00,-4.563781527305817987e-01,2.890780810090356479e-01,-3.013883177384218959e-01,-1.959150640995263482e+00,8.584362392194627711e-01,-6.417496985505554141e-01,1.370291816133739349e-01,3.687011840636725268e-01,-1.516925412928374239e+00,-1.115891679212230869e+00,4.732560888231231444e-01,-2.668676380125319936e-01,-5.722204157184804796e-01
-2.309391948387457538e-01,9.011149852151816297e-01,2.232848971536764704e-01,-4.983299455394338273e-01,4.011582858503953686e-01,5.933345406435863723e-01,4.885626039224675865e-01,-3.188310741509716162e-01,5.021585379887579803e-01,-4.912859500005143515e-02,4.202222493895797495e-01,3.929824461971238025e-01,-2.504646898568942404e-01,-4.610257515824048857e-01,-6.357006700672308552e-01,-2.188000536860528755e-01,1.307889009430722727e+00,-4.463325146661337173e-01,2.880278233956660716e-01,-3.067366612937291181e-01,-1.967735248160411787e+00,8.318277158487366041e-01,-6.492123842226253938e-01,1.291125649272915621e-01,3.816073760252166602e-01,-1.591353251708054639e+00,-1.174802325260573488e+00,4.703276535497748490e-01,-2.207952432273901922e-01,-5.338727867889165868e-01
-2.276326059792861956e-01,9.047130841863444406e-01,2.257230494186562575e-01,-4.967175532088903833e-01,4.069142939830658334e-01,5.982359199590602250e-01,4.793810736326303279e-01,-3.485048873204664721e-01,5.041346069302450328e-01,-5.742695075609027811e-02,4.118225019458587877e-01,4.207104333877276225e-01,-2.491742975607058597e-01,-4.465135875017097189e-01,-6.245860183244604791e-01,-2.289115328742168665e-01,1.272478280952405783e+00,-4.365894206869448957e-01,2.875267193558043721e-01,-3.101683910119989451e-01,-1.979156258416874703e+00,8.049003901396311056e-01,-6.584576027430671941e-01,1.212948176247418269e-01,3.950539290631588929e-01,-1.664693311676884946e+00,-1.229957021861846522e+00,4.757810481729446983e-01,-1.710946692731230290e-01,-4.869342742030585147e-01
-2.238333632378572968e-01,9.088474251504106149e-01,2.284764140363744755e-01,-4.940419399069867490e-01,4.130312104484420432e-01,6.036813185045433183e-01,4.699964324301330043e-01,-3.711363839298024159e-01,5.099222792647172264e-01,-5.279020898678887797e-02,4.069798347915203895e-01,4.321662037638595022e-01,-2.460912366525025707e-01,-4.287451432254169026e-01,-6.144990276579999078e-01,-2.346226583395933374e-01,1.236238618104409825e+00,-4.271496081644767240e-01,2.875202148993006301e-01,-3.126432539350209594e-01,-1.993686770872896474e+00,7.771824675500761392e-01,-6.697389632983687946e-01,1.146489710634143872e-01,4.077531655219296947e-01,-1.735300173361993048e+00,-1.281424709019827635e+00,4.880182693110916015e-01,-1.187861352318664576e-01,-4.323614032172470312e-01
-2.194540114579479062e-01,9.133919969830267549e-01,2.313272779411779667e-01,-4.913281619840161318e-01,4.193234144204230907e-01,6.092916701936776924e-01,4.599226727280456561e-01,-3.947768410219908986e-01,5.230163963465880306e-01,-3.376707968343096306e-02,4.134115750977574444e-01,4.238186247339034152e-01,-2.427089153698856749e-01,-4.099056869281513249e-01,-6.032247402454248286e-01,-2.372151233080679600e-01,1.199664362075723911e+00,-4.182959668562523659e-01,2.877937616367999829e-01,-3.146036195821647619e-01,-2.010244251226247059e+00,7.489240996428900843e-01,-6.830403632464571162e-01,1.104949695520863751e-01,4.168176352123688644e-01,-1.801882414844750979e+00,-1.328184239732258520e+00,5.051175893643392589e-01,-6.421802410650090387e-02,-3.705911408432320253e-01
-2.144773780661506368e-01,9.182689370143853891e-01,2.341441430829729053e-01,-4.889785574711128513e-01,4.254189653101742574e-01,6.148260704502609419e-01,4.493412705089316894e-01,-4.230830463462734725e-01,5.444111263250647204e-01,-1.678943652414006948e-03,4.337161282891083824e-01,3.976752203276641695e-01,-2.397099114540494069e-01,-3.912217876049651766e-01,-5.895027106717461995e-01,-2.369029394607264083e-01,1.162981605274359564e+00,-4.100372178672942458e-01,2.881620138792408969e-01,-3.160135251388798139e-01,-2.028149656189010663e+00,7.206317290401275111e-01,-6.983901566672282568e-01,1.094119327028181266e-01,4.217489679423647719e-01,-1.863374558809606230e+00,-1.369835468054106276e+00,5.256769666337614000e-01,-7.932143007194115969e-03,-3.025831053293824291e-01
-2.089212500471794853e-01,9.234213999036403608e-01,2.368091621862427054e-01,-4.870470113657154321e-01,4.309195099798338591e-01,6.201299448009905957e-01,4.387851822926395196e-01,-4.572402194308675671e-01,5.741337012158906905e-01,4.143172381861594950e-02,4.683467654135758385e-01,3.583096224181678835e-01,-2.378682623874701085e-01,-3.734549018025346001e-01,-5.728609942039404324e-01,-2.335146000073242134e-01,1.126363241886783273e+00,-4.022431203263990285e-01,2.884896269019197046e-01,-3.166399046270475526e-01,-2.046815427980908986e+00,6.929604821716142116e-01,-7.157575184896910470e-01,1.115385976229251869e-01,4.228278661717258524e-01,-1.918977542886496579e+00,-1.406378854570978332e+00,5.489245846881691815e-01,4.963511219042249928e-02,-2.293130291571212342e-01
-2.028580206247321271e-01,9.288132113050849847e-01,2.392185374341979920e-01,-4.854444086202457931e-01,4.355002337230558518e-01,6.250594631866629447e-01,4.289334914031595059e-01,-4.972831630086690935e-01,6.120353239831468617e-01,9.484804974761729124e-02,5.172466124526116094e-01,3.126973175510301406e-01,-2.393977199274651413e-01,-3.569017428791955160e-01,-5.532720430980428983e-01,-2.267810923520420241e-01,1.089412304189771197e+00,-3.948188309917184391e-01,2.886879957080837333e-01,-3.161129089156515248e-01,-2.065470130169155372e+00,6.666051783755522209e-01,-7.349254186072093908e-01,1.166745737957653739e-01,4.205756907635782582e-01,-1.968227900113475703e+00,-1.438066576355350623e+00,5.746988913756658768e-01,1.081480083873967435e-01,-1.516487794297577962e-01
-1.965313860383064992e-01,9.344280422688906462e-01,2.412787570747705335e-01,-4.840311280057688625e-01,4.393518709347678519e-01,6.294890182945801493e-01,4.200334077652019826e-01,-5.426629510206806284e-01,6.533222406993124398e-01,1.479097544433692069e-01,5.812683208757123410e-01,2.677571175875902987e-01,-2.419424769262684127e-01,-3.415692733133870451e-01,-5.319114081574415343e-01,-2.173194957555586726e-01,1.052022169001069818e+00,-3.878840356996344774e-01,2.887542636980285349e-01,-3.146682399288027177e-01,-2.082380427030702030e+00,6.419909342614139591e-01,-7.548344227697717512e-01,1.236235556351928805e-01,4.168199583445318379e-01,-2.011058941051417914e+00,-1.464960352468145599e+00,6.028950759960386430e-01,1.671765847026766005e-01,-7.459836537533658107e-02
-1.902974700085629522e-01,9.402320082371047327e-01,2.430610296487734912e-01,-4.824248541222896924e-01,4.432861009994075174e-01,6.336684563108936352e-01,4.113732857908976581e-01,-5.946850620144661370e-01,6.880833554857432866e-01,1.804540173950976156e-01,6.580417155132890494e-01,2.205383523404799706e-01,-2.417695305944169704e-01,-3.266008297805643723e-01,-5.111036371006602019e-01,-2.076426375136997682e-01,1.014762680776047699e+00,-3.816141534487544340e-01,2.888001109273634071e-01,-3.141504906491679461e-01,-2.096974167081534723e+00,6.188604168414625351e-01,-7.743765068197082657e-01,1.310987259537350624e-01,4.145656478560446612e-01,-2.048204843825176535e+00,-1.487630496158283355e+00,6.326342101117456984e-01,2.260127312368294672e-01,-7.317726100972463121e-03
-1.843482894722849874e-01,9.461548355847348990e-01,2.445583323389042829e-01,-4.804581025372486325e-01,4.476197572455968277e-01,6.376203325043654502e-01,4.027863902948088937e-01,-6.529938522583097482e-01,7.126502818691198282e-01,1.886048839171408364e-01,7.445413867309906841e-01,1.701198198275837847e-01,-2.380746050430803118e-01,-3.117000744217053310e-01,-4.920126859793508833e-01,-1.990694506760750104e-01,9.783418102784380288e-01,-3.760176319929286470e-01,2.889378777713660917e-01,-3.151184671475288912e-01,-2.109040130458308848e+00,5.968997970305038869e-01,-7.926927549938066475e-01,1.383116521036928392e-01,4.145810696729350653e-01,-2.080486796592514231e+00,-1.506606552455113324e+00,6.635517043749605826e-01,2.840621072910931022e-01,4.835095103329861699e-02
-1.787826110518749845e-01,9.520997864847311476e-01,2.456935670600657873e-01,-4.780799998014363394e-01,4.525004640090891650e-01,6.413122167670418650e-01,3.942099497561676325e-01,-7.162686190120878260e-01,7.260668104757811436e-01,1.749929483207405545e-01,8.386229434475458433e-01,1.163970712418019304e-01,-2.310487626444517606e-01,-2.969358526306851709e-01,-4.752918448252852479e-01,-1.926145331465644872e-01,9.435627107635331523e-01,-3.709556859185416111e-01,2.892551945194185015e-01,-3.177485018449560106e-01,-2.118580125879666820e+00,5.756433165326390045e-01,-8.092427912679269753e-01,1.449512016475410503e-01,4.168600598193110685e-01,-2.108769374562475818e+00,-1.522308834288315538e+00,6.955604029836000013e-01,3.409110275430384251e-01,9.304831770227130205e-02
-1.736324925543118181e-01,9.579444125892564443e-01,2.463266752436866491e-01,-4.752549242025196352e-01,4.579880693500811284e-01,6.447892100102091684e-01,3.855220762032173787e-01,-7.826384599796006869e-01,7.285807143391318519e-01,1.440006386883396772e-01,9.391028445485950504e-01,5.964828196941029254e-02,-2.211385060579836859e-01,-2.828926297354991681e-01,-4.615429338915265634e-01,-1.894557500252133930e-01,9.117676029442205454e-01,-3.660817785106764699e-01,2.898139188167176417e-01,-3.221712037352701952e-01,-2.125811628857430247e+00,5.544355525688452468e-01,-8.238389836002372180e-01,1.511911041600205730e-01,4.211483920601847286e-01,-2.133913113770471437e+00,-1.535083888407071440e+00,7.286588790807723148e-01,3.963234610702021654e-01,1.281219441373988854e-01
-1.688591416498076703e-01,9.636429724124051521e-01,2.463793449563911886e-01,-4.719099531598655584e-01,4.639179835347122527e-01,6.481498921394794888e-01,3.768060747670099464e-01,-8.487040740011299045e-01,7.223045379330536031e-01,1.033884650049106124e-01,1.043404183768314342e+00,3.324395628231932576e-03,-2.112330328892329523e-01,-2.703249290616568934e-01,-4.511442816734294592e-01,-1.902468808737418360e-01,8.844449469734757541e-01,-3.612066388511145365e-01,2.903829058253285522e-01,-3.279402050874929420e-01,-2.131060206199336005e+00,5.331429568479278958e-01,-8.365437389197596385e-01,1.568388006264957446e-01,4.264342180590559028e-01,-2.155611778421869573e+00,-1.545086512010543256e+00,7.609396710342319903e-01,4.488015530995519420e-01,1.515680099302927908e-01
-1.643296376700391082e-01,9.692480494363371335e-01,2.458561141297390673e-01,-4.678674285621423068e-01,4.701290991972166267e-01,6.514973551785041561e-01,3.682796431708881824e-01,-9.107856936257026081e-01,7.104784066160334532e-01,6.250698835607117199e-02,1.147423629850978122e+00,-4.698931447224443531e-02,-2.059085950871152038e-01,-2.586952961732931211e-01,-4.437099511940391094e-01,-1.943738059833632348e-01,8.615744070340372041e-01,-3.567464181745811924e-01,2.903752056297019823e-01,-3.343141570289884790e-01,-2.134593172812548900e+00,5.123787017294906265e-01,-8.474116684570406344e-01,1.610039121970830434e-01,4.312084956106612688e-01,-2.172778324234837743e+00,-1.552428384049086008e+00,7.886240387943184160e-01,4.958124370881905607e-01,1.588009963278234626e-01
-1.599791434446431460e-01,9.747829015470126368e-01,2.448027679626893494e-01,-4.632151110656556603e-01,4.766065426375700187e-01,6.548521655286992926e-01,3.597868892801234231e-01,-9.683960662822663767e-01,6.948125016684645328e-01,2.502414747902603070e-02,1.249355404896303812e+00,-9.030785431272961294e-02,-2.060535308823382983e-01,-2.467778602820296652e-01,-4.381389580735737810e-01,-2.013730467691941806e-01,8.412386431514805585e-01,-3.531158181397103246e-01,2.894071397227043763e-01,-3.407898074997239846e-01,-2.136526447031399822e+00,4.924265442897770018e-01,-8.561762421659655509e-01,1.630774839967963630e-01,4.350803123356439817e-01,-2.186521285293515859e+00,-1.557435390198844916e+00,8.100963093412552052e-01,5.367928784478495086e-01,1.502330878728755370e-01
-1.557884547150559795e-01,9.802660249451289332e-01,2.433239118800213097e-01,-4.582036147762624800e-01,4.833282829815831461e-01,6.581323601239510435e-01,3.511491807872683668e-01,-1.022216200969713551e+00,6.762856178721972089e-01,-7.678011583675643618e-03,1.348431065465728107e+00,-1.271812128120850816e-01,-2.113613563182897004e-01,-2.337619476253274264e-01,-4.334573111524179789e-01,-2.109153710057929676e-01,8.217281035485507479e-01,-3.504702900807248334e-01,2.872935429299408594e-01,-3.468528939221254270e-01,-2.136918626425816647e+00,4.734551659540847668e-01,-8.625237968380721210e-01,1.624999038683547781e-01,4.379890609331703599e-01,-2.198632018109966779e+00,-1.560370383075232237e+00,8.246689802223825527e-01,5.720528003106167825e-01,1.277677513911012475e-01
-1.517537056936719975e-01,9.857180456358639598e-01,2.415564942971447915e-01,-4.530610315141749278e-01,4.902302322789114375e-01,6.612770011213533472e-01,3.422320102956855070e-01,-1.073177349790908730e+00,6.554456140137274733e-01,-3.514753475120459963e-02,1.444396173711086417e+00,-1.585555580587869606e-01,-2.211968436988753228e-01,-2.195089164363289158e-01,-4.290359661657177082e-01,-2.226795110076795203e-01,8.025359947868698773e-01,-3.486640826631083878e-01,2.840065231462232664e-01,-3.521788955024450218e-01,-2.135862887410404642e+00,4.556799329952927469e-01,-8.662456463023523456e-01,1.587374970801490592e-01,4.400678332254162606e-01,-2.210876873411725452e+00,-1.561363847586890952e+00,8.320633404919406395e-01,6.022578543186388744e-01,9.356639039835419613e-02
-1.478866698211369624e-01,9.910800383659519319e-01,2.395731201663728049e-01,-4.479970194516575410e-01,4.970685130443866506e-01,6.643084880823576510e-01,3.330402326506602950e-01,-1.122287850815303578e+00,6.348414415795970989e-01,-5.635001197286937380e-02,1.537727005589709872e+00,-1.865401212747589965e-01,-2.296902307379121710e-01,-2.041818941260865328e-01,-4.241930731590082271e-01,-2.362842036136007795e-01,7.838644044646148057e-01,-3.477793620598942370e-01,2.757676279210520276e-01,-3.569874973704819654e-01,-2.133433074702295595e+00,4.393733350563386320e-01,-8.678347256750830185e-01,1.526821571835406399e-01,4.414046931843434995e-01,-2.220951799391644332e+00,-1.561617911046158103e+00,8.293811908098106533e-01,6.253836627989951547e-01,5.536819795873385713e-02
-1.442454235827175246e-01,9.961990367846486061e-01,2.374004710659083639e-01,-4.432052967699916524e-01,5.034971609399160331e-01,6.672568636196626324e-01,3.237714499348562924e-01,-1.170536952359584326e+00,6.188135464623956139e-01,-7.012985023898821169e-02,1.629308012419186324e+00,-2.137280803243347127e-01,-2.285136351048637493e-01,-1.881636101521889648e-01,-4.184192322481807280e-01,-2.510290056411064730e-01,7.660512055573093226e-01,-3.480414169853588979e-01,2.654972184553573977e-01,-3.618994782388780251e-01,-2.129858028837967598e+00,4.247061628721535698e-01,-8.681494381898173796e-01,1.459035022819547833e-01,4.422592904686423743e-01,-2.223968840715155881e+00,-1.564597111940690288e+00,8.126741792866121195e-01,6.402799915548420540e-01,2.105934307866134947e-02
-1.408642881663978996e-01,1.001018620643342238e+00,2.350961668822924289e-01,4.386140948218932856e-01,-5.094626542470388486e-01,-6.701160512416569626e-01,-3.146596078712439737e-01,-1.218174261765688549e+00,6.095680533241792931e-01,-7.656468098460772476e-02,1.719386459012407276e+00,-2.410326236934082766e-01,-2.163617041069973990e-01,-1.716059534943506215e-01,-4.120030082615571132e-01,-2.662546831280936943e-01,7.493122516066276217e-01,-3.493579313839356160e-01,2.542780058936191523e-01,-3.679013869179109109e-01,-2.125073326534959062e+00,4.119324986358872676e-01,-8.680348082964295386e-01,1.390626655947873602e-01,4.427987869156539968e-01,-2.218504716847027325e+00,-1.570265247746907011e+00,7.848983735611884116e-01,6.487944172637740703e-01,-6.973586564529655162e-03
-1.377863013281520332e-01,1.005503630050065489e+00,2.327323690366593645e-01,4.340516585622615220e-01,-5.150270357939007448e-01,-6.728855440027070589e-01,-3.058943523062805925e-01,-1.265262350887316867e+00,6.081672561747125672e-01,-7.647627767793560571e-02,1.808117478493289410e+00,-2.687146764878233784e-01,-1.941119387276991071e-01,-1.544864565326055372e-01,-4.055692754034687653e-01,-2.814948681693892341e-01,7.337530968816514676e-01,-3.515559188192081685e-01,2.425362806147768890e-01,-3.758805080257724418e-01,-2.118945705746295705e+00,4.012720881137470386e-01,-8.681221818590569850e-01,1.323886582113498467e-01,4.431488971508984465e-01,-2.203894598339563693e+00,-1.578186878754717748e+00,7.492962939387000088e-01,6.525068453764272247e-01,-2.860745877327361755e-02
-1.350584679706933466e-01,1.009633435039834826e+00,2.303766049505835134e-01,4.293222358456686982e-01,-5.203156229489893647e-01,-6.755502845345373597e-01,-2.976338075370245084e-01,-1.311769143539438742e+00,6.150640853632547422e-01,-7.104644471182511301e-02,1.895633581171996651e+00,-2.967814286017145253e-01,-1.631759689437814742e-01,-1.367039278369066857e-01,-3.999029996227808081e-01,-2.964191763244283795e-01,7.193874189399938057e-01,-3.544653743177098026e-01,2.304570502462243986e-01,-3.865369647054289204e-01,-2.111275974768211494e+00,3.928920546588103302e-01,-8.688135945590719222e-01,1.259617578065787558e-01,4.434427311081815537e-01,-2.180108243403728441e+00,-1.587441516244946893e+00,7.085362784885251841e-01,6.529323054157676331e-01,-4.454061782920261392e-02
-1.326587626226600480e-01,1.013481600708829866e+00,2.280817444589705034e-01,4.242231005192179105e-01,-5.255582394713259609e-01,-6.780658421525539437e-01,-2.899138003193523772e-01,-1.356762082756024057e+00,6.261589699186822511e-01,-6.349625506079371873e-02,1.980614308950323865e+00,-3.245756627610326128e-01,-1.313345986246477193e-01,-1.182076051748942730e-01,-3.958707101229535508e-01,-3.107606664147443687e-01,7.056898198945895651e-01,-3.574210706777399826e-01,2.189175723350975378e-01,-3.997789483860268445e-01,-2.102188822050162109e+00,3.865320425794916415e-01,-8.701496268390558342e-01,1.195547991062861221e-01,4.435951352188464702e-01,-2.148165640725030023e+00,-1.597761042039832713e+00,6.653664905305557431e-01,6.509676893262982267e-01,-5.571737408196350549e-02
-1.304664899539357548e-01,1.017165141585754773e+00,2.258506600508276008e-01,4.186481011198011082e-01,-5.308656071255253295e-01,-6.804704300370425507e-01,-2.826237282235400383e-01,-1.399001649905764255e+00,6.341630983377004593e-01,-5.800674770243752915e-02,2.060898266117496380e+00,-3.514326151061240022e-01,-1.080447128346868624e-01,-9.893569509226099457e-02,-3.936373492807489494e-01,-3.242333560371718493e-01,6.917313340085754492e-01,-3.596701313218758078e-01,2.089796816935037271e-01,-4.147440921878879916e-01,-2.092256652197061140e+00,3.816574459310813627e-01,-8.718843916760655732e-01,1.128704691521340286e-01,4.433212853587394919e-01,-2.109764405327898107e+00,-1.609166386828355000e+00,6.219656306589309569e-01,6.453016024113361615e-01,-6.304949014248431571e-02
-1.283347326936128963e-01,1.020747901630707499e+00,2.236202339260121852e-01,4.127654896748332858e-01,-5.360642374977193647e-01,-6.827779614026443511e-01,-2.758152266143635845e-01,-1.437920687768656558e+00,6.349111784699867922e-01,-5.671942249566774841e-02,2.135515024083866731e+00,-3.775571193567786032e-01,-9.498067017455683048e-02,-7.915595421383783692e-02,-3.924725602575916406e-01,-3.360307923945189401e-01,6.768508648558503316e-01,-3.611442139463878487e-01,2.007331675198204546e-01,-4.300658756169939978e-01,-2.082019270767867081e+00,3.778371439229948892e-01,-8.738885410549132038e-01,1.058916999281801080e-01,4.424110193775092625e-01,-2.066585679725687186e+00,-1.620812649070178635e+00,5.783912878156840520e-01,6.371059322053828078e-01,-6.746016131397869486e-02
-1.261123481928819734e-01,1.024284984666768317e+00,2.213057741679038126e-01,4.068502600862365925e-01,-5.408417471545960975e-01,-6.850203650296244895e-01,-2.696482336252277179e-01,-1.473142083321951068e+00,6.260479547373761777e-01,-6.053252390729262772e-02,2.204219141018211925e+00,-4.032877079835699985e-01,-9.137494710186233604e-02,-5.919199947278838692e-02,-3.911461861908326898e-01,-3.450702065379733230e-01,6.604887653265230085e-01,-3.619885235155875791e-01,1.939688772771885894e-01,-4.442255320509197469e-01,-2.071970042541670942e+00,3.746965657690345397e-01,-8.761628141162248751e-01,9.875734003921220194e-02,4.407150224080808032e-01,-2.020095739439716986e+00,-1.631401628222835187e+00,5.343421219078692275e-01,6.278287833012108354e-01,-6.962711662456180783e-02
-1.236546849827044325e-01,1.027868669067215635e+00,2.188278053390171896e-01,4.011930776924727549e-01,-5.450905923313498214e-01,-6.870663228925927291e-01,-2.643108558314454237e-01,-1.503979621828819724e+00,6.059993948140585118e-01,-6.874540860618555405e-02,2.267076385479435352e+00,-4.288585821512096441e-01,-9.587614012270670449e-02,-3.857473777808234638e-02,-3.869573303203294734e-01,-3.483909014473138277e-01,6.402841167892389107e-01,-3.627717062270699455e-01,1.883621373340861327e-01,-4.555843442402746635e-01,-2.063262006782666802e+00,3.714158124886606793e-01,-8.793466203974459328e-01,9.209839461032373609e-02,4.382949021515524235e-01,-1.971046557370207841e+00,-1.639237384931898189e+00,4.906070656125345320e-01,6.196807833324499137e-01,-6.994509660824599351e-02
-1.209488128652642103e-01,1.031506682797048935e+00,2.161281916433619443e-01,3.957047775901587627e-01,-5.490086638305877731e-01,-6.888990496326649060e-01,-2.596651987753653135e-01,-1.530167424125552511e+00,5.756568589063639774e-01,-7.843662212246479970e-02,2.323986670209051475e+00,-4.527761962811682750e-01,-1.074684404178144342e-01,-1.769218622092457935e-02,-3.806110744945733204e-01,-3.471660105876277491e-01,6.183911338515577505e-01,-3.637650654166100783e-01,1.840915096219817859e-01,-4.643244881790876688e-01,-2.056092596448742871e+00,3.678516019572841134e-01,-8.833878680485146573e-01,8.611607601572011939e-02,4.352267427511343767e-01,-1.920405746714316519e+00,-1.643777330638072076e+00,4.464129542746545498e-01,6.127175883735100914e-01,-7.066123024501266836e-02
-1.181211519389775283e-01,1.035121042630946953e+00,2.131652015165442504e-01,3.900769558998138931e-01,-5.530061351492110422e-01,-6.905411343104459476e-01,-2.552981096453906806e-01,-1.552237771394651800e+00,5.378407974638876876e-01,-8.578542736610760000e-02,2.374723074318699112e+00,-4.731806054351597179e-01,-1.254262737948188822e-01,3.016039637651922456e-03,-3.743929955983379965e-01,-3.445619416585953276e-01,5.982191486102309552e-01,-3.650968390335558866e-01,1.815268958611747085e-01,-4.723837788469774646e-01,-2.048851172918473296e+00,3.646219706367508917e-01,-8.871859965815073190e-01,8.021673257745319530e-02,4.315690492778202492e-01,-1.869792301082993324e+00,-1.645907970782657603e+00,3.999847489160461844e-01,6.051584215482131990e-01,-7.437482311848962746e-02
-1.152657666118219321e-01,1.038637909575554463e+00,2.098868224143931593e-01,3.841188785059312938e-01,-5.574430844596613976e-01,-6.919164575308903720e-01,-2.509213234489015565e-01,-1.571049361457528715e+00,4.951291660745527623e-01,-8.839643140677305722e-02,2.419382028824458075e+00,-4.898477848167601123e-01,-1.489403808740051016e-01,2.378548135470291355e-02,-3.691632984441699517e-01,-3.421127793698535702e-01,5.804867578909301828e-01,-3.668225392975015819e-01,1.806116807636338195e-01,-4.809916814666987395e-01,-2.041042788378655715e+00,3.619841364511642290e-01,-8.903797062820353325e-01,7.424642005866342875e-02,4.277637599643189237e-01,-1.820836786526142337e+00,-1.646558600111427184e+00,3.511676955657757615e-01,5.963994171777954323e-01,-8.153215296974671011e-02
-1.124711467722058905e-01,1.042034263452153997e+00,2.063417663175132755e-01,3.778922520889563819e-01,-5.625121424931776026e-01,-6.928525541595833559e-01,-2.464404056834304524e-01,-1.587635411848584255e+00,4.499331390382297347e-01,-8.515215088473468419e-02,2.458163793175983880e+00,-5.031768509878152829e-01,-1.772594495465906195e-01,4.425514724151224238e-02,-3.657097307908046546e-01,-3.410054648584025516e-01,5.654605071862597310e-01,-3.687924878694051611e-01,1.811699149759746497e-01,-4.906529973773565700e-01,-2.032821121913952478e+00,3.600470042714770669e-01,-8.927489181528489581e-01,6.796685830507488701e-02,4.243293429531846961e-01,-1.774482749164099982e+00,-1.646447168041119902e+00,3.011420207494219792e-01,5.866938321113740473e-01,-9.167169064217942087e-02
-1.098516349702822331e-01,1.045343885974705955e+00,2.027965010857201156e-01,3.718206825044740871e-01,-5.682823968366031986e-01,-6.929995551867932368e-01,-2.419851287207006874e-01,-1.603034736523250459e+00,4.043255226091893029e-01,-7.566083319857845602e-02,2.491267488965867472e+00,-5.137559417400879846e-01,-2.097325701213499372e-01,6.298523574174670625e-02,-3.648879288144704636e-01,-3.411538213691541754e-01,5.530046716471970214e-01,-3.708172683657967039e-01,1.830281989262202147e-01,-5.011270593280453545e-01,-2.024709335595672233e+00,3.589329439898078511e-01,-8.940871193037492892e-01,6.097389348623452610e-02,4.215141431753532952e-01,-1.730949522461625145e+00,-1.646322501547036632e+00,2.515160773404235273e-01,5.765089022656862960e-01,-1.040205127305567634e-01
-1.074668526917544886e-01,1.048623806669452430e+00,1.994919072296328921e-01,3.662784484224775872e-01,-5.743499726281474649e-01,-6.922966869097704201e-01,-2.380913783760850166e-01,-1.617472415264792129e+00,3.610467616266714863e-01,-6.066387470805370552e-02,2.518487681023807045e+00,-5.210815276903698612e-01,-2.399287200541362353e-01,7.946988713436708984e-02,-3.664156285658896062e-01,-3.410056066296230926e-01,5.421267309152266733e-01,-3.726494775287738648e-01,1.865129989790982323e-01,-5.108849944021151002e-01,-2.017150369085655814e+00,3.586005184385135935e-01,-8.950704555239051841e-01,5.339647323820438662e-02,4.188252833345309512e-01,-1.689892892806729829e+00,-1.646006672573947727e+00,2.024781620432571927e-01,5.660104960750451664e-01,-1.179300400869939258e-01
-1.053181250800775404e-01,1.051886392324840935e+00,1.964302199399056148e-01,3.611304057316414018e-01,-5.801802697607508774e-01,-6.911607124184626638e-01,-2.351011574740664023e-01,-1.630552036987646725e+00,3.221234956137071781e-01,-4.166166562251051586e-02,2.539645039431651874e+00,-5.244607168363458749e-01,-2.613844936533007979e-01,9.523436993771873527e-02,-3.689875008295385173e-01,-3.397726298825373692e-01,5.315052600681379191e-01,-3.742175222685675262e-01,1.919347685411665894e-01,-5.187435907853424899e-01,-2.010124212132458510e+00,3.587893745580171267e-01,-8.959701689423684723e-01,4.538099741814621835e-02,4.159867050423908252e-01,-1.649937216903951676e+00,-1.644921937373445608e+00,1.536177102238553693e-01,5.549276229673304472e-01,-1.330444771456483488e-01
-1.034083983111138277e-01,1.055118771291833735e+00,1.935119208924522827e-01,3.561316704643466835e-01,-5.855007633013273871e-01,-6.900111946493763249e-01,-2.329026421584301509e-01,-1.642102769014592178e+00,2.882323281484892030e-01,-2.007852540480081424e-02,2.554922143665082857e+00,-5.240950465569319539e-01,-2.731679227055109349e-01,1.118348333982038950e-01,-3.711546220878055857e-01,-3.380617861931296542e-01,5.201870623956316164e-01,-3.756564619744247602e-01,1.990695071856487253e-01,-5.244692958829528795e-01,-2.003159179217402386e+00,3.591246630347581514e-01,-8.968746659798162435e-01,3.693227748263452209e-02,4.128704928482192504e-01,-1.609878135566272350e+00,-1.642836702487336042e+00,1.046444457896117952e-01,5.429804104745936666e-01,-1.492863510671967875e-01
-1.017643440833639890e-01,1.058289483714054402e+00,1.906660222550168038e-01,3.511846745887534094e-01,-5.902145801887130894e-01,-6.890741546192619138e-01,-2.312867396058234104e-01,-1.652103310150605742e+00,2.595520224707354995e-01,3.118317395229392407e-03,2.564685222577006041e+00,-5.204652864217957919e-01,-2.760829215487996535e-01,1.300096318110868787e-01,-3.720500614849948096e-01,-3.365384434609000053e-01,5.077565066112956771e-01,-3.770828723541624350e-01,2.076675762107210998e-01,-5.281659644881070426e-01,-1.995736699418854565e+00,3.593465379875807608e-01,-8.976976934315802348e-01,2.793329320724513565e-02,4.095189140725136734e-01,-1.569133964968303374e+00,-1.639615511256940605e+00,5.516452132311824852e-02,5.298408101534799464e-01,-1.666768328382504938e-01
-1.004263675529332572e-01,1.061350129721856383e+00,1.878508881959438104e-01,3.462578526864614203e-01,-5.943136910077803092e-01,-6.884659208124354057e-01,-2.300248073872797616e-01,-1.660580137696900271e+00,2.359747626705321066e-01,2.727786657904981635e-02,2.569426713436413934e+00,-5.140852375346449676e-01,-2.713502227203637429e-01,1.500558722250845689e-01,-3.712381640583683473e-01,-3.358458798652956823e-01,4.941517343677025442e-01,-3.785636519705360969e-01,2.175100541652155717e-01,-5.299316232593720422e-01,-1.987856160514244186e+00,3.592269340484062767e-01,-8.988591405483995489e-01,1.852866690666898214e-02,4.062151798820785031e-01,-1.527424804339590159e+00,-1.635345910036225980e+00,4.786110076785227152e-03,5.151057119817522567e-01,-1.852057694753474482e-01
-9.938234582751909185e-02,1.064210706369864923e+00,1.849847497478165625e-01,3.417114289069791977e-01,-5.973932779006815297e-01,-6.883664804132991755e-01,-2.291422255212619274e-01,-1.668033839241677585e+00,2.181627288103705209e-01,4.865844221740237702e-02,2.571598609408653591e+00,-5.066669263286678326e-01,-2.638094171255040421e-01,1.714388371836956526e-01,-3.671712032150066807e-01,-3.352130263321922987e-01,4.790197900033669187e-01,-3.792355442467078008e-01,2.265287178224349718e-01,-5.290375017985033956e-01,-1.979576355738852822e+00,3.589520761218604195e-01,-9.001044600781015204e-01,8.886239959926846982e-03,4.027206218717890307e-01,-1.485959290191150028e+00,-1.630535640755668370e+00,-4.561605910946265469e-02,4.987978973272174654e-01,-2.045311331060544191e-01
-9.858374772407840769e-02,1.066816423286631510e+00,1.819941033466365432e-01,3.379616638756076652e-01,-5.990507367095267988e-01,-6.888958372806007757e-01,-2.287851699207452127e-01,-1.674683231262269256e+00,2.068374137107695521e-01,6.308684754597325417e-02,2.574049402638250328e+00,-4.997525905173299532e-01,-2.577418080403287570e-01,1.932800265880123269e-01,-3.584055023497856873e-01,-3.333285649351004354e-01,4.619364543138152479e-01,-3.782662476429937692e-01,2.328872735175678554e-01,-5.248070449862309861e-01,-1.970838028898409755e+00,3.587721040905879621e-01,-9.008456595943374889e-01,-8.621834001545924941e-04,3.985181809890048776e-01,-1.446177033147534097e+00,-1.625554114434329733e+00,-9.494719498343931474e-02,4.814842777203244273e-01,-2.242345322122684115e-01
-9.799032515331804194e-02,1.069180420206695903e+00,1.788506242294896076e-01,3.351417057032726188e-01,-5.992603516796944918e-01,-6.900151328459156463e-01,-2.290127492231727457e-01,-1.680104624765961896e+00,2.020341649825433405e-01,6.865240919574884526e-02,2.578332201523179101e+00,-4.937603315496326140e-01,-2.541958606473970761e-01,2.150237340873426273e-01,-3.447171803432320658e-01,-3.295793855954982088e-01,4.427436379804416955e-01,-3.755599302350030588e-01,2.363527280071273384e-01,-5.173252686707636716e-01,-1.961737895063292880e+00,3.587638897685960782e-01,-9.008900113696035605e-01,-1.057495784576333205e-02,3.931826145742414180e-01,-1.408566264641226251e+00,-1.620458060223013863e+00,-1.427413575006247215e-01,4.638026136903801722e-01,-2.440251474237382368e-01
-9.757102215367721709e-02,1.071342230156624442e+00,1.755420379606623116e-01,3.332291605421972558e-01,-5.981866506102569980e-01,-6.916085976987688122e-01,-2.298012297294498296e-01,-1.683712520061402929e+00,2.034048940966394492e-01,6.461160408555259582e-02,2.585201487727491365e+00,-4.886880407514916369e-01,-2.531611385529723424e-01,2.363643543214473952e-01,-3.264659799101902737e-01,-3.238632373380530560e-01,4.214464100452122719e-01,-3.712835475358700621e-01,2.371835040028745789e-01,-5.071355160523468575e-01,-1.952485808958671853e+00,3.589540189760993538e-01,-9.003237515103724720e-01,-2.014979279275447982e-02,3.865001703924292320e-01,-1.373148541806375578e+00,-1.615192447738284631e+00,-1.887824552648388332e-01,4.462111825602420589e-01,-2.637184982814327339e-01
-9.726915574625649707e-02,1.073348541165248360e+00,1.720888631582699613e-01,3.320695441257463520e-01,-5.961462074403265365e-01,-6.935713706772221876e-01,-2.308641830071381240e-01,-1.685527647011625385e+00,2.101770137526459692e-01,5.102994120840399772e-02,2.594770443008244776e+00,-4.843535181249009058e-01,-2.543046215309076041e-01,2.570707182754612408e-01,-3.041133821615630284e-01,-3.166691395512620244e-01,3.981805833152720631e-01,-3.656713897799420132e-01,2.357565164500987354e-01,-4.952824302559146741e-01,-1.944026210375133346e+00,3.592431374239753450e-01,-8.993346169215373775e-01,-2.924240535545012676e-02,3.783850139348370889e-01,-1.339652090989457589e+00,-1.609870560906451864e+00,-2.330109883393881587e-01,4.289476241019722913e-01,-2.831865769843852076e-01
-9.702575471905169890e-02,1.075279006915080160e+00,1.685630507133122902e-01,3.315377655896931119e-01,-5.937362184360865935e-01,-6.955437655791454343e-01,-2.319027448500602662e-01,-1.686036124163574179e+00,2.209560972095034603e-01,3.136995406863686553e-02,2.605734806685561455e+00,-4.816537509129857342e-01,-2.560085212702374324e-01,2.763654993371370550e-01,-2.795526694455714445e-01,-3.084552894403895240e-01,3.738326436572151357e-01,-3.593482764860137513e-01,2.331852558274444542e-01,-4.833253263570847502e-01,-1.936846218025744415e+00,3.597334868211350956e-01,-8.983725911307031131e-01,-3.786012425360979483e-02,3.692604050797411719e-01,-1.306789139504261454e+00,-1.604686429731569941e+00,-2.748422588207097284e-01,4.121355163647084652e-01,-3.002840872550559537e-01
-9.681861775337810561e-02,1.077212468087524577e+00,1.650231221947578153e-01,3.315596178709340203e-01,-5.914352343023491221e-01,-6.971572025808282502e-01,-2.329057111948641956e-01,-1.685295321856648654e+00,2.343775859922578031e-01,9.822733165026457935e-03,2.616742569767459781e+00,-4.814419741155517296e-01,-2.570314913096932719e-01,2.937271090409809826e-01,-2.549373433923436405e-01,-2.993097536100127187e-01,3.492369688124064009e-01,-3.528275892489429744e-01,2.303617859409345658e-01,-4.721911608496199286e-01,-1.931095891472625947e+00,3.605563927780559008e-01,-8.979254946530665915e-01,-4.602621183144089967e-02,3.596522073039210010e-01,-1.273264372867404903e+00,-1.599792024705448679e+00,-3.133660683932918412e-01,3.959806235847114220e-01,-3.132541498619275111e-01
-9.666409478735379923e-02,1.079183330462539558e+00,1.615010639495164935e-01,3.320694516764463033e-01,-5.894490923176641806e-01,-6.982273330438319991e-01,-2.340047824718198000e-01,-1.683152578851659253e+00,2.492875145404164494e-01,-1.073452670512349202e-02,2.627199141345226696e+00,-4.837831270521482097e-01,-2.571560397578066537e-01,3.091922183935274515e-01,-2.316651322951470138e-01,-2.891987955145517986e-01,3.247243239579085672e-01,-3.462925144000305600e-01,2.275543079155427917e-01,-4.620824159354788851e-01,-1.926789147774956801e+00,3.616908690748328881e-01,-8.981432137695853912e-01,-5.345358583854484952e-02,3.498937076583934491e-01,-1.238449299869347708e+00,-1.595236889908726585e+00,-3.484506116619725535e-01,3.804611025230946741e-01,-3.221534101887561508e-01
-9.660552901563243533e-02,1.081178499163279572e+00,1.580464883414505195e-01,3.330189366718868671e-01,-5.878580132892752275e-01,-6.986796558607967222e-01,-2.353042339520279580e-01,-1.679691499790993969e+00,2.645223021620797255e-01,-2.812748956950927512e-02,2.636900349333386018e+00,-4.884190144239565212e-01,-2.564696118988604168e-01,3.229100387556067542e-01,-2.107124007607552030e-01,-2.781616760516331111e-01,3.004522118253104557e-01,-3.398052738529954708e-01,2.248245886838765306e-01,-4.528973286667795639e-01,-1.923548243518745204e+00,3.629780323304580558e-01,-8.987622157830255087e-01,-5.976066260561219839e-02,3.401876748090416624e-01,-1.202234731007957746e+00,-1.591071617871095301e+00,-3.810969792730075634e-01,3.650335973555008939e-01,-3.277755715895623867e-01
-9.666449392509872396e-02,1.083148659163798433e+00,1.547455670402362315e-01,3.344035685619793363e-01,-5.866481176803567399e-01,-6.985245127284552824e-01,-2.368158450623228939e-01,-1.675478293969313803e+00,2.793304665670276465e-01,-4.083994211751706960e-02,2.645814541179380974e+00,-4.950130078172034764e-01,-2.551305203620593542e-01,3.347911811206566446e-01,-1.926262194601812694e-01,-2.661276102181808212e-01,2.766132497322649764e-01,-3.333757081012309609e-01,2.221737597222926686e-01,-4.444210309252715208e-01,-1.920677195943687465e+00,3.642806806745949588e-01,-8.992082329221096071e-01,-6.483755941748826912e-02,3.306752525375738494e-01,-1.164761051755055288e+00,-1.587364333457954135e+00,-4.128154248188680153e-01,3.488394232198052114e-01,-3.308860172061728333e-01
-9.680678388069580143e-02,1.085023608311279641e+00,1.517351736998679146e-01,3.361798677338536656e-01,-5.859603103864726714e-01,-6.977901045780895428e-01,-2.381663571750677333e-01,-1.671559593421395817e+00,2.931028963000993914e-01,-4.898555689856577688e-02,2.653328485279830229e+00,-5.019860583192300441e-01,-2.538885074225047389e-01,3.441470649579745911e-01,-1.774503747558590916e-01,-2.540527836198828160e-01,2.545942861395043000e-01,-3.279728885775459180e-01,2.193219238885353028e-01,-4.375590070895885031e-01,-1.918273440895929438e+00,3.659180357004679363e-01,-8.994892742244066097e-01,-6.862903620366132829e-02,3.216074619268491364e-01,-1.128483463103771234e+00,-1.584102280389706019e+00,-4.429344750929742336e-01,3.319900355307187079e-01,-3.325531195628860792e-01
-9.696455796969330465e-02,1.086750822469946032e+00,1.490937407359723410e-01,3.382323769832978333e-01,-5.858328678162882941e-01,-6.965851889941168107e-01,-2.390978557419580763e-01,-1.668604466489857385e+00,3.054634579831100316e-01,-5.376090625009317253e-02,2.658954033935789329e+00,-5.081047587322191639e-01,-2.532155857958754419e-01,3.506855237227327615e-01,-1.647165346571687894e-01,-2.429937344913769282e-01,2.356402972607758162e-01,-3.242215994063277207e-01,2.160796759786005050e-01,-4.328961727332232834e-01,-1.916543318039830135e+00,3.681985572987165889e-01,-8.997849654314027390e-01,-7.132714611951958272e-02,3.130656291350175091e-01,-1.095595901398821015e+00,-1.581282040701555758e+00,-4.703547006717431200e-01,3.152055506937403995e-01,-3.334502423364453239e-01
-9.708898730027902546e-02,1.088300040032073479e+00,1.468437419384047704e-01,3.403851180682986866e-01,-5.861866898371113077e-01,-6.950570598297578506e-01,-2.396222436174341996e-01,-1.666619759830748171e+00,3.163244888309549308e-01,-5.633183568484409487e-02,2.662613673991003793e+00,-5.130542147071553982e-01,-2.531340248074908095e-01,3.547080381127713511e-01,-1.539499538752269747e-01,-2.336850879283033922e-01,2.202695736257616888e-01,-3.220354324194557027e-01,2.124504933853052779e-01,-4.301971896351179381e-01,-1.915262078450740146e+00,3.711382713911516862e-01,-8.998725048540403559e-01,-7.362938185840840755e-02,3.050644236610535742e-01,-1.066741101750347198e+00,-1.578948604605938444e+00,-4.948605244592901853e-01,2.990609315479222929e-01,-3.337724780935171220e-01
-9.715189780600072544e-02,1.089652311874332646e+00,1.450087312182747890e-01,3.424824566399824466e-01,-5.869519121939404949e-01,-6.933124768074367950e-01,-2.398145724697658132e-01,-1.665409670955677379e+00,3.256149515519187188e-01,-5.750799474275133938e-02,2.664359923657665608e+00,-5.168811585258186181e-01,-2.535563211813283702e-01,3.564832871429111094e-01,-1.449035713856542951e-01,-2.267476518437444299e-01,2.086923797280388349e-01,-3.211259207526215298e-01,2.084978519588229773e-01,-4.289828566389931042e-01,-1.914227867451441689e+00,3.745373383038484438e-01,-8.996433402596449858e-01,-7.606169499171612502e-02,2.975969622433314865e-01,-1.041888714095229984e+00,-1.577131415363866696e+00,-5.166095848317314720e-01,2.839519664649687858e-01,-3.335891153512444141e-01
-9.713824884528214632e-02,1.090801208613469742e+00,1.437563919858293737e-01,3.443737000141485205e-01,-5.883565010358823288e-01,-6.913265816474355452e-01,-2.393983137481014434e-01,-1.665001663650961472e+00,3.324855729978401508e-01,-5.702329108186827283e-02,2.663976570325647941e+00,-5.198664179814919128e-01,-2.544405661352279746e-01,3.559023176735247596e-01,-1.378529325050765197e-01,-2.239769093210591255e-01,2.004591693035177868e-01,-3.212425583166657050e-01,2.042835432855983624e-01,-4.296729216987842381e-01,-1.913757308147063352e+00,3.781574030776431727e-01,-8.987367447162760703e-01,-7.828834839339789131e-02,2.901541887058814995e-01,-1.020896242406924781e+00,-1.576114660085387031e+00,-5.360411051137426997e-01,2.700626338093171652e-01,-3.329718157089658348e-01
-9.702534837724338668e-02,1.091797391936128570e+00,1.430783461751712338e-01,3.458923420724445696e-01,-5.904833949921045599e-01,-6.890487377911815869e-01,-2.385365483162205091e-01,-1.664794243498396886e+00,3.368814946708328928e-01,-5.460439289543213975e-02,2.661253461904432793e+00,-5.217779573127522275e-01,-2.551674751366850291e-01,3.534774202512481200e-01,-1.335918815490546030e-01,-2.252283647185247539e-01,1.953826856342974205e-01,-3.226428011711019450e-01,2.008237878466018478e-01,-4.319559798841554610e-01,-1.913839051182177453e+00,3.818436163397763150e-01,-8.974506008401251789e-01,-8.055864733940845679e-02,2.829980653004218194e-01,-1.003533283331478509e+00,-1.575439901719335456e+00,-5.536088438060251526e-01,2.573046762488314099e-01,-3.328417315644562890e-01
-9.679168907634799757e-02,1.092690424431610019e+00,1.428554543866716320e-01,3.469214272830128398e-01,-5.933304266208081490e-01,-6.864512236789827027e-01,-2.374641986647968717e-01,-1.664233715941471514e+00,3.389765960146060575e-01,-5.025183162935224074e-02,2.656151491215421157e+00,-5.224936354466144239e-01,-2.553302093711924958e-01,3.498264880484076578e-01,-1.328598104223741583e-01,-2.295486300144348180e-01,1.933577523312165203e-01,-3.254591439863094293e-01,1.987379543832387130e-01,-4.354288843406557419e-01,-1.914397735347294960e+00,3.855711934363263427e-01,-8.961536346863320235e-01,-8.315199952430775421e-02,2.765776778582786921e-01,-9.895481362475280207e-01,-1.574645129682876510e+00,-5.695108919375700962e-01,2.454832798220318579e-01,-3.338074144149705269e-01
-9.640575743538987163e-02,1.093490202504606490e+00,1.429196270919952660e-01,3.473830833154910036e-01,-5.968786374773215053e-01,-6.835344714213461570e-01,-2.363080868869694706e-01,-1.663165265573772089e+00,3.387304382316730367e-01,-4.419010751591536529e-02,2.648835983082476364e+00,-5.221070537406442558e-01,-2.548580860170053808e-01,3.453838815697407028e-01,-1.361666880203479812e-01,-2.362434022371969478e-01,1.943333378106882336e-01,-3.295651911951059665e-01,1.980344116316253289e-01,-4.398633014339549674e-01,-1.915466440039050200e+00,3.893897857616138158e-01,-8.949348176483447048e-01,-8.603660811551572252e-02,2.710929016137885172e-01,-9.786523199484589153e-01,-1.573665594002724211e+00,-5.837425866725635126e-01,2.344963364075455803e-01,-3.359356038254764365e-01
-9.584790684538657679e-02,1.094192362619518910e+00,1.430907035637598024e-01,3.471924523764907677e-01,-6.011106018124150463e-01,-6.803218072840759856e-01,-2.351303833440698265e-01,-1.661616331898675858e+00,3.356843839468522939e-01,-3.656112280157211569e-02,2.639542437194636992e+00,-5.207552804390741530e-01,-2.537840462367997874e-01,3.407477749990829308e-01,-1.437022627822592269e-01,-2.443364967191975212e-01,1.978907769473901568e-01,-3.347712597629398101e-01,1.985328775841283533e-01,-4.450791942753859476e-01,-1.917063763315222769e+00,3.933465137983375715e-01,-8.934407683905982722e-01,-8.912736519925056056e-02,2.664339191474215385e-01,-9.704399304866954123e-01,-1.572697637702518136e+00,-5.963631605960194593e-01,2.242822781236848140e-01,-3.391045506398957521e-01
-9.512513471493758144e-02,1.094775950948293053e+00,1.431925781452255964e-01,3.462203128141419506e-01,-6.061376585862908728e-01,-6.767507769521330374e-01,-2.339594403589888294e-01,-1.659635629421727820e+00,3.290398006997131697e-01,-2.705161316727433540e-02,2.628496288909343725e+00,-5.185703918506465726e-01,-2.521847341404114262e-01,3.368219853475388215e-01,-1.554084014494256927e-01,-2.518331539775625627e-01,2.030696990785420264e-01,-3.409699092438118750e-01,1.999959535818088274e-01,-4.510142605224365386e-01,-1.919125318983202044e+00,3.974526313408978107e-01,-8.909972484453232422e-01,-9.250681834860237374e-02,2.625515991191967324e-01,-9.644594012264419147e-01,-1.572161947168114748e+00,-6.075014717607016834e-01,2.148109470518337893e-01,-3.431392450414570972e-01
-9.427236733884766795e-02,1.095196516454067570e+00,1.429118978468022771e-01,3.443334330218092987e-01,-6.113778436506176472e-01,-6.733051284021143168e-01,-2.330489718148282818e-01,-1.656893384536825886e+00,3.201971971621400126e-01,-1.772206432006781865e-02,2.617247255685471341e+00,-5.158774787535613804e-01,-2.503059350474405864e-01,3.353773991452464465e-01,-1.689430863741000211e-01,-2.585310683929042952e-01,2.088675621828902651e-01,-3.472827361193143170e-01,2.020456504934234621e-01,-4.567414283594480318e-01,-1.921325369525800131e+00,4.016492358382616756e-01,-8.878981593638596292e-01,-9.602561388752256510e-02,2.594442754811805973e-01,-9.602530457807851860e-01,-1.572086938340532480e+00,-6.165161943112219545e-01,2.062358750052894762e-01,-3.471632049853841662e-01
-9.331054296946680870e-02,1.095450646981358744e+00,1.420627655598769301e-01,3.417685857998472576e-01,-6.162780494614820137e-01,-6.703321638912371760e-01,-2.324873965728358194e-01,-1.653558810171648741e+00,3.116034392053057545e-01,-1.026420237352826392e-02,2.606910837736201803e+00,-5.129597362446489672e-01,-2.483462294938775794e-01,3.368254639789564631e-01,-1.820865262876487090e-01,-2.653016930490234571e-01,2.146140056411388053e-01,-3.531809400810493882e-01,2.044759412592548065e-01,-4.614710264859127609e-01,-1.923287557527873615e+00,4.058094658119292264e-01,-8.847268766429718934e-01,-9.949305849753108111e-02,2.570609717544865558e-01,-9.572479976832902748e-01,-1.572275737490222314e+00,-6.231441991029569305e-01,1.986297010577887379e-01,-3.506168051050712053e-01
-9.225011892706494465e-02,1.095583080427326106e+00,1.406817892964903338e-01,3.390016511780553632e-01,-6.205886376241105395e-01,-6.678475396764087524e-01,-2.322237710636415875e-01,-1.650103547418876992e+00,3.048847032619474429e-01,-5.094089889112228715e-03,2.597746636212751259e+00,-5.099657147292717685e-01,-2.464253063286366285e-01,3.402061237000741367e-01,-1.936400443470612798e-01,-2.726588261384775280e-01,2.199378791168276892e-01,-3.585924790625713565e-01,2.072226551726968902e-01,-4.648150195546545960e-01,-1.924813978131667769e+00,4.098446628232537137e-01,-8.818935017395898024e-01,-1.028112473032930380e-01,2.553800510345337060e-01,-9.549705280675452324e-01,-1.572500667850945222e+00,-6.277207102640011138e-01,1.918819366197628551e-01,-3.533820373952767380e-01
-9.113665278336235964e-02,1.095682983308310154e+00,1.389929961589390084e-01,3.364152883471124844e-01,-6.242825508611899998e-01,-6.657262835937751699e-01,-2.321735682393565869e-01,-1.646769047952819420e+00,3.004821320676170360e-01,-1.745163332648310903e-03,2.589526651103591259e+00,-5.069477023421233852e-01,-2.446282087960563179e-01,3.442146176440072924e-01,-2.031333437111532692e-01,-2.805816834614591193e-01,2.246546342694941689e-01,-3.635665012633390036e-01,2.102556721962114128e-01,-4.667270806061311617e-01,-1.925784083196130148e+00,4.137142408859262321e-01,-8.795135687600997842e-01,-1.060581070180344615e-01,2.544615903142694036e-01,-9.531462725495115640e-01,-1.572557226927156382e+00,-6.309505334108911345e-01,1.856814149409248826e-01,-3.555306621386313815e-01
-9.009147898496833173e-02,1.095825220507358644e+00,1.372775598750878845e-01,3.340495279274016127e-01,-6.274965429338880130e-01,-6.638532217467180141e-01,-2.322884015055463880e-01,-1.643406554844813572e+00,2.995559465545344358e-01,1.014653230343901414e-03,2.581959654044221786e+00,-5.038253482643494374e-01,-2.429818999511353383e-01,3.482670160309718765e-01,-2.106945472003823872e-01,-2.891230169269938255e-01,2.286543532854589389e-01,-3.681937465402606580e-01,2.135690715438525178e-01,-4.674427874014738249e-01,-1.925947712731923112e+00,4.173944113399612466e-01,-8.773757573638842899e-01,-1.094869288228776660e-01,2.543946532087279500e-01,-9.516879220479952384e-01,-1.572418638249122314e+00,-6.334133177434639883e-01,1.796907945830072684e-01,-3.571926010790800743e-01
-8.922296064277442096e-02,1.096022455599455991e+00,1.357591752479675729e-01,3.319429252253593421e-01,-6.302607740777443901e-01,-6.621962517282323768e-01,-2.325540265160614684e-01,-1.639922010389561979e+00,3.012291987183389752e-01,3.850061841983674731e-03,2.575406136870616702e+00,-5.014719153713620425e-01,-2.415892870810696369e-01,3.524414470409422684e-01,-2.164905502710134655e-01,-2.988339843004231833e-01,2.320477792745660739e-01,-3.729583711739283824e-01,2.160932608494088025e-01,-4.670473593674210333e-01,-1.925306875089347836e+00,4.209336475949170264e-01,-8.749452222862582618e-01,-1.131623058378058849e-01,2.542927872168633807e-01,-9.517762746285635123e-01,-1.572076606936937182e+00,-6.348827149286320193e-01,1.738721961525193649e-01,-3.593126527224933531e-01
-8.858111578838098743e-02,1.096257761928423058e+00,1.345314336661258825e-01,3.301691303633008667e-01,-6.325412140612742817e-01,-6.607512668470192363e-01,-2.329985295830467318e-01,-1.636397826740138672e+00,3.044658870133954975e-01,6.830821201389161365e-03,2.570317865022218484e+00,-5.003147125142726193e-01,-2.404683514528055677e-01,3.568939736254313488e-01,-2.205485071020353571e-01,-3.102718576069006806e-01,2.352415333383029716e-01,-3.781227128524711767e-01,2.173029922440765649e-01,-4.655828998725247136e-01,-1.923978196410792929e+00,4.243670232633008355e-01,-8.719687388012047347e-01,-1.171185429410249029e-01,2.533221918147460783e-01,-9.541281718464444950e-01,-1.571478718856628376e+00,-6.350741541280391367e-01,1.683313175859664224e-01,-3.623470764802953492e-01
-8.817921264399486425e-02,1.096504818427103789e+00,1.335941396727055586e-01,3.287892583949463265e-01,-6.343055723692120340e-01,-6.595130039303407354e-01,-2.336592862957639072e-01,-1.632960310659577363e+00,3.086340404328399289e-01,9.838061210703359649e-03,2.566984659475835873e+00,-5.003213135968462844e-01,-2.395788695185847028e-01,3.618420044710935479e-01,-2.228371857928815314e-01,-3.239268287113631906e-01,2.386311742123435331e-01,-3.837117791039463266e-01,2.172070188216465858e-01,-4.631446134332320441e-01,-1.922106582537761010e+00,4.276703466336654325e-01,-8.685130460543354358e-01,-1.214072379601806168e-01,2.510765001193939194e-01,-9.587909402224151778e-01,-1.570557076944777419e+00,-6.338580304775913721e-01,1.632181476294823907e-01,-3.662962350374511233e-01
-8.802504751217818391e-02,1.096750771132460223e+00,1.329120272249793844e-01,3.278731665678236151e-01,-6.355044582982597445e-01,-6.584964825996453275e-01,-2.345541569269633253e-01,-1.629753198317699159e+00,3.133025233818430566e-01,1.271591339159307797e-02,2.565515621206168273e+00,-5.013242847530984259e-01,-2.388697632477944643e-01,3.677413049801401823e-01,-2.232280440593792659e-01,-3.404451803996021986e-01,2.422158122115775358e-01,-3.896687980511051586e-01,2.159711752237786497e-01,-4.598104365907426105e-01,-1.919737457406564207e+00,4.307602342840701759e-01,-8.647754115598802471e-01,-1.265234537882416188e-01,2.471133572753788921e-01,-9.654270021230311194e-01,-1.569159875320676800e+00,-6.313104180609157012e-01,1.586491176113554447e-01,-3.710358164455307972e-01
-8.812796465910949228e-02,1.097001703575660958e+00,1.324455595756767190e-01,3.274818792976822990e-01,-6.360999126980699803e-01,-6.577252183643326200e-01,-2.356481634232623634e-01,-1.626912771568637783e+00,3.180864515641500523e-01,1.543081193878637590e-02,2.565842869167637375e+00,-5.031529653935734592e-01,-2.382983197287045218e-01,3.751176532568591404e-01,-2.215219461885544749e-01,-3.608647551239710927e-01,2.458607526178428759e-01,-3.959241371708392965e-01,2.137595802538146406e-01,-4.557117662779983092e-01,-1.916761516628397111e+00,4.335233614574354744e-01,-8.611552471875003612e-01,-1.339205265021563840e-01,2.409463763604468567e-01,-9.734703258898530498e-01,-1.567047539487782748e+00,-6.277063282797474830e-01,1.546991735982352900e-01,-3.764388519067485839e-01
-8.842724482755942583e-02,1.097267328337625969e+00,1.321514914709581157e-01,3.275353148472934794e-01,-6.361662925994637785e-01,-6.572058187524757455e-01,-2.368421149482138055e-01,-1.624479801433138970e+00,3.223563536609916347e-01,1.749226704644971792e-02,2.567550554963751619e+00,-5.054046972403862803e-01,-2.379405991220806815e-01,3.840900349695345328e-01,-2.181672418492980325e-01,-3.860365368061347002e-01,2.499986648648162002e-01,-4.041266608235498103e-01,2.099576838459401018e-01,-4.512462095371452264e-01,-1.912702608964005568e+00,4.363686754438843574e-01,-8.576851150635571575e-01,-1.429997495040889743e-01,2.342873648480265358e-01,-9.816989964250337763e-01,-1.564246556134897048e+00,-6.230844026991249063e-01,1.504440216106381345e-01,-3.820945280386377485e-01
-8.884761964069252949e-02,1.097559656944292028e+00,1.320044583464003718e-01,3.279101012488222500e-01,-6.358064503761006181e-01,-6.569545093712555461e-01,-2.379829737101012144e-01,-1.622485910735147252e+00,3.257053666772969369e-01,1.863204743903927596e-02,2.570204120312197915e+00,-5.078673883572516479e-01,-2.377960938840855687e-01,3.947486009517308103e-01,-2.137676143579276544e-01,-4.171443895243305833e-01,2.549359112256723847e-01,-4.150064051155795131e-01,2.043820846609310793e-01,-4.468165895645160868e-01,-1.907228765333927933e+00,4.396759711504448775e-01,-8.541328049716854220e-01,-1.528550471224346119e-01,2.281728893979757811e-01,-9.895989811502990952e-01,-1.560933419845354386e+00,-6.175729933329356935e-01,1.452239172546303247e-01,-3.878564456113059999e-01
-8.932603721684136133e-02,1.097881849314901404e+00,1.319870630681457546e-01,3.284535112239437837e-01,-6.351003388637291858e-01,-6.570259136422680335e-01,-2.389200689401824729e-01,-1.620941805316943096e+00,3.278713607704897837e-01,1.877130738234126725e-02,2.573495008209265578e+00,-5.104537710834565756e-01,-2.378191805872845177e-01,4.072103617684310617e-01,-2.088012754801832627e-01,-4.544961375657379232e-01,2.609682792851920063e-01,-4.284920633481586472e-01,1.972128034520010675e-01,-4.428414565244563894e-01,-1.900185930355185127e+00,4.435800886850215785e-01,-8.503085971679220645e-01,-1.628969135884024699e-01,2.228609416997180959e-01,-9.972786617246868213e-01,-1.557421483343486956e+00,-6.113394082413755592e-01,1.389726289236921097e-01,-3.936523684664518519e-01
-8.983001926461790798e-02,1.098241068228172024e+00,1.320982097278988465e-01,3.289384838114356446e-01,-6.341280488565393947e-01,-6.574956051107704313e-01,-2.395425239519148874e-01,-1.619658271972584274e+00,3.286494175594585898e-01,1.809070864935482734e-02,2.577195987466544214e+00,-5.131123053913199117e-01,-2.379658592804257122e-01,4.215647449907212740e-01,-2.032129433995123469e-01,-4.961596616939077942e-01,2.682677906348363006e-01,-4.442392987300009533e-01,1.886660414915871664e-01,-4.397108399002789270e-01,-1.891383836626910009e+00,4.481151295663494127e-01,-8.461474017723819019e-01,-1.727903101907793948e-01,2.183870184413040927e-01,-1.004650184440673222e+00,-1.553928893975609293e+00,-6.047000928718769819e-01,1.319431069273354074e-01,-3.993964337083807936e-01
-9.035880937808796198e-02,1.098654869190630823e+00,1.323527832009599170e-01,3.291056254750170940e-01,-6.329903567474342019e-01,-6.584154439116474133e-01,-2.397966474090386935e-01,-1.618247387813818605e+00,3.278249554845159563e-01,1.695638724468552169e-02,2.581140034819990436e+00,-5.158118061486256511e-01,-2.382111186496224664e-01,4.377898744865880709e-01,-1.964375690301096433e-01,-5.386049975357400932e-01,2.766802985568258544e-01,-4.618755925728220135e-01,1.788905742321960091e-01,-4.379083494189637271e-01,-1.880676393107685973e+00,4.533014698051371361e-01,-8.416298137332793861e-01,-1.823672694059491894e-01,2.147631795134886390e-01,-1.011494606180186162e+00,-1.550279858235061203e+00,-5.983320820938194951e-01,1.240113054819908522e-01,-4.050611682673475045e-01
-9.086125241776263350e-02,1.099143245195759233e+00,1.326562409783302587e-01,3.291212606046667322e-01,-6.318310257024408738e-01,-6.595496447192725764e-01,-2.397144487269759483e-01,-1.616877957046173986e+00,3.260778456386942969e-01,1.545419163275570801e-02,2.584495164844097026e+00,-5.183148345441463967e-01,-2.385406065667806941e-01,4.545067827720777887e-01,-1.902845637741765461e-01,-5.836652645468644041e-01,2.837884043649648302e-01,-4.784052507097356632e-01,1.689353439933780066e-01,-4.379337496150471076e-01,-1.869129807430935264e+00,4.589885882115755655e-01,-8.367846185379055335e-01,-1.923650852006787426e-01,2.112870860708812581e-01,-1.019037138600055625e+00,-1.545781627309080974e+00,-5.919633587842565436e-01,1.158949247183831965e-01,-4.113676704944398410e-01
-9.141148249823659311e-02,1.099718882518391450e+00,1.331541705044081425e-01,3.290048104674694329e-01,-6.309095371313734324e-01,-6.605984426804925036e-01,-2.394132163729661977e-01,-1.615192774852108659e+00,3.233634098561942172e-01,1.465860259194041483e-02,2.586503359696644022e+00,-5.205892696047015322e-01,-2.389915447025971473e-01,4.697637700144550177e-01,-1.872888998080054490e-01,-6.315182373434453655e-01,2.882754880808795495e-01,-4.926177529885659712e-01,1.592630543221666417e-01,-4.398052472642891564e-01,-1.857328032597034273e+00,4.650642571657907509e-01,-8.314171961392480270e-01,-2.033785724983057375e-01,2.076264513204975348e-01,-1.027332353519387897e+00,-1.540528032476238041e+00,-5.858377151391273019e-01,1.074181702458565507e-01,-4.183458121361068871e-01
-9.208976258260526127e-02,1.100371123462041023e+00,1.340340033536591702e-01,3.286692509708791787e-01,-6.304223621569240432e-01,-6.613752057538241358e-01,-2.390125644664148341e-01,-1.612750489045479796e+00,3.193002293070321684e-01,1.533062784410907549e-02,2.586759189427118244e+00,-5.227089509242983656e-01,-2.395837327802034789e-01,4.815967793391518481e-01,-1.891702983863726706e-01,-6.805433227468681290e-01,2.893297021698253979e-01,-5.045195549807446334e-01,1.498972404824065741e-01,-4.431786810832407109e-01,-1.845867210244268586e+00,4.712622016569981698e-01,-8.253396473697403035e-01,-2.155027380504015988e-01,2.036909930237053856e-01,-1.036078535589854077e+00,-1.534980744743722259e+00,-5.785912715659585759e-01,9.813494136023040437e-02,-4.244819005980238757e-01
-9.296103576574563099e-02,1.101100792617670354e+00,1.354892716943111308e-01,3.280774230423355586e-01,-6.303836578759683951e-01,-6.618432810468806160e-01,-2.386331647231057229e-01,-1.609245622529845043e+00,3.135154314550261945e-01,1.757692720253898819e-02,2.585119427396604941e+00,-5.247652975889326443e-01,-2.403031935087938109e-01,4.878897823997067618e-01,-1.969261766461631868e-01,-7.285505833330870873e-01,2.864289692938383203e-01,-5.144298644595503012e-01,1.407202986714567450e-01,-4.473042904376984263e-01,-1.835102204869559106e+00,4.775649780756023310e-01,-8.180103920903456505e-01,-2.288797866994696784e-01,1.995590453966632205e-01,-1.045712965166831099e+00,-1.530001552881415705e+00,-5.707652893409516093e-01,9.046271545594482266e-02,-4.311155836150158405e-01
-9.399473178134221119e-02,1.101951114084559258e+00,1.378597520974261526e-01,3.279744370883151405e-01,-6.303618813959059874e-01,-6.618680627897666202e-01,-2.387620877747089199e-01,-1.605196802490606478e+00,3.070184304877813242e-01,2.035117838816959471e-02,2.581583062656060079e+00,-5.268530018570584117e-01,-2.411204386648219122e-01,4.851500244558792918e-01,-2.115983932935562861e-01,-7.729789369013898570e-01,2.792066819807459965e-01,-5.227501604913833422e-01,1.315566853469495312e-01,-4.501530100417639457e-01,-1.825796125605700926e+00,4.843119340585759769e-01,-8.084595112773532710e-01,-2.427120405827443150e-01,1.947693430894132105e-01,-1.057194668768146162e+00,-1.525986464679277566e+00,-5.626467690543383027e-01,8.607864821688704371e-02,-4.389444539897320863e-01
-9.510713536139800417e-02,1.102884561424580578e+00,1.408248099655766972e-01,3.281479894290132981e-01,-6.301405702533422470e-01,-6.618044236145046444e-01,-2.392836468268605410e-01,-1.600837739813715244e+00,3.001923453326988400e-01,2.248775194741561845e-02,2.576997546277816298e+00,-5.285843221776607148e-01,-2.417207429832956556e-01,4.721586758752927548e-01,-2.310392330396973948e-01,-8.058525442405305439e-01,2.772492625862731375e-01,-5.301574716450209168e-01,1.230034540087215911e-01,-4.520831805474648801e-01,-1.817059622289099563e+00,4.912320018078557005e-01,-7.986952117594608991e-01,-2.560470262886441750e-01,1.909006849172616427e-01,-1.071130678272184111e+00,-1.522039484918189300e+00,-5.527210203643336817e-01,8.175982600771028452e-02,-4.475798628536453161e-01
-9.623676379874515630e-02,1.103854118945899909e+00,1.438958711156843873e-01,3.278678826885492725e-01,-6.297392648890316469e-01,-6.621258883289606878e-01,-2.398341463656375461e-01,-1.595786640103399323e+00,2.926341519475851860e-01,2.353291964263109007e-02,2.572072934663085064e+00,-5.297715033500770554e-01,-2.419835213112861982e-01,4.510944800983369696e-01,-2.532670605549305898e-01,-8.253720616033937141e-01,2.860907838740094356e-01,-5.364792165591550921e-01,1.153372276191969997e-01,-4.546898631752728237e-01,-1.808144039642154199e+00,4.978832232343333164e-01,-7.902736018722645861e-01,-2.680009112836956864e-01,1.889710698757874063e-01,-1.087977305735330136e+00,-1.518844990704121711e+00,-5.397256342353998759e-01,7.440818865943407689e-02,-4.563511626912272745e-01
-9.734917840856965876e-02,1.104813209491497084e+00,1.465356252130200487e-01,3.264328864695608678e-01,-6.292616150401409980e-01,-6.632497052442648533e-01,-2.399415215510432575e-01,-1.589720849532173741e+00,2.840652281910444610e-01,2.331945571425451599e-02,2.567334637228650518e+00,-5.303765689966595254e-01,-2.419015628212586588e-01,4.253402601369724034e-01,-2.763344847344609834e-01,-8.330494980625284818e-01,3.078755000360258731e-01,-5.414465814013859069e-01,1.086303164025439472e-01,-4.595373250478387850e-01,-1.798003312100509898e+00,5.042194334257971144e-01,-7.837686595634344444e-01,-2.784546074743686761e-01,1.893882948834563484e-01,-1.106877618121822726e+00,-1.515490111736615741e+00,-5.253466067484056090e-01,6.645871212961966534e-02,-4.660444266133690339e-01
-9.847389942029469156e-02,1.105674068417336287e+00,1.481779458040219377e-01,3.229618004560741995e-01,-6.288377321211980897e-01,-6.657072370151485563e-01,-2.389406970201941871e-01,-1.582795075185550848e+00,2.771363659283989644e-01,2.239091985190288028e-02,2.563200314306797623e+00,-5.302522530974186354e-01,-2.414563375311938043e-01,3.992676541170995796e-01,-2.978931452164599314e-01,-8.317317215629367322e-01,3.429756342650124856e-01,-5.449319176663582898e-01,1.028992256060670962e-01,-4.684442137985861954e-01,-1.785225299556749912e+00,5.101163336186780306e-01,-7.792454404164421700e-01,-2.874038099631351928e-01,1.921326583781721997e-01,-1.125969797049246379e+00,-1.509861974925475359e+00,-5.116705103314360681e-01,5.821924241143508483e-02,-4.764688730993266175e-01
-9.962966970154538138e-02,1.106310561351631305e+00,1.484494181418198611e-01,3.174685169781713556e-01,-6.285278531257135759e-01,-6.695428437427612955e-01,-2.363870955989744449e-01,-1.576838312292393018e+00,2.752698338653206123e-01,2.081228652560616552e-02,2.559860337056880653e+00,-5.293106527122646288e-01,-2.407435909978628552e-01,3.770821118886307777e-01,-3.165605801740403735e-01,-8.274898426518392247e-01,3.894134821454335871e-01,-5.472782500084977242e-01,9.815209553225828776e-02,-4.823081253732478535e-01,-1.768649380559105477e+00,5.157254250040000931e-01,-7.763063117891152443e-01,-2.947974342698129746e-01,1.970367726201815717e-01,-1.144641075122844853e+00,-1.503083738849129825e+00,-5.016369834157076157e-01,4.651837543766895733e-02,-4.875186720719659750e-01
-1.008297029343531992e-01,1.106761997168207667e+00,1.485316126642500789e-01,3.136351733758024896e-01,-6.284614545328256474e-01,-6.719301321356440093e-01,-2.349022684356020796e-01,-1.572252148186360943e+00,2.782030106499916999e-01,2.094724344090343957e-02,2.556338267680573040e+00,-5.281344260727364182e-01,-2.402824933184735667e-01,3.589128736472961823e-01,-3.344130328627458737e-01,-8.233940775605614881e-01,4.266995644635785956e-01,-5.486894061411695667e-01,9.453833561540124497e-02,-4.939297066080709508e-01,-1.751011151555156964e+00,5.218667773036564927e-01,-7.733508826231735300e-01,-3.018109146338068260e-01,2.028185355314054417e-01,-1.163802016865601807e+00,-1.496425820158089559e+00,-4.897425330040408031e-01,3.511300962631228040e-02,-4.987304086012167015e-01
-1.019715585081189813e-01,1.107056305663873808e+00,1.486803186074148742e-01,3.113628693211949461e-01,-6.280982719663863456e-01,-6.732311818874672227e-01,-2.351728401718878869e-01,-1.567168432055252358e+00,2.809620239778096717e-01,2.220217568672910868e-02,2.552718474270398108e+00,-5.268282596714033428e-01,-2.399119029611581633e-01,3.442225641831184735e-01,-3.518344956826582881e-01,-8.180455307296965461e-01,4.556829408039057006e-01,-5.484537512320604158e-01,9.187240317584453864e-02,-5.014163006021672420e-01,-1.734009561861390658e+00,5.288666916676090235e-01,-7.698844905412981499e-01,-3.085903289005970107e-01,2.086754045512918265e-01,-1.181594956534911756e+00,-1.488886260610351675e+00,-4.712297565200329608e-01,2.820486239876616313e-02,-5.095981917284384544e-01
-1.030019823565791054e-01,1.107247561393048585e+00,1.489786223761720707e-01,3.103727327009562775e-01,-6.270877501383718133e-01,-6.738115750693508543e-01,-2.375030141381290205e-01,-1.559955006999452332e+00,2.793760912006829633e-01,2.498495273217215401e-02,2.549012299367691803e+00,-5.254162577768696218e-01,-2.394783990824554676e-01,3.329511567987470944e-01,-3.685471482496656126e-01,-8.107997304580061293e-01,4.766508401618201884e-01,-5.464434139618450370e-01,8.998927788498427283e-02,-5.029453287145283502e-01,-1.717605364510021548e+00,5.358309607334397207e-01,-7.655009739489946341e-01,-3.142519590307949473e-01,2.143283427165202926e-01,-1.194780555049920645e+00,-1.478895148128585690e+00,-4.428038573210584250e-01,2.894538559549082735e-02,-5.196975952097130369e-01
-1.039246070098771846e-01,1.107389411766808163e+00,1.494356168273017205e-01,3.105142876124241114e-01,-6.252432010324804335e-01,-6.738153552757283338e-01,-2.421253471775518251e-01,-1.549312296172091763e+00,2.704555099091202619e-01,3.047031447173232516e-02,2.545188085808786305e+00,-5.238830524502968711e-01,-2.389047426821341580e-01,3.246223293372297869e-01,-3.847109800885286646e-01,-8.010970856852186461e-01,4.900885708613956226e-01,-5.428186301721380502e-01,8.873980717835736054e-02,-4.973065204125082794e-01,-1.701417682020921918e+00,5.420704736469041940e-01,-7.595934790318912277e-01,-3.183945896483221794e-01,2.200389210931944228e-01,-1.201750623813876873e+00,-1.463597584009280306e+00,-4.026813206999262928e-01,3.886636604691667135e-02,-5.292450077793423580e-01
-1.048466312224792252e-01,1.107407018283680822e+00,1.500462430017510396e-01,3.114860020481858838e-01,-6.225490292596920217e-01,-6.734777015970937475e-01,-2.486703885615431375e-01,-1.535760819317335546e+00,2.560784906220571200e-01,4.128976954172358660e-02,2.541205249574816971e+00,-5.220139625842595832e-01,-2.380939546191845058e-01,3.188497538056526692e-01,-4.001294783526335164e-01,-7.888957947890000710e-01,4.965775980782556331e-01,-5.378444771299590865e-01,8.804218269092112248e-02,-4.839714851020471276e-01,-1.686834617401165470e+00,5.503048052520204125e-01,-7.521515133606681003e-01,-3.225414020752112587e-01,2.268775898810841407e-01,-1.209038909040928367e+00,-1.439787313253116041e+00,-3.634611451524298875e-01,4.352545033858803980e-02,-5.444047295584688584e-01
-1.055615004808276025e-01,1.107375775532274176e+00,1.510054763059519856e-01,3.121201978709609026e-01,-6.203991085287718921e-01,-6.731916705324121342e-01,-2.539678678297786485e-01,-1.523827199331559523e+00,2.454661798754531055e-01,5.583086183632453292e-02,2.535307779890815905e+00,-5.205836885222983046e-01,-2.377173595333984257e-01,3.139594704404402026e-01,-4.132936582653207180e-01,-7.772009965075538096e-01,5.002019664140130439e-01,-5.330085204203833804e-01,8.715825984415118133e-02,-4.708747983529484871e-01,-1.674030249672949777e+00,5.594384383107604553e-01,-7.435774038801377106e-01,-3.261491010294877424e-01,2.345021581653456422e-01,-1.218101729226789276e+00,-1.415305262802775133e+00,-3.257195166631080552e-01,4.476200468571380625e-02,-5.627556039341032879e-01
-1.061951284913502658e-01,1.107242907624957695e+00,1.524208140572569092e-01,3.124040787051947099e-01,-6.186970750906435335e-01,-6.729104356818439436e-01,-2.584746920553581129e-01,-1.513257706753844190e+00,2.372312601713747193e-01,7.101488367705643956e-02,2.528672255691021054e+00,-5.196237042859749300e-01,-2.376593264369599168e-01,3.098893321828198877e-01,-4.255970046202198764e-01,-7.663455896658012412e-01,5.041924276065762323e-01,-5.286955495923614246e-01,8.582916545189556157e-02,-4.593349797957580471e-01,-1.662155643500021540e+00,5.687354893838802994e-01,-7.345854055441355390e-01,-3.283897485476819922e-01,2.426260562808523202e-01,-1.232914897501012907e+00,-1.395123052605902858e+00,-2.880225665013896874e-01,4.485933741318391677e-02,-5.823614914280066390e-01
-1.068470303404565891e-01,1.106969385906522829e+00,1.543286013105705234e-01,3.121775552282295974e-01,-6.173838487304147415e-01,-6.726652429365311825e-01,-2.624953871664867933e-01,-1.503558952345210864e+00,2.300291762373278259e-01,8.483473046510141280e-02,2.522116652749835541e+00,-5.190860089774305131e-01,-2.377538722735306753e-01,3.070380704897305857e-01,-4.378601665458630166e-01,-7.572355495248150881e-01,5.102944184221387403e-01,-5.248248952631436870e-01,8.400654496299833629e-02,-4.501006385229570639e-01,-1.649873892892446792e+00,5.778988068252727262e-01,-7.251526556044808336e-01,-3.292373978545426461e-01,2.511716072042448067e-01,-1.254451997873952562e+00,-1.378250696973986722e+00,-2.504158319720139469e-01,4.462548024424987242e-02,-6.021146377385797610e-01
-1.076439298308463494e-01,1.106618940778369975e+00,1.568753009810774646e-01,3.114979102967188607e-01,-6.161917035031092560e-01,-6.725624803177260302e-01,-2.663391568725526071e-01,-1.494198001693064493e+00,2.229374346990847244e-01,9.562784118880243711e-02,2.516027420470104303e+00,-5.189316327214211766e-01,-2.378842332167723506e-01,3.053561520881287739e-01,-4.501387639189813328e-01,-7.502423476849333639e-01,5.190719751089947209e-01,-5.211424520562470963e-01,8.171539168362174088e-02,-4.433890374737191609e-01,-1.635561835278823928e+00,5.868249468588464524e-01,-7.145429953887807439e-01,-3.293545343991797769e-01,2.603963749765998426e-01,-1.283163248145557267e+00,-1.362885969810619269e+00,-2.137077510862976926e-01,4.331083905783445626e-02,-6.220023526540139347e-01
-1.084737905025250082e-01,1.106369787520092851e+00,1.602156601032521943e-01,3.097544831372300855e-01,-6.150341127296178323e-01,-6.725721036412164455e-01,-2.709848152798524090e-01,-1.482397175514391208e+00,2.154663125497001119e-01,1.029833541410217351e-01,2.510385529664586723e+00,-5.191356181519416468e-01,-2.379782612089094695e-01,3.062464355381961378e-01,-4.636333509455432544e-01,-7.457461507195325412e-01,5.309142866972192953e-01,-5.175006515995637102e-01,7.900464474343171783e-02,-4.403237897022911906e-01,-1.619350724103765016e+00,5.962202875813461533e-01,-7.033982754124692427e-01,-3.285569348167611814e-01,2.700975322616114838e-01,-1.316582800212704907e+00,-1.345411298808703027e+00,-1.825478352947327576e-01,3.915813316424895940e-02,-6.422569568274091312e-01
-1.094177788630357334e-01,1.106258968785281516e+00,1.648282722004868750e-01,3.116081095192829720e-01,-6.121194384241109843e-01,-6.726487333193256202e-01,-2.752341925507736931e-01,-1.472742782004564654e+00,2.250723920584815074e-01,1.113959562923508284e-01,2.504385957168806076e+00,-5.258672339227242754e-01,-2.371859658194437892e-01,2.953784985248887329e-01,-4.707686874974595925e-01,-7.428520426437309476e-01,5.434006921151266489e-01,-5.184501743773326510e-01,7.319942228526830907e-02,-4.334829259752948638e-01,-1.597978630343420026e+00,6.116737076836807896e-01,-6.845341870828848263e-01,-3.377440154038684472e-01,2.776440703754133321e-01,-1.355141551751197326e+00,-1.330975391504751304e+00,-1.513975959097673685e-01,3.379348217375528762e-02,-6.657857969594571657e-01
-1.102749839775596791e-01,1.106363403445551175e+00,1.702341363529455975e-01,3.155069933683476990e-01,-6.075929639834687368e-01,-6.731888054252094244e-01,-2.794690671677780847e-01,-1.463147999469965876e+00,2.462445306554101598e-01,1.185355185856331039e-01,2.497364731221712653e+00,-5.345938103831664456e-01,-2.360427311681546070e-01,2.780646512831818629e-01,-4.718392876841311923e-01,-7.398066257073742102e-01,5.552240435063295898e-01,-5.182221299645562995e-01,6.751312377169653434e-02,-4.244511079745054150e-01,-1.574443589475357230e+00,6.320165133489166198e-01,-6.628436732782720942e-01,-3.498244914747243861e-01,2.886079979347332403e-01,-1.396342349123821380e+00,-1.317315600246733664e+00,-1.209452162095747685e-01,2.782059453152875214e-02,-6.910703044011317076e-01
-1.108996178738881067e-01,1.106730919855305695e+00,1.759861965379006521e-01,3.203995467870138780e-01,-6.017486266207030532e-01,-6.742404581909274830e-01,-2.839762759761132460e-01,-1.452556756849552322e+00,2.748101675495441265e-01,1.235676585100784347e-01,2.488957299506572962e+00,-5.436125849796228371e-01,-2.346486813698385743e-01,2.580730159629627818e-01,-4.679327097653707690e-01,-7.350159322036307064e-01,5.659326514274566344e-01,-5.149752410680923376e-01,6.283608319034406087e-02,-4.147402471411393288e-01,-1.550399407070123026e+00,6.558994020090893606e-01,-6.408070967968797493e-01,-3.596144200736932639e-01,3.045049463698641934e-01,-1.437898686018333150e+00,-1.302190733086671770e+00,-9.166961053150413097e-02,2.167557351243099353e-02,-7.174126375462315242e-01
-1.115255792353602032e-01,1.107265773192710911e+00,1.818250377059568157e-01,3.248383639366465570e-01,-5.957046865062509688e-01,-6.754299205335096978e-01,-2.888100084647173271e-01,-1.439312462733272513e+00,3.051689128101571225e-01,1.293116265316752445e-01,2.478828585882551394e+00,-5.523992811817932669e-01,-2.330829131639428342e-01,2.398077104137287530e-01,-4.638341431797886605e-01,-7.302980316245454295e-01,5.757571217129695551e-01,-5.084018943718119354e-01,5.928401076620174598e-02,-4.067640400890559227e-01,-1.526274847980140903e+00,6.809543978845636891e-01,-6.194233806820325094e-01,-3.640497068549802262e-01,3.251507258435111236e-01,-1.479080947614740627e+00,-1.284529131488706843e+00,-6.275520572705499400e-02,1.574077264961366504e-02,-7.435045323095831327e-01
-1.123611885604599292e-01,1.107868752455278383e+00,1.875384742902544422e-01,3.282089312444818607e-01,-5.901069056542065372e-01,-6.765050318913494731e-01,-2.939280169977962487e-01,-1.422991931802858323e+00,3.337701982244203336e-01,1.367545412383815995e-01,2.466996531126599557e+00,-5.608312587079181677e-01,-2.314038877401737027e-01,2.253943786553806727e-01,-4.627048099602001918e-01,-7.259147308456146419e-01,5.846613836846120682e-01,-4.987840433133667317e-01,5.668039225118982199e-02,-4.017731960858468843e-01,-1.502430689522305185e+00,7.048776699156698022e-01,-5.997067897104563228e-01,-3.627088208285576543e-01,3.497127659421556123e-01,-1.519325057386915701e+00,-1.263563648081292623e+00,-3.306481666871266545e-02,1.001671010104321705e-02,-7.682896822811545734e-01
-1.138728488389076782e-01,1.108365691001751419e+00,1.927639566344075406e-01,3.311456850415761544e-01,-5.845696563871328744e-01,-6.769903061243759401e-01,-3.005078659925534690e-01,-1.399009183689911451e+00,3.590643061785221413e-01,1.444380942462025752e-01,2.455140108631741924e+00,-5.698237558010165182e-01,-2.298506402382319014e-01,2.152990021416454625e-01,-4.668893490557154413e-01,-7.196360114252092766e-01,5.923386669686780959e-01,-4.866694171461114493e-01,5.473542339039227933e-02,-3.971795871504696374e-01,-1.476744310906364488e+00,7.262428180261611965e-01,-5.809246706341165689e-01,-3.586040088919807411e-01,3.776588982641090886e-01,-1.558883343104384922e+00,-1.238352614574339317e+00,-8.194237877433632744e-04,4.250713366520171566e-03,-7.915609319014434986e-01
-1.161016908531012914e-01,1.108603829920783657e+00,1.973742402849294197e-01,3.340915152835529645e-01,-5.795195057052834331e-01,-6.766817146959366314e-01,-3.076391700008480612e-01,-1.370120281442801069e+00,3.793246462213695214e-01,1.526502217517736737e-01,2.442801708646272996e+00,-5.779540856198416288e-01,-2.289467891546707601e-01,2.072744094087191069e-01,-4.764197769388613946e-01,-7.137068152167085344e-01,5.995497728025626083e-01,-4.743850532293969469e-01,5.236930861803539700e-02,-3.930180413841025677e-01,-1.448679968009568331e+00,7.463915462480311680e-01,-5.599227879664638863e-01,-3.563563943369959519e-01,4.024604970113415114e-01,-1.598333069287426911e+00,-1.210970852738655790e+00,3.306779297945584839e-02,-3.425524311992285409e-04,-8.144939044771601910e-01
-1.188345747488513404e-01,1.108602448361847292e+00,2.013282601464087274e-01,3.366077176063471676e-01,-5.750723467973933856e-01,-6.758980399980437648e-01,-3.148804001790478924e-01,-1.338208448344773815e+00,3.943773151144266964e-01,1.616253993147584445e-01,2.429272754544996804e+00,-5.843961685921869043e-01,-2.286323450988655415e-01,2.007513623158367344e-01,-4.916185944967480514e-01,-7.109235903058928052e-01,6.081630719440582755e-01,-4.623482950855538620e-01,4.928669881437332256e-02,-3.896257359671714826e-01,-1.420977538335494339e+00,7.662113606638668584e-01,-5.369611025907203850e-01,-3.571406764013739799e-01,4.212849866540033239e-01,-1.635998709011534213e+00,-1.182373666697567494e+00,6.541940976358932847e-02,-3.290318050456243325e-03,-8.376365809328953915e-01
-1.218227383947272924e-01,1.108372235598962252e+00,2.045910653545227331e-01,3.387779503100724621e-01,-5.709552003932667485e-01,-6.749527440026229508e-01,-3.219913863613747540e-01,-1.305859444154212401e+00,4.054383169594911740e-01,1.704238796559049418e-01,2.414444649337029958e+00,-5.890725346777330174e-01,-2.287966656307578173e-01,1.950728015477485311e-01,-5.125990222926238848e-01,-7.156099810153450091e-01,6.191247183920064456e-01,-4.505587304156597472e-01,4.546432549937865636e-02,-3.866125382880857275e-01,-1.396937401514274146e+00,7.863845915672962317e-01,-5.132314917754802197e-01,-3.606885821937859116e-01,4.331553197129275889e-01,-1.672062999586247933e+00,-1.152917722347525542e+00,9.399553511313124554e-02,-2.500061485006830307e-03,-8.611531182755051139e-01
-1.248027531052032929e-01,1.107849802920489291e+00,2.071359520893468753e-01,3.407688865202649353e-01,-5.671628560143713305e-01,-6.738294095940677852e-01,-3.288719925798941346e-01,-1.275543024883362575e+00,4.136898036097192977e-01,1.788140413768405379e-01,2.398380107101475200e+00,-5.921910098990499360e-01,-2.293759153550715135e-01,1.892929256328278187e-01,-5.388222706884908675e-01,-7.287950273108013688e-01,6.317155013529200946e-01,-4.392017735611605800e-01,4.103171497151921615e-02,-3.835983246992099027e-01,-1.379909359901079213e+00,8.087355288927245978e-01,-4.933789382096434029e-01,-3.651834288790027361e-01,4.372639101487159063e-01,-1.706962507865048773e+00,-1.124257963045270925e+00,1.172107686956282147e-01,2.201067611538596799e-03,-8.859691553017774446e-01
-1.275424836329477341e-01,1.106984280865097592e+00,2.089795396894654766e-01,3.425570047375141591e-01,-5.638447398593827709e-01,-6.724233186528056905e-01,-3.355304581854152701e-01,-1.248566490119429329e+00,4.194319411817202803e-01,1.870178240915946200e-01,2.381163126549264764e+00,-5.941546055442605834e-01,-2.303238458382617648e-01,1.822920518494711983e-01,-5.689584039944531879e-01,-7.480341397613566867e-01,6.447233923728779015e-01,-4.282041279252248867e-01,3.625411699143284150e-02,-3.805195770896924734e-01,-1.372345324502163066e+00,8.342904259980669091e-01,-4.796772412920099482e-01,-3.692938218072547296e-01,4.331919359334719388e-01,-1.741279560178675911e+00,-1.098539840520241562e+00,1.355765336218105188e-01,1.009360534302463676e-02,-9.117921847246366340e-01
-1.301073240670116982e-01,1.105979212238769493e+00,2.102608017771949167e-01,-3.443971695069079075e-01,5.605226408955903405e-01,6.706877761970603258e-01,3.426129028834180579e-01,-1.220046337446101470e+00,4.192923642941130402e-01,1.935565597975712759e-01,2.363124134056662218e+00,-5.967376962763586423e-01,-2.315256908065971009e-01,1.722792305621917153e-01,-5.977783815335142581e-01,-7.631156214184927622e-01,6.541766212890418597e-01,-4.151992918644089037e-01,3.279433967424841972e-02,-3.748658147542399122e-01,-1.372161515610108351e+00,8.619859185145160030e-01,-4.674542517717583667e-01,-3.737445182619674733e-01,4.146634535693567436e-01,-1.774820864970021228e+00,-1.070038902514420798e+00,1.511391612220582825e-01,1.610276681230614348e-02,-9.349229331821836686e-01
-1.326034573461172539e-01,1.104938984668097923e+00,2.110805694300341151e-01,-3.473668573338618559e-01,5.568380673483163124e-01,6.679705254742331899e-01,3.508318832082759631e-01,-1.187637804686360710e+00,4.134857553449705070e-01,1.986056805948300252e-01,2.344509842713307535e+00,-6.000502082200869225e-01,-2.327919947078735674e-01,1.594827023412218048e-01,-6.242952444211582463e-01,-7.754038136384634461e-01,6.568116280831766129e-01,-4.002570978428523496e-01,3.117637326270401854e-02,-3.631631627686833230e-01,-1.379752884612519326e+00,8.905172849379612288e-01,-4.545443180571785424e-01,-3.790214050142480806e-01,3.808364827256628393e-01,-1.805986461335325144e+00,-1.035608236637987956e+00,1.591884844141051580e-01,2.187719002698322937e-02,-9.592847929871455293e-01
-1.346036631026508168e-01,1.104119055253701687e+00,2.118266780390785364e-01,-3.501466390284959651e-01,5.543652320126766231e-01,6.649409154242948983e-01,3.576731744306249072e-01,-1.161099431748402244e+00,4.095023570326729034e-01,2.079179300720402912e-01,2.323632194589652755e+00,-6.008796635911676232e-01,-2.332390604300101089e-01,1.461377006556525415e-01,-6.478837020727782336e-01,-7.893020956185868853e-01,6.538963073333210474e-01,-3.833269955367534232e-01,3.150855113328500379e-02,-3.503887356315217305e-01,-1.399661951938558024e+00,9.191895769668901872e-01,-4.453261084714059126e-01,-3.808820811734103251e-01,3.316913976433197853e-01,-1.834153470827832866e+00,-1.000683858593473419e+00,1.639735597731199479e-01,2.800614377483021458e-02,-9.861510707634235651e-01
-1.361657114553070647e-01,1.103740792357825296e+00,2.128385456074925464e-01,-3.527333790773803379e-01,5.528966200067562120e-01,6.614219124399540739e-01,3.638757268821757318e-01,-1.138071711788538609e+00,4.074611597395851881e-01,2.207974911714925825e-01,2.300982966062066204e+00,-6.009969968631663217e-01,-2.335877717091865702e-01,1.319577402249141607e-01,-6.690815315318612289e-01,-8.026479007054797554e-01,6.468633374641614697e-01,-3.643819952086300717e-01,3.347777588274788996e-02,-3.374642602053579132e-01,-1.432631699740300357e+00,9.489284652502855133e-01,-4.413479655699618642e-01,-3.759155920850438815e-01,2.693774542352997958e-01,-1.859878499376370176e+00,-9.693145048062324909e-01,1.742084759165626329e-01,3.479457714930582479e-02,-1.013915778633747822e+00
-1.374164132916591285e-01,1.103930064551074786e+00,2.144114049896864993e-01,-3.552074134580145426e-01,5.519963943045500532e-01,6.572022032554202253e-01,3.704235719592155474e-01,-1.115732176357830507e+00,4.073732890704600540e-01,2.365372925775339197e-01,2.277097225747663156e+00,-6.010269324447650163e-01,-2.340838337183319962e-01,1.164156538078481018e-01,-6.882634680898737090e-01,-8.131731207926053973e-01,6.365382606983681635e-01,-3.435027162620862828e-01,3.700097309920305499e-02,-3.253239368785010299e-01,-1.476259465665748838e+00,9.805273836651753339e-01,-4.382005735189203888e-01,-3.653305306055977253e-01,1.985889760225613143e-01,-1.883665860425482563e+00,-9.386213567897617738e-01,1.905967465040481756e-01,3.989084123420073152e-02,-1.041164669403134679e+00
-1.385371064407630026e-01,1.104657220086679104e+00,2.165928643351440475e-01,-3.579285580612687201e-01,5.513755404237864477e-01,6.522329745743313811e-01,3.774444430965676056e-01,-1.093839307765214208e+00,4.089915103258676687e-01,2.533051662803790238e-01,2.252315498289771512e+00,-6.006563331168395248e-01,-2.348964267671689865e-01,9.851169175327925687e-02,-7.055089679291958182e-01,-8.205239021999903848e-01,6.235420012593366756e-01,-3.208936625604706938e-01,4.280290599813958013e-02,-3.131377435468425396e-01,-1.530353435483043922e+00,1.013126185336851615e+00,-4.405374419893254290e-01,-3.460154651794059566e-01,1.315304804701105668e-01,-1.904979465006749972e+00,-9.086051353785306040e-01,2.100530888576994382e-01,4.272537007911728774e-02,-1.066798494695691435e+00
-1.398255036261079332e-01,1.105921947638689895e+00,2.193071099614044284e-01,-3.605906971607310552e-01,5.510785858622883060e-01,6.468368594038886865e-01,3.845631529952818761e-01,-1.071814273099466197e+00,4.104737821829187450e-01,2.700042142728543149e-01,2.226698182018334915e+00,-5.997699949245672846e-01,-2.359678916137272764e-01,8.067215573109914883e-02,-7.215218492027238861e-01,-8.229690901608623932e-01,6.118230725886760757e-01,-2.976000460852372687e-01,4.763116259113477774e-02,-3.017331157167125744e-01,-1.592849601667973625e+00,1.045471032442686576e+00,-4.511122838547906300e-01,-3.182149248626058857e-01,7.176860652093189352e-02,-1.923926423806645136e+00,-8.794037782593091546e-01,2.308686380304350305e-01,4.332439199181176148e-02,-1.090344626863205102e+00
-1.415010518215702451e-01,1.107762401847667721e+00,2.226235782424892395e-01,-3.634998252493745197e-01,5.509048835843655123e-01,6.410477676234316302e-01,3.917007096133293675e-01,-1.049770641192787402e+00,4.113190144158959671e-01,2.856554111838480736e-01,2.200147825596834750e+00,-5.983800267056827993e-01,-2.372218168410552552e-01,6.191997173935347154e-02,-7.365288391346704877e-01,-8.207507890587855126e-01,6.005767821828900122e-01,-2.727077036672317933e-01,5.299158976909067870e-02,-2.908214259143948044e-01,-1.661576989209951893e+00,1.076988900970915708e+00,-4.712320269581878329e-01,-2.835294940438534139e-01,1.969425641139208039e-02,-1.941123877781244067e+00,-8.509509961526992017e-01,2.519190246779249853e-01,4.219610182646425095e-02,-1.111704572140356229e+00
-1.437401993103870901e-01,1.110220906584638012e+00,2.266307069327600787e-01,-3.669535349653517131e-01,5.506803900777542671e-01,6.348261294060200122e-01,3.988641889378590766e-01,-1.027797205682230652e+00,4.112054144666150712e-01,2.996229180472672060e-01,2.172491655363192109e+00,-5.965301236287473552e-01,-2.385954130522784655e-01,4.117412928314990311e-02,-7.509930420742675361e-01,-8.148814279980884923e-01,5.891336089209087135e-01,-2.452667479948547613e-01,5.957320134806085715e-02,-2.799649253263988280e-01,-1.734444445315283634e+00,1.107402111624958163e+00,-5.012363256754018837e-01,-2.438862069223238227e-01,-2.539794673239104128e-02,-1.957277640174921896e+00,-8.232160497506704200e-01,2.723361634677897714e-01,3.987068704657128343e-02,-1.131126993999304053e+00
-1.466573466976362761e-01,1.113336188574741703e+00,2.313965930108383973e-01,-3.710772272063861399e-01,5.501995459313112624e-01,6.282081464609178267e-01,4.061239660817087538e-01,-1.005743619992687021e+00,4.099637352940455060e-01,3.114806977243382846e-01,2.143573373337802401e+00,-5.942678884152223784e-01,-2.400425146520149544e-01,1.710055971817308826e-02,-7.654863035418874029e-01,-8.057221868087387495e-01,5.782826401654634907e-01,-2.141026690750351125e-01,6.697192373934314491e-02,-2.687923575971526424e-01,-1.809635333971460369e+00,1.136584202442010527e+00,-5.402999801394586799e-01,-2.011687347296733375e-01,-6.709053859952159027e-02,-1.973076872174549523e+00,-7.961245932042965157e-01,2.915690016667818463e-01,3.646005313763706068e-02,-1.149086750395067025e+00
-1.501721294401117124e-01,1.117031711644291159e+00,2.367388305643155222e-01,-3.754166485421589483e-01,5.494305144781131967e-01,6.213842538476973543e-01,4.136061639142109003e-01,-9.829308917418236868e-01,4.074137972378578665e-01,3.222709258664117615e-01,2.113544143501608907e+00,-5.916320744946297339e-01,-2.414761744268844601e-01,-1.086524560143659057e-02,-7.798748147400649255e-01,-7.885671322795964056e-01,5.688277518602593563e-01,-1.790333487931027867e-01,7.217561350307406809e-02,-2.574172665219938705e-01,-1.885876446100086312e+00,1.163814922766285731e+00,-5.848106922775044847e-01,-1.569385767569426438e-01,-1.213805565151303001e-01,-1.988959760836228607e+00,-7.692678671688981673e-01,3.104300618945086132e-01,3.268688158826539569e-02,-1.166287585882843203e+00
-1.541532386353694495e-01,1.121207823333528308e+00,2.424181352879393736e-01,-3.797398160754603680e-01,5.484924530623807026e-01,6.143745575711309082e-01,4.213046451558117300e-01,-9.592824672350978021e-01,4.034736187957935205e-01,3.327437473340127405e-01,2.082563066631732074e+00,-5.887247036306809678e-01,-2.429170543935599003e-01,-4.185518139603737475e-02,-7.932727507317843818e-01,-7.624119693518012220e-01,5.601106068411704220e-01,-1.405889925762281722e-01,7.522154561076802026e-02,-2.459843009210138376e-01,-1.962253236411885426e+00,1.188543635935109810e+00,-6.330975133679016542e-01,-1.114711437206611921e-01,-1.918374419313316759e-01,-2.004800762367977995e+00,-7.423999859579109017e-01,3.293831340546184983e-01,2.911625334431718060e-02,-1.183082602352185653e+00
-1.584643359312237210e-01,1.125767322854899666e+00,2.482004380733746352e-01,-3.838170397188797600e-01,5.475614243928355052e-01,6.072697944019842531e-01,4.290512596658721534e-01,-9.350091746915637492e-01,3.978932936330530912e-01,3.433109495121766663e-01,2.050766021918534410e+00,-5.856434875419106456e-01,-2.443891379309289513e-01,-7.477870564616964644e-02,-8.047413338864978227e-01,-7.271150980097417227e-01,5.522339115164581758e-01,-1.004066046351373143e-01,7.651105771922217524e-02,-2.349655787355769410e-01,-2.037905340444263302e+00,1.210228234278801107e+00,-6.840845620445084041e-01,-6.460515649738363120e-02,-2.778316377602439990e-01,-2.020292215849571971e+00,-7.154380035946291683e-01,3.487265461962396063e-01,2.616630237557519834e-02,-1.199668334119724733e+00
-1.629799935379123710e-01,1.130622033248274816e+00,2.538812739962401088e-01,-3.874908842529292130e-01,5.467950250782994681e-01,6.001700965967998735e-01,4.366484516421563766e-01,-9.106261924974359268e-01,3.901044915118878631e-01,3.540072898938129708e-01,2.018242602328665036e+00,-5.824483904130176581e-01,-2.459013350144470256e-01,-1.083290589726400854e-01,-8.135102432002413453e-01,-6.832402191053918994e-01,5.455236388536893744e-01,-6.129033612114646867e-02,7.637643672803130779e-02,-2.248737116630180055e-01,-2.112015113160341073e+00,1.228452052745792056e+00,-7.369192254119687480e-01,-1.613598996031100075e-02,-3.775173040479671283e-01,-2.035059937651379158e+00,-6.883680436506557365e-01,3.686602218320323421e-01,2.415107347383714867e-02,-1.216160810131110326e+00
-1.676134369158907012e-01,1.135699790626777839e+00,2.593423449364169464e-01,-3.907833033670728984e-01,5.460841570835356373e-01,5.931151588875768210e-01,4.441789183309434730e-01,-8.875524209930768516e-01,3.777391118593934616e-01,3.627710842548834691e-01,1.984972866671480540e+00,-5.791556468156481285e-01,-2.474785746359168814e-01,-1.413235053405769159e-01,-8.192988363894406767e-01,-6.325192476691490207e-01,5.405140715639419335e-01,-2.629146593024559581e-02,7.606079719537037209e-02,-2.154120759230155890e-01,-2.183840205699298931e+00,1.243118390794362593e+00,-7.906663323983692537e-01,3.412960682096943116e-02,-4.823840260237122757e-01,-2.048909870660609478e+00,-6.612885728613741021e-01,3.893666583517263469e-01,2.329787658266750314e-02,-1.232536753904363902e+00
-1.724186687613743496e-01,1.140960244873671314e+00,2.645957179683282035e-01,-3.938605456086929912e-01,5.446509585922960639e-01,5.862490382758772656e-01,4.522623895902957991e-01,-8.676163096317504042e-01,3.561068849338589470e-01,3.633397049323215389e-01,1.950619651437277779e+00,-5.760889784232242627e-01,-2.491937275746712865e-01,-1.725369028503443702e-01,-8.226765473832355902e-01,-5.796444975698915592e-01,5.390725394921692670e-01,1.879065970586034362e-03,7.988939721769232338e-02,-2.044642763638637728e-01,-2.252010435722653359e+00,1.254822254253103564e+00,-8.434319442671509570e-01,8.647138558835418265e-02,-5.613881786044415678e-01,-2.062107284173953836e+00,-6.348127066456553669e-01,4.112748661184146837e-01,2.362937544629948108e-02,-1.248377238360166785e+00
-1.774119381762988834e-01,1.146408216381753498e+00,2.696233947263070307e-01,-3.968048650566701196e-01,5.420424267230464777e-01,5.796925076790195863e-01,4.611866382659097763e-01,-8.500181541536395713e-01,3.276952177806670141e-01,3.558441248307038784e-01,1.915049215438759722e+00,-5.733609591854869070e-01,-2.508227569135758617e-01,-2.021067956976381752e-01,-8.235642934428354378e-01,-5.277476004712264857e-01,5.403775153349967830e-01,1.825765475628040799e-02,9.067356506890715540e-02,-1.909397580148992635e-01,-2.315872028259873705e+00,1.264678653449999635e+00,-8.945143371323923676e-01,1.402354934776869899e-01,-6.076961213360368985e-01,-2.074506660234924471e+00,-6.094431996926737982e-01,4.344950623252831212e-01,2.466988672021845630e-02,-1.263583375705006340e+00
-1.826135432033563766e-01,1.152046615076843361e+00,2.743607797971971962e-01,-3.993080113156176614e-01,5.385323339721561631e-01,5.738308353403168693e-01,4.703766679782305782e-01,-8.323062564569955191e-01,2.985439195299632864e-01,3.444986814329112357e-01,1.877909632409289653e+00,-5.712374407255440545e-01,-2.522684109194590074e-01,-2.297249657315793281e-01,-8.226671496617417034e-01,-4.795020181733198328e-01,5.427580382672740900e-01,1.921481587986761594e-02,1.089758707301764912e-01,-1.759551368724743270e-01,-2.374841536732819058e+00,1.273594692293062325e+00,-9.437462646978594938e-01,1.944915109764332739e-01,-6.226985932545948677e-01,-2.085630026580172824e+00,-5.858313946499101865e-01,4.590695949654811647e-01,2.577912413783547269e-02,-1.278189083981735807e+00
-1.880333003083591303e-01,1.157825731970999028e+00,2.786679737040517191e-01,-4.010155497124016644e-01,5.346508351458915120e-01,5.690634758100594492e-01,4.790634340728111562e-01,-8.131781386551538704e-01,2.710102602575316655e-01,3.308536350541672055e-01,1.838812433000485358e+00,-5.700320993919503199e-01,-2.536794562532057595e-01,-2.537907162511237602e-01,-8.214076229196687340e-01,-4.362123664463757877e-01,5.480827079977824701e-01,1.498542724290674415e-02,1.314891011193642101e-01,-1.610681169373484600e-01,-2.428519236401540216e+00,1.282186928378800994e+00,-9.913822152345476146e-01,2.484426380339875007e-01,-6.101625458045665251e-01,-2.094730851227989188e+00,-5.646926298140426681e-01,4.850160290095646420e-01,2.644816175136028777e-02,-1.292230231860148626e+00
-1.936589518232359475e-01,1.163652737486756461e+00,2.824465337952823951e-01,-4.019058342361781500e-01,5.308389252231081601e-01,5.652687909841399572e-01,4.869835005564618347e-01,-7.928899368044989293e-01,2.448071687031924959e-01,3.151858977917692539e-01,1.798069635991059068e+00,-5.692980443579339633e-01,-2.550897889781028605e-01,-2.755861424496957035e-01,-8.218406829906541589e-01,-3.976432848894575489e-01,5.595058655728435415e-01,8.499002970618646513e-03,1.552488221998170048e-01,-1.466842762884765505e-01,-2.476404805590806557e+00,1.290785196624754549e+00,-1.036878649672452246e+00,3.009802458968552363e-01,-5.803845052727631959e-01,-2.101358102219875512e+00,-5.463846932237544918e-01,5.121238336234672506e-01,2.714149615871326235e-02,-1.305579818690582483e+00
-1.994070113040591896e-01,1.169319952659095829e+00,2.855832184735740409e-01,-4.023217882519957156e-01,5.275341535725489583e-01,5.612297810190580716e-01,4.948400228320244953e-01,-7.714304263009501561e-01,2.198587224830801101e-01,3.011184757343896568e-01,1.757479097597692386e+00,-5.675736829452620036e-01,-2.563210499084978000e-01,-3.022191325485008573e-01,-8.296468374767428378e-01,-3.641581682664800645e-01,5.857495353986853504e-01,-3.227528060676626391e-03,1.740915536637506200e-01,-1.315047148522628939e-01,-2.516661851279975881e+00,1.298817166270739731e+00,-1.077316843210590624e+00,3.504355042549394117e-01,-5.596703034143297728e-01,-2.105791711620771167e+00,-5.301758714708186826e-01,5.395569193069664760e-01,3.069805261501694707e-02,-1.317635321121569225e+00
-2.051927864257960810e-01,1.174705110478361902e+00,2.880662114931702433e-01,-4.022759903527586278e-01,5.246986410441493165e-01,5.567387451428007505e-01,5.028989295364919565e-01,-7.487111379412365597e-01,1.959724437571518652e-01,2.897962974761230659e-01,1.718274272626427290e+00,-5.643901109724506204e-01,-2.573808912681123107e-01,-3.360354811951718479e-01,-8.467187103166498030e-01,-3.359884532248142985e-01,6.293913009200100550e-01,-1.998741901377161859e-02,1.867705966709201915e-01,-1.155761504193995315e-01,-2.549167825380256769e+00,1.306020672760942469e+00,-1.111951865497753156e+00,3.970067058086339529e-01,-5.553788801879050441e-01,-2.109017230282314248e+00,-5.155251234214504041e-01,5.667689494524902338e-01,3.778768212018590589e-02,-1.328504888433381659e+00
-2.109108055472853349e-01,1.179732099683552526e+00,2.899523071580394351e-01,-4.015909489037094993e-01,5.222102917430891944e-01,5.521315679448157709e-01,5.110497555375748124e-01,-7.249529123194937696e-01,1.728211176975932573e-01,2.811629397898202098e-01,1.681224072677768078e+00,-5.596230301511331273e-01,-2.582956613138168156e-01,-3.769784706371513416e-01,-8.733110186280179654e-01,-3.128662032419998185e-01,6.900622717463315015e-01,-4.081400003054007353e-02,1.935750982722386770e-01,-1.001771675831696351e-01,-2.574540134125437696e+00,1.312251886073914520e+00,-1.140973266547300469e+00,4.416968206027810373e-01,-5.682193034638473028e-01,-2.112045868929547598e+00,-5.017987085483796017e-01,5.936380569622443648e-01,4.661299090420864544e-02,-1.338623656267961426e+00
-2.164552183575223221e-01,1.184343636484009199e+00,2.913021675550007683e-01,-4.000760972027252449e-01,5.198765716249719171e-01,5.479855651730969335e-01,5.190176173160431228e-01,-7.004786013200191563e-01,1.503416934023429630e-01,2.746525349358460155e-01,1.646888135778351359e+00,-5.532855393589514170e-01,-2.590864714469152119e-01,-4.238699275657023535e-01,-9.089859827138009329e-01,-2.940681445341091771e-01,7.661165907624959415e-01,-6.477057279387467281e-02,1.952015517101109432e-01,-8.695063152307477838e-02,-2.593511785301983341e+00,1.317310785801380613e+00,-1.164895360010897107e+00,4.856708579062813391e-01,-5.967629325962507947e-01,-2.115738968515685325e+00,-4.883693639196026726e-01,6.202295761018644660e-01,5.577052343083086644e-02,-1.348348292472434817e+00
-2.217358916780581835e-01,1.188531472986807058e+00,2.921540739977339096e-01,-3.978660132381466874e-01,5.176646090591413563e-01,5.446115501069720422e-01,5.264265011323144838e-01,-6.763086976822534346e-01,1.288422253721327460e-01,2.695976514674012225e-01,1.615302921568627426e+00,-5.457191403449552780e-01,-2.599035040020198917e-01,-4.768196289973156143e-01,-9.514881731923554575e-01,-2.756017113179923261e-01,8.542504315965834261e-01,-9.105246494748198138e-02,1.913430643137624954e-01,-7.683558106674050203e-02,-2.607214082381444697e+00,1.321075665802302179e+00,-1.184972914679592648e+00,5.294492101390358973e-01,-6.368549372562798405e-01,-2.120410128849664844e+00,-4.748967341958001409e-01,6.462411747677848650e-01,6.507418584648366755e-02,-1.357519457960808529e+00
-2.267347312820567895e-01,1.192380043748638707e+00,2.925272554745246834e-01,-3.957357113306106955e-01,5.158871437478163013e-01,5.413579898216651642e-01,5.330902630414676713e-01,-6.544556041581496286e-01,1.087678126817182567e-01,2.656915385908957261e-01,1.585475848119752618e+00,-5.378839652258365911e-01,-2.611614140168106446e-01,-5.403682848436254238e-01,-9.947406146299276886e-01,-2.470332724138807334e-01,9.482852092543438971e-01,-1.190643752243260717e-01,1.795755526019855997e-01,-6.872728151490826998e-02,-2.617872294784087561e+00,1.324053688110015781e+00,-1.203771174823439649e+00,5.721344463675628322e-01,-6.798996957982750278e-01,-2.124924219195629682e+00,-4.614954894473463631e-01,6.706938617822508775e-01,7.375571811546169365e-02,-1.365236788795640699e+00
-2.314887139337164501e-01,1.195958231080203715e+00,2.924483904302461190e-01,-3.938762569328905783e-01,5.146126832057681399e-01,5.380079624001015137e-01,5.390572445505076304e-01,-6.352390784802744994e-01,8.984704430690160226e-02,2.624751623115737509e-01,1.556638318326699855e+00,-5.302223834735327879e-01,-2.629163942191986014e-01,-6.161555070503097475e-01,-1.035597263343557728e+00,-2.053924124908843574e-01,1.044298032713310231e+00,-1.489590730943808894e-01,1.600730553573913584e-01,-6.198916948286353756e-02,-2.626792557345376533e+00,1.326533277398652011e+00,-1.222411133946960549e+00,6.133448966326756624e-01,-7.228278052746652804e-01,-2.128639026992766414e+00,-4.483646432283838190e-01,6.931742087259730178e-01,8.144943655371912616e-02,-1.371273995582621641e+00
-2.360596563212537802e-01,1.199329311734880665e+00,2.919495006618644806e-01,-3.922305595146449164e-01,5.137966632948447465e-01,5.345253594347240123e-01,5.444729718646199590e-01,-6.181965260643397242e-01,7.149906531879779426e-02,2.594787540713571761e-01,1.528155473400048425e+00,-5.229455126363600215e-01,-2.640519893749483371e-01,-7.044547496244897289e-01,-1.072253757836490129e+00,-1.508451394271816126e-01,1.140030007668101586e+00,-1.809470705356236164e-01,1.337491328724956796e-01,-5.619868189691987204e-02,-2.634744115304361589e+00,1.328702936848106697e+00,-1.241236855746363998e+00,6.529263503608380148e-01,-7.646324208012373891e-01,-2.131149292535305495e+00,-4.357076774760245685e-01,7.135779814557637879e-01,8.801414758788227155e-02,-1.375632189100202352e+00
-2.405161771154324113e-01,1.202556800950677518e+00,2.910674984756624339e-01,-3.906618495802579583e-01,5.133646530786394324e-01,5.309087015272468957e-01,5.495239934207408750e-01,-6.025793932153737931e-01,5.309491472372447618e-02,2.563361462897795207e-01,1.499497694707742523e+00,-5.161329498491412648e-01,-2.646840543887717945e-01,-8.048344289570804611e-01,-1.103449076166021614e+00,-8.483714727503191555e-02,1.234376057875269384e+00,-2.150918952800766615e-01,1.016295583311882106e-01,-5.097540432667775623e-02,-2.642214827671881316e+00,1.330709662156708495e+00,-1.260202202280270134e+00,6.908186235348652282e-01,-8.050828162315630809e-01,-2.132147031406101512e+00,-4.237116119939933756e-01,7.319680546819040678e-01,9.341365150796585026e-02,-1.378379514855133436e+00
-2.448454251495995049e-01,1.205755748402048910e+00,2.899235311518560954e-01,-3.892453290347331896e-01,5.129336528493432246e-01,5.273638329354687349e-01,5.543234879660817738e-01,-5.875005324539183116e-01,3.530211322051700351e-02,2.526886547244356351e-01,1.470831067716254825e+00,-5.096508138125849241e-01,-2.649825058218293616e-01,-9.141582131230727715e-01,-1.126493445593336862e+00,-1.002725894373023008e-02,1.326503681744857888e+00,-2.501114247850813044e-01,6.832856585801165561e-02,-4.593364818514151376e-02,-2.649183837247441442e+00,1.332694742941876731e+00,-1.278449403377137195e+00,7.275507698737700979e-01,-8.407788779886931074e-01,-2.131795794694128166e+00,-4.126916648493591522e-01,7.476949525886465997e-01,9.773570942843923248e-02,-1.380571313791993493e+00
-2.488286337341176491e-01,1.209119483447291588e+00,2.887679159785320748e-01,-3.885394421925923991e-01,5.117270538332996388e-01,5.242768636244427016e-01,5.588437120554169413e-01,-5.722346747507492948e-01,2.108838605769081803e-02,2.485113804990942976e-01,1.443478633750972184e+00,-5.030590275353252760e-01,-2.651874526978472146e-01,-1.024283112151590958e+00,-1.136539647048126600e+00,6.858826259125669345e-02,1.415627313394305142e+00,-2.827092019639276255e-01,4.384567840887051982e-02,-4.064025916000373051e-02,-2.655050866893271522e+00,1.334648751237101250e+00,-1.294238210784890430e+00,7.644657434791699568e-01,-8.631639272302901178e-01,-2.130338130083813564e+00,-4.023322303789454990e-01,7.620726943781425122e-01,1.010233177700509966e-01,-1.382270272572490688e+00
-2.522591186332582280e-01,1.212689904487103787e+00,2.876575056986909740e-01,-3.888677679741750493e-01,5.096487567382935735e-01,5.212739156322233613e-01,5.633058748738061228e-01,-5.565932318600365081e-01,1.177672297330927854e-02,2.452781254820099455e-01,1.418197674766429550e+00,-4.961152466684794482e-01,-2.654836198716605256e-01,-1.130083233439771906e+00,-1.132214493356348273e+00,1.467213396969327399e-01,1.502392730107862340e+00,-3.118322255923612341e-01,3.016238331761922353e-02,-3.431088639760199177e-02,-2.659704762425201707e+00,1.336317291674813168e+00,-1.307193086313153785e+00,8.019141219225238704e-01,-8.710943426379017529e-01,-2.127326305167315912e+00,-3.923353439401285336e-01,7.750932311001973440e-01,1.032887848414700688e-01,-1.384177405207033473e+00
-2.549590800438469307e-01,1.216405036634564452e+00,2.865152218658356120e-01,-3.902677243127888884e-01,5.069290542358965146e-01,5.178779944001102864e-01,5.679058435280460726e-01,-5.405978029494740156e-01,7.632784922857039148e-03,2.445820222550946221e-01,1.395499351131505694e+00,-4.887047607999416288e-01,-2.659848982862651479e-01,-1.228441929744523486e+00,-1.114406651203564635e+00,2.213898041702066499e-01,1.587642667362996640e+00,-3.372991799211521036e-01,2.668125616252269711e-02,-2.649614741107020333e-02,-2.663087043214678484e+00,1.337298970529516851e+00,-1.317457436790026692e+00,8.400576498764785738e-01,-8.658422154641353119e-01,-2.122053860844310691e+00,-3.824414940500868720e-01,7.861872877546198790e-01,1.045687374777767298e-01,-1.387082568422064899e+00
-2.567784099551356780e-01,1.220159800171052300e+00,2.852455120784737064e-01,-3.925174751076654367e-01,5.040772864450847601e-01,5.139361545109160101e-01,5.724558935951266081e-01,-5.237248963040050942e-01,8.922135179977586095e-03,2.480661070788799383e-01,1.375048619101849612e+00,-4.810651776844122596e-01,-2.667596381699135488e-01,-1.317785515626147319e+00,-1.085675303435617467e+00,2.912221088116621615e-01,1.671858829082975673e+00,-3.593345632980604609e-01,3.211473234219572315e-02,-1.861205801608320498e-02,-2.665112002325173535e+00,1.337566219930771849e+00,-1.325513875149661569e+00,8.789814092832897163e-01,-8.492200476023106237e-01,-2.114729250210401812e+00,-3.716863441240935151e-01,7.962489003830345302e-01,1.058647472108035087e-01,-1.390911712656176968e+00
-2.576739735083533045e-01,1.223900942958615179e+00,2.838068502189755038e-01,-3.954174252132662826e-01,5.012144540476428656e-01,5.098959910498255255e-01,5.765719462502059134e-01,-5.048940401448026583e-01,1.677806610650455985e-02,2.570494590906967081e-01,1.356737680767530652e+00,-4.742643872683828254e-01,-2.677454019146015551e-01,-1.394898586555012532e+00,-1.050258655142461750e+00,3.520508870042189375e-01,1.754400287234397116e+00,-3.792320268913167980e-01,4.258638611085664022e-02,-1.298145523906248100e-02,-2.665894488313290456e+00,1.338006753673846916e+00,-1.331604788231331327e+00,9.172644188098019180e-01,-8.262684639863230318e-01,-2.106485924041504809e+00,-3.592612003114386554e-01,8.065532211911976557e-01,1.082554732252278412e-01,-1.395617485781828426e+00
-2.577350229271315740e-01,1.227665826085742928e+00,2.821510826150929185e-01,-3.990975869393832975e-01,4.975308664245144397e-01,5.064064215187787932e-01,5.802901768068955413e-01,-4.826693621913343835e-01,3.384974258644563028e-02,2.734128152794487177e-01,1.341675555502020556e+00,-4.700322304448841804e-01,-2.687078584978941920e-01,-1.454887952719058797e+00,-1.013016831220848291e+00,3.958259025680657128e-01,1.833593176407974257e+00,-3.993702160366857656e-01,5.151086852038863628e-02,-8.967804084380831542e-03,-2.665862388113925618e+00,1.339608505771330949e+00,-1.335502981416620161e+00,9.517266667776637101e-01,-8.056470515724729609e-01,-2.097655221657153568e+00,-3.456426594151231213e-01,8.154726708232684640e-01,1.106168547500465255e-01,-1.401055530618458889e+00
-2.570823705726212882e-01,1.231346739863485196e+00,2.800295253273578089e-01,-4.036677070690253832e-01,4.924254561346813608e-01,5.035750389358680801e-01,5.839369372060760899e-01,-4.557198095488367295e-01,6.426228955161279732e-02,3.016062967787563331e-01,1.331248516795518810e+00,-4.683697410131855698e-01,-2.695426533346048092e-01,-1.498734501507756001e+00,-9.769373044436472364e-01,4.217875804014619145e-01,1.909047332046067469e+00,-4.205147555312643837e-01,5.719514033426294913e-02,-5.112808561400603025e-03,-2.664993254616625062e+00,1.342253291377307090e+00,-1.338004764439920669e+00,9.820302066064688917e-01,-7.897104759690680709e-01,-2.088646806501010200e+00,-3.313025565706856357e-01,8.223296636365301504e-01,1.124562806389892838e-01,-1.407046746639110113e+00
-2.558090356500092311e-01,1.234831673910979699e+00,2.772430282688944092e-01,-4.088100829908826728e-01,4.858046349136299624e-01,5.013899840321034418e-01,5.877722829920694059e-01,-4.238975049448505672e-01,1.100460831524334715e-01,3.449388905244118453e-01,1.326645046823999641e+00,-4.684458675109434145e-01,-2.701432351516146468e-01,-1.529692595037477121e+00,-9.442443846544222863e-01,4.323300522574784477e-01,1.980847075468673557e+00,-4.427904107082780705e-01,5.952924171260224467e-02,-6.802897566802572349e-04,-2.663229506101796318e+00,1.345544548509645111e+00,-1.339870392950306410e+00,1.008733235463090905e+00,-7.786603903468632959e-01,-2.079882709987801448e+00,-3.161243959344545162e-01,8.263237813964796619e-01,1.135895825896924421e-01,-1.413541680655207244e+00
-2.539625506233327279e-01,1.238087485526466303e+00,2.737813100225875429e-01,-4.140549813679589297e-01,4.779335971803868044e-01,4.996772082904263335e-01,5.919971592885229228e-01,-3.878735032689553663e-01,1.683533049736079534e-01,4.023429537882112772e-01,1.327606493719243996e+00,-4.697031699991215947e-01,-2.683391335059684968e-01,-1.551154244143172489e+00,-9.158752338145841332e-01,4.300688998505707850e-01,2.049143152052595784e+00,-4.661005765829459579e-01,5.886492151422557245e-02,4.409413596843335219e-03,-2.660731527677926866e+00,1.349501403728060822e+00,-1.341568035256745839e+00,1.032443831350292163e+00,-7.720007882764930995e-01,-2.071384747191213904e+00,-2.985076586561752898e-01,8.258210419072044006e-01,1.144095081179594270e-01,-1.420758502186781014e+00
-2.517094950707711165e-01,1.241117491030034881e+00,2.696626276823321788e-01,-4.188384316745116243e-01,4.696578025241283649e-01,4.982377298527488896e-01,5.964520779004978124e-01,-3.495101217546087158e-01,2.300327215205019704e-01,4.657666915248636075e-01,1.330285941628332802e+00,-4.711383867669992620e-01,-2.617196346132883433e-01,-1.568399615761306709e+00,-8.924223423717901893e-01,4.195341434644590528e-01,2.113607973537381834e+00,-4.883250828309932956e-01,5.521993549838832144e-02,1.021582671334998749e-02,-2.657149846252848224e+00,1.353811867678149650e+00,-1.343343449639903264e+00,1.054007014648073115e+00,-7.690149651278540555e-01,-2.063099688501663032e+00,-2.793864205283607682e-01,8.214428713848695995e-01,1.129114473166194371e-01,-1.428918592160169920e+00
-2.494100933828656552e-01,1.243930339619857994e+00,2.648521275459253532e-01,-4.225514854457034231e-01,4.622318128821560346e-01,4.970594384081720163e-01,6.006034467693218692e-01,-3.122389923424728209e-01,2.829406294325360616e-01,5.223359566764075312e-01,1.327628963874742274e+00,-4.712777000202116873e-01,-2.486563538937512363e-01,-1.588435802202303071e+00,-8.743725385128011673e-01,4.077167617314281789e-01,2.173249773172142518e+00,-5.057085362140050222e-01,4.821961647037353860e-02,1.692293302831476484e-02,-2.651923523857121712e+00,1.357436975947793556e+00,-1.345388710041144575e+00,1.074100733314091727e+00,-7.687629575413966743e-01,-2.055301810935055595e+00,-2.640572746831413853e-01,8.170132822666011929e-01,1.076893081219616188e-01,-1.436958758742992615e+00
-2.473725836545456191e-01,1.246551113846908088e+00,2.595111778940630831e-01,-4.249828801819026114e-01,4.560521850937040433e-01,4.963043784970105343e-01,6.042250573323227902e-01,-2.772487317227307346e-01,3.231280026302395525e-01,5.668037899692872639e-01,1.315055365585971581e+00,-4.704794520753169951e-01,-2.291320306535006013e-01,-1.613931592824468186e+00,-8.605364187484632055e-01,3.974888968279204349e-01,2.227492352658760666e+00,-5.177085451301687291e-01,3.810015529631338715e-02,2.260276129554241939e-02,-2.645978725236932672e+00,1.361192604672013307e+00,-1.348090628383209921e+00,1.092290601737234246e+00,-7.701310150776126129e-01,-2.047319514133103091e+00,-2.523152273019862446e-01,8.135904337139098219e-01,9.990850219456175185e-02,-1.445155451502577737e+00
-2.458679909017233434e-01,1.248987366430167834e+00,2.539066784433773316e-01,-4.259069189235206720e-01,4.511565270402571048e-01,4.962869199393765696e-01,6.072564348108089316e-01,-2.440354423592998589e-01,3.512615940473676757e-01,5.987715171203505937e-01,1.290684854334817722e+00,-4.691124971023231116e-01,-2.036858620035141287e-01,-1.645995867807926061e+00,-8.494000636367321500e-01,3.902176823726071220e-01,2.276064986547711388e+00,-5.249074494440850724e-01,2.524323645743229566e-02,2.348977760455613073e-02,-2.640415458121875059e+00,1.366425989970220023e+00,-1.351506961394477235e+00,1.108278332933671839e+00,-7.723078638749371061e-01,-2.038601850361618784e+00,-2.400018096168891613e-01,8.111763535651590473e-01,9.307330747475200949e-02,-1.453788415910170606e+00
-2.450650832967562476e-01,1.251286071795459698e+00,2.482977156878216074e-01,-4.250558327940704983e-01,4.476297057406873336e-01,4.972984325423594476e-01,6.096305885839038430e-01,-2.120721054985621468e-01,3.687598375356652136e-01,6.186056856052678521e-01,1.254329996613206433e+00,-4.672625454976764292e-01,-1.730421439022926666e-01,-1.685482915533603077e+00,-8.395821085177305187e-01,3.865918525286130558e-01,2.318957707910519694e+00,-5.281906737057950885e-01,1.002939259912240255e-02,1.876013563463551151e-02,-2.635453277481178525e+00,1.372263449379645506e+00,-1.354961938848431746e+00,1.122089239315578135e+00,-7.751235288205349239e-01,-2.029560153075188111e+00,-2.268079726476968649e-01,8.103087390241567878e-01,8.736508793719086063e-02,-1.462085088213291417e+00
-2.451606657021736524e-01,1.253497215132875153e+00,2.427392325672412809e-01,-4.227602128976222229e-01,4.452490071174777797e-01,4.985667372823580634e-01,6.119305052878964979e-01,-1.811620075778598848e-01,3.770846770737853459e-01,6.281320647742327790e-01,1.209140188353134748e+00,-4.639838002762065039e-01,-1.440305980592085644e-01,-1.727896489320686957e+00,-8.375609397065403305e-01,3.853431296153299601e-01,2.355876010098270079e+00,-5.299690041400609841e-01,-9.341679656250342564e-03,1.085632909842519644e-02,-2.630806613904047353e+00,1.378046556439580073e+00,-1.358385459399803930e+00,1.134049549516471078e+00,-7.773673769405278211e-01,-2.020359443139692956e+00,-2.137248412874836745e-01,8.110266019330399923e-01,8.208146592481710413e-02,-1.469227398395116735e+00
-2.464097568660358895e-01,1.255710455228414180e+00,2.373380265227597874e-01,-4.195669845644529605e-01,4.436483138737252752e-01,4.999367173919402330e-01,6.141685417406722580e-01,-1.527130955547609803e-01,3.786246363595106024e-01,6.280269054406651952e-01,1.160925404481917944e+00,-4.578222838693177810e-01,-1.269573860725931591e-01,-1.769380297523677648e+00,-8.455848877797335073e-01,3.870532907662185829e-01,2.386952896534616286e+00,-5.285491016951447962e-01,-3.684741585721516138e-02,5.252644360283029862e-04,-2.625994313547242776e+00,1.384371892471244703e+00,-1.361941027490672029e+00,1.145116646163836016e+00,-7.773296160136021760e-01,-2.011525636494676750e+00,-2.016521737825998084e-01,8.128958440266815799e-01,7.693060620841091213e-02,-1.474726211793307096e+00
-2.486822873006940826e-01,1.258064864983589048e+00,2.321672809664557247e-01,-4.153996676988967462e-01,4.422247288304325674e-01,5.022773881024861220e-01,6.161151115558204383e-01,-1.255781883418490286e-01,3.752122145475140225e-01,6.171812813444975676e-01,1.112269283193223934e+00,-4.488492153062565992e-01,-1.235831797218545497e-01,-1.809111149281676933e+00,-8.642414528391565431e-01,3.944608564781110771e-01,2.412878027158332550e+00,-5.218766866686439521e-01,-7.305430418662711700e-02,-1.334593988974381099e-02,-2.620881750096050844e+00,1.391213072258159045e+00,-1.365570831679671748e+00,1.156125772608197488e+00,-7.749379033185042065e-01,-2.002664512232662286e+00,-1.912912288538209660e-01,8.154572950960331523e-01,7.140313599904481168e-02,-1.478770625589588050e+00
-2.516886233461442801e-01,1.260713512874948261e+00,2.271960261701274908e-01,-4.101804416174895107e-01,4.402067144952561129e-01,5.065042899836995627e-01,6.175948980163952218e-01,-9.798802515595107787e-02,3.692306994444271018e-01,5.948212226797918722e-01,1.065019063603318106e+00,-4.372171234164095588e-01,-1.328702216042700335e-01,-1.846016445542172368e+00,-8.941314154300500361e-01,4.101286787183143212e-01,2.434701725299541764e+00,-5.097584958116887499e-01,-1.172037009021422438e-01,-3.172196990927032834e-02,-2.615008305843746772e+00,1.398471474730161201e+00,-1.369265442364971497e+00,1.167632120221262060e+00,-7.705425949399807850e-01,-1.992613789132405389e+00,-1.830988830801943135e-01,8.183304610534012369e-01,6.517657720900692231e-02,-1.481934523824051553e+00
-2.548143270856568776e-01,1.263786464868782655e+00,2.221967952085344977e-01,-4.035553898937741524e-01,4.367766601250871461e-01,5.139228189160125471e-01,6.182662203265664180e-01,-6.751828652156295629e-02,3.639889743019426582e-01,5.601218010547687198e-01,1.020488780433305820e+00,-4.230908278722801397e-01,-1.530676957155423790e-01,-1.877643225586965947e+00,-9.359813608640419336e-01,4.366406381688022753e-01,2.453455143148863815e+00,-4.925629423792823869e-01,-1.682238339922631498e-01,-5.641176990389664553e-02,-2.607696055689565195e+00,1.405426832829498318e+00,-1.373236851240095868e+00,1.179886087323021915e+00,-7.644722858200770910e-01,-1.978704311922174774e+00,-1.772867876278221566e-01,8.205713890553217871e-01,5.732334109597517907e-02,-1.484908173116750385e+00
-2.573869364833254458e-01,1.267334583002837300e+00,2.170567038572524532e-01,-3.958499981628415543e-01,4.313130803109893607e-01,5.245170871370505861e-01,6.181857576880819272e-01,-3.250971670637504973e-02,3.627411575142421851e-01,5.159829701643947608e-01,9.791970885149861026e-01,-4.083246890220563752e-01,-1.780251584518709185e-01,-1.899175957509532386e+00,-9.854276729613458130e-01,4.703428668166148019e-01,2.468682369987260206e+00,-4.744174417743848848e-01,-2.172123262967534385e-01,-8.634559618785420110e-02,-2.597723726014096179e+00,1.410789884132810368e+00,-1.375954970989534232e+00,1.191680470398166936e+00,-7.580298033797000512e-01,-1.958831688271461591e+00,-1.734446022586343950e-01,8.214310923119432228e-01,4.712462379384987216e-02,-1.488377382187858311e+00
-2.594467238734824432e-01,1.271303970301088437e+00,2.120315092522949418e-01,-3.889066231387559025e-01,4.239626325506525850e-01,5.356047203114638888e-01,6.181706141993554837e-01,5.663666973114843406e-03,3.658167333233566243e-01,4.705609981974054890e-01,9.410420005452468928e-01,-3.956261912117386426e-01,-2.001218282995833875e-01,-1.908173851733734550e+00,-1.033007525776590718e+00,5.006175079151993224e-01,2.478901561314470925e+00,-4.602707800265569693e-01,-2.526156805683554274e-01,-1.154333885966349199e-01,-2.583706590498978439e+00,1.414117061886722926e+00,-1.375196700072804923e+00,1.201127826800926668e+00,-7.528973157765557200e-01,-1.934111749237915845e+00,-1.708427103909366529e-01,8.213984150363800030e-01,3.469017034423355073e-02,-1.492504055539621621e+00
-2.612147871548828326e-01,1.275552825381205402e+00,2.072612452841158248e-01,-3.837305304234100989e-01,4.155682219102058150e-01,5.455955886067289651e-01,6.183683260422021544e-01,4.435505042967740480e-02,3.720182674866455153e-01,4.291454362958027624e-01,9.061842812126157387e-01,-3.857235610198674891e-01,-2.174810802489390016e-01,-1.904029348778341735e+00,-1.074266573016002813e+00,5.211908123997903708e-01,2.484145103644591845e+00,-4.502499722229876267e-01,-2.729138343780170284e-01,-1.408430841881865014e-01,-2.564892966163781818e+00,1.414759946714290395e+00,-1.371002458852595973e+00,1.207655249587070934e+00,-7.494348783590640828e-01,-1.906337354320429389e+00,-1.689363862311264175e-01,8.209846137786700471e-01,2.002920614247304110e-02,-1.497060529674846707e+00
-2.629523997491112208e-01,1.279901942046896668e+00,2.028554598484711424e-01,-3.806562393693877500e-01,4.071265428420980936e-01,5.537911897127132388e-01,6.185989959400491900e-01,8.077134951276811192e-02,3.795949316338499413e-01,3.947473912198308788e-01,8.748731511320764209e-01,-3.785643873004417292e-01,-2.301305983527046628e-01,-1.887240837338051813e+00,-1.107396735203666216e+00,5.296343846616815565e-01,2.485125184209790117e+00,-4.431933643473307538e-01,-2.796386099508463285e-01,-1.621209537387922062e-01,-2.542609627718808607e+00,1.412725807792530652e+00,-1.361310804858824275e+00,1.212067035478451293e+00,-7.494073085462432671e-01,-1.877923730155450111e+00,-1.673093920698782711e-01,8.204739369892789513e-01,3.614569253746886986e-03,-1.501456779126014052e+00
-2.648809786210639672e-01,1.284122605708087894e+00,1.989834551430590126e-01,-3.794508116422554700e-01,3.994281704794505616e-01,5.601125861006210904e-01,6.186663956149119903e-01,1.127147003241001644e-01,3.867554610598548659e-01,3.687738865597764981e-01,8.473330132356553523e-01,-3.738132049703814519e-01,-2.386543368362296913e-01,-1.859113927667431998e+00,-1.131814869200115536e+00,5.262602043528017415e-01,2.482675360974712753e+00,-4.381753986995957639e-01,-2.749460804027966110e-01,-1.798115756278921007e-01,-2.518920845756333016e+00,1.410438233934458774e+00,-1.343081012199808466e+00,1.216229798029702991e+00,-7.547230507141993172e-01,-1.851799208364149241e+00,-1.659084819488225726e-01,8.200054277657441437e-01,-1.335890987893260246e-02,-1.504906399661116057e+00
-2.670936991047493381e-01,1.288021226198876157e+00,1.955002188348197167e-01,-3.795118970243401280e-01,3.931705737358982544e-01,5.643508208975875906e-01,6.187857229424335026e-01,1.395313207612904338e-01,3.910793916413218274e-01,3.508264874537813660e-01,8.220589469571231156e-01,-3.695540915739043974e-01,-2.447673228643403587e-01,-1.828092270470108360e+00,-1.147538838687944596e+00,5.166924615484208561e-01,2.478203385550214133e+00,-4.341419690546181598e-01,-2.648539272713241188e-01,-1.943321438553359815e-01,-2.496942596391220182e+00,1.408830705964472463e+00,-1.318998512759034014e+00,1.218802778979608981e+00,-7.589235686521836888e-01,-1.829054800012350990e+00,-1.645354622353037144e-01,8.196197295814252604e-01,-3.004302911322142070e-02,-1.507439593557527102e+00
-2.695371426827425920e-01,1.291461713827715352e+00,1.921146289468301793e-01,-3.801762936515656888e-01,3.885509294520535506e-01,5.661428464639965963e-01,6.196583238890179812e-01,1.625792535399132877e-01,3.904625583515720644e-01,3.391070217721467439e-01,7.962603588001825328e-01,-3.635683698341563574e-01,-2.503521986126874266e-01,-1.805340180179994869e+00,-1.154797877581006160e+00,5.094653902823155223e-01,2.473551716384771115e+00,-4.301794599241579031e-01,-2.562126886115133062e-01,-2.053711694835641255e-01,-2.479960301790044230e+00,1.409064570272965167e+00,-1.292677495509460428e+00,1.217593166826903550e+00,-7.540708275598539956e-01,-1.809534957157003188e+00,-1.628027761324593592e-01,8.192212263391612792e-01,-4.595541334631556007e-02,-1.509676652365557814e+00
-2.721250488411733337e-01,1.294519461500690527e+00,1.888452549204057140e-01,-3.812007497815303458e-01,3.853227886814408198e-01,5.653079415563804222e-01,6.218037569004921661e-01,1.839135983031796873e-01,3.835944416982337013e-01,3.311219970146135338e-01,7.666254955666559345e-01,-3.556070988088073648e-01,-2.560366991828066374e-01,-1.794945019536038133e+00,-1.154382821027838624e+00,5.082336577582741155e-01,2.469306999358715782e+00,-4.259242119801988635e-01,-2.512139575952073711e-01,-2.124037578545011906e-01,-2.469509697262263881e+00,1.412224438107768654e+00,-1.265668350437539891e+00,1.211416871265297956e+00,-7.382564628762136039e-01,-1.793139365286882114e+00,-1.604243844891061477e-01,8.189337283152055003e-01,-6.095593324814479325e-02,-1.512101132274320969e+00
-2.748104237363847568e-01,1.297290473012104428e+00,1.857631309177712742e-01,-3.827643565368182288e-01,3.831307017584676955e-01,5.617469947737148139e-01,6.254139641850982034e-01,2.051589627867124455e-01,3.700035383588660687e-01,3.241787250292326172e-01,7.306990806271856931e-01,-3.461566674651579412e-01,-2.619329484866077529e-01,-1.797648043711743471e+00,-1.147434601698468448e+00,5.133263126718572433e-01,2.465496817682472752e+00,-4.211797272177888463e-01,-2.502155772779749432e-01,-2.149241521534582811e-01,-2.466022338482872112e+00,1.418964360857651874e+00,-1.238639208309900486e+00,1.199916905738444894e+00,-7.118300075435212149e-01,-1.779802321356136696e+00,-1.572471693688811123e-01,8.188790306591392509e-01,-7.491903366581852131e-02,-1.514990346493642503e+00
-2.776048202274136734e-01,1.299841191707457044e+00,1.829943877509470629e-01,-3.851460600913239052e-01,3.817574515737037766e-01,5.554649395692055069e-01,6.303827896393270347e-01,2.263593661155810510e-01,3.496607698775954232e-01,3.162202276486446584e-01,6.878792839835412565e-01,-3.356295920613336925e-01,-2.661440463693968694e-01,-1.813109748458230586e+00,-1.135275179826645831e+00,5.236389897357842660e-01,2.462157628149208133e+00,-4.154109085688543757e-01,-2.529162291786212213e-01,-2.128111672456172443e-01,-2.469527790864174843e+00,1.429439265099424095e+00,-1.211838256495949562e+00,1.183264483461725414e+00,-6.758860105296993215e-01,-1.769711040046813677e+00,-1.533364568801742767e-01,8.190985599099330772e-01,-8.773520322464753440e-02,-1.518486129246385596e+00
-2.806317625671116422e-01,1.302269579476040606e+00,1.805363067062822346e-01,-3.886587948793712721e-01,3.809343942743838030e-01,5.473455487853322587e-01,6.358035692307856257e-01,2.450474302501525481e-01,3.260559510922038107e-01,3.075954689047054602e-01,6.427387284516660193e-01,-3.248960743814707230e-01,-2.688898144858952732e-01,-1.835810441508231916e+00,-1.121852985447578721e+00,5.350624646163457676e-01,2.458743644744913137e+00,-4.088735535170645585e-01,-2.574743511593735601e-01,-2.075474817184607135e-01,-2.476006472190837471e+00,1.442722673627220509e+00,-1.185851710683200499e+00,1.162068777464544622e+00,-6.366562730432354655e-01,-1.762389859334536180e+00,-1.493174651274895293e-01,8.198163091216411624e-01,-9.953287857324942534e-02,-1.522218697405099741e+00
-2.838533228795870889e-01,1.304736185859256770e+00,1.783239835366110804e-01,-3.934184387220232559e-01,3.804915622085404681e-01,5.386133371220066524e-01,6.405813143960363831e-01,2.595261315913972022e-01,3.036792985658084976e-01,2.985883533563042924e-01,5.996475669683141163e-01,-3.149514137645503808e-01,-2.705450944780142808e-01,-1.858701564442174936e+00,-1.111658258596130766e+00,5.428218591728589670e-01,2.454066974682158175e+00,-4.029635170544276224e-01,-2.616421905012515925e-01,-2.011322354163000425e-01,-2.480074393475271144e+00,1.456760854283918771e+00,-1.161460660712377635e+00,1.136780075067871598e+00,-6.011723962399021515e-01,-1.756251207246304791e+00,-1.458253496944659777e-01,8.211658199111370182e-01,-1.109666530640715382e-01,-1.525738922698410605e+00
-2.870749440026425514e-01,1.307315338087661427e+00,1.763045482313398971e-01,-3.990740921988452650e-01,3.803536760063745970e-01,5.299600184268762337e-01,6.443704904424863988e-01,2.705175735307244200e-01,2.842349721736553980e-01,2.888441125511687635e-01,5.597894245345557129e-01,-3.059864484986301592e-01,-2.714325055028721789e-01,-1.878561621862351094e+00,-1.106632171266971110e+00,5.456149535980104881e-01,2.448132009614800708e+00,-3.984101387175943976e-01,-2.646093886230237446e-01,-1.944764095898014189e-01,-2.478247403136331073e+00,1.471074890448366146e+00,-1.138655086880170586e+00,1.108491448597367146e+00,-5.719523338684298075e-01,-1.749869158903944122e+00,-1.430780652304424472e-01,8.230161554765832443e-01,-1.225783981895297442e-01,-1.528832224268183992e+00
-2.901037277872299258e-01,1.310023880764564330e+00,1.743354822772577306e-01,-4.052646016827278763e-01,3.804821378860246406e-01,5.217595233846932246e-01,6.471174121672185198e-01,2.792119786409527626e-01,2.683714644780010872e-01,2.782281825314271706e-01,5.236761414146463567e-01,-2.978826665642587135e-01,-2.718341460354218864e-01,-1.893963504982514978e+00,-1.107356896764178922e+00,5.435106432960069567e-01,2.441743857597058920e+00,-3.957501078574826581e-01,-2.660451143055247436e-01,-1.880360974241613858e-01,-2.469568447792907850e+00,1.485691093561594123e+00,-1.116688960599170555e+00,1.078767636634422544e+00,-5.499732399161183505e-01,-1.741899968750649563e+00,-1.409525240543539060e-01,8.253576550255193878e-01,-1.343593207272560652e-01,-1.530801984462157650e+00
-2.927618450328460797e-01,1.312861273733061607e+00,1.722322470300057251e-01,-4.116892285044508326e-01,3.808657830461902316e-01,5.142628325215474749e-01,6.488350896221143360e-01,2.868156363788582075e-01,2.564096460670393651e-01,2.667581602218677128e-01,4.914440894299090812e-01,-2.904414178476762420e-01,-2.719816569887987256e-01,-1.904389433442964075e+00,-1.113631875718262165e+00,5.374716035904988365e-01,2.436209717492952009e+00,-3.970928345283451510e-01,-2.656310274773864277e-01,-1.821009796719423868e-01,-2.454300577174072906e+00,1.500880580549530663e+00,-1.095279247174125947e+00,1.048715422004419695e+00,-5.351333678688220408e-01,-1.731162800094025345e+00,-1.392225908040371773e-01,8.280951901058917208e-01,-1.462720353461211542e-01,-1.531536367229953788e+00
-2.950546429211784449e-01,1.315783102542702698e+00,1.699760733533334511e-01,-4.180744512334327312e-01,3.812478568210930785e-01,5.077395509081067404e-01,6.496653331000554754e-01,2.944671666424480971e-01,2.482537902380379247e-01,2.543105109680015019e-01,4.627784012262159963e-01,-2.839815078699941542e-01,-2.719285383484850716e-01,-1.909425351479541844e+00,-1.124127958492554979e+00,5.306024274010948671e-01,2.431468246800863042e+00,-4.039119801827874001e-01,-2.644583780919335658e-01,-1.771484595323096489e-01,-2.435792123454253222e+00,1.516225912506579565e+00,-1.076111251877355457e+00,1.019806351381683740e+00,-5.238095949130875395e-01,-1.718215324137378763e+00,-1.379105426114728139e-01,8.309904730379514826e-01,-1.583629491768097086e-01,-1.531669750530564755e+00
-2.971042852439524373e-01,1.318705124633086534e+00,1.676646232067743325e-01,-4.240827033482976183e-01,3.813648002585269259e-01,5.023659134874355336e-01,6.498794032822614586e-01,3.029442818822369876e-01,2.431821495832530988e-01,2.408470978108330496e-01,4.371555119033522785e-01,-2.788569033251470652e-01,-2.716268921145776893e-01,-1.909799044985479366e+00,-1.137687202858392643e+00,5.238672648136927235e-01,2.427213679535125568e+00,-4.128372024326016909e-01,-2.634642040835505350e-01,-1.736599852346996653e-01,-2.418072483239646964e+00,1.530761295044047010e+00,-1.060358818831537597e+00,9.930451341124928444e-01,-5.122246302649710037e-01,-1.704580486557458530e+00,-1.372053045779872693e-01,8.337759800074634464e-01,-1.706395474838506010e-01,-1.531887116039764241e+00
-2.990272856096917176e-01,1.321567289274267365e+00,1.653679983781374263e-01,-4.295366999532987395e-01,3.810915745151088885e-01,4.982351657252051536e-01,6.496377104676132053e-01,3.124273900682238980e-01,2.406170497327698721e-01,2.263248669995440721e-01,4.141167741553404280e-01,-2.750433674030289266e-01,-2.710616009335602428e-01,-1.906358690621842156e+00,-1.153331924137770859e+00,5.176865644999821825e-01,2.423259839875293586e+00,-4.225263401907830008e-01,-2.626902120324089429e-01,-1.719733215560879103e-01,-2.402916495219930226e+00,1.543889764935794995e+00,-1.047687684421280130e+00,9.685362373537722558e-01,-4.991135438536952185e-01,-1.691342051443971872e+00,-1.372339919721388135e-01,8.363991613356299704e-01,-1.829754791440666717e-01,-1.532379124717752505e+00
-3.009309343203606657e-01,1.324324976495585116e+00,1.631440669584969527e-01,-4.343424084325209211e-01,3.803720810831604515e-01,4.953954338987391903e-01,6.490355277192326744e-01,3.227889778129607867e-01,2.400886011215906113e-01,2.107013027576333797e-01,3.932344742279005878e-01,-2.723965979579722752e-01,-2.702423416112380572e-01,-1.899993312215895847e+00,-1.170254642332925865e+00,5.121440163176218530e-01,2.419491297048536715e+00,-4.324666347588960735e-01,-2.621449225715215547e-01,-1.723219866335843897e-01,-2.390912470817507351e+00,1.555293933745604873e+00,-1.037328791524055882e+00,9.460898235068466722e-01,-4.841793971351504577e-01,-1.679286863129434648e+00,-1.380736981321919188e-01,8.390897555637510941e-01,-1.949347283913199502e-01,-1.532627006117642798e+00
-3.029148350967776349e-01,1.326949465852555576e+00,1.610429959928201815e-01,-4.384656993222983412e-01,3.791932387360228418e-01,4.938666062726863593e-01,6.481178778074530022e-01,3.337130069927401466e-01,2.412170633738805192e-01,1.939335598231283764e-01,3.740913129517915992e-01,-2.707536106377058660e-01,-2.691951360292467732e-01,-1.891576206817570327e+00,-1.187817319284244499e+00,5.070774023333624037e-01,2.415828272982259772e+00,-4.424790028312259871e-01,-2.627254343101337319e-01,-1.749075260523411945e-01,-2.382326129432829731e+00,1.564706152086488666e+00,-1.028263130779428991e+00,9.254350816460173990e-01,-4.675811192178639386e-01,-1.669081757713402947e+00,-1.397960462411833860e-01,8.420974546708912545e-01,-2.061323564373441219e-01,-1.532290017748349831e+00
-3.049341989863582625e-01,1.329341526947242835e+00,1.589292018518514427e-01,-4.420952999171449682e-01,3.779489381087955402e-01,4.926526090113914069e-01,6.473019023669499550e-01,3.448632431776581520e-01,2.418008304779416251e-01,1.771167400764679933e-01,3.555605853538261751e-01,-2.696476348853880101e-01,-2.680037648270282014e-01,-1.885577747185507080e+00,-1.202436740934176296e+00,5.053393412382762850e-01,2.412822362610122617e+00,-4.503271924531958570e-01,-2.627659995190343989e-01,-1.779637194102095532e-01,-2.376944721119684356e+00,1.571937316576324628e+00,-1.020269641675479955e+00,9.065814646534631205e-01,-4.506962922083346257e-01,-1.660225273834530002e+00,-1.421801921923198653e-01,8.450924090029229285e-01,-2.165753465183783699e-01,-1.531140326423816145e+00
-3.068972357212244040e-01,1.331425088355702835e+00,1.566587065555924418e-01,-4.455041402358525526e-01,3.770158134300640174e-01,4.906667820836462801e-01,6.470171917469121903e-01,3.560281931969586644e-01,2.397012707291479583e-01,1.616052091787639478e-01,3.367409148929288998e-01,-2.686740289463586118e-01,-2.659709488624395490e-01,-1.886289682328638806e+00,-1.210705735728352384e+00,5.098258031467636231e-01,2.410993784570811815e+00,-4.541239494360663209e-01,-2.628942994554831492e-01,-1.794060321159678950e-01,-2.374234032664971572e+00,1.577232861189246771e+00,-1.013546143524125309e+00,8.894365346848860376e-01,-4.347235872634667153e-01,-1.651912738469669240e+00,-1.449098604531949830e-01,8.475928874167556470e-01,-2.264982284517877698e-01,-1.528975383041171643e+00
-3.087618629237254275e-01,1.333203749854635856e+00,1.542031809869912340e-01,-4.488699060260504248e-01,3.764897210744551082e-01,4.874999703705070186e-01,6.473909763645138149e-01,3.670934669606335521e-01,2.342413126143818025e-01,1.481570336125450915e-01,3.174644460487041631e-01,-2.676911939137387453e-01,-2.615830345632247922e-01,-1.894825395677510960e+00,-1.211710624937518910e+00,5.211511460312409083e-01,2.410394301183214072e+00,-4.537359677035812666e-01,-2.630777396601078899e-01,-1.783913933787568407e-01,-2.373549257435554338e+00,1.581207196603817033e+00,-1.008143611670044626e+00,8.735565200501207439e-01,-4.199441712655970771e-01,-1.643819145717977381e+00,-1.477831804117906989e-01,8.493831875824643385e-01,-2.361168853499719944e-01,-1.525707021265134022e+00
-3.105027805085800452e-01,1.334709771197876371e+00,1.515792521589045538e-01,-4.522738824364305188e-01,3.763688231427925190e-01,4.830899774735344376e-01,6.483977387298754946e-01,3.779744447386978456e-01,2.254008024730313753e-01,1.371415971951692181e-01,2.978422763423976272e-01,-2.666352445956305384e-01,-2.546687572821313972e-01,-1.910726778045806817e+00,-1.205763575746202410e+00,5.388679052669821390e-01,2.410894083979620461e+00,-4.495870579232031372e-01,-2.638531756523589400e-01,-1.747773096492701572e-01,-2.374246361661252358e+00,1.584520981504718096e+00,-1.004029877494855949e+00,8.582419993111939371e-01,-4.063845056232383013e-01,-1.635822958678178063e+00,-1.506554336078542999e-01,8.504029366629141107e-01,-2.456396001888414282e-01,-1.521345238224739882e+00
-3.120973511970392966e-01,1.335979297574530378e+00,1.488168224269751927e-01,-4.557266855765385039e-01,3.766249559970077376e-01,4.775341864937182601e-01,6.499445601768333303e-01,3.885932133819242074e-01,2.134232852071005770e-01,1.287173965758862670e-01,2.780656115497877612e-01,-2.654738594716238298e-01,-2.454686592668500478e-01,-1.932869302318329874e+00,-1.193700607360417720e+00,5.621729932777517202e-01,2.412316605663932467e+00,-4.422185949683815620e-01,-2.635304890463678329e-01,-1.687543668615764103e-01,-2.375704310297734878e+00,1.587781997796589017e+00,-1.001174182336813878e+00,8.426196341957327141e-01,-3.939916472043146212e-01,-1.627829048040447368e+00,-1.534088369017023445e-01,8.508100486290711695e-01,-2.550376547283004225e-01,-1.515629023365152372e+00
-3.135690147100644865e-01,1.337159161580501854e+00,1.460725145187545537e-01,-4.593716485549174666e-01,3.770319230071434990e-01,4.715044051658153768e-01,6.515429482748649193e-01,3.983763669503594951e-01,2.007059388240673148e-01,1.225108995681607887e-01,2.593015975589614275e-01,-2.649763436464775412e-01,-2.355475183568428998e-01,-1.956114746882158029e+00,-1.179426000038564792e+00,5.855443312864250238e-01,2.413878409005239423e+00,-4.345685651524706650e-01,-2.631897474238603651e-01,-1.613348852847175940e-01,-2.378054524370355693e+00,1.591539659334042067e+00,-1.000840313590956265e+00,8.263980647422685122e-01,-3.839295628162933127e-01,-1.619939455978505860e+00,-1.562588421755781165e-01,8.507719974434815313e-01,-2.645865113696885262e-01,-1.509153734891293119e+00
-3.149462355421278614e-01,1.338386212119398566e+00,1.434767251617448669e-01,-4.633716220548948495e-01,3.773514136451218692e-01,4.655553080575671188e-01,6.528023480607797469e-01,4.069547042771582412e-01,1.895039812468587437e-01,1.180760004229487320e-01,2.424410502687617819e-01,-2.657443969200719014e-01,-2.261270896149699394e-01,-1.976308975537344859e+00,-1.166590428850838856e+00,6.041371116474302250e-01,2.414876657239340751e+00,-4.289719113058338418e-01,-2.627854013464953065e-01,-1.531497768228208822e-01,-2.381466199263253980e+00,1.595828400267863545e+00,-1.004148943461931065e+00,8.098571323370433728e-01,-3.770450815184533400e-01,-1.612005397846758781e+00,-1.594927021102922615e-01,8.506392004838388976e-01,-2.742456759460749627e-01,-1.501971499626930218e+00
-3.162390055775962105e-01,1.339710159671463785e+00,1.410569469427697675e-01,-4.678159531416894445e-01,3.774512012813587281e-01,4.598246837570978962e-01,6.536366001551102700e-01,4.144037454381578889e-01,1.807259161669401426e-01,1.150675091233396702e-01,2.275934084557996173e-01,-2.678339258904013365e-01,-2.174953521391094213e-01,-1.992354454957908194e+00,-1.156844593374545704e+00,6.162910235651405388e-01,2.415077445175305648e+00,-4.259427999379660212e-01,-2.627453691562127158e-01,-1.441127406007057521e-01,-2.385871065839062055e+00,1.600338197326140355e+00,-1.011241272419638237e+00,7.936365670820763052e-01,-3.732549006870315433e-01,-1.603762169478864408e+00,-1.632959053106588510e-01,8.505755242352304180e-01,-2.839193898733672894e-01,-1.494240026581010516e+00
-3.174519398210731147e-01,1.341133152039317711e+00,1.387976914328938327e-01,-4.727402822009829642e-01,3.772771987680844652e-01,4.542617664518761034e-01,6.540831662825938864e-01,4.209095857722152112e-01,1.746290977405317857e-01,1.131119013515135552e-01,2.145663875557001776e-01,-2.711243246942309226e-01,-2.096364593381785657e-01,-2.004421722077505574e+00,-1.150808730020673076e+00,6.218014496299332228e-01,2.414479699460634343e+00,-4.253434006198006934e-01,-2.624031162616454749e-01,-1.338947398784774978e-01,-2.391246574431578065e+00,1.604757187395711604e+00,-1.021727405594583304e+00,7.782469577645240166e-01,-3.722539727211723881e-01,-1.594977316507341980e+00,-1.677812817929378031e-01,8.506127651115661381e-01,-2.934886316008477603e-01,-1.486094155163168784e+00
-3.185882314384481662e-01,1.342631974356494950e+00,1.366720875285935000e-01,-4.781354404592871310e-01,3.768336352754183549e-01,4.487410194901580995e-01,6.542281019100676387e-01,4.266479030233824021e-01,1.711490717168975273e-01,1.117618918338417477e-01,2.030749871420526043e-01,-2.754519910762200374e-01,-2.024484036744021165e-01,-2.013155319388518549e+00,-1.148583914011743312e+00,6.210693543057710375e-01,2.413178855614777962e+00,-4.268343141754818437e-01,-2.619855981576103554e-01,-1.221222113862206055e-01,-2.397662162089628790e+00,1.608887206073229992e+00,-1.034980740783662201e+00,7.637683702318938117e-01,-3.737525640570266705e-01,-1.585497327003754453e+00,-1.730142542578325393e-01,8.506953479502706861e-01,-3.028451613507417428e-01,-1.477636438736530611e+00
-3.197092195481036070e-01,1.344141963718139987e+00,1.346270402210303918e-01,-4.837844653362207703e-01,3.763877482374456962e-01,4.432183996398062487e-01,6.540965557903672956e-01,4.312562121885818445e-01,1.694158545048379538e-01,1.100090466913277443e-01,1.929256019743378348e-01,-2.800821388197036743e-01,-1.961289176894837616e-01,-2.020372246499010593e+00,-1.148991525968418692e+00,6.165853653437135540e-01,2.411257394034157731e+00,-4.291180927333859696e-01,-2.615940118813703807e-01,-1.092519035460800814e-01,-2.405028973425498151e+00,1.612625246910158072e+00,-1.051206246262565980e+00,7.502065584771014928e-01,-3.769757917338942277e-01,-1.575558631149544198e+00,-1.789578942832280861e-01,8.506897036865173067e-01,-3.118879404874939087e-01,-1.468941446082750124e+00
-3.208822300464225785e-01,1.345614068540087249e+00,1.326406053368379689e-01,-4.894621485238462300e-01,3.761825499557627794e-01,4.377230916424089679e-01,6.536916095229715618e-01,4.343325996557385049e-01,1.685719636708621072e-01,1.069837237447051337e-01,1.839200180441078747e-01,-2.844425269597075090e-01,-1.907787708195783083e-01,-2.027201575875189121e+00,-1.150610790530654626e+00,6.103863545598918749e-01,2.408770137869723715e+00,-4.312382341230092675e-01,-2.618080847728930793e-01,-9.604366991359646055e-02,-2.413500094668675100e+00,1.615742099403111087e+00,-1.070154740045471176e+00,7.375267973278656353e-01,-3.812516865501622831e-01,-1.565572065803358059e+00,-1.855013950036560333e-01,8.504410274738701814e-01,-3.206080376887954220e-01,-1.460046829580694316e+00
-3.221449392600503892e-01,1.347026219745266928e+00,1.307385357161292838e-01,-4.950262626132094224e-01,3.763426385181433131e-01,4.323341185327533309e-01,6.529949675984548785e-01,4.355666241255717330e-01,1.682024436048053517e-01,1.021814653453786970e-01,1.758960985382797271e-01,-2.883495176704069518e-01,-1.863174540173513083e-01,-2.033765460356092181e+00,-1.152429285089739741e+00,6.032926765949127024e-01,2.405781937054186415e+00,-4.329062889205854137e-01,-2.616438096924612045e-01,-8.316410652057007469e-02,-2.423197362070371064e+00,1.618083539552968020e+00,-1.091215298857666660e+00,7.254267965762560832e-01,-3.862095000522293153e-01,-1.555923072800520890e+00,-1.925277892836118054e-01,8.498091140707498825e-01,-3.290722722542324119e-01,-1.450966449180990159e+00
-3.235097552893280159e-01,1.348363259819177484e+00,1.289764174975894517e-01,-5.003745455008262732e-01,3.769514002891646287e-01,4.271871746389143687e-01,6.519540427506382851e-01,4.345988445878971040e-01,1.682190753363919100e-01,9.526354061796679651e-02,1.687922302541216002e-01,-2.917778717463552773e-01,-1.826251091032332907e-01,-2.039881802048675752e+00,-1.153778374135959517e+00,5.955869965570729230e-01,2.402381631822775976e+00,-4.340775094871812123e-01,-2.616007988708931586e-01,-7.127693364472421911e-02,-2.434321958147705800e+00,1.619487230337853800e+00,-1.113639294686954884e+00,7.135446460157950366e-01,-3.916287278016264972e-01,-1.546957613123611575e+00,-1.999333093423463215e-01,8.486470392736766843e-01,-3.373861077910604300e-01,-1.441708583540120880e+00
-3.249683648254658719e-01,1.349611812650288067e+00,1.274140601910926651e-01,-5.054274594208297833e-01,3.780427366632721498e-01,4.224350052562433344e-01,6.505193608600029487e-01,4.311570617813327289e-01,1.686879946087455062e-01,8.606729652630697169e-02,1.625417444281908874e-01,-2.947589571321765911e-01,-1.795830119561936666e-01,-2.045283843710202998e+00,-1.154183751391564261e+00,5.873466366027489949e-01,2.398679563283873772e+00,-4.347879154558202397e-01,-2.616686847625353529e-01,-6.097374659634582916e-02,-2.447117536348645039e+00,1.619770044930519681e+00,-1.136692197320534836e+00,7.015818813502597839e-01,-3.973443152780549159e-01,-1.538939447523093307e+00,-2.076237575152345138e-01,8.468076594724693873e-01,-3.456676068458893747e-01,-1.432283533602563441e+00
-3.264372373195618127e-01,1.350760023204947258e+00,1.261004851325018827e-01,-5.101282935178712563e-01,3.793340924478706411e-01,4.182694088469058324e-01,6.487882693076929552e-01,4.260576227214379896e-01,1.698296147001795431e-01,7.560915905088354261e-02,1.574193297508056921e-01,-2.977702471849369426e-01,-1.767828213853797348e-01,-2.049045523760322673e+00,-1.154137419763449524e+00,5.783033243511023214e-01,2.394857863368691220e+00,-4.351273706496331939e-01,-2.617797797379601277e-01,-5.239289484748146930e-02,-2.460607039146884389e+00,1.619431121244088612e+00,-1.159213953150934451e+00,6.893884367575748850e-01,-4.026909003246905150e-01,-1.531959463790913745e+00,-2.153967036951082159e-01,8.445622188109770390e-01,-3.537929788539246889e-01,-1.423342429294623290e+00
-3.278224803959340905e-01,1.351787954944928538e+00,1.250341014569818221e-01,-5.144248792152940064e-01,3.805478437693475269e-01,4.147898052386411183e-01,6.469156047869929482e-01,4.202893940433007347e-01,1.715891869654108393e-01,6.522666138761423760e-02,1.536690594286379830e-01,-3.011089417260990886e-01,-1.739627211841582588e-01,-2.050757329414697683e+00,-1.154224024649401104e+00,5.685917454842857044e-01,2.391067631909505664e+00,-4.351686819210053847e-01,-2.618113162581646169e-01,-4.540770563878739063e-02,-2.473679160222530093e+00,1.619122550906836544e+00,-1.180681518827075394e+00,6.769212835735565204e-01,-4.073120651268373749e-01,-1.525918009763295835e+00,-2.230657821476929314e-01,8.421422079407345773e-01,-3.616789457435665711e-01,-1.415532442992288198e+00
-3.290607704074682838e-01,1.352674516701630303e+00,1.241894699961079013e-01,-5.182723158585799128e-01,3.815968478191072988e-01,4.120359877118348613e-01,6.449837185382577553e-01,4.142819147524313683e-01,1.737715668885951303e-01,5.596526404185514503e-02,1.514905283541774228e-01,-3.048038222447795875e-01,-1.710650480720157796e-01,-2.050673129810791195e+00,-1.154898323647466141e+00,5.587172252704024622e-01,2.387352719699172621e+00,-4.349731868789993294e-01,-2.617889056667633274e-01,-3.997534337487411438e-02,-2.485938819513351383e+00,1.618784928305832871e+00,-1.200947612051086244e+00,6.644897544533974187e-01,-4.112696742580957410e-01,-1.520594137773352728e+00,-2.305336448362933777e-01,8.396897763813639948e-01,-3.692651271790740042e-01,-1.408962204896391013e+00
-3.301125687785612106e-01,1.353400486634686928e+00,1.235369718661546989e-01,-5.216301076636201683e-01,3.824924128465907458e-01,4.100087335735428384e-01,6.430353204039831461e-01,4.081577428347260561e-01,1.761310700659668715e-01,4.869462349101922466e-02,1.509816572930116341e-01,-3.087913125597882003e-01,-1.681006235829189399e-01,-2.049221681320785304e+00,-1.156492635592812013e+00,5.492023091027642412e-01,2.383689878718489474e+00,-4.345987966546127068e-01,-2.617185854974787840e-01,-3.608719142219860010e-02,-2.497341359604833944e+00,1.618115939689627858e+00,-1.219932977844591093e+00,6.523916747453982756e-01,-4.146485624993273000e-01,-1.515777456052736838e+00,-2.377593204981340858e-01,8.372288832179027862e-01,-3.765750714169826541e-01,-1.403661711563355619e+00
-3.309424920698140760e-01,1.353950758154326417e+00,1.230532277018983600e-01,-5.244754926485286628e-01,3.832782328978811548e-01,4.086743900217421621e-01,6.411000383827978322e-01,4.019025880785401794e-01,1.784772841256995757e-01,4.421891434084847944e-02,1.521355430062346359e-01,-3.129866380429081607e-01,-1.651047656273962883e-01,-2.046729579877817340e+00,-1.159216829672139459e+00,5.403694862432895096e-01,2.380040985212698246e+00,-4.340880829254272211e-01,-2.616074149397845106e-01,-3.368932549528086406e-02,-2.508002614639678995e+00,1.616700191054059710e+00,-1.237633306423998825e+00,6.408837530043101083e-01,-4.174823349360115010e-01,-1.511244778983602099e+00,-2.447174095236663571e-01,8.347244038798330434e-01,-3.836686184808353328e-01,-1.399603007155150847e+00
-3.315846440107322324e-01,1.354340689957878485e+00,1.227130131045276878e-01,-5.267439510521494395e-01,3.839169018570264269e-01,4.079374761109396674e-01,6.393243606204206397e-01,3.960265895234090228e-01,1.804392909588759530e-01,4.226449109324163095e-02,1.542639275037723523e-01,-3.167049951352784998e-01,-1.622329048394161033e-01,-2.043369011811152713e+00,-1.162602623575349048e+00,5.325627756838747784e-01,2.376692419287666169e+00,-4.350435786792253290e-01,-2.614901254233018002e-01,-3.255250861665379830e-02,-2.517224616192871522e+00,1.614421152811725158e+00,-1.252735018976252723e+00,6.304268509303887491e-01,-4.200775975979663124e-01,-1.507003635225916849e+00,-2.514445562003305712e-01,8.321065262753168934e-01,-3.906018082613466613e-01,-1.396602645305595303e+00
-3.320878183077735635e-01,1.354599786733806210e+00,1.224947000797980134e-01,-5.284252390734260896e-01,3.843927948582960274e-01,4.077006179991373158e-01,6.378002446333350672e-01,3.908831902322554286e-01,1.818407340646994164e-01,4.216411333524920646e-02,1.568236441676449933e-01,-3.195936854735062504e-01,-1.595641706332890375e-01,-2.039222094371761607e+00,-1.166211417349078516e+00,5.258624431547140876e-01,2.373878378509798548e+00,-4.383643926891385711e-01,-2.613950761063679185e-01,-3.243146561186034671e-02,-2.524678034826544071e+00,1.611505107110616120e+00,-1.264605126983101568e+00,6.211708417803402105e-01,-4.227270365859774337e-01,-1.503125149667173366e+00,-2.579638471187488125e-01,8.293690030722287165e-01,-3.974281429479443184e-01,-1.394435590333836128e+00
-3.324971118198438713e-01,1.354764420226177712e+00,1.223665578635565326e-01,-5.295509313988686628e-01,3.847023851499427050e-01,4.078609210742573099e-01,6.365762758499521334e-01,3.867345919187827330e-01,1.825810620139038110e-01,4.325323192770572089e-02,1.594503665509891810e-01,-3.216518965649396988e-01,-1.570915304010905567e-01,-2.034346409717652460e+00,-1.169770982349983557e+00,5.201769884821598744e-01,2.371689477277445501e+00,-4.441050103145225969e-01,-2.613376618564797194e-01,-3.306740188715528994e-02,-2.530418828918712393e+00,1.608349089673979826e+00,-1.273386034805246592e+00,6.129850197398170053e-01,-4.255887251049985109e-01,-1.499643500074231861e+00,-2.642673150320772324e-01,8.265877979563386324e-01,-4.041749996783225996e-01,-1.392894337341680222e+00
-3.328504000184673850e-01,1.354869037377464780e+00,1.222938897747591763e-01,-5.301743589900361764e-01,3.848491648868400117e-01,4.083178153016828182e-01,6.356757073668983793e-01,3.837827497182918490e-01,1.826166176146620801e-01,4.489393486630961078e-02,1.619222727751228053e-01,-3.229935499990421177e-01,-1.547853572541634248e-01,-2.028805126128851555e+00,-1.173113672888689507e+00,5.153368361185912683e-01,2.370154712459485502e+00,-4.520232227481141840e-01,-2.613224658314385884e-01,-3.419244672148946673e-02,-2.534587958524988860e+00,1.605557437872311866e+00,-1.279456428905378029e+00,6.054273080481137326e-01,-4.287406792635310437e-01,-1.496568478001710334e+00,-2.703329963782442058e-01,8.238778983118848487e-01,-4.108347177299557784e-01,-1.391797104818360387e+00
-3.331760169216311240e-01,1.354941004010854044e+00,1.222455344497879043e-01,-5.303538473155253730e-01,3.848393234118258621e-01,4.089786195528675172e-01,6.351062749982707700e-01,3.821843804681309131e-01,1.819525267103172250e-01,4.649166068489223036e-02,1.641352667143694544e-01,-3.237525352083569508e-01,-1.526141088478171759e-01,-2.022682128773230392e+00,-1.176135488772023674e+00,5.111524991922512529e-01,2.369281407159250286e+00,-4.617995932824075500e-01,-2.613477120804018061e-01,-3.553438966983745589e-02,-2.537314486767821009e+00,1.603908389412931790e+00,-1.283236280202857627e+00,5.977967932075455293e-01,-4.322227433424698506e-01,-1.493889434829028362e+00,-2.761435904551042264e-01,8.213596527030310179e-01,-4.173705522493292297e-01,-1.390989877562510690e+00
-3.334543259700566975e-01,1.355003964525903104e+00,1.221565900404586735e-01,-5.302961042832989857e-01,3.847849691350024304e-01,4.096331986401245406e-01,6.347654778590213764e-01,3.815160619181925394e-01,1.806696728288791354e-01,4.821001018328564813e-02,1.656120996738539297e-01,-3.238875460723142918e-01,-1.504533085978347895e-01,-2.016478607729554451e+00,-1.178863941568776719e+00,5.073912866546487210e-01,2.368830843982228984e+00,-4.717939591113093356e-01,-2.613179498112084276e-01,-3.667413331926736020e-02,-2.539205009080020226e+00,1.603080527788967480e+00,-1.285616371134013836e+00,5.902872406893668877e-01,-4.351848539827359308e-01,-1.491219374936052278e+00,-2.816355391171142530e-01,8.190356888673723246e-01,-4.237281202404630798e-01,-1.390228365824719425e+00
-3.336633295352133821e-01,1.355076748480355864e+00,1.219810682448961986e-01,-5.301839248666004867e-01,3.847732222491468956e-01,4.101357140657300171e-01,6.345417790034388883e-01,3.813764647157122933e-01,1.789245694548660948e-01,5.034592373046743730e-02,1.659799531144347251e-01,-3.234533213804725027e-01,-1.482400180097618314e-01,-2.010563090316969337e+00,-1.181425360071132857e+00,5.038860189941763990e-01,2.368597136145722537e+00,-4.810783872019513963e-01,-2.611782037371362386e-01,-3.733669336957250173e-02,-2.540722775839255210e+00,1.602596595538097635e+00,-1.287246097356075314e+00,5.831389705185638928e-01,-4.372403931700399871e-01,-1.488234650676409698e+00,-2.867505947100411068e-01,8.168781859343583474e-01,-4.298494035769000465e-01,-1.389389513550259858e+00
-3.337918470118546033e-01,1.355173031892505264e+00,1.217000666400839398e-01,-5.301411944464755610e-01,3.848507152903442030e-01,4.104243340358471048e-01,6.343444605973275197e-01,3.814939156660093755e-01,1.769054948317199394e-01,5.312808462868064130e-02,1.650783839456287094e-01,-3.225692954294157588e-01,-1.459622811722536551e-01,-2.005114849654671350e+00,-1.183970314591685558e+00,5.005628015772475292e-01,2.368450749749213990e+00,-4.894157888220811436e-01,-2.609166603433032416e-01,-3.741135504955640095e-02,-2.542120239226414835e+00,1.602100202204930657e+00,-1.288502708430022015e+00,5.764795228249005588e-01,-4.384082940401093920e-01,-1.484768396209634300e+00,-2.914505132427879786e-01,8.148645365417378494e-01,-4.356806598003613029e-01,-1.388443187717777416e+00
-3.338347960623545552e-01,1.355302271147233562e+00,1.213158932733776063e-01,-5.302447102598299988e-01,3.850467000020633135e-01,4.104776561662294987e-01,6.341038399562555217e-01,3.817417404735418129e-01,1.747835764101570433e-01,5.684944199068744930e-02,1.627787145315094941e-01,-3.213584719881797391e-01,-1.436215472071651345e-01,-2.000232497567837608e+00,-1.186606902422408627e+00,4.974259160416005243e-01,2.368309214774509730e+00,-4.968321481894831249e-01,-2.605398476408857800e-01,-3.687444629872085183e-02,-2.543507124578869405e+00,1.601510957976110205e+00,-1.289585744915699328e+00,5.701815210007340484e-01,-4.388157873921997298e-01,-1.480759896037918910e+00,-2.957085778493553918e-01,8.129776884705932627e-01,-4.411783526321156335e-01,-1.387393437587857603e+00
-3.337929218984149182e-01,1.355479464833270198e+00,1.208398929750702649e-01,-5.305514096597334639e-01,3.853897614978661346e-01,4.102806275742332809e-01,6.337663134610271864e-01,3.821216008466416514e-01,1.726907824688570237e-01,6.196511062179750617e-02,1.589130061803702698e-01,-3.199315545315667975e-01,-1.412204305309444630e-01,-1.995956517903742622e+00,-1.189395891218916868e+00,4.944899682997253576e-01,2.368102088566294672e+00,-5.034426884405572844e-01,-2.600604937750572998e-01,-3.576088080884750470e-02,-2.545092207666587392e+00,1.600621798807605911e+00,-1.290479444935713094e+00,5.644615250953516350e-01,-4.385498032368909116e-01,-1.476194954411301108e+00,-2.994839976551809668e-01,8.112204868432034699e-01,-4.463279241710684242e-01,-1.386257311564618844e+00
-3.337168116318754985e-01,1.355721057868013002e+00,1.202823540733168745e-01,-5.311160494645557062e-01,3.858979748415393152e-01,4.099150555827903997e-01,6.332204530974346879e-01,3.821853887356304047e-01,1.709640502027848508e-01,6.827582592596911915e-02,1.547470555345339394e-01,-3.191050370579916473e-01,-1.383464984497321804e-01,-1.991507934424147530e+00,-1.192783821864694227e+00,4.907797652025754354e-01,2.367706839327795354e+00,-5.102816358977768640e-01,-2.595772483260927466e-01,-3.436974772406645173e-02,-2.546629057337590929e+00,1.599709598920574294e+00,-1.291102604043985247e+00,5.595412669968130581e-01,-4.379585722182209873e-01,-1.471300064578980660e+00,-3.027635854239218438e-01,8.096962606163904397e-01,-4.511407680433796585e-01,-1.385266614601869506e+00
-3.336394154657659206e-01,1.356027083521964549e+00,1.196560953249987402e-01,-5.319574611221845606e-01,3.865826966189830904e-01,4.094303314368785696e-01,6.324102162341018740e-01,3.816205389004072024e-01,1.698138593560315490e-01,7.558191858457161127e-02,1.512043059971738546e-01,-3.191700241736774579e-01,-1.348425052412735581e-01,-1.986373027996634510e+00,-1.196970141231271878e+00,4.856052910953508328e-01,2.367092835815216123e+00,-5.178399393323023236e-01,-2.591247204337835952e-01,-3.291746800042397170e-02,-2.547880068103484330e+00,1.599044700431872634e+00,-1.291519918936060440e+00,5.553118351574203304e-01,-4.373062008341814799e-01,-1.466258530894211320e+00,-3.055526083952996297e-01,8.084419567364757864e-01,-4.556682376302380599e-01,-1.384541630806118251e+00
-3.335719498400234739e-01,1.356386122718098663e+00,1.189750603362994402e-01,-5.330659074111497864e-01,3.874480381594882505e-01,4.088383646194280741e-01,6.313287160407031751e-01,3.802836204730677405e-01,1.693269823201541957e-01,8.377566363734639809e-02,1.487378271117663631e-01,-3.200657872202734566e-01,-1.307292917280098443e-01,-1.980369102830302319e+00,-1.201930388122171012e+00,4.786607984558282070e-01,2.366298499819539991e+00,-5.261868537033158599e-01,-2.586997611614760828e-01,-3.153663930376484487e-02,-2.548760868709600835e+00,1.598732414744013397e+00,-1.291781644628240855e+00,5.516110140803550665e-01,-4.366873912025306947e-01,-1.461185285183658200e+00,-3.078529431400230387e-01,8.074275203461122041e-01,-4.599837677739976871e-01,-1.384116340677541634e+00
-3.335132874956084903e-01,1.356781639659784711e+00,1.182527989180112149e-01,-5.344160732374952927e-01,3.884914105070995660e-01,4.081360325284201784e-01,6.299990980783867212e-01,3.781356774897752238e-01,1.695256150434432951e-01,9.279520066981145066e-02,1.475310029643133458e-01,-3.216407807199806457e-01,-1.260784419133365586e-01,-1.973496818872491287e+00,-1.207542287265741088e+00,4.698689446751925791e-01,2.365387081172395600e+00,-5.352471408649058793e-01,-2.582924780338509141e-01,-3.031501509762167881e-02,-2.549257080137415254e+00,1.598789796551213449e+00,-1.291918379344160428e+00,5.482812209962933947e-01,-4.361193871533770583e-01,-1.456154489941171581e+00,-3.096618814134388664e-01,8.065872722583578014e-01,-4.641668548890412471e-01,-1.383997172504969564e+00
-3.334560541808151424e-01,1.357195882246085894e+00,1.175017116521191174e-01,-5.359724746210273727e-01,3.897029021854983566e-01,4.073144853313340197e-01,6.284584827306276544e-01,3.752020834588349896e-01,1.704004059387026482e-01,1.025943453557155577e-01,1.476105696732908645e-01,-3.237435893978244938e-01,-1.209692167418235792e-01,-1.965852147691741436e+00,-1.213654829275752522e+00,4.592846216285947358e-01,2.364420365749394737e+00,-5.449098142252016830e-01,-2.578945379013235506e-01,-2.931545132676011481e-02,-2.549369084971489396e+00,1.599184828219108789e+00,-1.291962605839458211e+00,5.452064175882752606e-01,-4.355922702424136483e-01,-1.451214495448857056e+00,-3.109741534493342119e-01,8.058398484172669685e-01,-4.682947198059893013e-01,-1.384183756656667041e+00
-3.333962385034027198e-01,1.357592809340386175e+00,1.168001548436736481e-01,-5.375326733091991827e-01,3.909575921581617819e-01,4.064740660599595601e-01,6.268894856853071129e-01,3.720109275438515106e-01,1.715961628338803779e-01,1.129712768769038922e-01,1.483737982627270913e-01,-3.255074342289652201e-01,-1.165141933454758999e-01,-1.957453041180043485e+00,-1.219592585656273043e+00,4.478035427467486618e-01,2.363149200411775563e+00,-5.540244918133970797e-01,-2.574174517609741364e-01,-2.868008304431964375e-02,-2.549844615054762453e+00,1.599722991368382807e+00,-1.292578015297813465e+00,5.424244082726425997e-01,-4.352899466951273277e-01,-1.446616307142169822e+00,-3.118538765258215273e-01,8.052853533575849987e-01,-4.723971519772984795e-01,-1.384634507379402191e+00
-3.333330791926122361e-01,1.357949573250847308e+00,1.162002882093430001e-01,-5.389422737698069676e-01,3.921511670975262320e-01,4.056986267752413222e-01,6.254336990605495750e-01,3.689689660601551124e-01,1.727981114053009637e-01,1.236724172847154940e-01,1.493552977865678366e-01,-3.265881428232041972e-01,-1.131284230935077073e-01,-1.948289516260844900e+00,-1.224886463683281024e+00,4.361030387381807927e-01,2.361351693377719663e+00,-5.621319050172182141e-01,-2.568468940875170414e-01,-2.851060296535332106e-02,-2.550887426355824328e+00,1.600207073988884732e+00,-1.294056131847014957e+00,5.400530268325224315e-01,-4.352741279072291913e-01,-1.442502455335443301e+00,-3.123853366339465198e-01,8.049947106677310948e-01,-4.765430940121976877e-01,-1.385375636113279407e+00
-3.332667851952952898e-01,1.358254855874631239e+00,1.157242257572259209e-01,-5.401065530193102093e-01,3.932142437476262575e-01,4.050447555486484941e-01,6.241844406120015121e-01,3.663279613934294354e-01,1.737549278046219281e-01,1.344112329863134947e-01,1.502587907830409131e-01,-3.269685241961295952e-01,-1.108165311236112699e-01,-1.938364337703027962e+00,-1.229296534896357596e+00,4.245938351777222564e-01,2.358881275826806068e+00,-5.692152878904666036e-01,-2.562033878280698396e-01,-2.885898263246535964e-02,-2.552319540371639217e+00,1.600591205551348928e+00,-1.296464802691390972e+00,5.380882098447627992e-01,-4.355269034011039486e-01,-1.438924532951618485e+00,-3.126420792593294640e-01,8.049673707077005247e-01,-4.807703972669913894e-01,-1.386446588154105930e+00
-3.331975120692088899e-01,1.358505051751846437e+00,1.153726860798518911e-01,-5.409723289344552377e-01,3.941064433936790068e-01,4.045437563742626530e-01,6.231961166289613496e-01,3.642238478777548583e-01,1.742483177485696644e-01,1.448749013913270822e-01,1.508853913594955243e-01,-3.267389466037989298e-01,-1.094598689499774735e-01,-1.927701323835359304e+00,-1.232734717713837247e+00,4.135006850322888727e-01,2.355652987815341159e+00,-5.754030797382879703e-01,-2.555109390199394870e-01,-2.976499423037011482e-02,-2.553984800407413491e+00,1.600900476405207273e+00,-1.299623219651398376e+00,5.364117427078964884e-01,-4.359841967918699490e-01,-1.435872155565160124e+00,-3.126753027612103608e-01,8.051537200468116273e-01,-4.851134082253620861e-01,-1.387865743576472077e+00
-3.331235603554889013e-01,1.358704673480679581e+00,1.151329440199982262e-01,-5.415173138105427997e-01,3.948196593147242917e-01,4.042016725413442590e-01,6.224935854590750717e-01,3.627334876821437515e-01,1.740772477638731497e-01,1.548409810021851574e-01,1.510331909853612209e-01,-3.260163498485038058e-01,-1.089139944595425430e-01,-1.916349008183108271e+00,-1.235207141517653984e+00,4.029118504281016255e-01,2.351628575047536085e+00,-5.808538567949009801e-01,-2.547878502838661352e-01,-3.125834770972851784e-02,-2.555894096862221243e+00,1.601200754588536723e+00,-1.303164491270893510e+00,5.348120755562778550e-01,-4.365576233294949926e-01,-1.433271338665943695e+00,-3.125134252572570603e-01,8.054028586743791074e-01,-4.896645516182920876e-01,-1.389719449968203513e+00
-3.329685606308075974e-01,1.358788899415686924e+00,1.150371223736569859e-01,-5.417532791508391510e-01,3.953121415662154692e-01,4.037990181753389751e-01,6.222363282389397066e-01,3.624115713235191993e-01,1.730135520644918157e-01,1.664976636515265174e-01,1.516928361113760726e-01,-3.292011243199406967e-01,-1.065644413941393281e-01,-1.906068684232538502e+00,-1.235932886955149135e+00,3.940299342391478388e-01,2.346799552787301568e+00,-5.859295223641081130e-01,-2.541710598336038296e-01,-3.255974647584438525e-02,-2.555398062171841289e+00,1.600805531881607680e+00,-1.302753347064548928e+00,5.324355848067102714e-01,-4.361184282483555053e-01,-1.430921246868180008e+00,-3.121084202172236255e-01,8.054006830114420756e-01,-4.941897338768845849e-01,-1.391853447027787238e+00
-3.326826516968873215e-01,1.358726946603506125e+00,1.151177823752852908e-01,-5.416445690120381684e-01,3.955173050327973061e-01,4.032209533829803072e-01,6.225753649416888580e-01,3.639787806092157352e-01,1.710657876337080552e-01,1.823152589244275701e-01,1.535772369415171756e-01,-3.377662951991559637e-01,-1.016185338371280028e-01,-1.898021019556707767e+00,-1.234598620345456421e+00,3.876554148156549640e-01,2.341071405461586430e+00,-5.909199826121331878e-01,-2.537266854784315795e-01,-3.308264764764962812e-02,-2.551664677467599507e+00,1.599611105609580308e+00,-1.296858944149125170e+00,5.287184437815523053e-01,-4.341853928949612196e-01,-1.428767031764430762e+00,-3.113709989803718492e-01,8.050096162671029898e-01,-4.985247355750119236e-01,-1.394167256869587090e+00
-3.322367296930139879e-01,1.358507901858345246e+00,1.153935683044673699e-01,-5.411191344974676243e-01,3.953663734852032596e-01,4.024357716140160579e-01,6.236352802105584736e-01,3.681199637236179378e-01,1.685000099267225659e-01,2.047240340725049179e-01,1.572714919002506928e-01,-3.515703510739781601e-01,-9.417700100620585157e-02,-1.892786596968295321e+00,-1.231272389134483669e+00,3.841847669516273434e-01,2.334356504876049954e+00,-5.960188858074263463e-01,-2.534729803388959257e-01,-3.242644847873491637e-02,-2.544766434659775367e+00,1.598147547152306780e+00,-1.285575229922013563e+00,5.232316319328935705e-01,-4.306105803983987790e-01,-1.426825988481800644e+00,-3.102052256123396523e-01,8.042863831255268048e-01,-5.025371847255412083e-01,-1.396522281328767656e+00
-3.316060085011884873e-01,1.358140875461558261e+00,1.158728042245337625e-01,-5.400541263658156232e-01,3.948525774642615560e-01,4.014586857263743314e-01,6.255115867256018092e-01,3.755447075114118904e-01,1.659107958110625503e-01,2.365035080858230443e-01,1.630965665619679428e-01,-3.699306004328488107e-01,-8.461367484504286884e-02,-1.890670549334959372e+00,-1.226269134897415514e+00,3.838423423768386189e-01,2.326597136665671250e+00,-6.013555504556378217e-01,-2.534059302274445646e-01,-3.034840156480110573e-02,-2.534794109431938836e+00,1.597125109098604057e+00,-1.270003367178384357e+00,5.165657341824196891e-01,-4.253323386391702488e-01,-1.425062793075566381e+00,-3.085023315928014376e-01,8.034347897688089990e-01,-5.061001144712650168e-01,-1.398790255566662255e+00
-3.307745280011732403e-01,1.357636189858121956e+00,1.165463697290792522e-01,-5.383005830846144812e-01,3.939947654404083455e-01,4.003221961054107547e-01,6.282855611596230849e-01,3.868977351884868576e-01,1.641230852731218048e-01,2.803881132094986350e-01,1.714709301888079351e-01,-3.920503431191431631e-01,-7.333192598741958279e-02,-1.891753509270893696e+00,-1.219988598089903675e+00,3.867053588311247792e-01,2.317786931124443228e+00,-6.070021124943180135e-01,-2.535116288121234129e-01,-2.667186153657132019e-02,-2.521045912309533232e+00,1.597719354394510738e+00,-1.252296994744060754e+00,5.119642676979758722e-01,-4.185705704668952198e-01,-1.423482703138780447e+00,-3.061187158270363695e-01,8.027943924853038205e-01,-5.089991438334537932e-01,-1.400807486441970617e+00
-3.298248308302690335e-01,1.357044304465492512e+00,1.173753658499397112e-01,-5.359192548078470786e-01,3.928923991651866454e-01,3.990325879167236911e-01,6.318220546838383411e-01,4.012069234466533740e-01,1.629271272247415081e-01,3.327800992594410201e-01,1.804568255050685299e-01,-4.141352614103672169e-01,-6.026449837120188141e-02,-1.894482946563572856e+00,-1.212103401531567481e+00,3.919789944438206719e-01,2.307573285574933575e+00,-6.117797486224496595e-01,-2.532614920622879295e-01,-2.185404245329580081e-02,-2.502221974051932030e+00,1.599333829433958298e+00,-1.226914949221498352e+00,5.035258514589091572e-01,-4.090033013802514827e-01,-1.421884470187103844e+00,-3.034935341193835678e-01,8.027857060350219731e-01,-5.114554065887401135e-01,-1.402633349242423888e+00
-3.288175544348841406e-01,1.356407518510108545e+00,1.183245397211314109e-01,-5.330415568171930074e-01,3.916219954850240770e-01,3.975899267217786748e-01,6.359411620013294408e-01,4.172241752571744233e-01,1.615663739515612596e-01,3.882444951302178038e-01,1.885442984519400400e-01,-4.348726407996478804e-01,-4.548185315840273801e-02,-1.897412721367416566e+00,-1.202390351512051092e+00,3.987535748510134814e-01,2.295841077453803614e+00,-6.152656382718270089e-01,-2.525068605027273039e-01,-1.616388056998045025e-02,-2.478041721035937339e+00,1.601318016536170896e+00,-1.193299131689341319e+00,4.916151134373349940e-01,-3.965573656240659606e-01,-1.420071132852622986e+00,-3.010481964095132468e-01,8.035567437924698853e-01,-5.136273070983077282e-01,-1.404536161782385273e+00
-3.277978276983460892e-01,1.355754576131209310e+00,1.193700930564967760e-01,-5.298560919215262732e-01,3.902348017799437963e-01,3.960126649832396706e-01,6.404249716699784711e-01,4.336011112012311264e-01,1.591811044787911911e-01,4.414870185236675626e-01,1.944417502373248507e-01,-4.541411164396919053e-01,-2.912614817839597262e-02,-1.899342927232556821e+00,-1.190774511265379365e+00,4.061588514995838617e-01,2.282645160347683611e+00,-6.174012084266558009e-01,-2.512548299364886772e-01,-9.817083806035265328e-03,-2.448726466892618081e+00,1.603165746582554840e+00,-1.152543315014913361e+00,4.777845246752362995e-01,-3.813009833274348392e-01,-1.417868192945854533e+00,-2.991777914543869432e-01,8.047402748046815768e-01,-5.157779043108811079e-01,-1.407106112132199716e+00
-3.268096865822123775e-01,1.355101242144462814e+00,1.204967256458872593e-01,-5.265662579848032765e-01,3.887650315755548647e-01,3.943503040373717572e-01,6.450407459080178540e-01,4.490326469060591519e-01,1.552566427565891527e-01,4.889992462587448019e-01,1.971046273521303571e-01,-4.722293502469289694e-01,-1.138370158164696624e-02,-1.899435802377786642e+00,-1.177297366555234648e+00,4.135796289288716787e-01,2.268127278677891212e+00,-6.182714494143949358e-01,-2.495610957735540369e-01,-3.101591212256984455e-03,-2.414904905967956594e+00,1.604316678046467270e+00,-1.105495011208984302e+00,4.630697844458607215e-01,-3.636127034837831062e-01,-1.415136392681854982e+00,-2.982867996008614075e-01,8.053063795983620432e-01,-5.184658732938702830e-01,-1.411245015390900859e+00
-3.259045965739487682e-01,1.354451450299458237e+00,1.216857241800685802e-01,-5.233547341827767818e-01,3.872243096559201958e-01,3.926755677233726982e-01,6.495868338668034925e-01,4.623644191267564652e-01,1.497960508291681925e-01,5.294891444508159628e-01,1.959924379673036454e-01,-4.894899038026472304e-01,7.538538530302289070e-03,-1.897253602713861342e+00,-1.162049733784703553e+00,4.207676471457443834e-01,2.252466849854096065e+00,-6.180210431817406702e-01,-2.474970073298633222e-01,3.602414727084429953e-03,-2.377948768467292862e+00,1.603792158969445270e+00,-1.051915412325760357e+00,4.469309247708861954e-01,-3.441784388833726283e-01,-1.411757441927412149e+00,-2.988267060454338764e-01,8.042590633123275490e-01,-5.222294180173719935e-01,-1.417178103233790232e+00
-3.250948001976199375e-01,1.353861408775300257e+00,1.228335651963799041e-01,-5.203970250882681281e-01,3.855798800768269197e-01,3.915457280820328068e-01,6.536107673378179772e-01,4.715007531847617561e-01,1.447207540057264541e-01,5.586962879772311430e-01,1.957747093473062860e-01,-5.036951464082218832e-01,2.295037894181664595e-02,-1.891772174981624532e+00,-1.148437093977779266e+00,4.257475039449026277e-01,2.235256484267629684e+00,-6.179741451269028518e-01,-2.463432674062384087e-01,8.984233033327886780e-03,-2.341969386422959154e+00,1.602739891029219432e+00,-9.984966182350435426e-01,4.293587567283961293e-01,-3.258025996714886685e-01,-1.408275372482013843e+00,-3.002726417879130194e-01,8.027305414016607799e-01,-5.262055675948957845e-01,-1.422542279465364157e+00
-3.243597518878504893e-01,1.353363081918313116e+00,1.239467560247455996e-01,-5.177164775400419083e-01,3.839548353910187117e-01,3.912255987307069471e-01,6.568803055343902519e-01,4.750709599730044697e-01,1.413745539753829827e-01,5.755025519412240165e-01,1.985815254402153174e-01,-5.140476383111968195e-01,3.381348838900751635e-02,-1.883286063520006826e+00,-1.138081877463692049e+00,4.278954428023736267e-01,2.216353788654570778e+00,-6.185936667532263566e-01,-2.463453175911687054e-01,1.225580953524469524e-02,-2.308114247065723212e+00,1.601560482548081810e+00,-9.477538267487052304e-01,4.106005404477982568e-01,-3.092741785349462647e-01,-1.404994949747405908e+00,-3.022386722939237602e-01,8.015804939777843030e-01,-5.296573301395486322e-01,-1.426574834279116244e+00
-3.236917660723838130e-01,1.352955239898536055e+00,1.250613377902979051e-01,-5.152658455200290755e-01,3.824619287659264399e-01,3.918171354193936695e-01,6.593203423806345276e-01,4.725408114585527009e-01,1.404889499553848287e-01,5.806332700741977382e-01,2.049032201420018517e-01,-5.205334692772811689e-01,4.032333125492254533e-02,-1.872479259387198836e+00,-1.131533020239878118e+00,4.271971661502517170e-01,2.195787083375551063e+00,-6.199691888743004142e-01,-2.474171421536918991e-01,1.298221271222640971e-02,-2.276357794387088074e+00,1.600262761786100940e+00,-9.004041317933411115e-01,3.910302909477895161e-01,-2.946388412986325478e-01,-1.402229288699461396e+00,-3.044635287040321492e-01,8.014032376134199165e-01,-5.319477295166527009e-01,-1.429114024448096210e+00
-3.230961994758010380e-01,1.352619271235668164e+00,1.262257115327768964e-01,-5.129570765087148043e-01,3.811984113266960184e-01,3.933424522595507233e-01,6.609421488391237220e-01,4.639284545129551685e-01,1.423684518331815863e-01,5.758719737142486972e-01,2.143850799860212430e-01,-5.234852672689498387e-01,4.299517517127283972e-02,-1.860094173892025804e+00,-1.128781368653069661e+00,4.238970288310264234e-01,2.173671985646639548e+00,-6.220546597093317143e-01,-2.493973493234142025e-01,1.091701204731937956e-02,-2.246270155849615868e+00,1.598678743289254633e+00,-8.564734292862975495e-01,3.710015713015644145e-01,-2.817100836016854237e-01,-1.400311932140993143e+00,-3.067800365383073213e-01,8.025943377221839148e-01,-5.325806491784391694e-01,-1.430203736051719909e+00
-3.226001354374308239e-01,1.352329425427550191e+00,1.274798550869754299e-01,-5.106656088707528518e-01,3.802981798634543775e-01,3.957746505707944173e-01,6.617827107705158696e-01,4.500798854823123696e-01,1.471980736379853438e-01,5.651398732106484024e-01,2.258250774523685167e-01,-5.234288938194360252e-01,4.239463734987519716e-02,-1.846971964609335659e+00,-1.129543874054947494e+00,4.185116332942019346e-01,2.150155056741899884e+00,-6.247405989418621797e-01,-2.520466632956704367e-01,5.877896327394523460e-03,-2.217364184171520147e+00,1.596586147956295054e+00,-8.158615232884587343e-01,3.508221987121149521e-01,-2.702267404810499984e-01,-1.399576272348583839e+00,-3.091034262430912838e-01,8.053870925997174135e-01,-5.311751126938180079e-01,-1.429879355596199053e+00
-3.222667766190562277e-01,1.352033734801226794e+00,1.287294002969787132e-01,-5.083284463467429015e-01,3.794541106246415163e-01,3.988680326552505040e-01,6.622098959221539571e-01,4.358667648950048656e-01,1.531741982511445610e-01,5.535148205012955236e-01,2.356456698063830735e-01,-5.221964120745375970e-01,4.136555552148489523e-02,-1.832048537623576001e+00,-1.131250807055732555e+00,4.126143382086480682e-01,2.126702219288424622e+00,-6.258469465115925612e-01,-2.508682485367099146e-01,-1.045794114090426189e-03,-2.194975225288116061e+00,1.593373154074307019e+00,-7.825660589138596634e-01,3.314164896051017828e-01,-2.586100162453856544e-01,-1.400208692139528699e+00,-3.113553466901270994e-01,8.090044584323655696e-01,-5.256759009615908917e-01,-1.424577857401799097e+00
-3.220711334907212509e-01,1.351796464046197244e+00,1.298965246565613740e-01,-5.058933742660309818e-01,3.786902437554174883e-01,4.023834609428420528e-01,6.623844378590519888e-01,4.242117521493620758e-01,1.586687204258082906e-01,5.425815735311353416e-01,2.425626791058626830e-01,-5.206770934714953780e-01,4.083144884682320119e-02,-1.814746046819150527e+00,-1.132458401913887913e+00,4.071839894601395060e-01,2.104205483747216388e+00,-6.247536531565248685e-01,-2.450230446791266670e-01,-9.072918391898240550e-03,-2.181537867081380977e+00,1.588629243821680692e+00,-7.556543109102304978e-01,3.126548616822416582e-01,-2.460584127199219595e-01,-1.401519024977287309e+00,-3.132752545195356397e-01,8.123402266092122348e-01,-5.157222063242180576e-01,-1.414929241636043722e+00
-3.219830476071130487e-01,1.351678230270210834e+00,1.308926961577767945e-01,-5.033670505659696426e-01,3.780169290986988284e-01,4.061524244605050349e-01,6.623934041218704216e-01,4.163678524659178426e-01,1.629589739661278791e-01,5.323936264871129698e-01,2.481002111628263784e-01,-5.192066987320445026e-01,4.105716513059928796e-02,-1.794487840821220814e+00,-1.132337123579390870e+00,4.026975995903351868e-01,2.083238380286441593e+00,-6.214207999497586288e-01,-2.348240794731343006e-01,-1.746841176923125474e-02,-2.175392379866648795e+00,1.583397115050985127e+00,-7.357330478607712054e-01,2.944171719111865482e-01,-2.325725417180833643e-01,-1.402348479378959345e+00,-3.150011451512046423e-01,8.141925938498384419e-01,-5.054085993401296051e-01,-1.403237369892967656e+00
-3.219715050188785566e-01,1.351730729307735412e+00,1.316226453188543977e-01,-5.007548038351745667e-01,3.773706529876796889e-01,4.100259957994580318e-01,6.623554177843726798e-01,4.132348195335147079e-01,1.654919716447670885e-01,5.224749051921009357e-01,2.540756512914056353e-01,-5.177852409532647249e-01,4.205949571805081555e-02,-1.770803960161678514e+00,-1.130341422282761243e+00,3.994419817054615240e-01,2.064127802377960119e+00,-6.160237292787140717e-01,-2.208829289523790151e-01,-2.671246966636815073e-02,-2.174162951046448189e+00,1.578867422312784319e+00,-7.235127651229696921e-01,2.770756883177700192e-01,-2.189580062411072836e-01,-1.400660803581977643e+00,-3.146384120531365292e-01,8.141333579204768078e-01,-4.946454853220951242e-01,-1.389178360780664034e+00
-3.220283489324361481e-01,1.352044125459534563e+00,1.319947790612698568e-01,-4.980103212164713744e-01,3.766494367268914401e-01,4.138970072036659009e-01,6.624281700177554466e-01,4.161001999686173014e-01,1.653283653327893843e-01,5.118053012776876409e-01,2.609845497474507781e-01,-5.162080190418918413e-01,4.356333443970050734e-02,-1.743288486800891324e+00,-1.126162739672362578e+00,3.976344955635453537e-01,2.046871011137274099e+00,-6.088648367216874524e-01,-2.036427029352798623e-01,-3.657726252486253465e-02,-2.175110409370613951e+00,1.574934221181863547e+00,-7.184408884269087858e-01,2.609388893032049128e-01,-2.057088082387856232e-01,-1.394202697897827026e+00,-3.111160776542458151e-01,8.124358278829895141e-01,-4.831230938915649920e-01,-1.372369173414780930e+00
-3.221579136608288541e-01,1.352479838393333189e+00,1.322374442426234309e-01,-4.954009960434003212e-01,3.760157964820446397e-01,4.175552425798135237e-01,6.624481816031301262e-01,4.216208223779699393e-01,1.647561951904934208e-01,5.014347784530808205e-01,2.699119776434457108e-01,-5.125816799296154525e-01,4.218590085387768918e-02,-1.711824346456394474e+00,-1.117260408134395533e+00,3.955927466560351102e-01,2.031423109263201798e+00,-6.010624886563744607e-01,-1.806126225062844870e-01,-4.449602935895551753e-02,-2.168719586863221416e+00,1.570223530339654117e+00,-7.091733007177307702e-01,2.457413840708247976e-01,-1.924596671823367577e-01,-1.386151057218467653e+00,-3.086533369487884371e-01,8.106607028075660804e-01,-4.727691351988512758e-01,-1.355565391767898920e+00
-3.222765461461155612e-01,1.353034129353802184e+00,1.325615127109179836e-01,-4.929766096760861971e-01,3.753883969135537457e-01,4.209857301201156421e-01,6.624414153796375215e-01,4.289263703246982695e-01,1.650137152454969336e-01,4.924498434558222670e-01,2.791480294334261480e-01,-5.063825070916222471e-01,3.722988912026635455e-02,-1.676165164864947377e+00,-1.102172085660187983e+00,3.921183406850678455e-01,2.017588061781219633e+00,-5.930640810149332420e-01,-1.517300684657841292e-01,-4.929537318298250759e-02,-2.154541244170105951e+00,1.563867839300310703e+00,-6.945545594560572633e-01,2.322844518435401850e-01,-1.791293611933921504e-01,-1.377142566460895390e+00,-3.085807823148134510e-01,8.093042719687122410e-01,-4.641292693375027589e-01,-1.339771757414212949e+00
-3.219906419475209169e-01,1.353683570521124757e+00,1.333906008482354244e-01,-4.910338437097234165e-01,3.747625058769231687e-01,4.241474766575231148e-01,6.622218257997545265e-01,4.368816344591966994e-01,1.688359749409970023e-01,4.882124873142374422e-01,2.871723339061426072e-01,-4.978163126183294263e-01,2.889234436889504681e-02,-1.635805699939982816e+00,-1.079458180033308068e+00,3.847133172337842688e-01,2.005707665812375140e+00,-5.849692899145200187e-01,-1.176067443067279894e-01,-5.026175714089196195e-02,-2.134546408756076818e+00,1.555522677051095926e+00,-6.748555144474944756e-01,2.202960103512751067e-01,-1.661205466833135802e-01,-1.366867050779473569e+00,-3.106324850750954436e-01,8.082787302112938166e-01,-4.574690778429329474e-01,-1.325564075337981595e+00
-3.209513858493430183e-01,1.354349374777934711e+00,1.349888598144018126e-01,-4.897369561948821670e-01,3.739605049237416656e-01,4.272053776196556574e-01,6.616703948440311178e-01,4.450476345092677644e-01,1.787586886694045862e-01,4.910107933281379067e-01,2.931690742011558992e-01,-4.873430864017017083e-01,1.759803483495338966e-02,-1.591352755973959754e+00,-1.048517707816366995e+00,3.724488775712501698e-01,1.995889373915423537e+00,-5.768168546497108862e-01,-7.901564549413872540e-02,-4.725067338293383740e-02,-2.111027099212770874e+00,1.545626934789276374e+00,-6.511151700188994029e-01,2.091998948899487509e-01,-1.537213676862634881e-01,-1.355392204310555737e+00,-3.142310512713885062e-01,8.074101121795194125e-01,-4.528242599444645133e-01,-1.313438955418403165e+00
-3.189028270694257428e-01,1.354951588820072050e+00,1.374290553378286206e-01,-4.889945036237923759e-01,3.728138136011585613e-01,4.304912147060847016e-01,6.607356126884347258e-01,4.532337703092403358e-01,1.967949466060191499e-01,5.025769082818940525e-01,2.973468000611030337e-01,-4.753770990194433610e-01,4.137916348253212889e-03,-1.544082829416006497e+00,-1.009947725256459705e+00,3.558906928809474901e-01,1.987764774928616474e+00,-5.688919314596231347e-01,-3.723781119942387585e-02,-4.137306724143469117e-02,-2.086176637921690169e+00,1.535624856423144946e+00,-6.253846208038233989e-01,1.986285533328779884e-01,-1.417661731526895230e-01,-1.343187944712344040e+00,-3.189163922067564938e-01,8.076868441117233122e-01,-4.502030393651645923e-01,-1.304261140291776089e+00
-3.160586939234272252e-01,1.355622464053682030e+00,1.401129889228707182e-01,-4.874151408434485577e-01,3.719585282167094387e-01,4.352716283182890278e-01,6.592510472836321522e-01,4.603916880646152232e-01,2.218534726979301819e-01,5.216289557590245707e-01,3.032547697743721016e-01,-4.624721129130763275e-01,-7.675902524239743702e-03,-1.494116991644556025e+00,-9.715064236729138436e-01,3.400548775840183113e-01,1.979449724681574319e+00,-5.633093158740983819e-01,1.754357191662170301e-03,-3.853324138921280367e-02,-2.062548766241262932e+00,1.526141372543089236e+00,-6.016912961868059462e-01,1.887014919219847098e-01,-1.287331694721537689e-01,-1.330252858127191296e+00,-3.246131683778618049e-01,8.081642033153255689e-01,-4.501422945547590704e-01,-1.295489546847260032e+00
-3.126096007423548317e-01,1.356583683082980274e+00,1.425843629452708539e-01,-4.836362998779797917e-01,3.722270205408388377e-01,4.420735478635233195e-01,6.573537501977027020e-01,4.649083610650161513e-01,2.512406688688328393e-01,5.471957156177119641e-01,3.123783998912145754e-01,-4.485874255567804947e-01,-1.689263826792217205e-02,-1.441002741552414479e+00,-9.383876304819844805e-01,3.289269440526443322e-01,1.969755827267442916e+00,-5.605268506399496697e-01,3.650535923592938131e-02,-4.259871297735529083e-02,-2.040742090540551779e+00,1.516513852852643174e+00,-5.819453712402842260e-01,1.796893634186022548e-01,-1.140475346853081079e-01,-1.316235772102628987e+00,-3.314921953454639802e-01,8.094429355841720186e-01,-4.528307291887543884e-01,-1.285163550330659987e+00
-3.097532483120886693e-01,1.358121727100547238e+00,1.449324163871504312e-01,-4.793840216930207454e-01,3.722329206021536274e-01,4.483785809662839128e-01,6.561944347328299010e-01,4.651225994873661174e-01,2.772179505850339565e-01,5.746695029466952764e-01,3.233288977960923627e-01,-4.341377737004600279e-01,-2.344488321588756100e-02,-1.394109509008845116e+00,-9.145483317989101524e-01,3.179282307266763641e-01,1.956644704700633897e+00,-5.589759861112948425e-01,6.650332177650047916e-02,-4.891547647756394612e-02,-2.021407012741107678e+00,1.507939682082635846e+00,-5.654781005959255147e-01,1.722014774568683682e-01,-9.803223375317324240e-02,-1.304696324491847914e+00,-3.405864999592393416e-01,8.136804188823951733e-01,-4.563577009299836229e-01,-1.272116293193968906e+00
-3.078012387733586319e-01,1.360431469720414288e+00,1.470217215265666177e-01,-4.751633108909297798e-01,3.715394203838789933e-01,4.544479367290943927e-01,6.554810141313400784e-01,4.606879333899818185e-01,2.974731173164527620e-01,5.976648414102793128e-01,3.343506331602971171e-01,-4.195732944345826332e-01,-2.773151790336166045e-02,-1.349420517751629411e+00,-9.001962420242932694e-01,3.053293181889383812e-01,1.941021999833085765e+00,-5.587122766484243774e-01,9.279760409674604749e-02,-5.719725352055220202e-02,-2.007700740807957018e+00,1.497601460242581339e+00,-5.543105646959176624e-01,1.678254832104610350e-01,-8.131118496293293640e-02,-1.294315074008731470e+00,-3.515763680939261726e-01,8.212668231588003964e-01,-4.590119767881056245e-01,-1.255571118357422522e+00
-3.067684529459344667e-01,1.363630776118113008e+00,1.487370818817358997e-01,-4.713137858170972638e-01,3.696834131515951416e-01,4.605838739897859524e-01,6.550267050738493024e-01,4.519926096411270855e-01,3.112983897930495236e-01,6.126618600291412475e-01,3.451250104336359148e-01,-4.051259324133585360e-01,-3.027072046630759419e-02,-1.302593116516930882e+00,-8.941625775688275546e-01,2.904534274414329320e-01,1.924135100369544382e+00,-5.594987144674766766e-01,1.165758586481281112e-01,-6.718434768240501287e-02,-2.000999309647062407e+00,1.481697338004672737e+00,-5.484012089122475286e-01,1.668899551572141093e-01,-6.423320116043146344e-02,-1.276554737930935213e+00,-3.590281551513195279e-01,8.227590709387719858e-01,-4.595480579311309044e-01,-1.234705713235769053e+00
-3.063068130328642225e-01,1.367601392722254339e+00,1.501985522121104810e-01,-4.685255298336390428e-01,3.653384093810753130e-01,4.660923376279756947e-01,6.555681561283333014e-01,4.416393080288805728e-01,3.195557494355246719e-01,6.160498219476349124e-01,3.606718146769147260e-01,-3.909104675952038699e-01,-3.198113656783519582e-02,-1.251925692735941009e+00,-8.888541549617593462e-01,2.741146186299229237e-01,1.907341675430368255e+00,-5.597220189099850751e-01,1.408098721325130032e-01,-7.552670101650675594e-02,-1.996594119684914626e+00,1.462731743039713317e+00,-5.454728912445939715e-01,1.671219993500585865e-01,-4.581796740411660240e-02,-1.256427101139670821e+00,-3.662823784671708216e-01,8.278476755128272302e-01,-4.581359945255511490e-01,-1.215143530026929097e+00
-3.063509012130602449e-01,1.371927166861226954e+00,1.516989589150987694e-01,-4.671766188278130838e-01,3.602377281038255386e-01,4.716050450372062386e-01,6.554115475038284622e-01,4.316326908843786669e-01,3.273235493449779265e-01,6.169424957130991150e-01,3.781388210512829917e-01,-3.779372931986008655e-01,-3.340189513085081024e-02,-1.199030711262565996e+00,-8.845258252177148339e-01,2.575116973191153846e-01,1.890935053523532750e+00,-5.592750614275405763e-01,1.664265344384256440e-01,-8.452785729508946466e-02,-1.992899173607602048e+00,1.441132967525927899e+00,-5.452642800452454086e-01,1.680214260913730773e-01,-2.584065030110481442e-02,-1.234067790253489338e+00,-3.749351349003582357e-01,8.334806142723278910e-01,-4.557830821307162217e-01,-1.195708463333493121e+00
-3.068291127147889097e-01,1.376338690271019072e+00,1.536133082869615973e-01,-4.672794440895495782e-01,3.552727731134078804e-01,4.773331292457409503e-01,6.538992747664881255e-01,4.229891702272474130e-01,3.362096100843510738e-01,6.160803735979216711e-01,3.980523494115799088e-01,-3.661083055851341861e-01,-3.459523147159817430e-02,-1.144363927810353232e+00,-8.808886826044436402e-01,2.416303489068793442e-01,1.874557351591040089e+00,-5.584299445499240067e-01,1.934759645223941560e-01,-9.481094202205285482e-02,-1.989320769936484101e+00,1.417387934859101639e+00,-5.475078022023597279e-01,1.691751891520269224e-01,-4.394260169491175094e-03,-1.210475060696841521e+00,-3.859409608514802192e-01,8.387838961015754435e-01,-4.532347592871062147e-01,-1.175665515292376728e+00
-3.076035653809603421e-01,1.380842327139927495e+00,1.563092205527204515e-01,-4.682578681850929625e-01,3.502611155040301627e-01,4.830373530016163763e-01,6.517105457592475837e-01,4.167891766999385905e-01,3.454863577464872271e-01,6.109164057450185981e-01,4.241888573357522896e-01,-3.543553283719906855e-01,-3.544474959938095221e-02,-1.087374033534093343e+00,-8.765341349470524568e-01,2.283127198271081015e-01,1.857514541538997532e+00,-5.574179161098109514e-01,2.216681859360478957e-01,-1.047966320667797352e-01,-1.986061285288279299e+00,1.391571816956962415e+00,-5.522014902875590492e-01,1.706368374841453761e-01,1.824209645502522514e-02,-1.187519518241335392e+00,-3.990411341905636400e-01,8.454870961542392260e-01,-4.517153028359348621e-01,-1.154578723975784760e+00
-3.087327290721813555e-01,1.385622572287050769e+00,1.598783329391684493e-01,-4.703025385970913130e-01,3.449369214629324776e-01,4.887578047399914749e-01,6.488064817081828917e-01,4.127177674449346578e-01,3.562244550866880410e-01,5.998042372916544407e-01,4.579268787559465093e-01,-3.415192771149104800e-01,-3.591757661741024760e-02,-1.025515419059124245e+00,-8.703870044997387145e-01,2.155864659231506164e-01,1.838627385341113252e+00,-5.563886443575539742e-01,2.501690490292476365e-01,-1.130941355064827292e-01,-1.979830413523301136e+00,1.364932274406074342e+00,-5.581094309820191501e-01,1.732661371957263385e-01,4.166722427453101174e-02,-1.167262874701855413e+00,-4.139397269798881784e-01,8.531318016251224767e-01,-4.513113224462207973e-01,-1.131819242597815744e+00
-3.097814573602226673e-01,1.390601556788739535e+00,1.642522309364450595e-01,-4.722813097849874464e-01,3.406626720576613199e-01,4.945565128678330868e-01,6.452239618348194483e-01,4.069533880030246631e-01,3.661019543236178064e-01,5.814060646411859379e-01,4.926841221198957066e-01,-3.249596544109062402e-01,-3.620903464652820702e-02,-9.630880597261268772e-01,-8.645573612044430423e-01,2.039388064627898345e-01,1.817786887417694786e+00,-5.553574122651215861e-01,2.755185497698287578e-01,-1.227946664371400709e-01,-1.975268491989294661e+00,1.336111246750598225e+00,-5.643247613587850653e-01,1.755280096434569392e-01,6.418259806069737117e-02,-1.148141741026542206e+00,-4.293066836679065856e-01,8.575114871817411943e-01,-4.497811705662936310e-01,-1.101546757556974843e+00
-3.105671299785619510e-01,1.395775450919197969e+00,1.692345590390743892e-01,-4.744385616664602012e-01,3.373737907210064280e-01,5.004287519715167054e-01,6.408260612199143669e-01,3.967568454881237883e-01,3.761601140225953599e-01,5.558022592365096104e-01,5.254057289680079679e-01,-3.045515517199143263e-01,-3.645434205900947855e-02,-9.006510909834265499e-01,-8.581364581729015173e-01,1.897341626033641482e-01,1.794802237799238087e+00,-5.543025477240662857e-01,2.922592310246406311e-01,-1.330773999456106860e-01,-1.971433070116427100e+00,1.305587662831750650e+00,-5.698643935893868973e-01,1.776626560671151212e-01,8.558247762226811606e-02,-1.130127327656067049e+00,-4.455984128005751055e-01,8.583507366966790508e-01,-4.465853003412739164e-01,-1.062716259239129046e+00
-3.108461288497445518e-01,1.401073039231312656e+00,1.746258393135003695e-01,-4.769987356369401188e-01,3.342535412642774761e-01,5.061207119740140925e-01,6.360727955697900171e-01,3.804159893669647463e-01,3.863353702759353414e-01,5.209605498319705985e-01,5.547503651788134871e-01,-2.807098564001761498e-01,-3.673609358910475547e-02,-8.392978614463297848e-01,-8.487694058742758507e-01,1.712233561231092382e-01,1.770040561083205954e+00,-5.532168384828339835e-01,3.019139470850001339e-01,-1.416492673277154890e-01,-1.967887034836923288e+00,1.273932649005885098e+00,-5.747659244313992888e-01,1.800341300037702763e-01,1.059145697296949296e-01,-1.113107797805932497e+00,-4.636859172669237639e-01,8.551375507843664847e-01,-4.424901479936607651e-01,-1.016631735685276094e+00
-3.105040691305291367e-01,1.406308362816856672e+00,1.803581038695021010e-01,-4.798941082704521466e-01,3.320227606010206500e-01,5.118168733588630559e-01,6.304807843505960685e-01,3.566224346589177974e-01,3.998891462057802548e-01,4.853308782983757341e-01,5.778597511913863283e-01,-2.545945182447534316e-01,-3.708281379031613811e-02,-7.819206882671554393e-01,-8.369318496138042907e-01,1.478950694760795548e-01,1.743832175144123475e+00,-5.521298922919830598e-01,3.060990063031176489e-01,-1.492719963937918781e-01,-1.964949101776109153e+00,1.242079688813203742e+00,-5.792338140880028963e-01,1.819371864341443601e-01,1.253719260913186140e-01,-1.097677833328283503e+00,-4.849411146939292538e-01,8.474469253120401335e-01,-4.386956490420250154e-01,-9.646512842587791070e-01
-3.096378719916219602e-01,1.411320572299504805e+00,1.864943670681345478e-01,-4.828153963921205105e-01,3.320038470179605405e-01,5.176995704524931519e-01,6.234185437154742271e-01,3.242475042972761123e-01,4.199654407713719340e-01,4.588310467576113827e-01,5.920952317284293720e-01,-2.262580469443982167e-01,-3.820608676795400616e-02,-7.315476272104679545e-01,-8.251523651171240870e-01,1.199849079346443220e-01,1.716017702970565439e+00,-5.510227727481384896e-01,3.064520800432432024e-01,-1.578512969970905788e-01,-1.963699316614415658e+00,1.211149044704753708e+00,-5.834299205196635807e-01,1.820093034235800433e-01,1.445989901236056363e-01,-1.085227054510218059e+00,-5.107492373228254001e-01,8.347372529295089549e-01,-4.366864348680165597e-01,-9.096833768979810664e-01
-3.084131706994007738e-01,1.416084546699210023e+00,1.926843663084175096e-01,-4.854875685428609589e-01,3.336057683145434716e-01,5.238129338953747549e-01,6.153283858408643558e-01,2.854313141892722006e-01,4.424192615366753789e-01,4.343226863972249330e-01,5.973291472972396265e-01,-1.919905839642206125e-01,-4.317744177596175709e-02,-6.870399868436839474e-01,-8.133496336814722838e-01,8.922758035749057959e-02,1.686850675840272151e+00,-5.491680376806021835e-01,3.046892304045495936e-01,-1.672823035671293090e-01,-1.963956435098018316e+00,1.180913845552704400e+00,-5.880782185347552815e-01,1.804325428985031343e-01,1.648884877947136840e-01,-1.077642539340328387e+00,-5.412556144027075300e-01,8.173272100317379163e-01,-4.365092210146029328e-01,-8.585168651443132459e-01
-3.069911452164962307e-01,1.420586713031589454e+00,1.985703430971663130e-01,-4.877194872606620546e-01,3.364250630924436325e-01,5.302704680203943477e-01,6.064331038250420081e-01,2.422715244269276202e-01,4.646354896865866890e-01,4.085285970147576884e-01,5.945260283000177726e-01,-1.511709279091911773e-01,-5.245209416389071122e-02,-6.472922761910674394e-01,-8.004590837274739856e-01,5.751526867226165740e-02,1.656620348741770332e+00,-5.462708888315730427e-01,3.021194726076830706e-01,-1.777622020480083831e-01,-1.964771277604852262e+00,1.151053135783505432e+00,-5.931786312336584377e-01,1.775845716778624295e-01,1.866474141427181543e-01,-1.076475519360655442e+00,-5.761965508156242644e-01,7.946088620914442124e-01,-4.369873754398556631e-01,-8.124725372583960770e-01
-3.054435343577179274e-01,1.424797379084573823e+00,2.037340534550039217e-01,-4.895486887146905941e-01,3.399748127104600948e-01,5.368777902297523497e-01,5.970941688362335631e-01,1.975329599522464563e-01,4.848317665582171365e-01,3.807405237237508344e-01,5.849736884291375505e-01,-1.043090934705538791e-01,-6.571504683954833281e-02,-6.112859419252252291e-01,-7.878584301897501030e-01,2.460443851476946248e-02,1.625249059744562352e+00,-5.426318506601969238e-01,2.997571004222113755e-01,-1.888178796270374715e-01,-1.965031444971740759e+00,1.121362690512007987e+00,-5.986802683187449903e-01,1.739635550986008417e-01,2.098632422424656085e-01,-1.082750782830405711e+00,-6.148805103021166563e-01,7.658163416131825718e-01,-4.365682282198329323e-01,-7.712456490386935259e-01
-3.038158410716469415e-01,1.428692518693024605e+00,2.077725111943484193e-01,-4.911400206004740698e-01,3.438241071700374185e-01,5.432936266104630985e-01,5.877067847429786607e-01,1.539620968435355119e-01,5.017666289066564644e-01,3.509814555556238225e-01,5.701630865034716944e-01,-5.223994278980875067e-02,-8.244472513906850319e-02,-5.784272598675663790e-01,-7.764722333233223805e-01,-9.570821375763807412e-03,1.592763364611654575e+00,-5.384345098151858133e-01,2.982633337731181999e-01,-1.995857970785969715e-01,-1.963431650007689155e+00,1.091635462003104351e+00,-6.042552640749128123e-01,1.700799643800015859e-01,2.343699969937768357e-01,-1.097314014481445277e+00,-6.567091743373780766e-01,7.310638476080527637e-01,-4.343843788628214964e-01,-7.344247275768610583e-01
-3.021338576016376898e-01,1.432262455202128359e+00,2.104978580315961245e-01,-4.926723484973702383e-01,3.478826921374325587e-01,5.491825129400823569e-01,5.784895478901184163e-01,1.123503293956268634e-01,5.143988546885454038e-01,3.181045169041540333e-01,5.519016812620780588e-01,3.358259661916496164e-03,-1.020401133667218629e-01,-5.493272805927288394e-01,-7.659844188720758007e-01,-4.376269170830426880e-02,1.559700779187713549e+00,-5.333375525889284541e-01,2.977561487535487772e-01,-2.095426917260888866e-01,-1.959180157490649332e+00,1.061852810899811317e+00,-6.094141269393634763e-01,1.663136122097712555e-01,2.591892540933943834e-01,-1.120939217388023490e+00,-7.012522392949639416e-01,6.915415781792701999e-01,-4.294626821226811275e-01,-7.021458038239840604e-01
-3.004113385149917992e-01,1.435514023296733610e+00,2.123216073122342618e-01,-4.941443996722343357e-01,3.527784244423887161e-01,5.546340526979379737e-01,5.689901256686034081e-01,6.822021882178211372e-02,5.218474647720600101e-01,2.779731604358457453e-01,5.325640336108106165e-01,5.901791209349962347e-02,-1.237716659061906394e-01,-5.267326608065894256e-01,-7.533684872771534424e-01,-7.387439320653518826e-02,1.527749405985504350e+00,-5.259193503756306454e-01,2.974689030496759923e-01,-2.198940778649108307e-01,-1.953458388245520094e+00,1.032341934260383454e+00,-6.139168286968450516e-01,1.627447015891361481e-01,2.816001184853960670e-01,-1.154309281788943098e+00,-7.494342562729481294e-01,6.508673278732159950e-01,-4.208544949246060263e-01,-6.760219743858623120e-01
-2.986635175811159781e-01,1.438482002716674479e+00,2.136296054281416890e-01,-4.952510260075139170e-01,3.588491831701051682e-01,5.602470519400525317e-01,5.586384571161678858e-01,1.892905050496131864e-02,5.243920952868448282e-01,2.294997521414762764e-01,5.131390725229043603e-01,1.136770490181090720e-01,-1.471327936136570536e-01,-5.108238521334872440e-01,-7.368916515709625914e-01,-9.818420483039289048e-02,1.497713186483011993e+00,-5.159469371764119350e-01,2.969201594901799135e-01,-2.322094779011782684e-01,-1.947766287462572521e+00,1.002964730510164548e+00,-6.178225294441647142e-01,1.593516538777360603e-01,3.010472909460497060e-01,-1.197242493935315011e+00,-8.021182561672683953e-01,6.110490754135979863e-01,-4.079672882641356413e-01,-6.557625481129877310e-01
-2.968903696529666680e-01,1.441214378412594144e+00,2.147639911543903768e-01,-4.955289165943711494e-01,3.663312047258798221e-01,5.668159481699315272e-01,5.467842209696104350e-01,-3.734051933113095856e-02,5.226022017112756934e-01,1.733943552113128561e-01,4.939095555936940940e-01,1.671499041882516523e-01,-1.717709946369894991e-01,-5.006807783293033554e-01,-7.156493358086074563e-01,-1.163010776122035128e-01,1.469906337156649867e+00,-5.035941398736780705e-01,2.958365532598318248e-01,-2.482706323457223585e-01,-1.943732963067755781e+00,9.732600363350056849e-01,-6.213635964032834247e-01,1.559947828313362761e-01,3.176663726288894707e-01,-1.248865499565057435e+00,-8.599818753756596212e-01,5.732647955369988280e-01,-3.906613164950060169e-01,-6.405816425757074883e-01
-2.950404347736022004e-01,1.443719455169145238e+00,2.159616181248301403e-01,-4.959234271703249486e-01,3.744197612142340370e-01,5.733853160476501953e-01,5.339466978424455279e-01,-9.984471680232187563e-02,5.172920225331104627e-01,1.133890463778687296e-01,4.747454161614411139e-01,2.194272721248170521e-01,-1.976029361044331634e-01,-4.936277759538197363e-01,-6.961553027539442162e-01,-1.367432272996862985e-01,1.441473280070463936e+00,-4.907615881608993202e-01,2.943161120137423592e-01,-2.654406439429803366e-01,-1.942774712863685860e+00,9.434701265842189155e-01,-6.250642594886275383e-01,1.524654709761505134e-01,3.317572137960669298e-01,-1.308094469672445470e+00,-9.224552118209315976e-01,5.386497633060516321e-01,-3.686633157020660634e-01,-6.296529652124978060e-01
-2.930544786502932153e-01,1.446061779777651157e+00,2.174971772689079930e-01,-4.970383351562233099e-01,3.823723240916394595e-01,5.792078750156901545e-01,5.208287018528231505e-01,-1.668838528389458287e-01,5.096308617840891175e-01,5.485406452526659510e-02,4.541326775511275726e-01,2.643265974427863041e-01,-2.231378724716377437e-01,-4.872012463950796124e-01,-6.790586201243058451e-01,-1.610908284970597737e-01,1.410169248592221480e+00,-4.785796502522409179e-01,2.924501721121692821e-01,-2.811521411040152074e-01,-1.945867927649026718e+00,9.139654162187729192e-01,-6.295295660203990007e-01,1.487488894113855042e-01,3.441347255873141719e-01,-1.373685703827306703e+00,-9.880551438062462610e-01,5.085942322199391574e-01,-3.414166684827134590e-01,-6.193068401902528386e-01
-2.907229549647890599e-01,1.448509623644052891e+00,2.192571035082896691e-01,-4.980956423668777000e-01,3.892981597868078181e-01,5.842719520579651160e-01,5.088948416717423706e-01,-2.274365512647182341e-01,5.051190954624683593e-01,7.574858448568054514e-03,4.406029432811573998e-01,3.095356404601656841e-01,-2.398833148397370163e-01,-4.802401620819645167e-01,-6.631065376501842357e-01,-1.842064281352584765e-01,1.376834911717185195e+00,-4.671113398245822501e-01,2.906112697491850527e-01,-2.931310346543340439e-01,-1.951843563054463937e+00,8.856250460911796463e-01,-6.352412212388108825e-01,1.437251037302310630e-01,3.562728608553780152e-01,-1.443729842770691496e+00,-1.053218117558028855e+00,4.860701866951988581e-01,-3.074984180496868613e-01,-6.008331224902438983e-01
-2.880965595049423400e-01,1.451211066666930227e+00,2.211761964277794978e-01,-4.986535548531341178e-01,3.954261148560660466e-01,5.888376151882799281e-01,4.982507370647797917e-01,-2.784279968855151166e-01,5.025859453865790805e-01,-2.763646991053515453e-02,4.297435453307725806e-01,3.539172177326330715e-01,-2.483473419759587020e-01,-4.719118460436838580e-01,-6.485780476173043096e-01,-2.037634399227563897e-01,1.342483752149616238e+00,-4.563781527305817987e-01,2.890780810090356479e-01,-3.013883177384218959e-01,-1.959150640995263482e+00,8.584362392194627711e-01,-6.417496985505554141e-01,1.370291816133739349e-01,3.687011840636725268e-01,-1.516925412928374239e+00,-1.115891679212230869e+00,4.732560888231231444e-01,-2.668676380125319936e-01,-5.722204157184804796e-01
-2.851760900900082163e-01,1.454299878975227944e+00,2.232848971536764704e-01,-4.983299455394338273e-01,4.011582858503953686e-01,5.933345406435863723e-01,4.885626039224675865e-01,-3.188310741509716162e-01,5.021585379887579803e-01,-4.912859500005143515e-02,4.202222493895797495e-01,3.929824461971238025e-01,-2.504646898568942404e-01,-4.610257515824048857e-01,-6.357006700672308552e-01,-2.188000536860528755e-01,1.307889009430722727e+00,-4.463325146661337173e-01,2.880278233956660716e-01,-3.067366612937291181e-01,-1.967735248160411787e+00,8.318277158487366041e-01,-6.492123842226253938e-01,1.291125649272915621e-01,3.816073760252166602e-01,-1.591353251708054639e+00,-1.174802325260573488e+00,4.703276535497748490e-01,-2.207952432273901922e-01,-5.338727867889165868e-01
-2.818695012305487135e-01,1.457897977946390755e+00,2.257230494186562575e-01,-4.967175532088903833e-01,4.069142939830658334e-01,5.982359199590602250e-01,4.793810736326303279e-01,-3.485048873204664721e-01,5.041346069302450328e-01,-5.742695075609027811e-02,4.118225019458587877e-01,4.207104333877276225e-01,-2.491742975607058597e-01,-4.465135875017097189e-01,-6.245860183244604791e-01,-2.289115328742168665e-01,1.272478280952405783e+00,-4.365894206869448957e-01,2.875267193558043721e-01,-3.101683910119989451e-01,-1.979156258416874703e+00,8.049003901396311056e-01,-6.584576027430671941e-01,1.212948176247418269e-01,3.950539290631588929e-01,-1.664693311676884946e+00,-1.229957021861846522e+00,4.757810481729446983e-01,-1.710946692731230290e-01,-4.869342742030585147e-01
-2.780702584891198148e-01,1.462032318910456929e+00,2.284764140363744755e-01,-4.940419399069867490e-01,4.130312104484420432e-01,6.036813185045433183e-01,4.699964324301330043e-01,-3.711363839298024159e-01,5.099222792647172264e-01,-5.279020898678887797e-02,4.069798347915203895e-01,4.321662037638595022e-01,-2.460912366525025707e-01,-4.287451432254169026e-01,-6.144990276579999078e-01,-2.346226583395933374e-01,1.236238618104409825e+00,-4.271496081644767240e-01,2.875202148993006301e-01,-3.126432539350209594e-01,-1.993686770872896474e+00,7.771824675500761392e-01,-6.697389632983687946e-01,1.146489710634143872e-01,4.077531655219296947e-01,-1.735300173361993048e+00,-1.281424709019827635e+00,4.880182693110916015e-01,-1.187861352318664576e-01,-4.323614032172470312e-01
-2.736909067092103687e-01,1.466576890743073180e+00,2.313272779411779667e-01,-4.913281619840161318e-01,4.193234144204230907e-01,6.092916701936776924e-01,4.599226727280456561e-01,-3.947768410219908986e-01,5.230163963465880306e-01,-3.376707968343096306e-02,4.134115750977574444e-01,4.238186247339034152e-01,-2.427089153698856749e-01,-4.099056869281513249e-01,-6.032247402454248286e-01,-2.372151233080679600e-01,1.199664362075723911e+00,-4.182959668562523659e-01,2.877937616367999829e-01,-3.146036195821647619e-01,-2.010244251226247059e+00,7.489240996428900843e-01,-6.830403632464571162e-01,1.104949695520863751e-01,4.168176352123688644e-01,-1.801882414844750979e+00,-1.328184239732258520e+00,5.051175893643392589e-01,-6.421802410650090387e-02,-3.705911408432320253e-01
-2.687142733174131548e-01,1.471453830774431815e+00,2.341441430829729053e-01,-4.889785574711128513e-01,4.254189653101742574e-01,6.148260704502609419e-01,4.493412705089316894e-01,-4.230830463462734725e-01,5.444111263250647204e-01,-1.678943652414006948e-03,4.337161282891083824e-01,3.976752203276641695e-01,-2.397099114540494069e-01,-3.912217876049651766e-01,-5.895027106717461995e-01,-2.369029394607264083e-01,1.162981605274359564e+00,-4.100372178672942458e-01,2.881620138792408969e-01,-3.160135251388798139e-01,-2.028149656189010663e+00,7.206317290401275111e-01,-6.983901566672282568e-01,1.094119327028181266e-01,4.217489679423647719e-01,-1.863374558809606230e+00,-1.369835468054106276e+00,5.256769666337614000e-01,-7.932143007194115969e-03,-3.025831053293824291e-01
-2.631581452984420033e-01,1.476606293663686786e+00,2.368091621862427054e-01,-4.870470113657154321e-01,4.309195099798338591e-01,6.201299448009905957e-01,4.387851822926395196e-01,-4.572402194308675671e-01,5.741337012158906905e-01,4.143172381861594950e-02,4.683467654135758385e-01,3.583096224181678835e-01,-2.378682623874701085e-01,-3.734549018025346001e-01,-5.728609942039404324e-01,-2.335146000073242134e-01,1.126363241886783273e+00,-4.022431203263990285e-01,2.884896269019197046e-01,-3.166399046270475526e-01,-2.046815427980908986e+00,6.929604821716142116e-01,-7.157575184896910470e-01,1.115385976229251869e-01,4.228278661717258524e-01,-1.918977542886496579e+00,-1.406378854570978332e+00,5.489245846881691815e-01,4.963511219042249928e-02,-2.293130291571212342e-01
-2.570949158759946451e-01,1.481998105065131410e+00,2.392185374341979920e-01,-4.854444086202457931e-01,4.355002337230558518e-01,6.250594631866629447e-01,4.289334914031595059e-01,-4.972831630086690935e-01,6.120353239831468617e-01,9.484804974761729124e-02,5.172466124526116094e-01,3.126973175510301406e-01,-2.393977199274651413e-01,-3.569017428791955160e-01,-5.532720430980428983e-01,-2.267810923520420241e-01,1.089412304189771197e+00,-3.948188309917184391e-01,2.886879957080837333e-01,-3.161129089156515248e-01,-2.065470130169155372e+00,6.666051783755522209e-01,-7.349254186072093908e-01,1.166745737957653739e-01,4.205756907635782582e-01,-1.968227900113475703e+00,-1.438066576355350623e+00,5.746988913756658768e-01,1.081480083873967435e-01,-1.516487794297577962e-01
-2.507682812895689617e-01,1.487612936028936961e+00,2.412787570747705335e-01,-4.840311280057688625e-01,4.393518709347678519e-01,6.294890182945801493e-01,4.200334077652019826e-01,-5.426629510206806284e-01,6.533222406993124398e-01,1.479097544433692069e-01,5.812683208757123410e-01,2.677571175875902987e-01,-2.419424769262684127e-01,-3.415692733133870451e-01,-5.319114081574415343e-01,-2.173194957555586726e-01,1.052022169001069818e+00,-3.878840356996344774e-01,2.887542636980285349e-01,-3.146682399288027177e-01,-2.082380427030702030e+00,6.419909342614139591e-01,-7.548344227697717512e-01,1.236235556351928805e-01,4.168199583445318379e-01,-2.011058941051417914e+00,-1.464960352468145599e+00,6.028950759960386430e-01,1.671765847026766005e-01,-7.459836537533658107e-02
-2.445343652598254702e-01,1.493416901997151047e+00,2.430610296487734912e-01,-4.824248541222896924e-01,4.432861009994075174e-01,6.336684563108936352e-01,4.113732857908976581e-01,-5.946850620144661370e-01,6.880833554857432866e-01,1.804540173950976156e-01,6.580417155132890494e-01,2.205383523404799706e-01,-2.417695305944169704e-01,-3.266008297805643723e-01,-5.111036371006602019e-01,-2.076426375136997682e-01,1.014762680776047699e+00,-3.816141534487544340e-01,2.888001109273634071e-01,-3.141504906491679461e-01,-2.096974167081534723e+00,6.188604168414625351e-01,-7.743765068197082657e-01,1.310987259537350624e-01,4.145656478560446612e-01,-2.048204843825176535e+00,-1.487630496158283355e+00,6.326342101117456984e-01,2.260127312368294672e-01,-7.317726100972463121e-03
-2.385851847235475054e-01,1.499339729344781214e+00,2.445583323389042829e-01,-4.804581025372486325e-01,4.476197572455968277e-01,6.376203325043654502e-01,4.027863902948088937e-01,-6.529938522583097482e-01,7.126502818691198282e-01,1.886048839171408364e-01,7.445413867309906841e-01,1.701198198275837847e-01,-2.380746050430803118e-01,-3.117000744217053310e-01,-4.920126859793508833e-01,-1.990694506760750104e-01,9.783418102784380288e-01,-3.760176319929286470e-01,2.889378777713660917e-01,-3.151184671475288912e-01,-2.109040130458308848e+00,5.968997970305038869e-01,-7.926927549938066475e-01,1.383116521036928392e-01,4.145810696729350653e-01,-2.080486796592514231e+00,-1.506606552455113324e+00,6.635517043749605826e-01,2.840621072910931022e-01,4.835095103329861699e-02
-2.330195063031375025e-01,1.505284680244777462e+00,2.456935670600657873e-01,-4.780799998014363394e-01,4.525004640090891650e-01,6.413122167670418650e-01,3.942099497561676325e-01,-7.162686190120878260e-01,7.260668104757811436e-01,1.749929483207405545e-01,8.386229434475458433e-01,1.163970712418019304e-01,-2.310487626444517606e-01,-2.969358526306851709e-01,-4.752918448252852479e-01,-1.926145331465644872e-01,9.435627107635331523e-01,-3.709556859185416111e-01,2.892551945194185015e-01,-3.177485018449560106e-01,-2.118580125879666820e+00,5.756433165326390045e-01,-8.092427912679269753e-01,1.449512016475410503e-01,4.168600598193110685e-01,-2.108769374562475818e+00,-1.522308834288315538e+00,6.955604029836000013e-01,3.409110275430384251e-01,9.304831770227130205e-02
-2.278693878055743083e-01,1.511129306349302759e+00,2.463266752436866491e-01,-4.752549242025196352e-01,4.579880693500811284e-01,6.447892100102091684e-01,3.855220762032173787e-01,-7.826384599796006869e-01,7.285807143391318519e-01,1.440006386883396772e-01,9.391028445485950504e-01,5.964828196941029254e-02,-2.211385060579836859e-01,-2.828926297354991681e-01,-4.615429338915265634e-01,-1.894557500252133930e-01,9.117676029442205454e-01,-3.660817785106764699e-01,2.898139188167176417e-01,-3.221712037352701952e-01,-2.125811628857430247e+00,5.544355525688452468e-01,-8.238389836002372180e-01,1.511911041600205730e-01,4.211483920601847286e-01,-2.133913113770471437e+00,-1.535083888407071440e+00,7.286588790807723148e-01,3.963234610702021654e-01,1.281219441373988854e-01
-2.230960369010701605e-01,1.516827866172451689e+00,2.463793449563911886e-01,-4.719099531598655584e-01,4.639179835347122527e-01,6.481498921394794888e-01,3.768060747670099464e-01,-8.487040740011299045e-01,7.223045379330536031e-01,1.033884650049106124e-01,1.043404183768314342e+00,3.324395628231932576e-03,-2.112330328892329523e-01,-2.703249290616568934e-01,-4.511442816734294592e-01,-1.902468808737418360e-01,8.844449469734757541e-01,-3.612066388511145365e-01,2.903829058253285522e-01,-3.279402050874929420e-01,-2.131060206199336005e+00,5.331429568479278958e-01,-8.365437389197596385e-01,1.568388006264957446e-01,4.264342180590559028e-01,-2.155611778421869573e+00,-1.545086512010543256e+00,7.609396710342319903e-01,4.488015530995519420e-01,1.515680099302927908e-01
-2.185665329213016261e-01,1.522432943196383670e+00,2.458561141297390673e-01,-4.678674285621423068e-01,4.701290991972166267e-01,6.514973551785041561e-01,3.682796431708881824e-01,-9.107856936257026081e-01,7.104784066160334532e-01,6.250698835607117199e-02,1.147423629850978122e+00,-4.698931447224443531e-02,-2.059085950871152038e-01,-2.586952961732931211e-01,-4.437099511940391094e-01,-1.943738059833632348e-01,8.615744070340372041e-01,-3.567464181745811924e-01,2.903752056297019823e-01,-3.343141570289884790e-01,-2.134593172812548900e+00,5.123787017294906265e-01,-8.474116684570406344e-01,1.610039121970830434e-01,4.312084956106612688e-01,-2.172778324234837743e+00,-1.552428384049086008e+00,7.886240387943184160e-01,4.958124370881905607e-01,1.588009963278234626e-01
-2.142160386959056639e-01,1.527967795307058951e+00,2.448027679626893494e-01,-4.632151110656556603e-01,4.766065426375700187e-01,6.548521655286992926e-01,3.597868892801234231e-01,-9.683960662822663767e-01,6.948125016684645328e-01,2.502414747902603070e-02,1.249355404896303812e+00,-9.030785431272961294e-02,-2.060535308823382983e-01,-2.467778602820296652e-01,-4.381389580735737810e-01,-2.013730467691941806e-01,8.412386431514805585e-01,-3.531158181397103246e-01,2.894071397227043763e-01,-3.407898074997239846e-01,-2.136526447031399822e+00,4.924265442897770018e-01,-8.561762421659655509e-01,1.630774839967963630e-01,4.350803123356439817e-01,-2.186521285293515859e+00,-1.557435390198844916e+00,8.100963093412552052e-01,5.367928784478495086e-01,1.502330878728755370e-01
-2.100253499663184975e-01,1.533450918705175248e+00,2.433239118800213097e-01,-4.582036147762624800e-01,4.833282829815831461e-01,6.581323601239510435e-01,3.511491807872683668e-01,-1.022216200969713551e+00,6.762856178721972089e-01,-7.678011583675643618e-03,1.348431065465728107e+00,-1.271812128120850816e-01,-2.113613563182897004e-01,-2.337619476253274264e-01,-4.334573111524179789e-01,-2.109153710057929676e-01,8.217281035485507479e-01,-3.504702900807248334e-01,2.872935429299408594e-01,-3.468528939221254270e-01,-2.136918626425816647e+00,4.734551659540847668e-01,-8.625237968380721210e-01,1.624999038683547781e-01,4.379890609331703599e-01,-2.198632018109966779e+00,-1.560370383075232237e+00,8.246689802223825527e-01,5.720528003106167825e-01,1.277677513911012475e-01
-2.059906009449344877e-01,1.538902939395910385e+00,2.415564942971447915e-01,-4.530610315141749278e-01,4.902302322789114375e-01,6.612770011213533472e-01,3.422320102956855070e-01,-1.073177349790908730e+00,6.554456140137274733e-01,-3.514753475120459963e-02,1.444396173711086417e+00,-1.585555580587869606e-01,-2.211968436988753228e-01,-2.195089164363289158e-01,-4.290359661657177082e-01,-2.226795110076795203e-01,8.025359947868698773e-01,-3.486640826631083878e-01,2.840065231462232664e-01,-3.521788955024450218e-01,-2.135862887410404642e+00,4.556799329952927469e-01,-8.662456463023523456e-01,1.587374970801490592e-01,4.400678332254162606e-01,-2.210876873411725452e+00,-1.561363847586890952e+00,8.320633404919406395e-01,6.022578543186388744e-01,9.356639039835419613e-02
-2.021235650723994526e-01,1.544264932125998246e+00,2.395731201663728049e-01,-4.479970194516575410e-01,4.970685130443866506e-01,6.643084880823576510e-01,3.330402326506602950e-01,-1.122287850815303578e+00,6.348414415795970989e-01,-5.635001197286937380e-02,1.537727005589709872e+00,-1.865401212747589965e-01,-2.296902307379121710e-01,-2.041818941260865328e-01,-4.241930731590082271e-01,-2.362842036136007795e-01,7.838644044646148057e-01,-3.477793620598942370e-01,2.757676279210520276e-01,-3.569874973704819654e-01,-2.133433074702295595e+00,4.393733350563386320e-01,-8.678347256750830185e-01,1.526821571835406399e-01,4.414046931843434995e-01,-2.220951799391644332e+00,-1.561617911046158103e+00,8.293811908098106533e-01,6.253836627989951547e-01,5.536819795873385713e-02
-1.984823188339800426e-01,1.549383930544695032e+00,2.374004710659083639e-01,-4.432052967699916524e-01,5.034971609399160331e-01,6.672568636196626324e-01,3.237714499348562924e-01,-1.170536952359584326e+00,6.188135464623956139e-01,-7.012985023898821169e-02,1.629308012419186324e+00,-2.137280803243347127e-01,-2.285136351048637493e-01,-1.881636101521889648e-01,-4.184192322481807280e-01,-2.510290056411064730e-01,7.660512055573093226e-01,-3.480414169853588979e-01,2.654972184553573977e-01,-3.618994782388780251e-01,-2.129858028837967598e+00,4.247061628721535698e-01,-8.681494381898173796e-01,1.459035022819547833e-01,4.422592904686423743e-01,-2.223968840715155881e+00,-1.564597111940690288e+00,8.126741792866121195e-01,6.402799915548420540e-01,2.105934307866134947e-02
-1.951011834176603899e-01,1.554203514403388775e+00,2.350961668822924289e-01,4.386140948218932856e-01,-5.094626542470388486e-01,-6.701160512416569626e-01,-3.146596078712439737e-01,-1.218174261765688549e+00,6.095680533241792931e-01,-7.656468098460772476e-02,1.719386459012407276e+00,-2.410326236934082766e-01,-2.163617041069973990e-01,-1.716059534943506215e-01,-4.120030082615571132e-01,-2.662546831280936943e-01,7.493122516066276217e-01,-3.493579313839356160e-01,2.542780058936191523e-01,-3.679013869179109109e-01,-2.125073326534959062e+00,4.119324986358872676e-01,-8.680348082964295386e-01,1.390626655947873602e-01,4.427987869156539968e-01,-2.218504716847027325e+00,-1.570265247746907011e+00,7.848983735611884116e-01,6.487944172637740703e-01,-6.973586564529655162e-03
-1.920231965794145235e-01,1.558688523810111803e+00,2.327323690366593645e-01,4.340516585622615220e-01,-5.150270357939007448e-01,-6.728855440027070589e-01,-3.058943523062805925e-01,-1.265262350887316867e+00,6.081672561747125672e-01,-7.647627767793560571e-02,1.808117478493289410e+00,-2.687146764878233784e-01,-1.941119387276991071e-01,-1.544864565326055372e-01,-4.055692754034687653e-01,-2.814948681693892341e-01,7.337530968816514676e-01,-3.515559188192081685e-01,2.425362806147768890e-01,-3.758805080257724418e-01,-2.118945705746295705e+00,4.012720881137470386e-01,-8.681221818590569850e-01,1.323886582113498467e-01,4.431488971508984465e-01,-2.203894598339563693e+00,-1.578186878754717748e+00,7.492962939387000088e-01,6.525068453764272247e-01,-2.860745877327361755e-02
-1.892953632219558369e-01,1.562818328799881362e+00,2.303766049505835134e-01,4.293222358456686982e-01,-5.203156229489893647e-01,-6.755502845345373597e-01,-2.976338075370245084e-01,-1.311769143539438742e+00,6.150640853632547422e-01,-7.104644471182511301e-02,1.895633581171996651e+00,-2.967814286017145253e-01,-1.631759689437814742e-01,-1.367039278369066857e-01,-3.999029996227808081e-01,-2.964191763244283795e-01,7.193874189399938057e-01,-3.544653743177098026e-01,2.304570502462243986e-01,-3.865369647054289204e-01,-2.111275974768211494e+00,3.928920546588103302e-01,-8.688135945590719222e-01,1.259617578065787558e-01,4.434427311081815537e-01,-2.180108243403728441e+00,-1.587441516244946893e+00,7.085362784885251841e-01,6.529323054157676331e-01,-4.454061782920261392e-02
-1.868956578739225383e-01,1.566666494468876403e+00,2.280817444589705034e-01,4.242231005192179105e-01,-5.255582394713259609e-01,-6.780658421525539437e-01,-2.899138003193523772e-01,-1.356762082756024057e+00,6.261589699186822511e-01,-6.349625506079371873e-02,1.980614308950323865e+00,-3.245756627610326128e-01,-1.313345986246477193e-01,-1.182076051748942730e-01,-3.958707101229535508e-01,-3.107606664147443687e-01,7.056898198945895651e-01,-3.574210706777399826e-01,2.189175723350975378e-01,-3.997789483860268445e-01,-2.102188822050162109e+00,3.865320425794916415e-01,-8.701496268390558342e-01,1.195547991062861221e-01,4.435951352188464702e-01,-2.148165640725030023e+00,-1.597761042039832713e+00,6.653664905305557431e-01,6.509676893262982267e-01,-5.571737408196350549e-02
-1.847033852051982450e-01,1.570350035345801087e+00,2.258506600508276008e-01,4.186481011198011082e-01,-5.308656071255253295e-01,-6.804704300370425507e-01,-2.826237282235400383e-01,-1.399001649905764255e+00,6.341630983377004593e-01,-5.800674770243752915e-02,2.060898266117496380e+00,-3.514326151061240022e-01,-1.080447128346868624e-01,-9.893569509226099457e-02,-3.936373492807489494e-01,-3.242333560371718493e-01,6.917313340085754492e-01,-3.596701313218758078e-01,2.089796816935037271e-01,-4.147440921878879916e-01,-2.092256652197061140e+00,3.816574459310813627e-01,-8.718843916760655732e-01,1.128704691521340286e-01,4.433212853587394919e-01,-2.109764405327898107e+00,-1.609166386828355000e+00,6.219656306589309569e-01,6.453016024113361615e-01,-6.304949014248431571e-02
-1.825716279448754142e-01,1.573932795390753814e+00,2.236202339260121852e-01,4.127654896748332858e-01,-5.360642374977193647e-01,-6.827779614026443511e-01,-2.758152266143635845e-01,-1.437920687768656558e+00,6.349111784699867922e-01,-5.671942249566774841e-02,2.135515024083866731e+00,-3.775571193567786032e-01,-9.498067017455683048e-02,-7.915595421383783692e-02,-3.924725602575916406e-01,-3.360307923945189401e-01,6.768508648558503316e-01,-3.611442139463878487e-01,2.007331675198204546e-01,-4.300658756169939978e-01,-2.082019270767867081e+00,3.778371439229948892e-01,-8.738885410549132038e-01,1.058916999281801080e-01,4.424110193775092625e-01,-2.066585679725687186e+00,-1.620812649070178635e+00,5.783912878156840520e-01,6.371059322053828078e-01,-6.746016131397869486e-02
-1.803492434441444636e-01,1.577469878426814631e+00,2.213057741679038126e-01,4.068502600862365925e-01,-5.408417471545960975e-01,-6.850203650296244895e-01,-2.696482336252277179e-01,-1.473142083321951068e+00,6.260479547373761777e-01,-6.053252390729262772e-02,2.204219141018211925e+00,-4.032877079835699985e-01,-9.137494710186233604e-02,-5.919199947278838692e-02,-3.911461861908326898e-01,-3.450702065379733230e-01,6.604887653265230085e-01,-3.619885235155875791e-01,1.939688772771885894e-01,-4.442255320509197469e-01,-2.071970042541670942e+00,3.746965657690345397e-01,-8.761628141162248751e-01,9.875734003921220194e-02,4.407150224080808032e-01,-2.020095739439716986e+00,-1.631401628222835187e+00,5.343421219078692275e-01,6.278287833012108354e-01,-6.962711662456180783e-02
-1.778915802339669505e-01,1.581053562827261949e+00,2.188278053390171896e-01,4.011930776924727549e-01,-5.450905923313498214e-01,-6.870663228925927291e-01,-2.643108558314454237e-01,-1.503979621828819724e+00,6.059993948140585118e-01,-6.874540860618555405e-02,2.267076385479435352e+00,-4.288585821512096441e-01,-9.587614012270670449e-02,-3.857473777808234638e-02,-3.869573303203294734e-01,-3.483909014473138277e-01,6.402841167892389107e-01,-3.627717062270699455e-01,1.883621373340861327e-01,-4.555843442402746635e-01,-2.063262006782666802e+00,3.714158124886606793e-01,-8.793466203974459328e-01,9.209839461032373609e-02,4.382949021515524235e-01,-1.971046557370207841e+00,-1.639237384931898189e+00,4.906070656125345320e-01,6.196807833324499137e-01,-6.994509660824599351e-02
-1.751857081165267283e-01,1.584691576557095472e+00,2.161281916433619443e-01,3.957047775901587627e-01,-5.490086638305877731e-01,-6.888990496326649060e-01,-2.596651987753653135e-01,-1.530167424125552511e+00,5.756568589063639774e-01,-7.843662212246479970e-02,2.323986670209051475e+00,-4.527761962811682750e-01,-1.074684404178144342e-01,-1.769218622092457935e-02,-3.806110744945733204e-01,-3.471660105876277491e-01,6.183911338515577505e-01,-3.637650654166100783e-01,1.840915096219817859e-01,-4.643244881790876688e-01,-2.056092596448742871e+00,3.678516019572841134e-01,-8.833878680485146573e-01,8.611607601572011939e-02,4.352267427511343767e-01,-1.920405746714316519e+00,-1.643777330638072076e+00,4.464129542746545498e-01,6.127175883735100914e-01,-7.066123024501266836e-02
-1.723580471902400324e-01,1.588305936390993267e+00,2.131652015165442504e-01,3.900769558998138931e-01,-5.530061351492110422e-01,-6.905411343104459476e-01,-2.552981096453906806e-01,-1.552237771394651800e+00,5.378407974638876876e-01,-8.578542736610760000e-02,2.374723074318699112e+00,-4.731806054351597179e-01,-1.254262737948188822e-01,3.016039637651922456e-03,-3.743929955983379965e-01,-3.445619416585953276e-01,5.982191486102309552e-01,-3.650968390335558866e-01,1.815268958611747085e-01,-4.723837788469774646e-01,-2.048851172918473296e+00,3.646219706367508917e-01,-8.871859965815073190e-01,8.021673257745319530e-02,4.315690492778202492e-01,-1.869792301082993324e+00,-1.645907970782657603e+00,3.999847489160461844e-01,6.051584215482131990e-01,-7.437482311848962746e-02
-1.695026618630844362e-01,1.591822803335601000e+00,2.098868224143931593e-01,3.841188785059312938e-01,-5.574430844596613976e-01,-6.919164575308903720e-01,-2.509213234489015565e-01,-1.571049361457528715e+00,4.951291660745527623e-01,-8.839643140677305722e-02,2.419382028824458075e+00,-4.898477848167601123e-01,-1.489403808740051016e-01,2.378548135470291355e-02,-3.691632984441699517e-01,-3.421127793698535702e-01,5.804867578909301828e-01,-3.668225392975015819e-01,1.806116807636338195e-01,-4.809916814666987395e-01,-2.041042788378655715e+00,3.619841364511642290e-01,-8.903797062820353325e-01,7.424642005866342875e-02,4.277637599643189237e-01,-1.820836786526142337e+00,-1.646558600111427184e+00,3.511676955657757615e-01,5.963994171777954323e-01,-8.153215296974671011e-02
-1.667080420234683946e-01,1.595219157212200312e+00,2.063417663175132755e-01,3.778922520889563819e-01,-5.625121424931776026e-01,-6.928525541595833559e-01,-2.464404056834304524e-01,-1.587635411848584255e+00,4.499331390382297347e-01,-8.515215088473468419e-02,2.458163793175983880e+00,-5.031768509878152829e-01,-1.772594495465906195e-01,4.425514724151224238e-02,-3.657097307908046546e-01,-3.410054648584025516e-01,5.654605071862597310e-01,-3.687924878694051611e-01,1.811699149759746497e-01,-4.906529973773565700e-01,-2.032821121913952478e+00,3.600470042714770669e-01,-8.927489181528489581e-01,6.796685830507488701e-02,4.243293429531846961e-01,-1.774482749164099982e+00,-1.646447168041119902e+00,3.011420207494219792e-01,5.866938321113740473e-01,-9.167169064217942087e-02
-1.640885302215447372e-01,1.598528779734752492e+00,2.027965010857201156e-01,3.718206825044740871e-01,-5.682823968366031986e-01,-6.929995551867932368e-01,-2.419851287207006874e-01,-1.603034736523250459e+00,4.043255226091893029e-01,-7.566083319857845602e-02,2.491267488965867472e+00,-5.137559417400879846e-01,-2.097325701213499372e-01,6.298523574174670625e-02,-3.648879288144704636e-01,-3.411538213691541754e-01,5.530046716471970214e-01,-3.708172683657967039e-01,1.830281989262202147e-01,-5.011270593280453545e-01,-2.024709335595672233e+00,3.589329439898078511e-01,-8.940871193037492892e-01,6.097389348623452610e-02,4.215141431753532952e-01,-1.730949522461625145e+00,-1.646322501547036632e+00,2.515160773404235273e-01,5.765089022656862960e-01,-1.040205127305567634e-01
-1.617037479430169788e-01,1.601808700429498966e+00,1.994919072296328921e-01,3.662784484224775872e-01,-5.743499726281474649e-01,-6.922966869097704201e-01,-2.380913783760850166e-01,-1.617472415264792129e+00,3.610467616266714863e-01,-6.066387470805370552e-02,2.518487681023807045e+00,-5.210815276903698612e-01,-2.399287200541362353e-01,7.946988713436708984e-02,-3.664156285658896062e-01,-3.410056066296230926e-01,5.421267309152266733e-01,-3.726494775287738648e-01,1.865129989790982323e-01,-5.108849944021151002e-01,-2.017150369085655814e+00,3.586005184385135935e-01,-8.950704555239051841e-01,5.339647323820438662e-02,4.188252833345309512e-01,-1.689892892806729829e+00,-1.646006672573947727e+00,2.024781620432571927e-01,5.660104960750451664e-01,-1.179300400869939258e-01
-1.595550203313400306e-01,1.605071286084887472e+00,1.964302199399056148e-01,3.611304057316414018e-01,-5.801802697607508774e-01,-6.911607124184626638e-01,-2.351011574740664023e-01,-1.630552036987646725e+00,3.221234956137071781e-01,-4.166166562251051586e-02,2.539645039431651874e+00,-5.244607168363458749e-01,-2.613844936533007979e-01,9.523436993771873527e-02,-3.689875008295385173e-01,-3.397726298825373692e-01,5.315052600681379191e-01,-3.742175222685675262e-01,1.919347685411665894e-01,-5.187435907853424899e-01,-2.010124212132458510e+00,3.587893745580171267e-01,-8.959701689423684723e-01,4.538099741814621835e-02,4.159867050423908252e-01,-1.649937216903951676e+00,-1.644921937373445608e+00,1.536177102238553693e-01,5.549276229673304472e-01,-1.330444771456483488e-01
-1.576452935623763318e-01,1.608303665051880049e+00,1.935119208924522827e-01,3.561316704643466835e-01,-5.855007633013273871e-01,-6.900111946493763249e-01,-2.329026421584301509e-01,-1.642102769014592178e+00,2.882323281484892030e-01,-2.007852540480081424e-02,2.554922143665082857e+00,-5.240950465569319539e-01,-2.731679227055109349e-01,1.118348333982038950e-01,-3.711546220878055857e-01,-3.380617861931296542e-01,5.201870623956316164e-01,-3.756564619744247602e-01,1.990695071856487253e-01,-5.244692958829528795e-01,-2.003159179217402386e+00,3.591246630347581514e-01,-8.968746659798162435e-01,3.693227748263452209e-02,4.128704928482192504e-01,-1.609878135566272350e+00,-1.642836702487336042e+00,1.046444457896117952e-01,5.429804104745936666e-01,-1.492863510671967875e-01
-1.560012393346265069e-01,1.611474377474100717e+00,1.906660222550168038e-01,3.511846745887534094e-01,-5.902145801887130894e-01,-6.890741546192619138e-01,-2.312867396058234104e-01,-1.652103310150605742e+00,2.595520224707354995e-01,3.118317395229392407e-03,2.564685222577006041e+00,-5.204652864217957919e-01,-2.760829215487996535e-01,1.300096318110868787e-01,-3.720500614849948096e-01,-3.365384434609000053e-01,5.077565066112956771e-01,-3.770828723541624350e-01,2.076675762107210998e-01,-5.281659644881070426e-01,-1.995736699418854565e+00,3.593465379875807608e-01,-8.976976934315802348e-01,2.793329320724513565e-02,4.095189140725136734e-01,-1.569133964968303374e+00,-1.639615511256940605e+00,5.516452132311824852e-02,5.298408101534799464e-01,-1.666768328382504938e-01
-1.546632628041957613e-01,1.614535023481902920e+00,1.878508881959438104e-01,3.462578526864614203e-01,-5.943136910077803092e-01,-6.884659208124354057e-01,-2.300248073872797616e-01,-1.660580137696900271e+00,2.359747626705321066e-01,2.727786657904981635e-02,2.569426713436413934e+00,-5.140852375346449676e-01,-2.713502227203637429e-01,1.500558722250845689e-01,-3.712381640583683473e-01,-3.358458798652956823e-01,4.941517343677025442e-01,-3.785636519705360969e-01,2.175100541652155717e-01,-5.299316232593720422e-01,-1.987856160514244186e+00,3.592269340484062767e-01,-8.988591405483995489e-01,1.852866690666898214e-02,4.062151798820785031e-01,-1.527424804339590159e+00,-1.635345910036225980e+00,4.786110076785227152e-03,5.151057119817522567e-01,-1.852057694753474482e-01
-1.536192410787816098e-01,1.617395600129911459e+00,1.849847497478165625e-01,3.417114289069791977e-01,-5.973932779006815297e-01,-6.883664804132991755e-01,-2.291422255212619274e-01,-1.668033839241677585e+00,2.181627288103705209e-01,4.865844221740237702e-02,2.571598609408653591e+00,-5.066669263286678326e-01,-2.638094171255040421e-01,1.714388371836956526e-01,-3.671712032150066807e-01,-3.352130263321922987e-01,4.790197900033669187e-01,-3.792355442467078008e-01,2.265287178224349718e-01,-5.290375017985033956e-01,-1.979576355738852822e+00,3.589520761218604195e-01,-9.001044600781015204e-01,8.886239959926846982e-03,4.027206218717890307e-01,-1.485959290191150028e+00,-1.630535640755668370e+00,-4.561605910946265469e-02,4.987978973272174654e-01,-2.045311331060544191e-01
-1.528206429753409257e-01,1.620001317046678047e+00,1.819941033466365432e-01,3.379616638756076652e-01,-5.990507367095267988e-01,-6.888958372806007757e-01,-2.287851699207452127e-01,-1.674683231262269256e+00,2.068374137107695521e-01,6.308684754597325417e-02,2.574049402638250328e+00,-4.997525905173299532e-01,-2.577418080403287570e-01,1.932800265880123269e-01,-3.584055023497856873e-01,-3.333285649351004354e-01,4.619364543138152479e-01,-3.782662476429937692e-01,2.328872735175678554e-01,-5.248070449862309861e-01,-1.970838028898409755e+00,3.587721040905879621e-01,-9.008456595943374889e-01,-8.621834001545924941e-04,3.985181809890048776e-01,-1.446177033147534097e+00,-1.625554114434329733e+00,-9.494719498343931474e-02,4.814842777203244273e-01,-2.242345322122684115e-01
-1.522272204045805322e-01,1.622365313966742439e+00,1.788506242294896076e-01,3.351417057032726188e-01,-5.992603516796944918e-01,-6.900151328459156463e-01,-2.290127492231727457e-01,-1.680104624765961896e+00,2.020341649825433405e-01,6.865240919574884526e-02,2.578332201523179101e+00,-4.937603315496326140e-01,-2.541958606473970761e-01,2.150237340873426273e-01,-3.447171803432320658e-01,-3.295793855954982088e-01,4.427436379804416955e-01,-3.755599302350030588e-01,2.363527280071273384e-01,-5.173252686707636716e-01,-1.961737895063292880e+00,3.587638897685960782e-01,-9.008900113696035605e-01,-1.057495784576333205e-02,3.931826145742414180e-01,-1.408566264641226251e+00,-1.620458060223013863e+00,-1.427413575006247215e-01,4.638026136903801722e-01,-2.440251474237382368e-01
-1.518079174049397351e-01,1.624527123916670979e+00,1.755420379606623116e-01,3.332291605421972558e-01,-5.981866506102569980e-01,-6.916085976987688122e-01,-2.298012297294498296e-01,-1.683712520061402929e+00,2.034048940966394492e-01,6.461160408555259582e-02,2.585201487727491365e+00,-4.886880407514916369e-01,-2.531611385529723424e-01,2.363643543214473952e-01,-3.264659799101902737e-01,-3.238632373380530560e-01,4.214464100452122719e-01,-3.712835475358700621e-01,2.371835040028745789e-01,-5.071355160523468575e-01,-1.952485808958671853e+00,3.589540189760993538e-01,-9.003237515103724720e-01,-2.014979279275447982e-02,3.865001703924292320e-01,-1.373148541806375578e+00,-1.615192447738284631e+00,-1.887824552648388332e-01,4.462111825602420589e-01,-2.637184982814327339e-01
-1.515060509975190151e-01,1.626533434925294674e+00,1.720888631582699613e-01,3.320695441257463520e-01,-5.961462074403265365e-01,-6.935713706772221876e-01,-2.308641830071381240e-01,-1.685527647011625385e+00,2.101770137526459692e-01,5.102994120840399772e-02,2.594770443008244776e+00,-4.843535181249009058e-01,-2.543046215309076041e-01,2.570707182754612408e-01,-3.041133821615630284e-01,-3.166691395512620244e-01,3.981805833152720631e-01,-3.656713897799420132e-01,2.357565164500987354e-01,-4.952824302559146741e-01,-1.944026210375133346e+00,3.592431374239753450e-01,-8.993346169215373775e-01,-2.924240535545012676e-02,3.783850139348370889e-01,-1.339652090989457589e+00,-1.609870560906451864e+00,-2.330109883393881587e-01,4.289476241019722913e-01,-2.831865769843852076e-01
-1.512626499703141891e-01,1.628463900675126697e+00,1.685630507133122902e-01,3.315377655896931119e-01,-5.937362184360865935e-01,-6.955437655791454343e-01,-2.319027448500602662e-01,-1.686036124163574179e+00,2.209560972095034603e-01,3.136995406863686553e-02,2.605734806685561455e+00,-4.816537509129857342e-01,-2.560085212702374324e-01,2.763654993371370550e-01,-2.795526694455714445e-01,-3.084552894403895240e-01,3.738326436572151357e-01,-3.593482764860137513e-01,2.331852558274444542e-01,-4.833253263570847502e-01,-1.936846218025744415e+00,3.597334868211350956e-01,-8.983725911307031131e-01,-3.786012425360979483e-02,3.692604050797411719e-01,-1.306789139504261454e+00,-1.604686429731569941e+00,-2.748422588207097284e-01,4.121355163647084652e-01,-3.002840872550559537e-01
-1.510555130046405958e-01,1.630397361847570892e+00,1.650231221947578153e-01,3.315596178709340203e-01,-5.914352343023491221e-01,-6.971572025808282502e-01,-2.329057111948641956e-01,-1.685295321856648654e+00,2.343775859922578031e-01,9.822733165026457935e-03,2.616742569767459781e+00,-4.814419741155517296e-01,-2.570314913096932719e-01,2.937271090409809826e-01,-2.549373433923436405e-01,-2.993097536100127187e-01,3.492369688124064009e-01,-3.528275892489429744e-01,2.303617859409345658e-01,-4.721911608496199286e-01,-1.931095891472625947e+00,3.605563927780559008e-01,-8.979254946530665915e-01,-4.602621183144089967e-02,3.596522073039210010e-01,-1.273264372867404903e+00,-1.599792024705448679e+00,-3.133660683932918412e-01,3.959806235847114220e-01,-3.132541498619275111e-01
-1.509009900386162895e-01,1.632368224222585873e+00,1.615010639495164935e-01,3.320694516764463033e-01,-5.894490923176641806e-01,-6.982273330438319991e-01,-2.340047824718198000e-01,-1.683152578851659253e+00,2.492875145404164494e-01,-1.073452670512349202e-02,2.627199141345226696e+00,-4.837831270521482097e-01,-2.571560397578066537e-01,3.091922183935274515e-01,-2.316651322951470138e-01,-2.891987955145517986e-01,3.247243239579085672e-01,-3.462925144000305600e-01,2.275543079155427917e-01,-4.620824159354788851e-01,-1.926789147774956801e+00,3.616908690748328881e-01,-8.981432137695853912e-01,-5.345358583854484952e-02,3.498937076583934491e-01,-1.238449299869347708e+00,-1.595236889908726585e+00,-3.484506116619725535e-01,3.804611025230946741e-01,-3.221534101887561508e-01
-1.508424242668949256e-01,1.634363392923326108e+00,1.580464883414505195e-01,3.330189366718868671e-01,-5.878580132892752275e-01,-6.986796558607967222e-01,-2.353042339520279580e-01,-1.679691499790993969e+00,2.645223021620797255e-01,-2.812748956950927512e-02,2.636900349333386018e+00,-4.884190144239565212e-01,-2.564696118988604168e-01,3.229100387556067542e-01,-2.107124007607552030e-01,-2.781616760516331111e-01,3.004522118253104557e-01,-3.398052738529954708e-01,2.248245886838765306e-01,-4.528973286667795639e-01,-1.923548243518745204e+00,3.629780323304580558e-01,-8.987622157830255087e-01,-5.976066260561219839e-02,3.401876748090416624e-01,-1.202234731007957746e+00,-1.591071617871095301e+00,-3.810969792730075634e-01,3.650335973555008939e-01,-3.277755715895623867e-01
-1.509013891763612281e-01,1.636333552923844969e+00,1.547455670402362315e-01,3.344035685619793363e-01,-5.866481176803567399e-01,-6.985245127284552824e-01,-2.368158450623228939e-01,-1.675478293969313803e+00,2.793304665670276465e-01,-4.083994211751706960e-02,2.645814541179380974e+00,-4.950130078172034764e-01,-2.551305203620593542e-01,3.347911811206566446e-01,-1.926262194601812694e-01,-2.661276102181808212e-01,2.766132497322649764e-01,-3.333757081012309609e-01,2.221737597222926686e-01,-4.444210309252715208e-01,-1.920677195943687465e+00,3.642806806745949588e-01,-8.992082329221096071e-01,-6.483755941748826912e-02,3.306752525375738494e-01,-1.164761051755055288e+00,-1.587364333457954135e+00,-4.128154248188680153e-01,3.488394232198052114e-01,-3.308860172061728333e-01
-1.510436791319583194e-01,1.638208502071326178e+00,1.517351736998679146e-01,3.361798677338536656e-01,-5.859603103864726714e-01,-6.977901045780895428e-01,-2.381663571750677333e-01,-1.671559593421395817e+00,2.931028963000993914e-01,-4.898555689856577688e-02,2.653328485279830229e+00,-5.019860583192300441e-01,-2.538885074225047389e-01,3.441470649579745911e-01,-1.774503747558590916e-01,-2.540527836198828160e-01,2.545942861395043000e-01,-3.279728885775459180e-01,2.193219238885353028e-01,-4.375590070895885031e-01,-1.918273440895929438e+00,3.659180357004679363e-01,-8.994892742244066097e-01,-6.862903620366132829e-02,3.216074619268491364e-01,-1.128483463103771234e+00,-1.584102280389706019e+00,-4.429344750929742336e-01,3.319900355307187079e-01,-3.325531195628860792e-01
-1.512014532209557949e-01,1.639935716229992568e+00,1.490937407359723410e-01,3.382323769832978333e-01,-5.858328678162882941e-01,-6.965851889941168107e-01,-2.390978557419580763e-01,-1.668604466489857385e+00,3.054634579831100316e-01,-5.376090625009317253e-02,2.658954033935789329e+00,-5.081047587322191639e-01,-2.532155857958754419e-01,3.506855237227327615e-01,-1.647165346571687894e-01,-2.429937344913769282e-01,2.356402972607758162e-01,-3.242215994063277207e-01,2.160796759786005050e-01,-4.328961727332232834e-01,-1.916543318039830135e+00,3.681985572987165889e-01,-8.997849654314027390e-01,-7.132714611951958272e-02,3.130656291350175091e-01,-1.095595901398821015e+00,-1.581282040701555758e+00,-4.703547006717431200e-01,3.152055506937403995e-01,-3.334502423364453239e-01
-1.513258825515415296e-01,1.641484933792120016e+00,1.468437419384047704e-01,3.403851180682986866e-01,-5.861866898371113077e-01,-6.950570598297578506e-01,-2.396222436174341996e-01,-1.666619759830748171e+00,3.163244888309549308e-01,-5.633183568484409487e-02,2.662613673991003793e+00,-5.130542147071553982e-01,-2.531340248074908095e-01,3.547080381127713511e-01,-1.539499538752269747e-01,-2.336850879283033922e-01,2.202695736257616888e-01,-3.220354324194557027e-01,2.124504933853052779e-01,-4.301971896351179381e-01,-1.915262078450740146e+00,3.711382713911516862e-01,-8.998725048540403559e-01,-7.362938185840840755e-02,3.050644236610535742e-01,-1.066741101750347198e+00,-1.578948604605938444e+00,-4.948605244592901853e-01,2.990609315479222929e-01,-3.337724780935171220e-01
-1.513887930572632157e-01,1.642837205634378961e+00,1.450087312182747890e-01,3.424824566399824466e-01,-5.869519121939404949e-01,-6.933124768074367950e-01,-2.398145724697658132e-01,-1.665409670955677379e+00,3.256149515519187188e-01,-5.750799474275133938e-02,2.664359923657665608e+00,-5.168811585258186181e-01,-2.535563211813283702e-01,3.564832871429111094e-01,-1.449035713856542951e-01,-2.267476518437444299e-01,2.086923797280388349e-01,-3.211259207526215298e-01,2.084978519588229773e-01,-4.289828566389931042e-01,-1.914227867451441689e+00,3.745373383038484438e-01,-8.996433402596449858e-01,-7.606169499171612502e-02,2.975969622433314865e-01,-1.041888714095229984e+00,-1.577131415363866696e+00,-5.166095848317314720e-01,2.839519664649687858e-01,-3.335891153512444141e-01
-1.513751440965446504e-01,1.643986102373516278e+00,1.437563919858293737e-01,3.443737000141485205e-01,-5.883565010358823288e-01,-6.913265816474355452e-01,-2.393983137481014434e-01,-1.665001663650961472e+00,3.324855729978401508e-01,-5.702329108186827283e-02,2.663976570325647941e+00,-5.198664179814919128e-01,-2.544405661352279746e-01,3.559023176735247596e-01,-1.378529325050765197e-01,-2.239769093210591255e-01,2.004591693035177868e-01,-3.212425583166657050e-01,2.042835432855983624e-01,-4.296729216987842381e-01,-1.913757308147063352e+00,3.781574030776431727e-01,-8.987367447162760703e-01,-7.828834839339789131e-02,2.901541887058814995e-01,-1.020896242406924781e+00,-1.576114660085387031e+00,-5.360411051137426997e-01,2.700626338093171652e-01,-3.329718157089658348e-01
-1.512622436285058769e-01,1.644982285696174884e+00,1.430783461751712338e-01,3.458923420724445696e-01,-5.904833949921045599e-01,-6.890487377911815869e-01,-2.385365483162205091e-01,-1.664794243498396886e+00,3.368814946708328928e-01,-5.460439289543213975e-02,2.661253461904432793e+00,-5.217779573127522275e-01,-2.551674751366850291e-01,3.534774202512481200e-01,-1.335918815490546030e-01,-2.252283647185247539e-01,1.953826856342974205e-01,-3.226428011711019450e-01,2.008237878466018478e-01,-4.319559798841554610e-01,-1.913839051182177453e+00,3.818436163397763150e-01,-8.974506008401251789e-01,-8.055864733940845679e-02,2.829980653004218194e-01,-1.003533283331478509e+00,-1.575439901719335456e+00,-5.536088438060251526e-01,2.573046762488314099e-01,-3.328417315644562890e-01
-1.510285843276105155e-01,1.645875318191656334e+00,1.428554543866716320e-01,3.469214272830128398e-01,-5.933304266208081490e-01,-6.864512236789827027e-01,-2.374641986647968717e-01,-1.664233715941471514e+00,3.389765960146060575e-01,-5.025183162935224074e-02,2.656151491215421157e+00,-5.224936354466144239e-01,-2.553302093711924958e-01,3.498264880484076578e-01,-1.328598104223741583e-01,-2.295486300144348180e-01,1.933577523312165203e-01,-3.254591439863094293e-01,1.987379543832387130e-01,-4.354288843406557419e-01,-1.914397735347294960e+00,3.855711934363263427e-01,-8.961536346863320235e-01,-8.315199952430775421e-02,2.765776778582786921e-01,-9.895481362475280207e-01,-1.574645129682876510e+00,-5.695108919375700962e-01,2.454832798220318579e-01,-3.338074144149705269e-01
-1.506426526866523896e-01,1.646675096264652804e+00,1.429196270919952660e-01,3.473830833154910036e-01,-5.968786374773215053e-01,-6.835344714213461570e-01,-2.363080868869694706e-01,-1.663165265573772089e+00,3.387304382316730367e-01,-4.419010751591536529e-02,2.648835983082476364e+00,-5.221070537406442558e-01,-2.548580860170053808e-01,3.453838815697407028e-01,-1.361666880203479812e-01,-2.362434022371969478e-01,1.943333378106882336e-01,-3.295651911951059665e-01,1.980344116316253289e-01,-4.398633014339549674e-01,-1.915466440039050200e+00,3.893897857616138158e-01,-8.949348176483447048e-01,-8.603660811551572252e-02,2.710929016137885172e-01,-9.786523199484589153e-01,-1.573665594002724211e+00,-5.837425866725635126e-01,2.344963364075455803e-01,-3.359356038254764365e-01
-1.500848020966490948e-01,1.647377256379565447e+00,1.430907035637598024e-01,3.471924523764907677e-01,-6.011106018124150463e-01,-6.803218072840759856e-01,-2.351303833440698265e-01,-1.661616331898675858e+00,3.356843839468522939e-01,-3.656112280157211569e-02,2.639542437194636992e+00,-5.207552804390741530e-01,-2.537840462367997874e-01,3.407477749990829308e-01,-1.437022627822592269e-01,-2.443364967191975212e-01,1.978907769473901568e-01,-3.347712597629398101e-01,1.985328775841283533e-01,-4.450791942753859476e-01,-1.917063763315222769e+00,3.933465137983375715e-01,-8.934407683905982722e-01,-8.912736519925056056e-02,2.664339191474215385e-01,-9.704399304866954123e-01,-1.572697637702518136e+00,-5.963631605960194593e-01,2.242822781236848140e-01,-3.391045506398957521e-01
-1.493620299662000717e-01,1.647960844708339589e+00,1.431925781452255964e-01,3.462203128141419506e-01,-6.061376585862908728e-01,-6.767507769521330374e-01,-2.339594403589888294e-01,-1.659635629421727820e+00,3.290398006997131697e-01,-2.705161316727433540e-02,2.628496288909343725e+00,-5.185703918506465726e-01,-2.521847341404114262e-01,3.368219853475388215e-01,-1.554084014494256927e-01,-2.518331539775625627e-01,2.030696990785420264e-01,-3.409699092438118750e-01,1.999959535818088274e-01,-4.510142605224365386e-01,-1.919125318983202044e+00,3.974526313408978107e-01,-8.909972484453232422e-01,-9.250681834860237374e-02,2.625515991191967324e-01,-9.644594012264419147e-01,-1.572161947168114748e+00,-6.075014717607016834e-01,2.148109470518337893e-01,-3.431392450414570972e-01
-1.485092625901101582e-01,1.648381410214113885e+00,1.429118978468022771e-01,3.443334330218092987e-01,-6.113778436506176472e-01,-6.733051284021143168e-01,-2.330489718148282818e-01,-1.656893384536825886e+00,3.201971971621400126e-01,-1.772206432006781865e-02,2.617247255685471341e+00,-5.158774787535613804e-01,-2.503059350474405864e-01,3.353773991452464465e-01,-1.689430863741000211e-01,-2.585310683929042952e-01,2.088675621828902651e-01,-3.472827361193143170e-01,2.020456504934234621e-01,-4.567414283594480318e-01,-1.921325369525800131e+00,4.016492358382616756e-01,-8.878981593638596292e-01,-9.602561388752256510e-02,2.594442754811805973e-01,-9.602530457807851860e-01,-1.572086938340532480e+00,-6.165161943112219545e-01,2.062358750052894762e-01,-3.471632049853841662e-01
-1.475474382207292989e-01,1.648635540741405281e+00,1.420627655598769301e-01,3.417685857998472576e-01,-6.162780494614820137e-01,-6.703321638912371760e-01,-2.324873965728358194e-01,-1.653558810171648741e+00,3.116034392053057545e-01,-1.026420237352826392e-02,2.606910837736201803e+00,-5.129597362446489672e-01,-2.483462294938775794e-01,3.368254639789564631e-01,-1.820865262876487090e-01,-2.653016930490234571e-01,2.146140056411388053e-01,-3.531809400810493882e-01,2.044759412592548065e-01,-4.614710264859127609e-01,-1.923287557527873615e+00,4.058094658119292264e-01,-8.847268766429718934e-01,-9.949305849753108111e-02,2.570609717544865558e-01,-9.572479976832902748e-01,-1.572275737490222314e+00,-6.231441991029569305e-01,1.986297010577887379e-01,-3.506168051050712053e-01
-1.464870141783274349e-01,1.648767974187372642e+00,1.406817892964903338e-01,3.390016511780553632e-01,-6.205886376241105395e-01,-6.678475396764087524e-01,-2.322237710636415875e-01,-1.650103547418876992e+00,3.048847032619474429e-01,-5.094089889112228715e-03,2.597746636212751259e+00,-5.099657147292717685e-01,-2.464253063286366285e-01,3.402061237000741367e-01,-1.936400443470612798e-01,-2.726588261384775280e-01,2.199378791168276892e-01,-3.585924790625713565e-01,2.072226551726968902e-01,-4.648150195546545960e-01,-1.924813978131667769e+00,4.098446628232537137e-01,-8.818935017395898024e-01,-1.028112473032930380e-01,2.553800510345337060e-01,-9.549705280675452324e-01,-1.572500667850945222e+00,-6.277207102640011138e-01,1.918819366197628551e-01,-3.533820373952767380e-01
-1.453735480346248776e-01,1.648867877068356691e+00,1.389929961589390084e-01,3.364152883471124844e-01,-6.242825508611899998e-01,-6.657262835937751699e-01,-2.321735682393565869e-01,-1.646769047952819420e+00,3.004821320676170360e-01,-1.745163332648310903e-03,2.589526651103591259e+00,-5.069477023421233852e-01,-2.446282087960563179e-01,3.442146176440072924e-01,-2.031333437111532692e-01,-2.805816834614591193e-01,2.246546342694941689e-01,-3.635665012633390036e-01,2.102556721962114128e-01,-4.667270806061311617e-01,-1.925784083196130148e+00,4.137142408859262321e-01,-8.795135687600997842e-01,-1.060581070180344615e-01,2.544615903142694036e-01,-9.531462725495115640e-01,-1.572557226927156382e+00,-6.309505334108911345e-01,1.856814149409248826e-01,-3.555306621386313815e-01
-1.443283742362308220e-01,1.649010114267405180e+00,1.372775598750878845e-01,3.340495279274016127e-01,-6.274965429338880130e-01,-6.638532217467180141e-01,-2.322884015055463880e-01,-1.643406554844813572e+00,2.995559465545344358e-01,1.014653230343901414e-03,2.581959654044221786e+00,-5.038253482643494374e-01,-2.429818999511353383e-01,3.482670160309718765e-01,-2.106945472003823872e-01,-2.891230169269938255e-01,2.286543532854589389e-01,-3.681937465402606580e-01,2.135690715438525178e-01,-4.674427874014738249e-01,-1.925947712731923112e+00,4.173944113399612466e-01,-8.773757573638842899e-01,-1.094869288228776660e-01,2.543946532087279500e-01,-9.516879220479952384e-01,-1.572418638249122314e+00,-6.334133177434639883e-01,1.796907945830072684e-01,-3.571926010790800743e-01
-1.434598558940369251e-01,1.649207349359502306e+00,1.357591752479675729e-01,3.319429252253593421e-01,-6.302607740777443901e-01,-6.621962517282323768e-01,-2.325540265160614684e-01,-1.639922010389561979e+00,3.012291987183389752e-01,3.850061841983674731e-03,2.575406136870616702e+00,-5.014719153713620425e-01,-2.415892870810696369e-01,3.524414470409422684e-01,-2.164905502710134655e-01,-2.988339843004231833e-01,2.320477792745660739e-01,-3.729583711739283824e-01,2.160932608494088025e-01,-4.670473593674210333e-01,-1.925306875089347836e+00,4.209336475949170264e-01,-8.749452222862582618e-01,-1.131623058378058849e-01,2.542927872168633807e-01,-9.517762746285635123e-01,-1.572076606936937182e+00,-6.348827149286320193e-01,1.738721961525193649e-01,-3.593126527224933531e-01
-1.428180110396434777e-01,1.649442655688469372e+00,1.345314336661258825e-01,3.301691303633008667e-01,-6.325412140612742817e-01,-6.607512668470192363e-01,-2.329985295830467318e-01,-1.636397826740138672e+00,3.044658870133954975e-01,6.830821201389161365e-03,2.570317865022218484e+00,-5.003147125142726193e-01,-2.404683514528055677e-01,3.568939736254313488e-01,-2.205485071020353571e-01,-3.102718576069006806e-01,2.352415333383029716e-01,-3.781227128524711767e-01,2.173029922440765649e-01,-4.655828998725247136e-01,-1.923978196410792929e+00,4.243670232633008355e-01,-8.719687388012047347e-01,-1.171185429410249029e-01,2.533221918147460783e-01,-9.541281718464444950e-01,-1.571478718856628376e+00,-6.350741541280391367e-01,1.683313175859664224e-01,-3.623470764802953492e-01
-1.424161078952573545e-01,1.649689712187150326e+00,1.335941396727055586e-01,3.287892583949463265e-01,-6.343055723692120340e-01,-6.595130039303407354e-01,-2.336592862957639072e-01,-1.632960310659577363e+00,3.086340404328399289e-01,9.838061210703359649e-03,2.566984659475835873e+00,-5.003213135968462844e-01,-2.395788695185847028e-01,3.618420044710935479e-01,-2.228371857928815314e-01,-3.239268287113631906e-01,2.386311742123435331e-01,-3.837117791039463266e-01,2.172070188216465858e-01,-4.631446134332320441e-01,-1.922106582537761010e+00,4.276703466336654325e-01,-8.685130460543354358e-01,-1.214072379601806168e-01,2.510765001193939194e-01,-9.587909402224151778e-01,-1.570557076944777419e+00,-6.338580304775913721e-01,1.632181476294823907e-01,-3.662962350374511233e-01
-1.422619427634407019e-01,1.649935664892506537e+00,1.329120272249793844e-01,3.278731665678236151e-01,-6.355044582982597445e-01,-6.584964825996453275e-01,-2.345541569269633253e-01,-1.629753198317699159e+00,3.133025233818430566e-01,1.271591339159307797e-02,2.565515621206168273e+00,-5.013242847530984259e-01,-2.388697632477944643e-01,3.677413049801401823e-01,-2.232280440593792659e-01,-3.404451803996021986e-01,2.422158122115775358e-01,-3.896687980511051586e-01,2.159711752237786497e-01,-4.598104365907426105e-01,-1.919737457406564207e+00,4.307602342840701759e-01,-8.647754115598802471e-01,-1.265234537882416188e-01,2.471133572753788921e-01,-9.654270021230311194e-01,-1.569159875320676800e+00,-6.313104180609157012e-01,1.586491176113554447e-01,-3.710358164455307972e-01
-1.423648599103719825e-01,1.650186597335707273e+00,1.324455595756767190e-01,3.274818792976822990e-01,-6.360999126980699803e-01,-6.577252183643326200e-01,-2.356481634232623634e-01,-1.626912771568637783e+00,3.180864515641500523e-01,1.543081193878637590e-02,2.565842869167637375e+00,-5.031529653935734592e-01,-2.382983197287045218e-01,3.751176532568591404e-01,-2.215219461885544749e-01,-3.608647551239710927e-01,2.458607526178428759e-01,-3.959241371708392965e-01,2.137595802538146406e-01,-4.557117662779983092e-01,-1.916761516628397111e+00,4.335233614574354744e-01,-8.611552471875003612e-01,-1.339205265021563840e-01,2.409463763604468567e-01,-9.734703258898530498e-01,-1.567047539487782748e+00,-6.277063282797474830e-01,1.546991735982352900e-01,-3.764388519067485839e-01
-1.426641400788219438e-01,1.650452222097672283e+00,1.321514914709581157e-01,3.275353148472934794e-01,-6.361662925994637785e-01,-6.572058187524757455e-01,-2.368421149482138055e-01,-1.624479801433138970e+00,3.223563536609916347e-01,1.749226704644971792e-02,2.567550554963751619e+00,-5.054046972403862803e-01,-2.379405991220806815e-01,3.840900349695345328e-01,-2.181672418492980325e-01,-3.860365368061347002e-01,2.499986648648162002e-01,-4.041266608235498103e-01,2.099576838459401018e-01,-4.512462095371452264e-01,-1.912702608964005568e+00,4.363686754438843574e-01,-8.576851150635571575e-01,-1.429997495040889743e-01,2.342873648480265358e-01,-9.816989964250337763e-01,-1.564246556134897048e+00,-6.230844026991249063e-01,1.504440216106381345e-01,-3.820945280386377485e-01
-1.430845148919550336e-01,1.650744550704338565e+00,1.320044583464003718e-01,3.279101012488222500e-01,-6.358064503761006181e-01,-6.569545093712555461e-01,-2.379829737101012144e-01,-1.622485910735147252e+00,3.257053666772969369e-01,1.863204743903927596e-02,2.570204120312197915e+00,-5.078673883572516479e-01,-2.377960938840855687e-01,3.947486009517308103e-01,-2.137676143579276544e-01,-4.171443895243305833e-01,2.549359112256723847e-01,-4.150064051155795131e-01,2.043820846609310793e-01,-4.468165895645160868e-01,-1.907228765333927933e+00,4.396759711504448775e-01,-8.541328049716854220e-01,-1.528550471224346119e-01,2.281728893979757811e-01,-9.895989811502990952e-01,-1.560933419845354386e+00,-6.175729933329356935e-01,1.452239172546303247e-01,-3.878564456113059999e-01
-1.435629324681038654e-01,1.651066743074947940e+00,1.319870630681457546e-01,3.284535112239437837e-01,-6.351003388637291858e-01,-6.570259136422680335e-01,-2.389200689401824729e-01,-1.620941805316943096e+00,3.278713607704897837e-01,1.877130738234126725e-02,2.573495008209265578e+00,-5.104537710834565756e-01,-2.378191805872845177e-01,4.072103617684310617e-01,-2.088012754801832627e-01,-4.544961375657379232e-01,2.609682792851920063e-01,-4.284920633481586472e-01,1.972128034520010675e-01,-4.428414565244563894e-01,-1.900185930355185127e+00,4.435800886850215785e-01,-8.503085971679220645e-01,-1.628969135884024699e-01,2.228609416997180959e-01,-9.972786617246868213e-01,-1.557421483343486956e+00,-6.113394082413755592e-01,1.389726289236921097e-01,-3.936523684664518519e-01
-1.440669145158804121e-01,1.651425961988218560e+00,1.320982097278988465e-01,3.289384838114356446e-01,-6.341280488565393947e-01,-6.574956051107704313e-01,-2.395425239519148874e-01,-1.619658271972584274e+00,3.286494175594585898e-01,1.809070864935482734e-02,2.577195987466544214e+00,-5.131123053913199117e-01,-2.379658592804257122e-01,4.215647449907212740e-01,-2.032129433995123469e-01,-4.961596616939077942e-01,2.682677906348363006e-01,-4.442392987300009533e-01,1.886660414915871664e-01,-4.397108399002789270e-01,-1.891383836626910009e+00,4.481151295663494127e-01,-8.461474017723819019e-01,-1.727903101907793948e-01,2.183870184413040927e-01,-1.004650184440673222e+00,-1.553928893975609293e+00,-6.047000928718769819e-01,1.319431069273354074e-01,-3.993964337083807936e-01
-1.445957046293504522e-01,1.651839762950677137e+00,1.323527832009599170e-01,3.291056254750170940e-01,-6.329903567474342019e-01,-6.584154439116474133e-01,-2.397966474090386935e-01,-1.618247387813818605e+00,3.278249554845159563e-01,1.695638724468552169e-02,2.581140034819990436e+00,-5.158118061486256511e-01,-2.382111186496224664e-01,4.377898744865880709e-01,-1.964375690301096433e-01,-5.386049975357400932e-01,2.766802985568258544e-01,-4.618755925728220135e-01,1.788905742321960091e-01,-4.379083494189637271e-01,-1.880676393107685973e+00,4.533014698051371361e-01,-8.416298137332793861e-01,-1.823672694059491894e-01,2.147631795134886390e-01,-1.011494606180186162e+00,-1.550279858235061203e+00,-5.983320820938194951e-01,1.240113054819908522e-01,-4.050611682673475045e-01
-1.450981476690251515e-01,1.652328138955805770e+00,1.326562409783302587e-01,3.291212606046667322e-01,-6.318310257024408738e-01,-6.595496447192725764e-01,-2.397144487269759483e-01,-1.616877957046173986e+00,3.260778456386942969e-01,1.545419163275570801e-02,2.584495164844097026e+00,-5.183148345441463967e-01,-2.385406065667806941e-01,4.545067827720777887e-01,-1.902845637741765461e-01,-5.836652645468644041e-01,2.837884043649648302e-01,-4.784052507097356632e-01,1.689353439933780066e-01,-4.379337496150471076e-01,-1.869129807430935264e+00,4.589885882115755655e-01,-8.367846185379055335e-01,-1.923650852006787426e-01,2.112870860708812581e-01,-1.019037138600055625e+00,-1.545781627309080974e+00,-5.919633587842565436e-01,1.158949247183831965e-01,-4.113676704944398410e-01
-1.456483777494990972e-01,1.652903776278437986e+00,1.331541705044081425e-01,3.290048104674694329e-01,-6.309095371313734324e-01,-6.605984426804925036e-01,-2.394132163729661977e-01,-1.615192774852108659e+00,3.233634098561942172e-01,1.465860259194041483e-02,2.586503359696644022e+00,-5.205892696047015322e-01,-2.389915447025971473e-01,4.697637700144550177e-01,-1.872888998080054490e-01,-6.315182373434453655e-01,2.882754880808795495e-01,-4.926177529885659712e-01,1.592630543221666417e-01,-4.398052472642891564e-01,-1.857328032597034273e+00,4.650642571657907509e-01,-8.314171961392480270e-01,-2.033785724983057375e-01,2.076264513204975348e-01,-1.027332353519387897e+00,-1.540528032476238041e+00,-5.858377151391273019e-01,1.074181702458565507e-01,-4.183458121361068871e-01
-1.463266578338677792e-01,1.653556017222087560e+00,1.340340033536591702e-01,3.286692509708791787e-01,-6.304223621569240432e-01,-6.613752057538241358e-01,-2.390125644664148341e-01,-1.612750489045479796e+00,3.193002293070321684e-01,1.533062784410907549e-02,2.586759189427118244e+00,-5.227089509242983656e-01,-2.395837327802034789e-01,4.815967793391518481e-01,-1.891702983863726706e-01,-6.805433227468681290e-01,2.893297021698253979e-01,-5.045195549807446334e-01,1.498972404824065741e-01,-4.431786810832407109e-01,-1.845867210244268586e+00,4.712622016569981698e-01,-8.253396473697403035e-01,-2.155027380504015988e-01,2.036909930237053856e-01,-1.036078535589854077e+00,-1.534980744743722259e+00,-5.785912715659585759e-01,9.813494136023040437e-02,-4.244819005980238757e-01
-1.471979310170081212e-01,1.654285686377716891e+00,1.354892716943111308e-01,3.280774230423355586e-01,-6.303836578759683951e-01,-6.618432810468806160e-01,-2.386331647231057229e-01,-1.609245622529845043e+00,3.135154314550261945e-01,1.757692720253898819e-02,2.585119427396604941e+00,-5.247652975889326443e-01,-2.403031935087938109e-01,4.878897823997067618e-01,-1.969261766461631868e-01,-7.285505833330870873e-01,2.864289692938383203e-01,-5.144298644595503012e-01,1.407202986714567450e-01,-4.473042904376984263e-01,-1.835102204869559106e+00,4.775649780756023310e-01,-8.180103920903456505e-01,-2.288797866994696784e-01,1.995590453966632205e-01,-1.045712965166831099e+00,-1.530001552881415705e+00,-5.707652893409516093e-01,9.046271545594482266e-02,-4.311155836150158405e-01
-1.482316270326047292e-01,1.655136007844605572e+00,1.378597520974261526e-01,3.279744370883151405e-01,-6.303618813959059874e-01,-6.618680627897666202e-01,-2.387620877747089199e-01,-1.605196802490606478e+00,3.070184304877813242e-01,2.035117838816959471e-02,2.581583062656060079e+00,-5.268530018570584117e-01,-2.411204386648219122e-01,4.851500244558792918e-01,-2.115983932935562861e-01,-7.729789369013898570e-01,2.792066819807459965e-01,-5.227501604913833422e-01,1.315566853469495312e-01,-4.501530100417639457e-01,-1.825796125605700926e+00,4.843119340585759769e-01,-8.084595112773532710e-01,-2.427120405827443150e-01,1.947693430894132105e-01,-1.057194668768146162e+00,-1.525986464679277566e+00,-5.626467690543383027e-01,8.607864821688704371e-02,-4.389444539897320863e-01
-1.493440306126604944e-01,1.656069455184626893e+00,1.408248099655766972e-01,3.281479894290132981e-01,-6.301405702533422470e-01,-6.618044236145046444e-01,-2.392836468268605410e-01,-1.600837739813715244e+00,3.001923453326988400e-01,2.248775194741561845e-02,2.576997546277816298e+00,-5.285843221776607148e-01,-2.417207429832956556e-01,4.721586758752927548e-01,-2.310392330396973948e-01,-8.058525442405305439e-01,2.772492625862731375e-01,-5.301574716450209168e-01,1.230034540087215911e-01,-4.520831805474648801e-01,-1.817059622289099563e+00,4.912320018078557005e-01,-7.986952117594608991e-01,-2.560470262886441750e-01,1.909006849172616427e-01,-1.071130678272184111e+00,-1.522039484918189300e+00,-5.527210203643336817e-01,8.175982600771028452e-02,-4.475798628536453161e-01
-1.504736590500076465e-01,1.657039012705946446e+00,1.438958711156843873e-01,3.278678826885492725e-01,-6.297392648890316469e-01,-6.621258883289606878e-01,-2.398341463656375461e-01,-1.595786640103399323e+00,2.926341519475851860e-01,2.353291964263109007e-02,2.572072934663085064e+00,-5.297715033500770554e-01,-2.419835213112861982e-01,4.510944800983369696e-01,-2.532670605549305898e-01,-8.253720616033937141e-01,2.860907838740094356e-01,-5.364792165591550921e-01,1.153372276191969997e-01,-4.546898631752728237e-01,-1.808144039642154199e+00,4.978832232343333164e-01,-7.902736018722645861e-01,-2.680009112836956864e-01,1.889710698757874063e-01,-1.087977305735330136e+00,-1.518844990704121711e+00,-5.397256342353998759e-01,7.440818865943407689e-02,-4.563511626912272745e-01
-1.515860736598321767e-01,1.657998103251543620e+00,1.465356252130200487e-01,3.264328864695608678e-01,-6.292616150401409980e-01,-6.632497052442648533e-01,-2.399415215510432575e-01,-1.589720849532173741e+00,2.840652281910444610e-01,2.331945571425451599e-02,2.567334637228650518e+00,-5.303765689966595254e-01,-2.419015628212586588e-01,4.253402601369724034e-01,-2.763344847344609834e-01,-8.330494980625284818e-01,3.078755000360258731e-01,-5.414465814013859069e-01,1.086303164025439472e-01,-4.595373250478387850e-01,-1.798003312100509898e+00,5.042194334257971144e-01,-7.837686595634344444e-01,-2.784546074743686761e-01,1.893882948834563484e-01,-1.106877618121822726e+00,-1.515490111736615741e+00,-5.253466067484056090e-01,6.645871212961966534e-02,-4.660444266133690339e-01
-1.527107946715571818e-01,1.658858962177382601e+00,1.481779458040219377e-01,3.229618004560741995e-01,-6.288377321211980897e-01,-6.657072370151485563e-01,-2.389406970201941871e-01,-1.582795075185550848e+00,2.771363659283989644e-01,2.239091985190288028e-02,2.563200314306797623e+00,-5.302522530974186354e-01,-2.414563375311938043e-01,3.992676541170995796e-01,-2.978931452164599314e-01,-8.317317215629367322e-01,3.429756342650124856e-01,-5.449319176663582898e-01,1.028992256060670962e-01,-4.684442137985861954e-01,-1.785225299556749912e+00,5.101163336186780306e-01,-7.792454404164421700e-01,-2.874038099631351928e-01,1.921326583781721997e-01,-1.125969797049246379e+00,-1.509861974925475359e+00,-5.116705103314360681e-01,5.821924241143508483e-02,-4.764688730993266175e-01
-1.538665649528078994e-01,1.659495455111677842e+00,1.484494181418198611e-01,3.174685169781713556e-01,-6.285278531257135759e-01,-6.695428437427612955e-01,-2.363870955989744449e-01,-1.576838312292393018e+00,2.752698338653206123e-01,2.081228652560616552e-02,2.559860337056880653e+00,-5.293106527122646288e-01,-2.407435909978628552e-01,3.770821118886307777e-01,-3.165605801740403735e-01,-8.274898426518392247e-01,3.894134821454335871e-01,-5.472782500084977242e-01,9.815209553225828776e-02,-4.823081253732478535e-01,-1.768649380559105477e+00,5.157254250040000931e-01,-7.763063117891152443e-01,-2.947974342698129746e-01,1.970367726201815717e-01,-1.144641075122844853e+00,-1.503083738849129825e+00,-5.016369834157076157e-01,4.651837543766895733e-02,-4.875186720719659750e-01
-1.550665981856156894e-01,1.659946890928253982e+00,1.485316126642500789e-01,3.136351733758024896e-01,-6.284614545328256474e-01,-6.719301321356440093e-01,-2.349022684356020796e-01,-1.572252148186360943e+00,2.782030106499916999e-01,2.094724344090343957e-02,2.556338267680573040e+00,-5.281344260727364182e-01,-2.402824933184735667e-01,3.589128736472961823e-01,-3.344130328627458737e-01,-8.233940775605614881e-01,4.266995644635785956e-01,-5.486894061411695667e-01,9.453833561540124497e-02,-4.939297066080709508e-01,-1.751011151555156964e+00,5.218667773036564927e-01,-7.733508826231735300e-01,-3.018109146338068260e-01,2.028185355314054417e-01,-1.163802016865601807e+00,-1.496425820158089559e+00,-4.897425330040408031e-01,3.511300962631228040e-02,-4.987304086012167015e-01
-1.562084537593814992e-01,1.660241199423920122e+00,1.486803186074148742e-01,3.113628693211949461e-01,-6.280982719663863456e-01,-6.732311818874672227e-01,-2.351728401718878869e-01,-1.567168432055252358e+00,2.809620239778096717e-01,2.220217568672910868e-02,2.552718474270398108e+00,-5.268282596714033428e-01,-2.399119029611581633e-01,3.442225641831184735e-01,-3.518344956826582881e-01,-8.180455307296965461e-01,4.556829408039057006e-01,-5.484537512320604158e-01,9.187240317584453864e-02,-5.014163006021672420e-01,-1.734009561861390658e+00,5.288666916676090235e-01,-7.698844905412981499e-01,-3.085903289005970107e-01,2.086754045512918265e-01,-1.181594956534911756e+00,-1.488886260610351675e+00,-4.712297565200329608e-01,2.820486239876616313e-02,-5.095981917284384544e-01
-1.572388776078416095e-01,1.660432455153094899e+00,1.489786223761720707e-01,3.103727327009562775e-01,-6.270877501383718133e-01,-6.738115750693508543e-01,-2.375030141381290205e-01,-1.559955006999452332e+00,2.793760912006829633e-01,2.498495273217215401e-02,2.549012299367691803e+00,-5.254162577768696218e-01,-2.394783990824554676e-01,3.329511567987470944e-01,-3.685471482496656126e-01,-8.107997304580061293e-01,4.766508401618201884e-01,-5.464434139618450370e-01,8.998927788498427283e-02,-5.029453287145283502e-01,-1.717605364510021548e+00,5.358309607334397207e-01,-7.655009739489946341e-01,-3.142519590307949473e-01,2.143283427165202926e-01,-1.194780555049920645e+00,-1.478895148128585690e+00,-4.428038573210584250e-01,2.894538559549082735e-02,-5.196975952097130369e-01
-1.581615022611397026e-01,1.660574305526854699e+00,1.494356168273017205e-01,3.105142876124241114e-01,-6.252432010324804335e-01,-6.738153552757283338e-01,-2.421253471775518251e-01,-1.549312296172091763e+00,2.704555099091202619e-01,3.047031447173232516e-02,2.545188085808786305e+00,-5.238830524502968711e-01,-2.389047426821341580e-01,3.246223293372297869e-01,-3.847109800885286646e-01,-8.010970856852186461e-01,4.900885708613956226e-01,-5.428186301721380502e-01,8.873980717835736054e-02,-4.973065204125082794e-01,-1.701417682020921918e+00,5.420704736469041940e-01,-7.595934790318912277e-01,-3.183945896483221794e-01,2.200389210931944228e-01,-1.201750623813876873e+00,-1.463597584009280306e+00,-4.026813206999262928e-01,3.886636604691667135e-02,-5.292450077793423580e-01
-1.590835264737417154e-01,1.660591912043727358e+00,1.500462430017510396e-01,3.114860020481858838e-01,-6.225490292596920217e-01,-6.734777015970937475e-01,-2.486703885615431375e-01,-1.535760819317335546e+00,2.560784906220571200e-01,4.128976954172358660e-02,2.541205249574816971e+00,-5.220139625842595832e-01,-2.380939546191845058e-01,3.188497538056526692e-01,-4.001294783526335164e-01,-7.888957947890000710e-01,4.965775980782556331e-01,-5.378444771299590865e-01,8.804218269092112248e-02,-4.839714851020471276e-01,-1.686834617401165470e+00,5.503048052520204125e-01,-7.521515133606681003e-01,-3.225414020752112587e-01,2.268775898810841407e-01,-1.209038909040928367e+00,-1.439787313253116041e+00,-3.634611451524298875e-01,4.352545033858803980e-02,-5.444047295584688584e-01
-1.597983957320900927e-01,1.660560669292320490e+00,1.510054763059519856e-01,3.121201978709609026e-01,-6.203991085287718921e-01,-6.731916705324121342e-01,-2.539678678297786485e-01,-1.523827199331559523e+00,2.454661798754531055e-01,5.583086183632453292e-02,2.535307779890815905e+00,-5.205836885222983046e-01,-2.377173595333984257e-01,3.139594704404402026e-01,-4.132936582653207180e-01,-7.772009965075538096e-01,5.002019664140130439e-01,-5.330085204203833804e-01,8.715825984415118133e-02,-4.708747983529484871e-01,-1.674030249672949777e+00,5.594384383107604553e-01,-7.435774038801377106e-01,-3.261491010294877424e-01,2.345021581653456422e-01,-1.218101729226789276e+00,-1.415305262802775133e+00,-3.257195166631080552e-01,4.476200468571380625e-02,-5.627556039341032879e-01
-1.604320237426127560e-01,1.660427801385004010e+00,1.524208140572569092e-01,3.124040787051947099e-01,-6.186970750906435335e-01,-6.729104356818439436e-01,-2.584746920553581129e-01,-1.513257706753844190e+00,2.372312601713747193e-01,7.101488367705643956e-02,2.528672255691021054e+00,-5.196237042859749300e-01,-2.376593264369599168e-01,3.098893321828198877e-01,-4.255970046202198764e-01,-7.663455896658012412e-01,5.041924276065762323e-01,-5.286955495923614246e-01,8.582916545189556157e-02,-4.593349797957580471e-01,-1.662155643500021540e+00,5.687354893838802994e-01,-7.345854055441355390e-01,-3.283897485476819922e-01,2.426260562808523202e-01,-1.232914897501012907e+00,-1.395123052605902858e+00,-2.880225665013896874e-01,4.485933741318391677e-02,-5.823614914280066390e-01
-1.610839255917190793e-01,1.660154279666569366e+00,1.543286013105705234e-01,3.121775552282295974e-01,-6.173838487304147415e-01,-6.726652429365311825e-01,-2.624953871664867933e-01,-1.503558952345210864e+00,2.300291762373278259e-01,8.483473046510141280e-02,2.522116652749835541e+00,-5.190860089774305131e-01,-2.377538722735306753e-01,3.070380704897305857e-01,-4.378601665458630166e-01,-7.572355495248150881e-01,5.102944184221387403e-01,-5.248248952631436870e-01,8.400654496299833629e-02,-4.501006385229570639e-01,-1.649873892892446792e+00,5.778988068252727262e-01,-7.251526556044808336e-01,-3.292373978545426461e-01,2.511716072042448067e-01,-1.254451997873952562e+00,-1.378250696973986722e+00,-2.504158319720139469e-01,4.462548024424987242e-02,-6.021146377385797610e-01
-1.618808250821088535e-01,1.659803834538416289e+00,1.568753009810774646e-01,3.114979102967188607e-01,-6.161917035031092560e-01,-6.725624803177260302e-01,-2.663391568725526071e-01,-1.494198001693064493e+00,2.229374346990847244e-01,9.562784118880243711e-02,2.516027420470104303e+00,-5.189316327214211766e-01,-2.378842332167723506e-01,3.053561520881287739e-01,-4.501387639189813328e-01,-7.502423476849333639e-01,5.190719751089947209e-01,-5.211424520562470963e-01,8.171539168362174088e-02,-4.433890374737191609e-01,-1.635561835278823928e+00,5.868249468588464524e-01,-7.145429953887807439e-01,-3.293545343991797769e-01,2.603963749765998426e-01,-1.283163248145557267e+00,-1.362885969810619269e+00,-2.137077510862976926e-01,4.331083905783445626e-02,-6.220023526540139347e-01
-1.627106857537874984e-01,1.659554681280139388e+00,1.602156601032521943e-01,3.097544831372301410e-01,-6.150341127296177213e-01,-6.725721036412165565e-01,-2.709848152798524090e-01,-1.482397175514391208e+00,2.154663125497001119e-01,1.029833541410217351e-01,2.510385529664586723e+00,-5.191356181519416468e-01,-2.379782612089094695e-01,3.062464355381961378e-01,-4.636333509455432544e-01,-7.457461507195325412e-01,5.309142866972192953e-01,-5.175006515995637102e-01,7.900464474343171783e-02,-4.403237897022911906e-01,-1.619350724103765016e+00,5.962202875813461533e-01,-7.033982754124692427e-01,-3.285569348167611814e-01,2.700975322616114838e-01,-1.316582800212704907e+00,-1.345411298808703027e+00,-1.825478352947327576e-01,3.915813316424895940e-02,-6.422569568274091312e-01
