-0.0012409128248691559,0.024007539749145507,0.76377872326901686,-0.010125454170029503,-0.021207050628691944,-0.71483931488653341,0.69889376165053485,0.015069001719452345,0.14930803058620931,0.093965252689697965,0.37344256735549786,-0.34035478992911461,-0.18592926198984017,-0.057707051515811174,-0.26093181953456807,-0.027332711297564677,0.45187258503199973,-0.3522232557354788,0.12830653605683909,-0.061852032211043254,-0.054171450783583659,0.12508317472779337,-0.17922714530230441,0.38121992903530982,-1.0339137629932063,1.0258172329530821,-0.086067882170518889,0.0024389494512085815,0.19827514515979491,-0.050764988708040464,-0.30238869507035948,0.64657916018999695,1.0232950925576103,-0.057932479987328013,0.05559681231446837,-0.067741350811254528
-0.0012409128248691559,0.024007539749145507,0.76377872326901686,-0.010125454170029503,-0.021207050628691944,-0.71483931488653341,0.69889376165053485,0.015069001719452345,0.14930803058620931,0.093965252689697965,0.37344256735549786,-0.34035478992911461,-0.18592926198984017,-0.057707051515811174,-0.26093181953456807,-0.027332711297564677,0.45187258503199973,-0.3522232557354788,0.12830653605683909,-0.061852032211043254,-0.054171450783583659,0.12508317472779337,-0.17922714530230441,0.38121992903530982,-1.0339137629932063,1.0258172329530821,-0.086067882170518889,0.0024389494512085815,0.19827514515979491,-0.050764988708040464,-0.30238869507035948,0.64657916018999695,1.0232950925576103,-0.057932479987328013,0.05559681231446837,-0.067741350811254528
-0.0012409128248691559,0.024007539749145507,0.76377872326901686,-0.010125454170029503,-0.021207050628691944,-0.71483931488653341,0.69889376165053485,0.015069001719452345,0.14930803058620931,0.093965252689697965,0.37344256735549786,-0.34035478992911461,-0.18592926198984017,-0.057707051515811174,-0.26093181953456807,-0.027332711297564677,0.45187258503199973,-0.3522232557354788,0.12830653605683909,-0.061852032211043254,-0.054171450783583659,0.12508317472779337,-0.17922714530230441,0.38121992903530982,-1.0339137629932063,1.0258172329530821,-0.086067882170518889,0.0024389494512085815,0.19827514515979491,-0.050764988708040464,-0.30238869507035948,0.64657916018999695,1.0232950925576103,-0.057932479987328013,0.05559681231446837,-0.067741350811254528
-0.0012409128248691559,0.024007539749145507,0.76377872326901686,-0.010125454170029503,-0.021207050628691944,-0.71483931488653341,0.69889376165053485,0.015069001719452345,0.14930803058620931,0.093965252689697965,0.37344256735549786,-0.34035478992911461,-0.18592926198984017,-0.057707051515811174,-0.26093181953456807,-0.027332711297564677,0.45187258503199973,-0.3522232557354788,0.12830653605683909,-0.061852032211043254,-0.054171450783583659,0.12508317472779337,-0.17922714530230441,0.38121992903530982,-1.0339137629932063,1.0258172329530821,-0.086067882170518889,0.0024389494512085815,0.19827514515979491,-0.050764988708040464,-0.30238869507035948,0.64657916018999695,1.0232950925576103,-0.057932479987328013,0.05559681231446837,-0.067741350811254528
-0.0012409128248691559,0.024007539749145507,0.76377872326901686,-0.010125454170029503,-0.021207050628691944,-0.71483931488653341,0.69889376165053485,0.015069001719452345,0.14930803058620931,0.093965252689697965,0.37344256735549786,-0.34035478992911461,-0.18592926198984017,-0.057707051515811174,-0.26093181953456807,-0.027332711297564677,0.45187258503199973,-0.3522232557354788,0.12830653605683909,-0.061852032211043254,-0.054171450783583659,0.12508317472779337,-0.17922714530230441,0.38121992903530982,-1.0339137629932063,1.0258172329530821,-0.086067882170518889,0.0024389494512085815,0.19827514515979491,-0.050764988708040464,-0.30238869507035948,0.64657916018999695,1.0232950925576103,-0.057932479987328013,0.05559681231446837,-0.067741350811254528
-0.0012409128248691559,0.024007539749145507,0.76377872326901686,-0.010125454170029503,-0.021207050628691944,-0.71483931488653341,0.69889376165053485,0.015069001719452345,0.14930803058620931,0.093965252689697965,0.37344256735549786,-0.34035478992911461,-0.18592926198984017,-0.057707051515811174,-0.26093181953456807,-0.027332711297564677,0.45187258503199973,-0.3522232557354788,0.12830653605683909,-0.061852032211043254,-0.054171450783583659,0.12508317472779337,-0.17922714530230441,0.38121992903530982,-1.0339137629932063,1.0258172329530821,-0.086067882170518889,0.0024389494512085815,0.19827514515979491,-0.050764988708040464,-0.30238869507035948,0.64657916018999695,1.0232950925576103,-0.057932479987328013,0.05559681231446837,-0.067741350811254528
-0.0012409128248691559,0.024007539749145507,0.76377872326901686,-0.010125454170029503,-0.021207050628691944,-0.71483931488653341,0.69889376165053485,0.015069001719452345,0.14930803058620931,0.093965252689697965,0.37344256735549786,-0.34035478992911461,-0.18592926198984017,-0.057707051515811174,-0.26093181953456807,-0.027332711297564677,0.45187258503199973,-0.3522232557354788,0.12830653605683909,-0.061852032211043254,-0.054171450783583659,0.12508317472779337,-0.17922714530230441,0.38121992903530982,-1.0339137629932063,1.0258172329530821,-0.086067882170518889,0.0024389494512085815,0.19827514515979491,-0.050764988708040464,-0.30238869507035948,0.64657916018999695,1.0232950925576103,-0.057932479987328013,0.05559681231446837,-0.067741350811254528
-0.0012409128248691559,0.024007539749145507,0.76377872326901686,-0.010125454170029503,-0.021207050628691944,-0.71483931488653341,0.69889376165053485,0.015069001719452345,0.14930803058620931,0.093965252689697965,0.37344256735549786,-0.34035478992911461,-0.18592926198984017,-0.057707051515811174,-0.26093181953456807,-0.027332711297564677,0.45187258503199973,-0.3522232557354788,0.12830653605683909,-0.061852032211043254,-0.054171450783583659,0.12508317472779337,-0.17922714530230441,0.38121992903530982,-1.0339137629932063,1.0258172329530821,-0.086067882170518889,0.0024389494512085815,0.19827514515979491,-0.050764988708040464,-0.30238869507035948,0.64657916018999695,1.0232950925576103,-0.057932479987328013,0.05559681231446837,-0.067741350811254528
-0.0012409128248691559,0.024007539749145507,0.76377872326901686,-0.010125454170029503,-0.021207050628691944,-0.71483931488653341,0.69889376165053485,0.015069001719452345,0.14930803058620931,0.093965252689697965,0.37344256735549786,-0.34035478992911461,-0.18592926198984017,-0.057707051515811174,-0.26093181953456807,-0.027332711297564677,0.45187258503199973,-0.3522232557354788,0.12830653605683909,-0.061852032211043254,-0.054171450783583659,0.12508317472779337,-0.17922714530230441,0.38121992903530982,-1.0339137629932063,1.0258172329530821,-0.086067882170518889,0.0024389494512085815,0.19827514515979491,-0.050764988708040464,-0.30238869507035948,0.64657916018999695,1.0232950925576103,-0.057932479987328013,0.05559681231446837,-0.067741350811254528
-0.0012409128248691559,0.024007539749145507,0.76377872326901686,-0.010125454170029503,-0.021207050628691944,-0.71483931488653341,0.69889376165053485,0.015069001719452345,0.14930803058620931,0.093965252689697965,0.37344256735549786,-0.34035478992911461,-0.18592926198984017,-0.057707051515811174,-0.26093181953456807,-0.027332711297564677,0.45187258503199973,-0.3522232557354788,0.12830653605683909,-0.061852032211043254,-0.054171450783583659,0.12508317472779337,-0.17922714530230441,0.38121992903530982,-1.0339137629932063,1.0258172329530821,-0.086067882170518889,0.0024389494512085815,0.19827514515979491,-0.050764988708040464,-0.30238869507035948,0.64657916018999695,1.0232950925576103,-0.057932479987328013,0.05559681231446837,-0.067741350811254528
-0.0012409128248691559,0.024007539749145507,0.76377872326901686,-0.010125454170029503,-0.021207050628691944,-0.71483931488653341,0.69889376165053485,0.015069001719452345,0.14930803058620931,0.093965252689697965,0.37344256735549786,-0.34035478992911461,-0.18592926198984017,-0.057707051515811174,-0.26093181953456807,-0.027332711297564677,0.45187258503199973,-0.3522232557354788,0.12830653605683909,-0.061852032211043254,-0.054171450783583659,0.12508317472779337,-0.17922714530230441,0.38121992903530982,-1.0339137629932063,1.0258172329530821,-0.086067882170518889,0.0024389494512085815,0.19827514515979491,-0.050764988708040464,-0.30238869507035948,0.64657916018999695,1.0232950925576103,-0.057932479987328013,0.05559681231446837,-0.067741350811254528
-0.0012409128248691559,0.024007539749145507,0.76377872326901686,-0.010125454170029503,-0.021207050628691944,-0.71483931488653341,0.69889376165053485,0.015069001719452345,0.14930803058620931,0.093965252689697965,0.37344256735549786,-0.34035478992911461,-0.18592926198984017,-0.057707051515811174,-0.26093181953456807,-0.027332711297564677,0.45187258503199973,-0.3522232557354788,0.12830653605683909,-0.061852032211043254,-0.054171450783583659,0.12508317472779337,-0.17922714530230441,0.38121992903530982,-1.0339137629932063,1.0258172329530821,-0.086067882170518889,0.0024389494512085815,0.19827514515979491,-0.050764988708040464,-0.30238869507035948,0.64657916018999695,1.0232950925576103,-0.057932479987328013,0.05559681231446837,-0.067741350811254528
-0.0012409128248691559,0.024007539749145507,0.76377872326901686,-0.010125454170029503,-0.021207050628691944,-0.71483931488653341,0.69889376165053485,0.015069001719452345,0.14930803058620931,0.093965252689697965,0.37344256735549786,-0.34035478992911461,-0.18592926198984017,-0.057707051515811174,-0.26093181953456807,-0.027332711297564677,0.45187258503199973,-0.3522232557354788,0.12830653605683909,-0.061852032211043254,-0.054171450783583659,0.12508317472779337,-0.17922714530230441,0.38121992903530982,-1.0339137629932063,1.0258172329530821,-0.086067882170518889,0.0024389494512085815,0.19827514515979491,-0.050764988708040464,-0.30238869507035948,0.64657916018999695,1.0232950925576103,-0.057932479987328013,0.05559681231446837,-0.067741350811254528
-0.0012409128248691559,0.024007539749145507,0.76377872326901686,-0.010125454170029503,-0.021207050628691944,-0.71483931488653341,0.69889376165053485,0.015069001719452345,0.14930803058620931,0.093965252689697965,0.37344256735549786,-0.34035478992911461,-0.18592926198984017,-0.057707051515811174,-0.26093181953456807,-0.027332711297564677,0.45187258503199973,-0.3522232557354788,0.12830653605683909,-0.061852032211043254,-0.054171450783583659,0.12508317472779337,-0.17922714530230441,0.38121992903530982,-1.0339137629932063,1.0258172329530821,-0.086067882170518889,0.0024389494512085815,0.19827514515979491,-0.050764988708040464,-0.30238869507035948,0.64657916018999695,1.0232950925576103,-0.057932479987328013,0.05559681231446837,-0.067741350811254528
-0.0012409128248691559,0.024007539749145507,0.76377872326901686,-0.010125454170029503,-0.021207050628691944,-0.71483931488653341,0.69889376165053485,0.015069001719452345,0.14930803058620931,0.093965252689697965,0.37344256735549786,-0.34035478992911461,-0.18592926198984017,-0.057707051515811174,-0.26093181953456807,-0.027332711297564677,0.45187258503199973,-0.3522232557354788,0.12830653605683909,-0.061852032211043254,-0.054171450783583659,0.12508317472779337,-0.17922714530230441,0.38121992903530982,-1.0339137629932063,1.0258172329530821,-0.086067882170518889,0.0024389494512085815,0.19827514515979491,-0.050764988708040464,-0.30238869507035948,0.64657916018999695,1.0232950925576103,-0.057932479987328013,0.05559681231446837,-0.067741350811254528
-0.0012409128248691559,0.024007539749145507,0.76377872326901686,-0.010125454170029503,-0.021207050628691944,-0.71483931488653341,0.69889376165053485,0.015069001719452345,0.14930803058620931,0.093965252689697965,0.37344256735549786,-0.34035478992911461,-0.18592926198984017,-0.057707051515811174,-0.26093181953456807,-0.027332711297564677,0.45187258503199973,-0.3522232557354788,0.12830653605683909,-0.061852032211043254,-0.054171450783583659,0.12508317472779337,-0.17922714530230441,0.38121992903530982,-1.0339137629932063,1.0258172329530821,-0.086067882170518889,0.0024389494512085815,0.19827514515979491,-0.050764988708040464,-0.30238869507035948,0.64657916018999695,1.0232950925576103,-0.057932479987328013,0.05559681231446837,-0.067741350811254528
-0.0012409128248691559,0.024007539749145507,0.76377872326901686,-0.010125454170029503,-0.021207050628691944,-0.71483931488653341,0.69889376165053485,0.015069001719452345,0.14930803058620931,0.093965252689697965,0.37344256735549786,-0.34035478992911461,-0.18592926198984017,-0.057707051515811174,-0.26093181953456807,-0.027332711297564677,0.45187258503199973,-0.3522232557354788,0.12830653605683909,-0.061852032211043254,-0.054171450783583659,0.12508317472779337,-0.17922714530230441,0.38121992903530982,-1.0339137629932063,1.0258172329530821,-0.086067882170518889,0.0024389494512085815,0.19827514515979491,-0.050764988708040464,-0.30238869507035948,0.64657916018999695,1.0232950925576103,-0.057932479987328013,0.05559681231446837,-0.067741350811254528
-0.0012409128248691559,0.024007539749145507,0.76377872326901686,-0.010125454170029503,-0.021207050628691944,-0.71483931488653341,0.69889376165053485,0.015069001719452345,0.14930803058620931,0.093965252689697965,0.37344256735549786,-0.34035478992911461,-0.18592926198984017,-0.057707051515811174,-0.26093181953456807,-0.027332711297564677,0.45187258503199973,-0.3522232557354788,0.12830653605683909,-0.061852032211043254,-0.054171450783583659,0.12508317472779337,-0.17922714530230441,0.38121992903530982,-1.0339137629932063,1.0258172329530821,-0.086067882170518889,0.0024389494512085815,0.19827514515979491,-0.050764988708040464,-0.30238869507035948,0.64657916018999695,1.0232950925576103,-0.057932479987328013,0.05559681231446837,-0.067741350811254528
-0.0012409128248691559,0.024007539749145507,0.76377872326901686,-0.010125454170029503,-0.021207050628691944,-0.71483931488653341,0.69889376165053485,0.015069001719452345,0.14930803058620931,0.093965252689697965,0.37344256735549786,-0.34035478992911461,-0.18592926198984017,-0.057707051515811174,-0.26093181953456807,-0.027332711297564677,0.45187258503199973,-0.3522232557354788,0.12830653605683909,-0.061852032211043254,-0.054171450783583659,0.12508317472779337,-0.17922714530230441,0.38121992903530982,-1.0339137629932063,1.0258172329530821,-0.086067882170518889,0.0024389494512085815,0.19827514515979491,-0.050764988708040464,-0.30238869507035948,0.64657916018999695,1.0232950925576103,-0.057932479987328013,0.05559681231446837,-0.067741350811254528
-0.0012409128248691559,0.024007539749145507,0.76377872326901686,-0.010125454170029503,-0.021207050628691944,-0.71483931488653341,0.69889376165053485,0.015069001719452345,0.14930803058620931,0.093965252689697965,0.37344256735549786,-0.34035478992911461,-0.18592926198984017,-0.057707051515811174,-0.26093181953456807,-0.027332711297564677,0.45187258503199973,-0.3522232557354788,0.12830653605683909,-0.061852032211043254,-0.054171450783583659,0.12508317472779337,-0.17922714530230441,0.38121992903530982,-1.0339137629932063,1.0258172329530821,-0.086067882170518889,0.0024389494512085815,0.19827514515979491,-0.050764988708040464,-0.30238869507035948,0.64657916018999695,1.0232950925576103,-0.057932479987328013,0.05559681231446837,-0.067741350811254528
-0.0012409128248691559,0.024007539749145507,0.76377872326901686,-0.010125454170029503,-0.021207050628691944,-0.71483931488653341,0.69889376165053485,0.015069001719452345,0.14930803058620931,0.093965252689697965,0.37344256735549786,-0.34035478992911461,-0.18592926198984017,-0.057707051515811174,-0.26093181953456807,-0.027332711297564677,0.45187258503199973,-0.3522232557354788,0.12830653605683909,-0.061852032211043254,-0.054171450783583659,0.12508317472779337,-0.17922714530230441,0.38121992903530982,-1.0339137629932063,1.0258172329530821,-0.086067882170518889,0.0024389494512085815,0.19827514515979491,-0.050764988708040464,-0.30238869507035948,0.64657916018999695,1.0232950925576103,-0.057932479987328013,0.05559681231446837,-0.067741350811254528
-0.0012409128248691559,0.024007539749145507,0.76377872326901686,-0.010125454170029503,-0.021207050628691944,-0.71483931488653341,0.69889376165053485,0.015069001719452345,0.14930803058620931,0.093965252689697965,0.37344256735549786,-0.34035478992911461,-0.18592926198984017,-0.057707051515811174,-0.26093181953456807,-0.027332711297564677,0.45187258503199973,-0.3522232557354788,0.12830653605683909,-0.061852032211043254,-0.054171450783583659,0.12508317472779337,-0.17922714530230441,0.38121992903530982,-1.0339137629932063,1.0258172329530821,-0.086067882170518889,0.0024389494512085815,0.19827514515979491,-0.050764988708040464,-0.30238869507035948,0.64657916018999695,1.0232950925576103,-0.057932479987328013,0.05559681231446837,-0.067741350811254528
-0.0012409128248691559,0.024007539749145507,0.76377872326901686,-0.010125454170029503,-0.021207050628691944,-0.71483931488653341,0.69889376165053485,0.015069001719452345,0.14930803058620931,0.093965252689697965,0.37344256735549786,-0.34035478992911461,-0.18592926198984017,-0.057707051515811174,-0.26093181953456807,-0.027332711297564677,0.45187258503199973,-0.3522232557354788,0.12830653605683909,-0.061852032211043254,-0.054171450783583659,0.12508317472779337,-0.17922714530230441,0.38121992903530982,-1.0339137629932063,1.0258172329530821,-0.086067882170518889,0.0024389494512085815,0.19827514515979491,-0.050764988708040464,-0.30238869507035948,0.64657916018999695,1.0232950925576103,-0.057932479987328013,0.05559681231446837,-0.067741350811254528
-0.0012409128248691559,0.024007539749145507,0.76377872326901686,-0.010125454170029503,-0.021207050628691944,-0.71483931488653341,0.69889376165053485,0.015069001719452345,0.14930803058620931,0.093965252689697965,0.37344256735549786,-0.34035478992911461,-0.18592926198984017,-0.057707051515811174,-0.26093181953456807,-0.027332711297564677,0.45187258503199973,-0.3522232557354788,0.12830653605683909,-0.061852032211043254,-0.054171450783583659,0.12508317472779337,-0.17922714530230441,0.38121992903530982,-1.0339137629932063,1.0258172329530821,-0.086067882170518889,0.0024389494512085815,0.19827514515979491,-0.050764988708040464,-0.30238869507035948,0.64657916018999695,1.0232950925576103,-0.057932479987328013,0.05559681231446837,-0.067741350811254528
-0.0012409128248691559,0.024007539749145507,0.76377872326901686,-0.010125454170029503,-0.021207050628691944,-0.71483931488653341,0.69889376165053485,0.015069001719452345,0.14930803058620931,0.093965252689697965,0.37344256735549786,-0.34035478992911461,-0.18592926198984017,-0.057707051515811174,-0.26093181953456807,-0.027332711297564677,0.45187258503199973,-0.3522232557354788,0.12830653605683909,-0.061852032211043254,-0.054171450783583659,0.12508317472779337,-0.17922714530230441,0.38121992903530982,-1.0339137629932063,1.0258172329530821,-0.086067882170518889,0.0024389494512085815,0.19827514515979491,-0.050764988708040464,-0.30238869507035948,0.64657916018999695,1.0232950925576103,-0.057932479987328013,0.05559681231446837,-0.067741350811254528
-0.0012409128248691559,0.024007539749145507,0.76377872326901686,-0.010125454170029503,-0.021207050628691944,-0.71483931488653341,0.69889376165053485,0.015069001719452345,0.14930803058620931,0.093965252689697965,0.37344256735549786,-0.34035478992911461,-0.18592926198984017,-0.057707051515811174,-0.26093181953456807,-0.027332711297564677,0.45187258503199973,-0.3522232557354788,0.12830653605683909,-0.061852032211043254,-0.054171450783583659,0.12508317472779337,-0.17922714530230441,0.38121992903530982,-1.0339137629932063,1.0258172329530821,-0.086067882170518889,0.0024389494512085815,0.19827514515979491,-0.050764988708040464,-0.30238869507035948,0.64657916018999695,1.0232950925576103,-0.057932479987328013,0.05559681231446837,-0.067741350811254528
-0.0012409128248691559,0.024007539749145507,0.76377872326901686,-0.010125454170029503,-0.021207050628691944,-0.71483931488653341,0.69889376165053485,0.015069001719452345,0.14930803058620931,0.093965252689697965,0.37344256735549786,-0.34035478992911461,-0.18592926198984017,-0.057707051515811174,-0.26093181953456807,-0.027332711297564677,0.45187258503199973,-0.3522232557354788,0.12830653605683909,-0.061852032211043254,-0.054171450783583659,0.12508317472779337,-0.17922714530230441,0.38121992903530982,-1.0339137629932063,1.0258172329530821,-0.086067882170518889,0.0024389494512085815,0.19827514515979491,-0.050764988708040464,-0.30238869507035948,0.64657916018999695,1.0232950925576103,-0.057932479987328013,0.05559681231446837,-0.067741350811254528
-0.0012409128248691559,0.024007539749145507,0.76377872326901686,-0.010125454170029503,-0.021207050628691944,-0.71483931488653341,0.69889376165053485,0.015069001719452345,0.14930803058620931,0.093965252689697965,0.37344256735549786,-0.34035478992911461,-0.18592926198984017,-0.057707051515811174,-0.26093181953456807,-0.027332711297564677,0.45187258503199973,-0.3522232557354788,0.12830653605683909,-0.061852032211043254,-0.054171450783583659,0.12508317472779337,-0.17922714530230441,0.38121992903530982,-1.0339137629932063,1.0258172329530821,-0.086067882170518889,0.0024389494512085815,0.19827514515979491,-0.050764988708040464,-0.30238869507035948,0.64657916018999695,1.0232950925576103,-0.057932479987328013,0.05559681231446837,-0.067741350811254528
-0.0012409128248691559,0.024007539749145507,0.76377872326901686,-0.010125454170029503,-0.021207050628691944,-0.71483931488653341,0.69889376165053485,0.015069001719452345,0.14930803058620931,0.093965252689697965,0.37344256735549786,-0.34035478992911461,-0.18592926198984017,-0.057707051515811174,-0.26093181953456807,-0.027332711297564677,0.45187258503199973,-0.3522232557354788,0.12830653605683909,-0.061852032211043254,-0.054171450783583659,0.12508317472779337,-0.17922714530230441,0.38121992903530982,-1.0339137629932063,1.0258172329530821,-0.086067882170518889,0.0024389494512085815,0.19827514515979491,-0.050764988708040464,-0.30238869507035948,0.64657916018999695,1.0232950925576103,-0.057932479987328013,0.05559681231446837,-0.067741350811254528
-0.0012409128248691559,0.024007539749145507,0.76377872326901686,-0.010125454170029503,-0.021207050628691944,-0.71483931488653341,0.69889376165053485,0.015069001719452345,0.14930803058620931,0.093965252689697965,0.37344256735549786,-0.34035478992911461,-0.18592926198984017,-0.057707051515811174,-0.26093181953456807,-0.027332711297564677,0.45187258503199973,-0.3522232557354788,0.12830653605683909,-0.061852032211043254,-0.054171450783583659,0.12508317472779337,-0.17922714530230441,0.38121992903530982,-1.0339137629932063,1.0258172329530821,-0.086067882170518889,0.0024389494512085815,0.19827514515979491,-0.050764988708040464,-0.30238869507035948,0.64657916018999695,1.0232950925576103,-0.057932479987328013,0.05559681231446837,-0.067741350811254528
-0.0012409128248691559,0.024007539749145507,0.76377872326901686,-0.010125454170029503,-0.021207050628691944,-0.71483931488653341,0.69889376165053485,0.015069001719452345,0.14930803058620931,0.093965252689697965,0.37344256735549786,-0.34035478992911461,-0.18592926198984017,-0.057707051515811174,-0.26093181953456807,-0.027332711297564677,0.45187258503199973,-0.3522232557354788,0.12830653605683909,-0.061852032211043254,-0.054171450783583659,0.12508317472779337,-0.17922714530230441,0.38121992903530982,-1.0339137629932063,1.0258172329530821,-0.086067882170518889,0.0024389494512085815,0.19827514515979491,-0.050764988708040464,-0.30238869507035948,0.64657916018999695,1.0232950925576103,-0.057932479987328013,0.05559681231446837,-0.067741350811254528
-0.0012409128248691559,0.024007539749145507,0.76377872326901686,-0.010125454170029503,-0.021207050628691944,-0.71483931488653341,0.69889376165053485,0.015069001719452345,0.14930803058620931,0.093965252689697965,0.37344256735549786,-0.34035478992911461,-0.18592926198984017,-0.057707051515811174,-0.26093181953456807,-0.027332711297564677,0.45187258503199973,-0.3522232557354788,0.12830653605683909,-0.061852032211043254,-0.054171450783583659,0.12508317472779337,-0.17922714530230441,0.38121992903530982,-1.0339137629932063,1.0258172329530821,-0.086067882170518889,0.0024389494512085815,0.19827514515979491,-0.050764988708040464,-0.30238869507035948,0.64657916018999695,1.0232950925576103,-0.057932479987328013,0.05559681231446837,-0.067741350811254528
-0.0012409128248691559,0.024007539749145507,0.76377872326901686,-0.010125454170029503,-0.021207050628691944,-0.71483931488653341,0.69889376165053485,0.015069001719452345,0.14930803058620931,0.093965252689697965,0.37344256735549786,-0.34035478992911461,-0.18592926198984017,-0.057707051515811174,-0.26093181953456807,-0.027332711297564677,0.45187258503199973,-0.3522232557354788,0.12830653605683909,-0.061852032211043254,-0.054171450783583659,0.12508317472779337,-0.17922714530230441,0.38121992903530982,-1.0339137629932063,1.0258172329530821,-0.086067882170518889,0.0024389494512085815,0.19827514515979491,-0.050764988708040464,-0.30238869507035948,0.64657916018999695,1.0232950925576103,-0.057932479987328013,0.05559681231446837,-0.067741350811254528
-0.0012409128248691559,0.024007539749145507,0.76377872326901686,-0.010125454170029503,-0.021207050628691944,-0.71483931488653341,0.69889376165053485,0.015069001719452345,0.14930803058620931,0.093965252689697965,0.37344256735549786,-0.34035478992911461,-0.18592926198984017,-0.057707051515811174,-0.26093181953456807,-0.027332711297564677,0.45187258503199973,-0.3522232557354788,0.12830653605683909,-0.061852032211043254,-0.054171450783583659,0.12508317472779337,-0.17922714530230441,0.38121992903530982,-1.0339137629932063,1.0258172329530821,-0.086067882170518889,0.0024389494512085815,0.19827514515979491,-0.050764988708040464,-0.30238869507035948,0.64657916018999695,1.0232950925576103,-0.057932479987328013,0.05559681231446837,-0.067741350811254528
-0.0012409128248691559,0.024007539749145507,0.76377872326901686,-0.010125454170029503,-0.021207050628691944,-0.71483931488653341,0.69889376165053485,0.015069001719452345,0.14930803058620931,0.093965252689697965,0.37344256735549786,-0.34035478992911461,-0.18592926198984017,-0.057707051515811174,-0.26093181953456807,-0.027332711297564677,0.45187258503199973,-0.3522232557354788,0.12830653605683909,-0.061852032211043254,-0.054171450783583659,0.12508317472779337,-0.17922714530230441,0.38121992903530982,-1.0339137629932063,1.0258172329530821,-0.086067882170518889,0.0024389494512085815,0.19827514515979491,-0.050764988708040464,-0.30238869507035948,0.64657916018999695,1.0232950925576103,-0.057932479987328013,0.05559681231446837,-0.067741350811254528
-0.0012409128248691559,0.024007539749145507,0.76377872326901686,-0.010125454170029503,-0.021207050628691944,-0.71483931488653341,0.69889376165053485,0.015069001719452345,0.14930803058620931,0.093965252689697965,0.37344256735549786,-0.34035478992911461,-0.18592926198984017,-0.057707051515811174,-0.26093181953456807,-0.027332711297564677,0.45187258503199973,-0.3522232557354788,0.12830653605683909,-0.061852032211043254,-0.054171450783583659,0.12508317472779337,-0.17922714530230441,0.38121992903530982,-1.0339137629932063,1.0258172329530821,-0.086067882170518889,0.0024389494512085815,0.19827514515979491,-0.050764988708040464,-0.30238869507035948,0.64657916018999695,1.0232950925576103,-0.057932479987328013,0.05559681231446837,-0.067741350811254528
-0.0012409128248691559,0.024007539749145507,0.76377872326901686,-0.010125454170029503,-0.021207050628691944,-0.71483931488653341,0.69889376165053485,0.015069001719452345,0.14930803058620931,0.093965252689697965,0.37344256735549786,-0.34035478992911461,-0.18592926198984017,-0.057707051515811174,-0.26093181953456807,-0.027332711297564677,0.45187258503199973,-0.3522232557354788,0.12830653605683909,-0.061852032211043254,-0.054171450783583659,0.12508317472779337,-0.17922714530230441,0.38121992903530982,-1.0339137629932063,1.0258172329530821,-0.086067882170518889,0.0024389494512085815,0.19827514515979491,-0.050764988708040464,-0.30238869507035948,0.64657916018999695,1.0232950925576103,-0.057932479987328013,0.05559681231446837,-0.067741350811254528
-0.0012409128248691559,0.024007539749145507,0.76377872326901686,-0.010125454170029503,-0.021207050628691944,-0.71483931488653341,0.69889376165053485,0.015069001719452345,0.14930803058620931,0.093965252689697965,0.37344256735549786,-0.34035478992911461,-0.18592926198984017,-0.057707051515811174,-0.26093181953456807,-0.027332711297564677,0.45187258503199973,-0.3522232557354788,0.12830653605683909,-0.061852032211043254,-0.054171450783583659,0.12508317472779337,-0.17922714530230441,0.38121992903530982,-1.0339137629932063,1.0258172329530821,-0.086067882170518889,0.0024389494512085815,0.19827514515979491,-0.050764988708040464,-0.30238869507035948,0.64657916018999695,1.0232950925576103,-0.057932479987328013,0.05559681231446837,-0.067741350811254528
-0.0012409128248691559,0.024007539749145507,0.76377872326901686,-0.010125454170029503,-0.021207050628691944,-0.71483931488653341,0.69889376165053485,0.015069001719452345,0.14930803058620931,0.093965252689697965,0.37344256735549786,-0.34035478992911461,-0.18592926198984017,-0.057707051515811174,-0.26093181953456807,-0.027332711297564677,0.45187258503199973,-0.3522232557354788,0.12830653605683909,-0.061852032211043254,-0.054171450783583659,0.12508317472779337,-0.17922714530230441,0.38121992903530982,-1.0339137629932063,1.0258172329530821,-0.086067882170518889,0.0024389494512085815,0.19827514515979491,-0.050764988708040464,-0.30238869507035948,0.64657916018999695,1.0232950925576103,-0.057932479987328013,0.05559681231446837,-0.067741350811254528
-0.0012409128248691559,0.024007539749145507,0.76377872326901686,-0.010125454170029503,-0.021207050628691944,-0.71483931488653341,0.69889376165053485,0.015069001719452345,0.14930803058620931,0.093965252689697965,0.37344256735549786,-0.34035478992911461,-0.18592926198984017,-0.057707051515811174,-0.26093181953456807,-0.027332711297564677,0.45187258503199973,-0.3522232557354788,0.12830653605683909,-0.061852032211043254,-0.054171450783583659,0.12508317472779337,-0.17922714530230441,0.38121992903530982,-1.0339137629932063,1.0258172329530821,-0.086067882170518889,0.0024389494512085815,0.19827514515979491,-0.050764988708040464,-0.30238869507035948,0.64657916018999695,1.0232950925576103,-0.057932479987328013,0.05559681231446837,-0.067741350811254528
-0.0012409128248691559,0.024007539749145507,0.76377872326901686,-0.010125454170029503,-0.021207050628691944,-0.71483931488653341,0.69889376165053485,0.015069001719452345,0.14930803058620931,0.093965252689697965,0.37344256735549786,-0.34035478992911461,-0.18592926198984017,-0.057707051515811174,-0.26093181953456807,-0.027332711297564677,0.45187258503199973,-0.3522232557354788,0.12830653605683909,-0.061852032211043254,-0.054171450783583659,0.12508317472779337,-0.17922714530230441,0.38121992903530982,-1.0339137629932063,1.0258172329530821,-0.086067882170518889,0.0024389494512085815,0.19827514515979491,-0.050764988708040464,-0.30238869507035948,0.64657916018999695,1.0232950925576103,-0.057932479987328013,0.05559681231446837,-0.067741350811254528
-0.0012409128248691559,0.024007539749145507,0.76377872326901686,-0.010125454170029503,-0.021207050628691944,-0.71483931488653341,0.69889376165053485,0.015069001719452345,0.14930803058620931,0.093965252689697965,0.37344256735549786,-0.34035478992911461,-0.18592926198984017,-0.057707051515811174,-0.26093181953456807,-0.027332711297564677,0.45187258503199973,-0.3522232557354788,0.12830653605683909,-0.061852032211043254,-0.054171450783583659,0.12508317472779337,-0.17922714530230441,0.38121992903530982,-1.0339137629932063,1.0258172329530821,-0.086067882170518889,0.0024389494512085815,0.19827514515979491,-0.050764988708040464,-0.30238869507035948,0.64657916018999695,1.0232950925576103,-0.057932479987328013,0.05559681231446837,-0.067741350811254528
-0.0012409128248691559,0.024007539749145507,0.76377872326901686,-0.010125454170029503,-0.021207050628691944,-0.71483931488653341,0.69889376165053485,0.015069001719452345,0.14930803058620931,0.093965252689697965,0.37344256735549786,-0.34035478992911461,-0.18592926198984017,-0.057707051515811174,-0.26093181953456807,-0.027332711297564677,0.45187258503199973,-0.3522232557354788,0.12830653605683909,-0.061852032211043254,-0.054171450783583659,0.12508317472779337,-0.17922714530230441,0.38121992903530982,-1.0339137629932063,1.0258172329530821,-0.086067882170518889,0.0024389494512085815,0.19827514515979491,-0.050764988708040464,-0.30238869507035948,0.64657916018999695,1.0232950925576103,-0.057932479987328013,0.05559681231446837,-0.067741350811254528
-0.0012409128248691559,0.024007539749145507,0.76377872326901686,-0.010125454170029503,-0.021207050628691944,-0.71483931488653341,0.69889376165053485,0.015069001719452345,0.14930803058620931,0.093965252689697965,0.37344256735549786,-0.34035478992911461,-0.18592926198984017,-0.057707051515811174,-0.26093181953456807,-0.027332711297564677,0.45187258503199973,-0.3522232557354788,0.12830653605683909,-0.061852032211043254,-0.054171450783583659,0.12508317472779337,-0.17922714530230441,0.38121992903530982,-1.0339137629932063,1.0258172329530821,-0.086067882170518889,0.0024389494512085815,0.19827514515979491,-0.050764988708040464,-0.30238869507035948,0.64657916018999695,1.0232950925576103,-0.057932479987328013,0.05559681231446837,-0.067741350811254528
-0.0012409128248691559,0.024007539749145507,0.76377872326901686,-0.010125454170029503,-0.021207050628691944,-0.71483931488653341,0.69889376165053485,0.015069001719452345,0.14930803058620931,0.093965252689697965,0.37344256735549786,-0.34035478992911461,-0.18592926198984017,-0.057707051515811174,-0.26093181953456807,-0.027332711297564677,0.45187258503199973,-0.3522232557354788,0.12830653605683909,-0.061852032211043254,-0.054171450783583659,0.12508317472779337,-0.17922714530230441,0.38121992903530982,-1.0339137629932063,1.0258172329530821,-0.086067882170518889,0.0024389494512085815,0.19827514515979491,-0.050764988708040464,-0.30238869507035948,0.64657916018999695,1.0232950925576103,-0.057932479987328013,0.05559681231446837,-0.067741350811254528
-0.0012409128248691559,0.024007539749145507,0.76377872326901686,-0.010125454170029503,-0.021207050628691944,-0.71483931488653341,0.69889376165053485,0.015069001719452345,0.14930803058620931,0.093965252689697965,0.37344256735549786,-0.34035478992911461,-0.18592926198984017,-0.057707051515811174,-0.26093181953456807,-0.027332711297564677,0.45187258503199973,-0.3522232557354788,0.12830653605683909,-0.061852032211043254,-0.054171450783583659,0.12508317472779337,-0.17922714530230441,0.38121992903530982,-1.0339137629932063,1.0258172329530821,-0.086067882170518889,0.0024389494512085815,0.19827514515979491,-0.050764988708040464,-0.30238869507035948,0.64657916018999695,1.0232950925576103,-0.057932479987328013,0.05559681231446837,-0.067741350811254528
-0.0012409128248691559,0.024007539749145507,0.76377872326901686,-0.010125454170029503,-0.021207050628691944,-0.71483931488653341,0.69889376165053485,0.015069001719452345,0.14930803058620931,0.093965252689697965,0.37344256735549786,-0.34035478992911461,-0.18592926198984017,-0.057707051515811174,-0.26093181953456807,-0.027332711297564677,0.45187258503199973,-0.3522232557354788,0.12830653605683909,-0.061852032211043254,-0.054171450783583659,0.12508317472779337,-0.17922714530230441,0.38121992903530982,-1.0339137629932063,1.0258172329530821,-0.086067882170518889,0.0024389494512085815,0.19827514515979491,-0.050764988708040464,-0.30238869507035948,0.64657916018999695,1.0232950925576103,-0.057932479987328013,0.05559681231446837,-0.067741350811254528
-0.0012409128248691559,0.024007539749145507,0.76377872326901686,-0.010125454170029503,-0.021207050628691944,-0.71483931488653341,0.69889376165053485,0.015069001719452345,0.14930803058620931,0.093965252689697965,0.37344256735549786,-0.34035478992911461,-0.18592926198984017,-0.057707051515811174,-0.26093181953456807,-0.027332711297564677,0.45187258503199973,-0.3522232557354788,0.12830653605683909,-0.061852032211043254,-0.054171450783583659,0.12508317472779337,-0.17922714530230441,0.38121992903530982,-1.0339137629932063,1.0258172329530821,-0.086067882170518889,0.0024389494512085815,0.19827514515979491,-0.050764988708040464,-0.30238869507035948,0.64657916018999695,1.0232950925576103,-0.057932479987328013,0.05559681231446837,-0.067741350811254528
-0.0012409128248691559,0.024007539749145507,0.76377872326901686,-0.010125454170029503,-0.021207050628691944,-0.71483931488653341,0.69889376165053485,0.015069001719452345,0.14930803058620931,0.093965252689697965,0.37344256735549786,-0.34035478992911461,-0.18592926198984017,-0.057707051515811174,-0.26093181953456807,-0.027332711297564677,0.45187258503199973,-0.3522232557354788,0.12830653605683909,-0.061852032211043254,-0.054171450783583659,0.12508317472779337,-0.17922714530230441,0.38121992903530982,-1.0339137629932063,1.0258172329530821,-0.086067882170518889,0.0024389494512085815,0.19827514515979491,-0.050764988708040464,-0.30238869507035948,0.64657916018999695,1.0232950925576103,-0.057932479987328013,0.05559681231446837,-0.067741350811254528
-0.0012409128248691559,0.024007539749145507,0.76377872326901686,-0.010125454170029503,-0.021207050628691944,-0.71483931488653341,0.69889376165053485,0.015069001719452345,0.14930803058620931,0.093965252689697965,0.37344256735549786,-0.34035478992911461,-0.18592926198984017,-0.057707051515811174,-0.26093181953456807,-0.027332711297564677,0.45187258503199973,-0.3522232557354788,0.12830653605683909,-0.061852032211043254,-0.054171450783583659,0.12508317472779337,-0.17922714530230441,0.38121992903530982,-1.0339137629932063,1.0258172329530821,-0.086067882170518889,0.0024389494512085815,0.19827514515979491,-0.050764988708040464,-0.30238869507035948,0.64657916018999695,1.0232950925576103,-0.057932479987328013,0.05559681231446837,-0.067741350811254528
-0.0012409128248691559,0.024007539749145507,0.76377872326901686,-0.010125454170029503,-0.021207050628691944,-0.71483931488653341,0.69889376165053485,0.015069001719452345,0.14930803058620931,0.093965252689697965,0.37344256735549786,-0.34035478992911461,-0.18592926198984017,-0.057707051515811174,-0.26093181953456807,-0.027332711297564677,0.45187258503199973,-0.3522232557354788,0.12830653605683909,-0.061852032211043254,-0.054171450783583659,0.12508317472779337,-0.17922714530230441,0.38121992903530982,-1.0339137629932063,1.0258172329530821,-0.086067882170518889,0.0024389494512085815,0.19827514515979491,-0.050764988708040464,-0.30238869507035948,0.64657916018999695,1.0232950925576103,-0.057932479987328013,0.05559681231446837,-0.067741350811254528
-0.0012409128248691559,0.024007539749145507,0.76377872326901686,-0.010125454170029503,-0.021207050628691944,-0.71483931488653341,0.69889376165053485,0.015069001719452345,0.14930803058620931,0.093965252689697965,0.37344256735549786,-0.34035478992911461,-0.18592926198984017,-0.057707051515811174,-0.26093181953456807,-0.027332711297564677,0.45187258503199973,-0.3522232557354788,0.12830653605683909,-0.061852032211043254,-0.054171450783583659,0.12508317472779337,-0.17922714530230441,0.38121992903530982,-1.0339137629932063,1.0258172329530821,-0.086067882170518889,0.0024389494512085815,0.19827514515979491,-0.050764988708040464,-0.30238869507035948,0.64657916018999695,1.0232950925576103,-0.057932479987328013,0.05559681231446837,-0.067741350811254528
-0.0012409128248691559,0.024007539749145507,0.76377872326901686,-0.010125454170029503,-0.021207050628691944,-0.71483931488653341,0.69889376165053485,0.015069001719452345,0.14930803058620931,0.093965252689697965,0.37344256735549786,-0.34035478992911461,-0.18592926198984017,-0.057707051515811174,-0.26093181953456807,-0.027332711297564677,0.45187258503199973,-0.3522232557354788,0.12830653605683909,-0.061852032211043254,-0.054171450783583659,0.12508317472779337,-0.17922714530230441,0.38121992903530982,-1.0339137629932063,1.0258172329530821,-0.086067882170518889,0.0024389494512085815,0.19827514515979491,-0.050764988708040464,-0.30238869507035948,0.64657916018999695,1.0232950925576103,-0.057932479987328013,0.05559681231446837,-0.067741350811254528
-0.0012409128248691559,0.024007539749145507,0.76377872326901686,-0.010125454170029503,-0.021207050628691944,-0.71483931488653341,0.69889376165053485,0.015069001719452345,0.14930803058620931,0.093965252689697965,0.37344256735549786,-0.34035478992911461,-0.18592926198984017,-0.057707051515811174,-0.26093181953456807,-0.027332711297564677,0.45187258503199973,-0.3522232557354788,0.12830653605683909,-0.061852032211043254,-0.054171450783583659,0.12508317472779337,-0.17922714530230441,0.38121992903530982,-1.0339137629932063,1.0258172329530821,-0.086067882170518889,0.0024389494512085815,0.19827514515979491,-0.050764988708040464,-0.30238869507035948,0.64657916018999695,1.0232950925576103,-0.057932479987328013,0.05559681231446837,-0.067741350811254528
-0.0012409128248691559,0.024007539749145507,0.76377872326901686,-0.010125454170029503,-0.021207050628691944,-0.71483931488653341,0.69889376165053485,0.015069001719452345,0.14930803058620931,0.093965252689697965,0.37344256735549786,-0.34035478992911461,-0.18592926198984017,-0.057707051515811174,-0.26093181953456807,-0.027332711297564677,0.45187258503199973,-0.3522232557354788,0.12830653605683909,-0.061852032211043254,-0.054171450783583659,0.12508317472779337,-0.17922714530230441,0.38121992903530982,-1.0339137629932063,1.0258172329530821,-0.086067882170518889,0.0024389494512085815,0.19827514515979491,-0.050764988708040464,-0.30238869507035948,0.64657916018999695,1.0232950925576103,-0.057932479987328013,0.05559681231446837,-0.067741350811254528
-0.0012409128248691559,0.024007539749145507,0.76377872326901686,-0.010125454170029503,-0.021207050628691944,-0.71483931488653341,0.69889376165053485,0.015069001719452345,0.14930803058620931,0.093965252689697965,0.37344256735549786,-0.34035478992911461,-0.18592926198984017,-0.057707051515811174,-0.26093181953456807,-0.027332711297564677,0.45187258503199973,-0.3522232557354788,0.12830653605683909,-0.061852032211043254,-0.054171450783583659,0.12508317472779337,-0.17922714530230441,0.38121992903530982,-1.0339137629932063,1.0258172329530821,-0.086067882170518889,0.0024389494512085815,0.19827514515979491,-0.050764988708040464,-0.30238869507035948,0.64657916018999695,1.0232950925576103,-0.057932479987328013,0.05559681231446837,-0.067741350811254528
-0.0012409128248691559,0.024007539749145507,0.76377872326901686,-0.010125454170029503,-0.021207050628691944,-0.71483931488653341,0.69889376165053485,0.015069001719452345,0.14930803058620931,0.093965252689697965,0.37344256735549786,-0.34035478992911461,-0.18592926198984017,-0.057707051515811174,-0.26093181953456807,-0.027332711297564677,0.45187258503199973,-0.3522232557354788,0.12830653605683909,-0.061852032211043254,-0.054171450783583659,0.12508317472779337,-0.17922714530230441,0.38121992903530982,-1.0339137629932063,1.0258172329530821,-0.086067882170518889,0.0024389494512085815,0.19827514515979491,-0.050764988708040464,-0.30238869507035948,0.64657916018999695,1.0232950925576103,-0.057932479987328013,0.05559681231446837,-0.067741350811254528
-0.0012409128248691559,0.024007539749145507,0.76377872326901686,-0.010125454170029503,-0.021207050628691944,-0.71483931488653341,0.69889376165053485,0.015069001719452345,0.14930803058620931,0.093965252689697965,0.37344256735549786,-0.34035478992911461,-0.18592926198984017,-0.057707051515811174,-0.26093181953456807,-0.027332711297564677,0.45187258503199973,-0.3522232557354788,0.12830653605683909,-0.061852032211043254,-0.054171450783583659,0.12508317472779337,-0.17922714530230441,0.38121992903530982,-1.0339137629932063,1.0258172329530821,-0.086067882170518889,0.0024389494512085815,0.19827514515979491,-0.050764988708040464,-0.30238869507035948,0.64657916018999695,1.0232950925576103,-0.057932479987328013,0.05559681231446837,-0.067741350811254528
-0.0012409128248691559,0.024007539749145507,0.76377872326901686,-0.010125454170029503,-0.021207050628691944,-0.71483931488653341,0.69889376165053485,0.015069001719452345,0.14930803058620931,0.093965252689697965,0.37344256735549786,-0.34035478992911461,-0.18592926198984017,-0.057707051515811174,-0.26093181953456807,-0.027332711297564677,0.45187258503199973,-0.3522232557354788,0.12830653605683909,-0.061852032211043254,-0.054171450783583659,0.12508317472779337,-0.17922714530230441,0.38121992903530982,-1.0339137629932063,1.0258172329530821,-0.086067882170518889,0.0024389494512085815,0.19827514515979491,-0.050764988708040464,-0.30238869507035948,0.64657916018999695,1.0232950925576103,-0.057932479987328013,0.05559681231446837,-0.067741350811254528
-0.0012409128248691559,0.024007539749145507,0.76377872326901686,-0.010125454170029503,-0.021207050628691944,-0.71483931488653341,0.69889376165053485,0.015069001719452345,0.14930803058620931,0.093965252689697965,0.37344256735549786,-0.34035478992911461,-0.18592926198984017,-0.057707051515811174,-0.26093181953456807,-0.027332711297564677,0.45187258503199973,-0.3522232557354788,0.12830653605683909,-0.061852032211043254,-0.054171450783583659,0.12508317472779337,-0.17922714530230441,0.38121992903530982,-1.0339137629932063,1.0258172329530821,-0.086067882170518889,0.0024389494512085815,0.19827514515979491,-0.050764988708040464,-0.30238869507035948,0.64657916018999695,1.0232950925576103,-0.057932479987328013,0.05559681231446837,-0.067741350811254528
-0.0012409128248691559,0.024007539749145507,0.76377872326901686,-0.010125454170029503,-0.021207050628691944,-0.71483931488653341,0.69889376165053485,0.015069001719452345,0.14930803058620931,0.093965252689697965,0.37344256735549786,-0.34035478992911461,-0.18592926198984017,-0.057707051515811174,-0.26093181953456807,-0.027332711297564677,0.45187258503199973,-0.3522232557354788,0.12830653605683909,-0.061852032211043254,-0.054171450783583659,0.12508317472779337,-0.17922714530230441,0.38121992903530982,-1.0339137629932063,1.0258172329530821,-0.086067882170518889,0.0024389494512085815,0.19827514515979491,-0.050764988708040464,-0.30238869507035948,0.64657916018999695,1.0232950925576103,-0.057932479987328013,0.05559681231446837,-0.067741350811254528
-0.0012409128248691559,0.024007539749145507,0.76377872326901686,-0.010125454170029503,-0.021207050628691944,-0.71483931488653341,0.69889376165053485,0.015069001719452345,0.14930803058620931,0.093965252689697965,0.37344256735549786,-0.34035478992911461,-0.18592926198984017,-0.057707051515811174,-0.26093181953456807,-0.027332711297564677,0.45187258503199973,-0.3522232557354788,0.12830653605683909,-0.061852032211043254,-0.054171450783583659,0.12508317472779337,-0.17922714530230441,0.38121992903530982,-1.0339137629932063,1.0258172329530821,-0.086067882170518889,0.0024389494512085815,0.19827514515979491,-0.050764988708040464,-0.30238869507035948,0.64657916018999695,1.0232950925576103,-0.057932479987328013,0.05559681231446837,-0.067741350811254528
-0.0012409128248691559,0.024007539749145507,0.76377872326901686,-0.010125454170029503,-0.021207050628691944,-0.71483931488653341,0.69889376165053485,0.015069001719452345,0.14930803058620931,0.093965252689697965,0.37344256735549786,-0.34035478992911461,-0.18592926198984017,-0.057707051515811174,-0.26093181953456807,-0.027332711297564677,0.45187258503199973,-0.3522232557354788,0.12830653605683909,-0.061852032211043254,-0.054171450783583659,0.12508317472779337,-0.17922714530230441,0.38121992903530982,-1.0339137629932063,1.0258172329530821,-0.086067882170518889,0.0024389494512085815,0.19827514515979491,-0.050764988708040464,-0.30238869507035948,0.64657916018999695,1.0232950925576103,-0.057932479987328013,0.05559681231446837,-0.067741350811254528
-0.0012409128248691559,0.024007539749145507,0.76377872326901686,-0.010125454170029503,-0.021207050628691944,-0.71483931488653341,0.69889376165053485,0.015069001719452345,0.14930803058620931,0.093965252689697965,0.37344256735549786,-0.34035478992911461,-0.18592926198984017,-0.057707051515811174,-0.26093181953456807,-0.027332711297564677,0.45187258503199973,-0.3522232557354788,0.12830653605683909,-0.061852032211043254,-0.054171450783583659,0.12508317472779337,-0.17922714530230441,0.38121992903530982,-1.0339137629932063,1.0258172329530821,-0.086067882170518889,0.0024389494512085815,0.19827514515979491,-0.050764988708040464,-0.30238869507035948,0.64657916018999695,1.0232950925576103,-0.057932479987328013,0.05559681231446837,-0.067741350811254528
-0.0012409128248691559,0.024007539749145507,0.76377872326901686,-0.010125454170029503,-0.021207050628691944,-0.71483931488653341,0.69889376165053485,0.015069001719452345,0.14930803058620931,0.093965252689697965,0.37344256735549786,-0.34035478992911461,-0.18592926198984017,-0.057707051515811174,-0.26093181953456807,-0.027332711297564677,0.45187258503199973,-0.3522232557354788,0.12830653605683909,-0.061852032211043254,-0.054171450783583659,0.12508317472779337,-0.17922714530230441,0.38121992903530982,-1.0339137629932063,1.0258172329530821,-0.086067882170518889,0.0024389494512085815,0.19827514515979491,-0.050764988708040464,-0.30238869507035948,0.64657916018999695,1.0232950925576103,-0.057932479987328013,0.05559681231446837,-0.067741350811254528
-0.0012409128248691559,0.024007539749145507,0.76377872326901686,-0.010125454170029503,-0.021207050628691944,-0.71483931488653341,0.69889376165053485,0.015069001719452345,0.14930803058620931,0.093965252689697965,0.37344256735549786,-0.34035478992911461,-0.18592926198984017,-0.057707051515811174,-0.26093181953456807,-0.027332711297564677,0.45187258503199973,-0.3522232557354788,0.12830653605683909,-0.061852032211043254,-0.054171450783583659,0.12508317472779337,-0.17922714530230441,0.38121992903530982,-1.0339137629932063,1.0258172329530821,-0.086067882170518889,0.0024389494512085815,0.19827514515979491,-0.050764988708040464,-0.30238869507035948,0.64657916018999695,1.0232950925576103,-0.057932479987328013,0.05559681231446837,-0.067741350811254528
-0.0012409128248691559,0.024007539749145507,0.76377872326901686,-0.010125454170029503,-0.021207050628691944,-0.71483931488653341,0.69889376165053485,0.015069001719452345,0.14930803058620931,0.093965252689697965,0.37344256735549786,-0.34035478992911461,-0.18592926198984017,-0.057707051515811174,-0.26093181953456807,-0.027332711297564677,0.45187258503199973,-0.3522232557354788,0.12830653605683909,-0.061852032211043254,-0.054171450783583659,0.12508317472779337,-0.17922714530230441,0.38121992903530982,-1.0339137629932063,1.0258172329530821,-0.086067882170518889,0.0024389494512085815,0.19827514515979491,-0.050764988708040464,-0.30238869507035948,0.64657916018999695,1.0232950925576103,-0.057932479987328013,0.05559681231446837,-0.067741350811254528
-0.0012409128248691559,0.024007539749145507,0.76377872326901686,-0.010125454170029503,-0.021207050628691944,-0.71483931488653341,0.69889376165053485,0.015069001719452345,0.14930803058620931,0.093965252689697965,0.37344256735549786,-0.34035478992911461,-0.18592926198984017,-0.057707051515811174,-0.26093181953456807,-0.027332711297564677,0.45187258503199973,-0.3522232557354788,0.12830653605683909,-0.061852032211043254,-0.054171450783583659,0.12508317472779337,-0.17922714530230441,0.38121992903530982,-1.0339137629932063,1.0258172329530821,-0.086067882170518889,0.0024389494512085815,0.19827514515979491,-0.050764988708040464,-0.30238869507035948,0.64657916018999695,1.0232950925576103,-0.057932479987328013,0.05559681231446837,-0.067741350811254528
-0.0012409128248691559,0.024007539749145507,0.76377872326901686,-0.010125454170029503,-0.021207050628691944,-0.71483931488653341,0.69889376165053485,0.015069001719452345,0.14930803058620931,0.093965252689697965,0.37344256735549786,-0.34035478992911461,-0.18592926198984017,-0.057707051515811174,-0.26093181953456807,-0.027332711297564677,0.45187258503199973,-0.3522232557354788,0.12830653605683909,-0.061852032211043254,-0.054171450783583659,0.12508317472779337,-0.17922714530230441,0.38121992903530982,-1.0339137629932063,1.0258172329530821,-0.086067882170518889,0.0024389494512085815,0.19827514515979491,-0.050764988708040464,-0.30238869507035948,0.64657916018999695,1.0232950925576103,-0.057932479987328013,0.05559681231446837,-0.067741350811254528
-0.0012409128248691559,0.024007539749145507,0.76377872326901686,-0.010125454170029503,-0.021207050628691944,-0.71483931488653341,0.69889376165053485,0.015069001719452345,0.14930803058620931,0.093965252689697965,0.37344256735549786,-0.34035478992911461,-0.18592926198984017,-0.057707051515811174,-0.26093181953456807,-0.027332711297564677,0.45187258503199973,-0.3522232557354788,0.12830653605683909,-0.061852032211043254,-0.054171450783583659,0.12508317472779337,-0.17922714530230441,0.38121992903530982,-1.0339137629932063,1.0258172329530821,-0.086067882170518889,0.0024389494512085815,0.19827514515979491,-0.050764988708040464,-0.30238869507035948,0.64657916018999695,1.0232950925576103,-0.057932479987328013,0.05559681231446837,-0.067741350811254528
-0.0012409128248691559,0.024007539749145507,0.76377872326901686,-0.010125454170029503,-0.021207050628691944,-0.71483931488653341,0.69889376165053485,0.015069001719452345,0.14930803058620931,0.093965252689697965,0.37344256735549786,-0.34035478992911461,-0.18592926198984017,-0.057707051515811174,-0.26093181953456807,-0.027332711297564677,0.45187258503199973,-0.3522232557354788,0.12830653605683909,-0.061852032211043254,-0.054171450783583659,0.12508317472779337,-0.17922714530230441,0.38121992903530982,-1.0339137629932063,1.0258172329530821,-0.086067882170518889,0.0024389494512085815,0.19827514515979491,-0.050764988708040464,-0.30238869507035948,0.64657916018999695,1.0232950925576103,-0.057932479987328013,0.05559681231446837,-0.067741350811254528
-0.0012409128248691559,0.024007539749145507,0.76377872326901686,-0.010125454170029503,-0.021207050628691944,-0.71483931488653341,0.69889376165053485,0.015069001719452345,0.14930803058620931,0.093965252689697965,0.37344256735549786,-0.34035478992911461,-0.18592926198984017,-0.057707051515811174,-0.26093181953456807,-0.027332711297564677,0.45187258503199973,-0.3522232557354788,0.12830653605683909,-0.061852032211043254,-0.054171450783583659,0.12508317472779337,-0.17922714530230441,0.38121992903530982,-1.0339137629932063,1.0258172329530821,-0.086067882170518889,0.0024389494512085815,0.19827514515979491,-0.050764988708040464,-0.30238869507035948,0.64657916018999695,1.0232950925576103,-0.057932479987328013,0.05559681231446837,-0.067741350811254528
-0.0012409128248691559,0.024007539749145507,0.76377872326901686,-0.010125454170029503,-0.021207050628691944,-0.71483931488653341,0.69889376165053485,0.015069001719452345,0.14930803058620931,0.093965252689697965,0.37344256735549786,-0.34035478992911461,-0.18592926198984017,-0.057707051515811174,-0.26093181953456807,-0.027332711297564677,0.45187258503199973,-0.3522232557354788,0.12830653605683909,-0.061852032211043254,-0.054171450783583659,0.12508317472779337,-0.17922714530230441,0.38121992903530982,-1.0339137629932063,1.0258172329530821,-0.086067882170518889,0.0024389494512085815,0.19827514515979491,-0.050764988708040464,-0.30238869507035948,0.64657916018999695,1.0232950925576103,-0.057932479987328013,0.05559681231446837,-0.067741350811254528
-0.0012409128248691559,0.024007539749145507,0.76377872326901686,-0.010125454170029503,-0.021207050628691944,-0.71483931488653341,0.69889376165053485,0.015069001719452345,0.14930803058620931,0.093965252689697965,0.37344256735549786,-0.34035478992911461,-0.18592926198984017,-0.057707051515811174,-0.26093181953456807,-0.027332711297564677,0.45187258503199973,-0.3522232557354788,0.12830653605683909,-0.061852032211043254,-0.054171450783583659,0.12508317472779337,-0.17922714530230441,0.38121992903530982,-1.0339137629932063,1.0258172329530821,-0.086067882170518889,0.0024389494512085815,0.19827514515979491,-0.050764988708040464,-0.30238869507035948,0.64657916018999695,1.0232950925576103,-0.057932479987328013,0.05559681231446837,-0.067741350811254528
-0.0012409128248691559,0.024007539749145507,0.76377872326901686,-0.010125454170029503,-0.021207050628691944,-0.71483931488653341,0.69889376165053485,0.015069001719452345,0.14930803058620931,0.093965252689697965,0.37344256735549786,-0.34035478992911461,-0.18592926198984017,-0.057707051515811174,-0.26093181953456807,-0.027332711297564677,0.45187258503199973,-0.3522232557354788,0.12830653605683909,-0.061852032211043254,-0.054171450783583659,0.12508317472779337,-0.17922714530230441,0.38121992903530982,-1.0339137629932063,1.0258172329530821,-0.086067882170518889,0.0024389494512085815,0.19827514515979491,-0.050764988708040464,-0.30238869507035948,0.64657916018999695,1.0232950925576103,-0.057932479987328013,0.05559681231446837,-0.067741350811254528
-0.0012409128248691559,0.024007539749145507,0.76377872326901686,-0.010125454170029503,-0.021207050628691944,-0.71483931488653341,0.69889376165053485,0.015069001719452345,0.14930803058620931,0.093965252689697965,0.37344256735549786,-0.34035478992911461,-0.18592926198984017,-0.057707051515811174,-0.26093181953456807,-0.027332711297564677,0.45187258503199973,-0.3522232557354788,0.12830653605683909,-0.061852032211043254,-0.054171450783583659,0.12508317472779337,-0.17922714530230441,0.38121992903530982,-1.0339137629932063,1.0258172329530821,-0.086067882170518889,0.0024389494512085815,0.19827514515979491,-0.050764988708040464,-0.30238869507035948,0.64657916018999695,1.0232950925576103,-0.057932479987328013,0.05559681231446837,-0.067741350811254528
-0.0012409128248691559,0.024007539749145507,0.76377872326901686,-0.010125454170029503,-0.021207050628691944,-0.71483931488653341,0.69889376165053485,0.015069001719452345,0.14930803058620931,0.093965252689697965,0.37344256735549786,-0.34035478992911461,-0.18592926198984017,-0.057707051515811174,-0.26093181953456807,-0.027332711297564677,0.45187258503199973,-0.3522232557354788,0.12830653605683909,-0.061852032211043254,-0.054171450783583659,0.12508317472779337,-0.17922714530230441,0.38121992903530982,-1.0339137629932063,1.0258172329530821,-0.086067882170518889,0.0024389494512085815,0.19827514515979491,-0.050764988708040464,-0.30238869507035948,0.64657916018999695,1.0232950925576103,-0.057932479987328013,0.05559681231446837,-0.067741350811254528
-0.0012409128248691559,0.024007539749145507,0.76377872326901686,-0.010125454170029503,-0.021207050628691944,-0.71483931488653341,0.69889376165053485,0.015069001719452345,0.14930803058620931,0.093965252689697965,0.37344256735549786,-0.34035478992911461,-0.18592926198984017,-0.057707051515811174,-0.26093181953456807,-0.027332711297564677,0.45187258503199973,-0.3522232557354788,0.12830653605683909,-0.061852032211043254,-0.054171450783583659,0.12508317472779337,-0.17922714530230441,0.38121992903530982,-1.0339137629932063,1.0258172329530821,-0.086067882170518889,0.0024389494512085815,0.19827514515979491,-0.050764988708040464,-0.30238869507035948,0.64657916018999695,1.0232950925576103,-0.057932479987328013,0.05559681231446837,-0.067741350811254528
-0.0012409128248691559,0.024007539749145507,0.76377872326901686,-0.010125454170029503,-0.021207050628691944,-0.71483931488653341,0.69889376165053485,0.015069001719452345,0.14930803058620931,0.093965252689697965,0.37344256735549786,-0.34035478992911461,-0.18592926198984017,-0.057707051515811174,-0.26093181953456807,-0.027332711297564677,0.45187258503199973,-0.3522232557354788,0.12830653605683909,-0.061852032211043254,-0.054171450783583659,0.12508317472779337,-0.17922714530230441,0.38121992903530982,-1.0339137629932063,1.0258172329530821,-0.086067882170518889,0.0024389494512085815,0.19827514515979491,-0.050764988708040464,-0.30238869507035948,0.64657916018999695,1.0232950925576103,-0.057932479987328013,0.05559681231446837,-0.067741350811254528
-0.0012409128248691559,0.024007539749145507,0.76377872326901686,-0.010125454170029503,-0.021207050628691944,-0.71483931488653341,0.69889376165053485,0.015069001719452345,0.14930803058620931,0.093965252689697965,0.37344256735549786,-0.34035478992911461,-0.18592926198984017,-0.057707051515811174,-0.26093181953456807,-0.027332711297564677,0.45187258503199973,-0.3522232557354788,0.12830653605683909,-0.061852032211043254,-0.054171450783583659,0.12508317472779337,-0.17922714530230441,0.38121992903530982,-1.0339137629932063,1.0258172329530821,-0.086067882170518889,0.0024389494512085815,0.19827514515979491,-0.050764988708040464,-0.30238869507035948,0.64657916018999695,1.0232950925576103,-0.057932479987328013,0.05559681231446837,-0.067741350811254528
-0.0012409128248691559,0.024007539749145507,0.76377872326901686,-0.010125454170029503,-0.021207050628691944,-0.71483931488653341,0.69889376165053485,0.015069001719452345,0.14930803058620931,0.093965252689697965,0.37344256735549786,-0.34035478992911461,-0.18592926198984017,-0.057707051515811174,-0.26093181953456807,-0.027332711297564677,0.45187258503199973,-0.3522232557354788,0.12830653605683909,-0.061852032211043254,-0.054171450783583659,0.12508317472779337,-0.17922714530230441,0.38121992903530982,-1.0339137629932063,1.0258172329530821,-0.086067882170518889,0.0024389494512085815,0.19827514515979491,-0.050764988708040464,-0.30238869507035948,0.64657916018999695,1.0232950925576103,-0.057932479987328013,0.05559681231446837,-0.067741350811254528
-0.0012409128248691559,0.024007539749145507,0.76377872326901686,-0.010125454170029503,-0.021207050628691944,-0.71483931488653341,0.69889376165053485,0.015069001719452345,0.14930803058620931,0.093965252689697965,0.37344256735549786,-0.34035478992911461,-0.18592926198984017,-0.057707051515811174,-0.26093181953456807,-0.027332711297564677,0.45187258503199973,-0.3522232557354788,0.12830653605683909,-0.061852032211043254,-0.054171450783583659,0.12508317472779337,-0.17922714530230441,0.38121992903530982,-1.0339137629932063,1.0258172329530821,-0.086067882170518889,0.0024389494512085815,0.19827514515979491,-0.050764988708040464,-0.30238869507035948,0.64657916018999695,1.0232950925576103,-0.057932479987328013,0.05559681231446837,-0.067741350811254528
-0.0012409128248691559,0.024007539749145507,0.76377872326901686,-0.010125454170029503,-0.021207050628691944,-0.71483931488653341,0.69889376165053485,0.015069001719452345,0.14930803058620931,0.093965252689697965,0.37344256735549786,-0.34035478992911461,-0.18592926198984017,-0.057707051515811174,-0.26093181953456807,-0.027332711297564677,0.45187258503199973,-0.3522232557354788,0.12830653605683909,-0.061852032211043254,-0.054171450783583659,0.12508317472779337,-0.17922714530230441,0.38121992903530982,-1.0339137629932063,1.0258172329530821,-0.086067882170518889,0.0024389494512085815,0.19827514515979491,-0.050764988708040464,-0.30238869507035948,0.64657916018999695,1.0232950925576103,-0.057932479987328013,0.05559681231446837,-0.067741350811254528
-0.0012409128248691559,0.024007539749145507,0.76377872326901686,-0.010125454170029503,-0.021207050628691944,-0.71483931488653341,0.69889376165053485,0.015069001719452345,0.14930803058620931,0.093965252689697965,0.37344256735549786,-0.34035478992911461,-0.18592926198984017,-0.057707051515811174,-0.26093181953456807,-0.027332711297564677,0.45187258503199973,-0.3522232557354788,0.12830653605683909,-0.061852032211043254,-0.054171450783583659,0.12508317472779337,-0.17922714530230441,0.38121992903530982,-1.0339137629932063,1.0258172329530821,-0.086067882170518889,0.0024389494512085815,0.19827514515979491,-0.050764988708040464,-0.30238869507035948,0.64657916018999695,1.0232950925576103,-0.057932479987328013,0.05559681231446837,-0.067741350811254528
-0.0012409128248691559,0.024007539749145507,0.76377872326901686,-0.010125454170029503,-0.021207050628691944,-0.71483931488653341,0.69889376165053485,0.015069001719452345,0.14930803058620931,0.093965252689697965,0.37344256735549786,-0.34035478992911461,-0.18592926198984017,-0.057707051515811174,-0.26093181953456807,-0.027332711297564677,0.45187258503199973,-0.3522232557354788,0.12830653605683909,-0.061852032211043254,-0.054171450783583659,0.12508317472779337,-0.17922714530230441,0.38121992903530982,-1.0339137629932063,1.0258172329530821,-0.086067882170518889,0.0024389494512085815,0.19827514515979491,-0.050764988708040464,-0.30238869507035948,0.64657916018999695,1.0232950925576103,-0.057932479987328013,0.05559681231446837,-0.067741350811254528
-0.0012409128248691559,0.024007539749145507,0.76377872326901686,-0.010125454170029503,-0.021207050628691944,-0.71483931488653341,0.69889376165053485,0.015069001719452345,0.14930803058620931,0.093965252689697965,0.37344256735549786,-0.34035478992911461,-0.18592926198984017,-0.057707051515811174,-0.26093181953456807,-0.027332711297564677,0.45187258503199973,-0.3522232557354788,0.12830653605683909,-0.061852032211043254,-0.054171450783583659,0.12508317472779337,-0.17922714530230441,0.38121992903530982,-1.0339137629932063,1.0258172329530821,-0.086067882170518889,0.0024389494512085815,0.19827514515979491,-0.050764988708040464,-0.30238869507035948,0.64657916018999695,1.0232950925576103,-0.057932479987328013,0.05559681231446837,-0.067741350811254528
-0.0012409128248691559,0.024007539749145507,0.76377872326901686,-0.010125454170029503,-0.021207050628691944,-0.71483931488653341,0.69889376165053485,0.015069001719452345,0.14930803058620931,0.093965252689697965,0.37344256735549786,-0.34035478992911461,-0.18592926198984017,-0.057707051515811174,-0.26093181953456807,-0.027332711297564677,0.45187258503199973,-0.3522232557354788,0.12830653605683909,-0.061852032211043254,-0.054171450783583659,0.12508317472779337,-0.17922714530230441,0.38121992903530982,-1.0339137629932063,1.0258172329530821,-0.086067882170518889,0.0024389494512085815,0.19827514515979491,-0.050764988708040464,-0.30238869507035948,0.64657916018999695,1.0232950925576103,-0.057932479987328013,0.05559681231446837,-0.067741350811254528
-0.0012409128248691559,0.024007539749145507,0.76377872326901686,-0.010125454170029503,-0.021207050628691944,-0.71483931488653341,0.69889376165053485,0.015069001719452345,0.14930803058620931,0.093965252689697965,0.37344256735549786,-0.34035478992911461,-0.18592926198984017,-0.057707051515811174,-0.26093181953456807,-0.027332711297564677,0.45187258503199973,-0.3522232557354788,0.12830653605683909,-0.061852032211043254,-0.054171450783583659,0.12508317472779337,-0.17922714530230441,0.38121992903530982,-1.0339137629932063,1.0258172329530821,-0.086067882170518889,0.0024389494512085815,0.19827514515979491,-0.050764988708040464,-0.30238869507035948,0.64657916018999695,1.0232950925576103,-0.057932479987328013,0.05559681231446837,-0.067741350811254528
-0.0012409128248691559,0.024007539749145507,0.76377872326901686,-0.010125454170029503,-0.021207050628691944,-0.71483931488653341,0.69889376165053485,0.015069001719452345,0.14930803058620931,0.093965252689697965,0.37344256735549786,-0.34035478992911461,-0.18592926198984017,-0.057707051515811174,-0.26093181953456807,-0.027332711297564677,0.45187258503199973,-0.3522232557354788,0.12830653605683909,-0.061852032211043254,-0.054171450783583659,0.12508317472779337,-0.17922714530230441,0.38121992903530982,-1.0339137629932063,1.0258172329530821,-0.086067882170518889,0.0024389494512085815,0.19827514515979491,-0.050764988708040464,-0.30238869507035948,0.64657916018999695,1.0232950925576103,-0.057932479987328013,0.05559681231446837,-0.067741350811254528
-0.0012409128248691559,0.024007539749145507,0.76377872326901686,-0.010125454170029503,-0.021207050628691944,-0.71483931488653341,0.69889376165053485,0.015069001719452345,0.14930803058620931,0.093965252689697965,0.37344256735549786,-0.34035478992911461,-0.18592926198984017,-0.057707051515811174,-0.26093181953456807,-0.027332711297564677,0.45187258503199973,-0.3522232557354788,0.12830653605683909,-0.061852032211043254,-0.054171450783583659,0.12508317472779337,-0.17922714530230441,0.38121992903530982,-1.0339137629932063,1.0258172329530821,-0.086067882170518889,0.0024389494512085815,0.19827514515979491,-0.050764988708040464,-0.30238869507035948,0.64657916018999695,1.0232950925576103,-0.057932479987328013,0.05559681231446837,-0.067741350811254528
-0.0012409128248691559,0.024007539749145507,0.76377872326901686,-0.010125454170029503,-0.021207050628691944,-0.71483931488653341,0.69889376165053485,0.015069001719452345,0.14930803058620931,0.093965252689697965,0.37344256735549786,-0.34035478992911461,-0.18592926198984017,-0.057707051515811174,-0.26093181953456807,-0.027332711297564677,0.45187258503199973,-0.3522232557354788,0.12830653605683909,-0.061852032211043254,-0.054171450783583659,0.12508317472779337,-0.17922714530230441,0.38121992903530982,-1.0339137629932063,1.0258172329530821,-0.086067882170518889,0.0024389494512085815,0.19827514515979491,-0.050764988708040464,-0.30238869507035948,0.64657916018999695,1.0232950925576103,-0.057932479987328013,0.05559681231446837,-0.067741350811254528
-0.0012409128248691559,0.024007539749145507,0.76377872326901686,-0.010125454170029503,-0.021207050628691944,-0.71483931488653341,0.69889376165053485,0.015069001719452345,0.14930803058620931,0.093965252689697965,0.37344256735549786,-0.34035478992911461,-0.18592926198984017,-0.057707051515811174,-0.26093181953456807,-0.027332711297564677,0.45187258503199973,-0.3522232557354788,0.12830653605683909,-0.061852032211043254,-0.054171450783583659,0.12508317472779337,-0.17922714530230441,0.38121992903530982,-1.0339137629932063,1.0258172329530821,-0.086067882170518889,0.0024389494512085815,0.19827514515979491,-0.050764988708040464,-0.30238869507035948,0.64657916018999695,1.0232950925576103,-0.057932479987328013,0.05559681231446837,-0.067741350811254528
-0.0012409128248691559,0.024007539749145507,0.76377872326901686,-0.010125454170029503,-0.021207050628691944,-0.71483931488653341,0.69889376165053485,0.015069001719452345,0.14930803058620931,0.093965252689697965,0.37344256735549786,-0.34035478992911461,-0.18592926198984017,-0.057707051515811174,-0.26093181953456807,-0.027332711297564677,0.45187258503199973,-0.3522232557354788,0.12830653605683909,-0.061852032211043254,-0.054171450783583659,0.12508317472779337,-0.17922714530230441,0.38121992903530982,-1.0339137629932063,1.0258172329530821,-0.086067882170518889,0.0024389494512085815,0.19827514515979491,-0.050764988708040464,-0.30238869507035948,0.64657916018999695,1.0232950925576103,-0.057932479987328013,0.05559681231446837,-0.067741350811254528
-0.0012409128248691559,0.024007539749145507,0.76377872326901686,-0.010125454170029503,-0.021207050628691944,-0.71483931488653341,0.69889376165053485,0.015069001719452345,0.14930803058620931,0.093965252689697965,0.37344256735549786,-0.34035478992911461,-0.18592926198984017,-0.057707051515811174,-0.26093181953456807,-0.027332711297564677,0.45187258503199973,-0.3522232557354788,0.12830653605683909,-0.061852032211043254,-0.054171450783583659,0.12508317472779337,-0.17922714530230441,0.38121992903530982,-1.0339137629932063,1.0258172329530821,-0.086067882170518889,0.0024389494512085815,0.19827514515979491,-0.050764988708040464,-0.30238869507035948,0.64657916018999695,1.0232950925576103,-0.057932479987328013,0.05559681231446837,-0.067741350811254528
-0.0012409128248691559,0.024007539749145507,0.76377872326901686,-0.010125454170029503,-0.021207050628691944,-0.71483931488653341,0.69889376165053485,0.015069001719452345,0.14930803058620931,0.093965252689697965,0.37344256735549786,-0.34035478992911461,-0.18592926198984017,-0.057707051515811174,-0.26093181953456807,-0.027332711297564677,0.45187258503199973,-0.3522232557354788,0.12830653605683909,-0.061852032211043254,-0.054171450783583659,0.12508317472779337,-0.17922714530230441,0.38121992903530982,-1.0339137629932063,1.0258172329530821,-0.086067882170518889,0.0024389494512085815,0.19827514515979491,-0.050764988708040464,-0.30238869507035948,0.64657916018999695,1.0232950925576103,-0.057932479987328013,0.05559681231446837,-0.067741350811254528
-0.0012409128248691559,0.024007539749145507,0.76377872326901686,-0.010125454170029503,-0.021207050628691944,-0.71483931488653341,0.69889376165053485,0.015069001719452345,0.14930803058620931,0.093965252689697965,0.37344256735549786,-0.34035478992911461,-0.18592926198984017,-0.057707051515811174,-0.26093181953456807,-0.027332711297564677,0.45187258503199973,-0.3522232557354788,0.12830653605683909,-0.061852032211043254,-0.054171450783583659,0.12508317472779337,-0.17922714530230441,0.38121992903530982,-1.0339137629932063,1.0258172329530821,-0.086067882170518889,0.0024389494512085815,0.19827514515979491,-0.050764988708040464,-0.30238869507035948,0.64657916018999695,1.0232950925576103,-0.057932479987328013,0.05559681231446837,-0.067741350811254528
-0.0012409128248691559,0.024007539749145507,0.76377872326901686,-0.010125454170029503,-0.021207050628691944,-0.71483931488653341,0.69889376165053485,0.015069001719452345,0.14930803058620931,0.093965252689697965,0.37344256735549786,-0.34035478992911461,-0.18592926198984017,-0.057707051515811174,-0.26093181953456807,-0.027332711297564677,0.45187258503199973,-0.3522232557354788,0.12830653605683909,-0.061852032211043254,-0.054171450783583659,0.12508317472779337,-0.17922714530230441,0.38121992903530982,-1.0339137629932063,1.0258172329530821,-0.086067882170518889,0.0024389494512085815,0.19827514515979491,-0.050764988708040464,-0.30238869507035948,0.64657916018999695,1.0232950925576103,-0.057932479987328013,0.05559681231446837,-0.067741350811254528
-0.0012409128248691559,0.024007539749145507,0.76377872326901686,-0.010125454170029503,-0.021207050628691944,-0.71483931488653341,0.69889376165053485,0.015069001719452345,0.14930803058620931,0.093965252689697965,0.37344256735549786,-0.34035478992911461,-0.18592926198984017,-0.057707051515811174,-0.26093181953456807,-0.027332711297564677,0.45187258503199973,-0.3522232557354788,0.12830653605683909,-0.061852032211043254,-0.054171450783583659,0.12508317472779337,-0.17922714530230441,0.38121992903530982,-1.0339137629932063,1.0258172329530821,-0.086067882170518889,0.0024389494512085815,0.19827514515979491,-0.050764988708040464,-0.30238869507035948,0.64657916018999695,1.0232950925576103,-0.057932479987328013,0.05559681231446837,-0.067741350811254528
-0.0012409128248691559,0.024007539749145507,0.76377872326901686,-0.010125454170029503,-0.021207050628691944,-0.71483931488653341,0.69889376165053485,0.015069001719452345,0.14930803058620931,0.093965252689697965,0.37344256735549786,-0.34035478992911461,-0.18592926198984017,-0.057707051515811174,-0.26093181953456807,-0.027332711297564677,0.45187258503199973,-0.3522232557354788,0.12830653605683909,-0.061852032211043254,-0.054171450783583659,0.12508317472779337,-0.17922714530230441,0.38121992903530982,-1.0339137629932063,1.0258172329530821,-0.086067882170518889,0.0024389494512085815,0.19827514515979491,-0.050764988708040464,-0.30238869507035948,0.64657916018999695,1.0232950925576103,-0.057932479987328013,0.05559681231446837,-0.067741350811254528
-0.0012409128248691559,0.024007539749145507,0.76377872326901686,-0.010125454170029503,-0.021207050628691944,-0.71483931488653341,0.69889376165053485,0.015069001719452345,0.14930803058620931,0.093965252689697965,0.37344256735549786,-0.34035478992911461,-0.18592926198984017,-0.057707051515811174,-0.26093181953456807,-0.027332711297564677,0.45187258503199973,-0.3522232557354788,0.12830653605683909,-0.061852032211043254,-0.054171450783583659,0.12508317472779337,-0.17922714530230441,0.38121992903530982,-1.0339137629932063,1.0258172329530821,-0.086067882170518889,0.0024389494512085815,0.19827514515979491,-0.050764988708040464,-0.30238869507035948,0.64657916018999695,1.0232950925576103,-0.057932479987328013,0.05559681231446837,-0.067741350811254528
-0.0012409128248691559,0.024007539749145507,0.76377872326901686,-0.010125454170029503,-0.021207050628691944,-0.71483931488653341,0.69889376165053485,0.015069001719452345,0.14930803058620931,0.093965252689697965,0.37344256735549786,-0.34035478992911461,-0.18592926198984017,-0.057707051515811174,-0.26093181953456807,-0.027332711297564677,0.45187258503199973,-0.3522232557354788,0.12830653605683909,-0.061852032211043254,-0.054171450783583659,0.12508317472779337,-0.17922714530230441,0.38121992903530982,-1.0339137629932063,1.0258172329530821,-0.086067882170518889,0.0024389494512085815,0.19827514515979491,-0.050764988708040464,-0.30238869507035948,0.64657916018999695,1.0232950925576103,-0.057932479987328013,0.05559681231446837,-0.067741350811254528
-0.0012030697783802981,0.023844967851258805,0.76309985777824019,-0.010518126190415865,-0.020179919559684647,-0.71470232462376515,0.6990584575308374,0.015738940888899697,0.15150981618814999,0.092862317359525201,0.3701623324017938,-0.3378268255410658,-0.18420597800435659,-0.059810651408887174,-0.2578833660149531,-0.027779089266431974,0.45435112165588487,-0.35063098174462881,0.12869201434234681,-0.063396210371147302,-0.051323970961438203,0.12492928875836963,-0.18028918610128153,0.38022088804356946,-1.031517770330219,1.0246288972547064,-0.079552299744752725,0.0019646774043043345,0.19664520672593316,-0.048634649267462388,-0.30265487912628036,0.64598630892475828,1.0236662004784884,-0.062400470923634516,0.054091807042196793,-0.066587739794174705
-0.0012769446108373999,0.023632221938501861,0.762090461516992,-0.011050293775194682,-0.01895101708183116,-0.71461550378033922,0.69917339173900095,0.016833987962180309,0.15322976436835936,0.088334058919578934,0.36580714224228644,-0.33254295934642486,-0.18251388082730866,-0.063856651449222437,-0.25319579620583538,-0.02801055394704639,0.45903709993290953,-0.34798099946019084,0.12893262464793986,-0.065366927168068925,-0.047398647711430222,0.12504533027824521,-0.18195818241222542,0.37841407019707696,-1.0271651571652927,1.0228986279042402,-0.067709032874266883,0.0015386389202079356,0.19381717167534424,-0.045356873885768756,-0.30299263656192421,0.64557113906865393,1.0255167726794707,-0.071376289611251531,0.052296286506925763,-0.063242800505161623
-0.0016552973528181645,0.023365652890603539,0.76130296613354864,-0.011386455470250651,-0.017986902912157762,-0.71439554571482589,0.69941820409413791,0.01727696314069815,0.15430824826084649,0.082514719023558628,0.36255315975270885,-0.32579089218364721,-0.18181337079726553,-0.069225932136887158,-0.24700122871770447,-0.029048022020392524,0.46583013566505171,-0.34353999839983956,0.12541819024034526,-0.067188189699959253,-0.043354288340517563,0.1256040918161912,-0.18343998712957424,0.37561728670644001,-1.0222645095543825,1.021550352387866,-0.05347340808983219,0.0013952830977307109,0.19069916813756016,-0.042385305400343222,-0.30418732440699575,0.64674865855992913,1.0299597514897989,-0.083830713107053881,0.052040608061882196,-0.055506748217557321
-0.0024573781488911989,0.023062420436925468,0.76079309021068231,-0.011291257018316991,-0.017711827549775228,-0.71414039805923624,0.69968728053294604,0.017077236190462482,0.15464679739443696,0.078077365722065126,0.36194935940920248,-0.32283791013596824,-0.1799898859782943,-0.075189862823823297,-0.23987211901773539,-0.029600140289257244,0.4729560621247319,-0.3357032037859487,0.12103106332215734,-0.068623864122806369,-0.040765445484498314,0.12679452347290568,-0.18474853766371957,0.37274886915314953,-1.0169277891838033,1.0204770459403167,-0.037439904325818549,0.0014824376193421577,0.18747288652590466,-0.039997470353720276,-0.30512212390632293,0.6488395410682718,1.0371702197016921,-0.099120453604314054,0.053148909608216395,-0.044500289809958619
-0.0035745701613622985,0.022654452180511452,0.76052687931537599,-0.010875519927592375,-0.01781745895592482,-0.71401449335972023,0.69981966569604281,0.016832907939225941,0.15496529635143971,0.075916281364585544,0.3624255083843464,-0.32197064511757145,-0.1772853188936642,-0.080683881713773276,-0.23343175106044844,-0.031042579284878902,0.48027645595249907,-0.33581854742559497,0.1176353544073418,-0.069669650469181013,-0.03845935397851534,0.1278488579962262,-0.18540204227768986,0.36945999672299129,-1.0111559561744032,1.0197075985559234,-0.020014129590937599,0.0017784455350700282,0.18466270822658659,-0.038135930962010747,-0.30645028306714667,0.64748288271592747,1.0447640591161989,-0.11404266092611273,0.051246893385407229,-0.037584863068408095
-0.0049835398548491103,0.022165828090478377,0.76039156884820658,-0.010210052734528793,-0.018049543800963706,-0.71401628111745274,0.69982191955592421,0.016531213585546489,0.15546268592978971,0.074967062801565718,0.36319581486219221,-0.32210448915510403,-0.17487595088755986,-0.085825139165303127,-0.22661684721609066,-0.032200389746709551,0.48655961214170346,-0.33525977864330997,0.11591862921992979,-0.07043683420840921,-0.036146994451405991,0.12854301821450098,-0.18551402884254936,0.36597175006624122,-1.0050837449379189,1.0190182256173903,-0.0020302191910973738,0.0023181735298442654,0.18224103492218499,-0.036677544610857683,-0.30813693685586419,0.64242289365964877,1.0519536934065177,-0.12789411084143193,0.046713272093667685,-0.035815125440488489
-0.0066765375263787823,0.021564945750917837,0.76026398418396768,-0.0094523360931169885,-0.018472793101897582,-0.71395958913353019,0.6998793569906735,0.016167340346106649,0.15634718434823447,0.075073915049172019,0.36460411252278108,-0.32215611813327205,-0.17350205869256763,-0.089150362992267432,-0.22077654211534423,-0.033053028742810707,0.49298965336878503,-0.33861511218688561,0.11543440082896558,-0.07102551690439067,-0.03400859043329315,0.12871418315595451,-0.18532252374432076,0.36234852255651723,-0.99866225957362198,1.0184320619554199,0.015943832815219595,0.0031263902461407807,0.18016384635912419,-0.035448871634244879,-0.31005386292316234,0.63553857257881174,1.0589856083533036,-0.14152568173265545,0.042156209457191278,-0.036587944227666321
-0.008584957482551496,0.020888663389638473,0.76010180854535148,-0.0085740285509605368,-0.018947720010598301,-0.71391107771820306,0.69992745556381897,0.015804803306091665,0.15750763475796598,0.075765258602773444,0.36594677495770361,-0.32178056026654506,-0.17350019694227031,-0.091383992397576497,-0.21620309865687468,-0.034015378049279274,0.49716578989929794,-0.3319375212346693,0.11239738545147698,-0.071419163034325314,-0.031980413199437563,0.12833252758730782,-0.18496713677896459,0.35871240372715246,-0.99228590119005422,1.0178466506157302,0.032890055771496812,0.0041940217280476769,0.17839031340154007,-0.03439657578189366,-0.31223019915146277,0.62828458211476879,1.0658815459266333,-0.15495941944982919,0.038735551357000034,-0.037889223822714702
-0.010620401457861823,0.02021798015680662,0.75990960440755062,-0.0077232353699568206,-0.019361416482789929,-0.71398488053211728,0.69985075377450245,0.01553624697665559,0.15901623014668193,0.07643241855854406,0.36716074314408192,-0.32125411742099685,-0.17444344520936758,-0.092970614162745338,-0.21272531257189445,-0.034998880153835857,0.4996822112042858,-0.3253714946746511,0.10645555054492327,-0.071685494974991965,-0.030052332114366424,0.12793358964797663,-0.18471445630678879,0.35517784679871667,-0.98606258331022989,1.0174326801813216,0.047483775393559392,0.0055548710991955592,0.17686203275302337,-0.033646259051053319,-0.31441934933670235,0.62118588880836278,1.0722559743492519,-0.16749567028350359,0.03706369066585255,-0.0391076195046356
-0.012689131335079552,0.019567202903867997,0.75973465229638115,-0.0070271448237679886,-0.019604722542252692,-0.71413505589673709,0.69969807490733615,0.015409081865131773,0.1611175920469507,0.077055280690832464,0.36805886188678322,-0.32048809665073796,-0.17623399071342838,-0.093971840011269195,-0.2099544579461152,-0.036176129956073715,0.50172846211674771,-0.32396900630524544,0.10107413828856573,-0.072047468725857738,-0.027834913355002343,0.12764294672957871,-0.18462031951152943,0.35159646947504508,-0.98032587738472565,1.0173717444395818,0.059158386227530162,0.0071106551086690065,0.1756246355853881,-0.033128291018980363,-0.31667714271572034,0.61463786296344058,1.0780462162990347,-0.17863457260319388,0.036860318099246725,-0.040138685941607688
-0.014696808325757293,0.0189675028816403,0.75961349318479632,-0.0064048767936270446,-0.019651765900618595,-0.71443231996225265,0.69939920349082474,0.015372126005936638,0.16342443499855533,0.07731049112737258,0.36851882796311353,-0.31998336244737274,-0.1781460339037752,-0.094580631922958888,-0.20747130505886233,-0.037161043829059708,0.50279125532408631,-0.3261146863322878,0.097054131078746692,-0.072598071267468436,-0.025693729394663582,0.12752637789358526,-0.18481870873812273,0.34816922659061578,-0.97553810663700569,1.0177578886746081,0.066659023999253081,0.0087922689137080838,0.17473910302003384,-0.032734986032563855,-0.31861998626369503,0.60894427796055306,1.0830599816203748,-0.18730684909051121,0.037924602899566555,-0.041174937134530229
-0.016601205921010484,0.018415857815163778,0.75955625062879539,-0.0058860895496464288,-0.019505096202819035,-0.7148373854391078,0.69899386088184878,0.015404633388285275,0.16594720732333215,0.077272646544162951,0.36857463647193367,-0.31942219124901716,-0.18012016960466859,-0.094995664315430703,-0.20496743616637392,-0.037885266498239999,0.5031839396665686,-0.32995979580581725,0.09509611704501067,-0.073352629328820432,-0.023541333166166495,0.12755292887683514,-0.18527124861824801,0.34491487290711564,-0.9719823453329185,1.0185936212636977,0.070158034068389871,0.010481744658411271,0.17421355343582332,-0.032369800453518865,-0.32025421564404394,0.60436318913536091,1.0872702463832022,-0.1934472361811235,0.039796570484380366,-0.042276657787048241
-0.018331592682755908,0.017916235679241364,0.75965675709942293,-0.0055337703784702043,-0.019222434590521056,-0.71533957930075454,0.69849063106074072,0.015475339651626615,0.1686528626014939,0.077435942991892465,0.36858408013703892,-0.3181741444267574,-0.18145264985214721,-0.095476747843691645,-0.20227438887498431,-0.038254417116805335,0.50329780770296961,-0.33245252585003982,0.093853340392315868,-0.074414762473165794,-0.02144533589383802,0.12773415061846222,-0.18599484038290087,0.34198614586226234,-0.97022054647361067,1.019907307115369,0.06929879737697113,0.012049549018753197,0.17413466221497015,-0.03192348318844699,-0.32146676810893493,0.60135072125915401,1.0907539513568643,-0.19658096912263226,0.041983374786312665,-0.043599334229232144
-0.019878460570847065,0.0174581019074414,0.75986755077129875,-0.0053061953102706179,-0.018844875068441722,-0.71589477950145652,0.69793364989628193,0.01557566255741079,0.17139678452646517,0.077766537710201714,0.36852151815829459,-0.31636094813640547,-0.18244791280440267,-0.096054522669438896,-0.19947612386036268,-0.038360392296567097,0.50327206041348105,-0.33353796768736732,0.092742108414029564,-0.075729796041770644,-0.019437664351733563,0.12799445714088342,-0.18689864906275669,0.33935826134079244,-0.9702439670114017,1.021598355973965,0.064776314002847182,0.01341539200599935,0.17441508787631105,-0.031312717121926514,-0.32231951998093744,0.5999461160217443,1.0934078842429873,-0.19707058850351516,0.044115670476255947,-0.04508745986884146
-0.021221448079695747,0.017044211681918973,0.76013841655922587,-0.0051058825393731693,-0.01841772704025401,-0.71635730200403436,0.69747181531562008,0.015605559909114318,0.17384187824741426,0.078025124081761085,0.36811840062268919,-0.31431110416032404,-0.18313783842394155,-0.096703973405584606,-0.19684751755895899,-0.038339091463165463,0.5031754057838691,-0.33357341785229438,0.090843008497230107,-0.077203154071490185,-0.017489466048341031,0.12838622823949464,-0.18792327166654166,0.33695130017559094,-0.97232799803742775,1.0235529040197735,0.057191050402657324,0.014456381773511481,0.17501692325729507,-0.030396699025634827,-0.32286942024991622,0.60043390265165963,1.0953274151292225,-0.19510841035946491,0.045602124324286314,-0.046912123511560135
-0.022371801162768757,0.016664303034835733,0.76042232875513294,-0.0049282059868705121,-0.01796385383301247,-0.71672916035021317,0.69710280694091042,0.015599739582998842,0.17598140648426247,0.078166184601700633,0.36742846217497382,-0.31204534276199875,-0.18368325006462508,-0.097484156874459674,-0.19443580376669981,-0.038243297543160214,0.5032707856301557,-0.33298188096723824,0.088347318505868161,-0.078807175324230594,-0.015611495230741155,0.12883091973258123,-0.1889626116996419,0.33471666911227027,-0.97614576684782417,1.0256308524497764,0.047297337968649551,0.015150346333214633,0.17579899121969828,-0.0291797314341786,-0.32320906039358538,0.60259051528904028,1.0963488046518199,-0.19119612181592247,0.04633366729690689,-0.048782272098939351
-0.023320981368036703,0.01631169435309044,0.76067844422506115,-0.0047272085150316572,-0.017585974153475355,-0.71697124087914321,0.69686485545258414,0.015641468761422146,0.17758157025125046,0.078218110164605448,0.36644818935315782,-0.3098111275969172,-0.18436827774658501,-0.098540426306382364,-0.19257874954480345,-0.03806302154785024,0.50416048353553411,-0.33216410551502856,0.085692711258487,-0.080451397924177534,-0.013883843391095768,0.12932525008356827,-0.18982940249920144,0.33256431086857086,-0.98148819342500304,1.0277175831064338,0.036078233145765297,0.015434287816231039,0.17659474245517068,-0.027639820324441004,-0.32347066859221241,0.60625736986545464,1.0962728754878115,-0.18595263842765658,0.045954740191394991,-0.050632517732748197
-0.024101091269734476,0.015980642520721549,0.76087209968471514,-0.0045266270189185699,-0.017245876427554607,-0.71709900070255217,0.6967432185428708,0.015703251136211144,0.17883465402371398,0.078199951870591269,0.36522485413937478,-0.30740422740668577,-0.18505851209930552,-0.099844554156662407,-0.19111734255849747,-0.037821478989325412,0.50582392427890022,-0.33166723375348411,0.083128074435905225,-0.082130441923040226,-0.012233072358486273,0.12978774205896312,-0.19050562816982994,0.3304641068913704,-0.98790938732013744,1.0296496416327119,0.024027107732197892,0.015340562910341766,0.17729587021925503,-0.025862201593524533,-0.32373618987786112,0.61115084813149878,1.0950795565084384,-0.17972486185875802,0.044631400310757775,-0.051961994345711776
-0.024759592869317091,0.015660030987291317,0.76093607801339369,-0.0043788755862866711,-0.016875882682217243,-0.71714914174512578,0.69670161369593919,0.015782541681630936,0.18007187868827512,0.078029992650432395,0.36393905749793692,-0.3054265955524475,-0.18581607176210949,-0.10149907515748652,-0.189781422479567,-0.037492730771686397,0.50851989251007113,-0.33217789561539951,0.081111162764694433,-0.083959471073710587,-0.010581884566086035,0.13010316476512368,-0.19087655392984101,0.32833649230215062,-0.99489617049024259,1.0312883341811663,0.01189494028857376,0.014875730740006017,0.17774372585966502,-0.023877443812802945,-0.3240787218266748,0.61690636093090678,1.0924966628656301,-0.17313462315609371,0.042428140553233067,-0.052271139801416996
-0.025332812868307655,0.015349133875212681,0.76088072994402822,-0.0042886829509706818,-0.016464369091652324,-0.71713016797738716,0.69673155083266081,0.015837431899679316,0.1814305134570586,0.077958709070413412,0.3626483618732958,-0.30369790617254711,-0.18636737017663851,-0.10336011005032833,-0.18847088255268038,-0.037141978996117479,0.51190520483252988,-0.33350082695930616,0.079488560062964911,-0.085864160961828348,-0.0089169170532908335,0.1302486647512604,-0.19100482748627934,0.32621052355710717,-1.0021110511487141,1.0324743969776431,-9.5312232054544158e-05,0.014123427497757036,0.17790128099397162,-0.021801384369458835,-0.32453439790087379,0.62338452139845646,1.0888046103724061,-0.16626823320129844,0.039626469897420254,-0.051065533647491917
-0.025883272358573479,0.015048401471337746,0.76067403922229315,-0.0042875164498252837,-0.01594623783878886,-0.71712686684526017,0.69674700684694879,0.015751472670420714,0.18336931409882198,0.078596699316654042,0.3617375890193873,-0.30247785629829049,-0.18704575026930986,-0.1054760212833299,-0.18695876727955771,-0.036964481853908514,0.5159317366127576,-0.33611955870593785,0.078674168942013317,-0.087877454036188143,-0.0070893823321530195,0.13017682144161169,-0.19089562624993806,0.32407406275327211,-1.009049534961389,1.0330026729596431,-0.011598719113344412,0.013164085392805136,0.1777085809844742,-0.019831215277191536,-0.32521983431160711,0.63024082714104768,1.0841036792215779,-0.15934212991424918,0.036574756452400402,-0.047801170988408907
-0.026446977968588175,0.014758209410489458,0.7603702665364982,-0.0043477409325266125,-0.01535803374495546,-0.71711570158991311,0.69677133873422192,0.015557053079141009,0.18574667125040473,0.079770445969331041,0.36111001522671959,-0.30197821853787021,-0.18746071880540449,-0.10765223919200567,-0.18522877974545407,-0.036857669304547064,0.52016375590610742,-0.33931648529586389,0.078241929581915101,-0.089887509437997101,-0.0051732988847028247,0.12991332297760663,-0.19059701547961486,0.32196430003393711,-1.0155614889092994,1.0327918098101323,-0.022515380781058629,0.012103518117228977,0.17718632819157482,-0.018137559866224954,-0.32614250873660539,0.6372221145469209,1.0790737896681033,-0.15272347037335712,0.03431099840840135,-0.043724849693819338
-0.027058505705955863,0.014491078293801718,0.7599883086213578,-0.0044349765922364033,-0.014580866481621492,-0.71705732645181286,0.6968475585786682,0.01525280557192238,0.18874018951235133,0.081568257844986128,0.36020179440074696,-0.30278233428888823,-0.18721240693804655,-0.10971874244086258,-0.18291681932629078,-0.036461188395494032,0.5237896655337857,-0.34304168883805619,0.077769948098935032,-0.091805887302172123,-0.0030123336536887172,0.12943207022066366,-0.19025185732133498,0.31989176432296768,-1.0213019634097205,1.0315897320663914,-0.032723427981915312,0.01108638226296821,0.17637490330930067,-0.017096062439837582,-0.32741474028296053,0.6433576413837353,1.0744543214369449,-0.14677690996894441,0.034401221329313926,-0.041757062810823885
-0.027728260213134931,0.014236861162572176,0.75959316509931396,-0.0045160561379334382,-0.013737191579239895,-0.71699176896597816,0.69693163082149767,0.014889686853678523,0.19192501108597937,0.083324898192147265,0.35928009720502929,-0.3045400462928512,-0.18657011597059803,-0.11159242156670145,-0.18027546980410478,-0.035848877510852813,0.52672912766826552,-0.3464162881495676,0.077156569945724326,-0.093524403102627621,-0.00083694261837123814,0.12875611177129134,-0.18977039479624039,0.31791909609093078,-1.0263100956743638,1.0295135419230312,-0.04214705479143506,0.010169308088334918,0.1753095031695216,-0.016590792101294435,-0.32897561808906101,0.64839231778995798,1.0703667810321709,-0.14127249492728802,0.036495124769730318,-0.042150418570432197
-0.02846775537346467,0.013974759304235739,0.75925932376276384,-0.004618044895509787,-0.012895044406339496,-0.71697425085940103,0.69696507451643708,0.014665223946119899,0.19515635261983907,0.08463332694340639,0.35826831200988279,-0.30617613201776489,-0.18598031315390523,-0.1129696305699603,-0.1774195155672583,-0.03538186061401026,0.52859117884281959,-0.34909544805234477,0.076142049128122016,-0.094896128857373155,0.0014639664834959084,0.12790677645854798,-0.18913888802316925,0.31598686077980903,-1.0305623086227387,1.0265114052558331,-0.050664991551391522,0.009467753067011437,0.17397344595212358,-0.016518256712399877,-0.33078996994257154,0.65262721594694206,1.0670664275467172,-0.13566274125977879,0.039783096752022504,-0.043509006434837932
-0.029274633343738057,0.013706014565374416,0.75902260197866089,-0.0047210129322935663,-0.012118390477797071,-0.71698038455185464,0.6969720115018937,0.01451639361870311,0.19829307342628466,0.085540681744953995,0.35733151976582117,-0.30739864707454551,-0.18584533913714679,-0.11391273546320498,-0.17451802250804299,-0.035025180168744126,0.5296153370029193,-0.35065311426288909,0.075126468776368902,-0.095945663866461375,0.0037484972306970543,0.12694088939771672,-0.18831905938497456,0.31411996226958594,-1.0342661240932731,1.0229152581340426,-0.058249834866863616,0.0089604563456788765,0.17243885724360589,-0.016661168528107295,-0.33272268002752492,0.65624092100550224,1.0645020333891475,-0.12974382972825663,0.043457230985232791,-0.04508936259256547
-0.030132554700676908,0.013406783165926004,0.75892017631984676,-0.0048420099715818198,-0.01148347591851203,-0.71700093422398636,0.69696079161039992,0.014552920462792437,0.20116264633340425,0.085879293484112065,0.35651847592683944,-0.30765370560069311,-0.18604672651534859,-0.11440887549379736,-0.1718578758756773,-0.035169266062130201,0.53012715390006826,-0.35082614376027105,0.073922825260356442,-0.096710380672152305,0.0059371470688255453,0.12576351890229531,-0.18713719451772204,0.31226635816307841,-1.0375791650444821,1.0190367232338096,-0.064792595793447108,0.008670041630259322,0.17068866967617494,-0.016771123574207569,-0.33470615983661722,0.65935418848046912,1.0628907349037773,-0.1235268202983449,0.047095395032185433,-0.046707574900672899
-0.031021563011436624,0.013101259253752452,0.75895486405068313,-0.0049623152126325853,-0.010943838329664515,-0.71696841849944781,0.69700207654263546,0.01459208209428693,0.20380227424489522,0.085888448302339784,0.35575153001359622,-0.30695185794712043,-0.1865040042122724,-0.11457114430748506,-0.16932074874422401,-0.035446232323847859,0.53021460136369081,-0.34985593358191108,0.072910527299653569,-0.097261050660971446,0.0080647239312904816,0.12450403384936619,-0.18565942631638516,0.31041394087542828,-1.0407383292294614,1.0152235252674247,-0.070353885866532836,0.0085275463026931383,0.16887350208001264,-0.016746295056978232,-0.33675724786501537,0.66205348312318346,1.0621101537547835,-0.11715726376668517,0.050587564932196447,-0.048324309144474067
-0.031972292070658721,0.012809383593090575,0.75917019350527382,-0.0050239576335213317,-0.010537667263185141,-0.71678157333161341,0.69720003840404698,0.014462092903270935,0.20614502056632997,0.085984692441354676,0.35486556321972201,-0.30412801393349231,-0.18714058597751054,-0.11459357781719556,-0.16704346399780698,-0.0358351576249403,0.5303635683436192,-0.3479746683561929,0.072240603835321979,-0.097710981350664528,0.0099723327957429338,0.12329558353577649,-0.18380805156632549,0.30852243613066971,-1.0439952670055399,1.0119505386733294,-0.074924949427203319,0.0084578446607220803,0.16707752631821021,-0.016380861184978217,-0.33886117492352291,0.66427403361247417,1.0620191308909086,-0.11092045321714095,0.05369937626792378,-0.050120561012260624
-0.032935502489673814,0.012558541887088966,0.75953752162241583,-0.0050141947822541395,-0.010171526986503978,-0.71644997109042041,0.69754629725487383,0.014040674692208434,0.20823237078062684,0.086186322312927818,0.35385752612724475,-0.30027755077722296,-0.18773966042304102,-0.11453934903081364,-0.16487000604483815,-0.036093239644708154,0.53017642422480404,-0.34500739215198001,0.071719954745545614,-0.098055040417040454,0.011724753145796494,0.12223604240484739,-0.18176384338968518,0.30665497294055688,-1.0474816710624926,1.0093981278811168,-0.078625403047975398,0.0083849003787786359,0.16548117823891775,-0.015678622751885671,-0.34102167742157369,0.6661745465766461,1.0624721013257996,-0.10478173720267231,0.056440935702740551,-0.051928949809456768
-0.03388481519694022,0.012416403150668536,0.76004016139018304,-0.0048803869944989628,-0.0097576914466927563,-0.71588163339124711,0.69813641665042492,0.012945465972443627,0.2100550552430491,0.086493575795942676,0.35264443315285926,-0.29566590689642303,-0.18767627603792147,-0.11454827383787008,-0.16275684982158806,-0.036092449747333721,0.52943242892231557,-0.34108030218150492,0.071227939644466276,-0.098226337714503412,0.013340720908477597,0.12173466988279473,-0.17976014174017022,0.30481483354941946,-1.0513910309038859,1.0078937803355159,-0.081577681934486654,0.0081835133814214291,0.16429766345649779,-0.014603887440738343,-0.34326883495332838,0.66766733026393088,1.0632214928845061,-0.098825718487615052,0.058673875565644261,-0.053891729322047506
-0.034782923763079232,0.012384747327225405,0.76065321193842972,-0.0046359202259037193,-0.0092283761817799712,-0.71515884270523988,0.69888566662738849,0.011238382056998474,0.21173664897154809,0.087045777302481211,0.35118593266284082,-0.29067234485339166,-0.18707935720738356,-0.11460113336995963,-0.16063929849918379,-0.035934950769451329,0.52775323095505156,-0.3362211587850592,0.070651039320702658,-0.098314582474336235,0.014826065155609976,0.12171387788534827,-0.17796860263655084,0.3031297053541786,-1.0557083421930666,1.0074260093193619,-0.08388593725505171,0.0078244876700166947,0.16364538268616544,-0.013227304595485616,-0.3455203187302362,0.66897114099610777,1.0642285581515785,-0.092838088095711521,0.060459008743598393,-0.055830006518451485
-0.035541924300397508,0.01250586633151277,0.76133489646066999,-0.0042669417883518714,-0.0084728940381150579,-0.71433078254394211,0.69974390771521111,0.0088444292467173974,0.21316976786184036,0.087618801411360581,0.34937596194488385,-0.28657136363910207,-0.18624562192795674,-0.11466691958243516,-0.1583317196517188,-0.035397607868283061,0.52443728959862423,-0.33045697360506315,0.069698307018943709,-0.098371004556649502,0.016277530815993813,0.12240149691156388,-0.17665726335433249,0.3017073093024128,-1.0604969721858404,1.0080889567893736,-0.085714359022813782,0.007252172820764834,0.16376531620488427,-0.011715338716589356,-0.34775333170257755,0.6701346918626484,1.0653562475847653,-0.086552392628532732,0.061800654957995811,-0.057808391410461707
-0.036148064410160011,0.012755411492456879,0.7620721239367616,-0.0038118639368835356,-0.0074867746748180702,-0.71345551786134587,0.70065015659135821,0.005958780936253941,0.21456635752611553,0.088815845315093039,0.34710829160684425,-0.28281904791485729,-0.18483596861062218,-0.11468678705863684,-0.15600410834373568,-0.034986706823781535,0.51954961782186815,-0.32413841703294427,0.068683369749445999,-0.098574997589446559,0.01763962748901117,0.12358639500889665,-0.17589861800653595,0.30065280755314933,-1.0656177996678609,1.0097000617152003,-0.087098292283699572,0.0064790445125768661,0.16463974731387315,-0.010104762055136728,-0.34983785291058966,0.67140347948355017,1.0666711805730464,-0.079818248670351186,0.062757317596841986,-0.059599579554188327
-0.036590380612047536,0.013140237356611937,0.76286414461698793,-0.0033262614293194884,-0.0062230515664337622,-0.71265664560815389,0.70147752286487419,0.0027603984196983731,0.2158561793907755,0.090966672063108919,0.34460725205531856,-0.28259819280585857,-0.18298812291693176,-0.11441204600373686,-0.15344327336731872,-0.034547165106834525,0.51237513912531785,-0.31717963057698906,0.0676631012770538,-0.099024152795554918,0.018698159841608216,0.12527681939077678,-0.17599789183751985,0.30023655003120248,-1.0709365213058433,1.0120667226320084,-0.088114387479775555,0.005511061204757515,0.1663867143344781,-0.0086103655234093957,-0.35153592319611077,0.67299215166284188,1.0682388946440513,-0.072165387945507531,0.063377350548812925,-0.061148670210043263
-0.036848733195833899,0.01361970334670609,0.76368736444974372,-0.0028267112215147458,-0.0047777451081281834,-0.71196901505648924,0.70218893786134606,-0.00046103481350066736,0.21677106091350481,0.093975031485668353,0.3418935388548407,-0.28525258771777662,-0.18086189906009828,-0.11390657157054755,-0.15096843092303006,-0.034413039231454036,0.50356758653175049,-0.30988582472114901,0.067248190399118876,-0.099816908614701827,0.01940390793388137,0.12722726922815183,-0.17684425115274668,0.30040748564642866,-1.0762344052575235,1.0149416819965238,-0.08876156878069287,0.0043786136726672803,0.16885333011016296,-0.0071860404266558099,-0.35279292410337082,0.67502388517772782,1.070128905991852,-0.063744715285959638,0.063677574260915304,-0.06225927025205176
-0.036877640773087701,0.014148464775956012,0.76459358009802303,-0.002321113631642749,-0.0033024052741001146,-0.71160571593380151,0.70256744274215921,-0.0031581923535833737,0.21685218827338476,0.097758983254121856,0.33964738178822335,-0.29116216589808314,-0.17872896114862127,-0.11302205674880236,-0.14887273576046364,-0.03456724737691412,0.49296660763370093,-0.30144607169891618,0.067616703044747317,-0.10084868414971533,0.019493732175789164,0.12921794300216075,-0.1782112466263733,0.30124146528016249,-1.0812629588534757,1.0179749358932104,-0.089002211463988457,0.0031215260726904287,0.1719384972222984,-0.0059070114044569048,-0.35346501340121111,0.67775333472243249,1.0724539337079058,-0.054318889169068497,0.06366951542249405,-0.062802811090275301
-0.036680787695264255,0.01469836255933283,0.76550295749524278,-0.0018335593084394973,-0.0018955526712553744,-0.71150843382042706,0.70267260765077266,-0.0052155095342967563,0.21589306857373933,0.10158381369097122,0.33793142509136165,-0.29883114341884848,-0.17680998878505805,-0.11190648017542582,-0.14727971258355163,-0.034815136154172366,0.48165540433462051,-0.29292573292403656,0.069035185528700818,-0.10216055451145292,0.018958615384441331,0.13110914378853722,-0.1800006297063888,0.30261370830535805,-1.0858179120906564,1.0209693087095106,-0.08888435066841166,0.0017724093259483575,0.17543900208695806,-0.004667468249290636,-0.35355122061644928,0.68108278152129287,1.0752451034972377,-0.044397266404365594,0.063356828868409903,-0.062665383394923099
-0.03626669415262182,0.015238507708154948,0.76636614615149523,-0.0013051513540374812,-0.00076146874865522024,-0.71167656886162733,0.70250564273792859,-0.0062958666580101331,0.21365132134566872,0.10462978666667466,0.3371125789907331,-0.30719492724771341,-0.17516237561434617,-0.11077946917577619,-0.14660780897241971,-0.034807688190558468,0.47067693026610674,-0.28480406035355799,0.071612582613372985,-0.10370148679747232,0.017411373784931402,0.13271633337352184,-0.18208950419196523,0.30455218869354994,-1.089585076357718,1.0236221625749005,-0.08835876316828975,0.00033417390159177574,0.17911265186233838,-0.0033856791766067084,-0.35281237871053711,0.68510498464287417,1.0786594148689417,-0.034316040939205185,0.062708296796180313,-0.061682307211157861
-0.035635247887380345,0.01575251357284134,0.76709445661916364,-0.00079528205932547392,7.8757107047635802e-05,-0.71203653171732217,0.70214196486446512,-0.006556765671804435,0.21007033877731757,0.10644247919584529,0.33771960195487893,-0.3137852012454822,-0.17433614273907216,-0.10979536220186213,-0.14672678809521758,-0.034211077429012478,0.46090455663909186,-0.27785183845755196,0.075233944178871512,-0.10544016096581997,0.015057801451920341,0.13396388413049076,-0.18434847965634435,0.30682655856781355,-1.0925070577838032,1.0258738052622651,-0.087580612281039111,-0.0011369935861062566,0.18281378026257672,-0.0019442252018739238,-0.35143786736993238,0.68956188179159283,1.0825392894755843,-0.024689632752011338,0.061759679169678276,-0.059851631007325642
-0.034841412621093443,0.016242785611972128,0.76751285313173889,-0.00037794708872007215,0.0005321647278575582,-0.71237753937393633,0.70179613517903972,-0.0062413187201578024,0.20578968185373278,0.10761523243915831,0.33956202750564424,-0.31791218547094618,-0.17414040311061446,-0.10943010331881832,-0.14767908199167945,-0.032769551770142409,0.45449003152281614,-0.27384202241322275,0.080369638414888811,-0.10728891629815571,0.011954176381817802,0.13496607812944675,-0.18651459702142545,0.30926845945736836,-1.0944939370171445,1.0276304024474605,-0.086630600286380352,-0.0026414050835516381,0.18629788617798729,-0.00027782114397240077,-0.34946349615978461,0.6941061226583618,1.0869714835024618,-0.016250296484862925,0.060493837045938414,-0.057274262117131672
-0.033861269588020868,0.016695549805457743,0.7676046818777571,-8.2537518705037242e-05,0.00067086410162999367,-0.71270095532387545,0.70146766953962381,-0.0054997558399362077,0.20108597985247251,0.10860250821812024,0.343229715604629,-0.32087403154627586,-0.17433812645237021,-0.10972682629441073,-0.14929274179774701,-0.030504835890306038,0.45129349446280265,-0.27223888455177497,0.086320497133538246,-0.10927287811188835,0.0084105215522774519,0.13555907979559628,-0.18848081786646226,0.31166313940878437,-1.0955997798929908,1.0288971516215535,-0.08573083052002653,-0.0040872286980619659,0.18952690187519461,0.0016748552538624222,-0.3471690430965223,0.69811910628889895,1.0915505267213341,-0.0092330682152098123,0.0589359625335125,-0.0548015348654214
-0.032692832476582702,0.017104996516529643,0.76732666327301402,0.00019933366012681155,0.00030210746905463723,-0.71303968509196858,0.70112358146129705,-0.0046399254053353396,0.19607240487512875,0.10988879436242009,0.35089732277600566,-0.32137069696324272,-0.17471373854410488,-0.11104131477628583,-0.15205345859702177,-0.027016405003805578,0.4522558515049922,-0.27353103198717327,0.093009378008399493,-0.11122729455521094,0.0040884592869682729,0.13568397535037341,-0.18996026453906328,0.31383044012736661,-1.095919667926782,1.0298025479545951,-0.085141071131366541,-0.0054006639060480864,0.1924023239095268,0.0040611195169585161,-0.3445923844061351,0.70075408451860832,1.0960495270603241,-0.0042722455764679368,0.057100882285632412,-0.053348757830723736
-0.031299247846773258,0.017459950798943451,0.7666807879239057,0.0003429844637328135,-0.00024040047247196272,-0.71334949641708412,0.70080833366246686,-0.0037322609764274157,0.19137881641810078,0.11159854218199197,0.3613529726027806,-0.32337707429209833,-0.1746380981077276,-0.11323302524783073,-0.15529873054892698,-0.02303909698822415,0.4564861903531055,-0.27716946474299081,0.099576401530675401,-0.11334081675433867,-0.00010801267914732019,0.13514834875018947,-0.19093375702961438,0.31554339736662934,-1.0955229328321865,1.0302604780221172,-0.085018669049474513,-0.0064726045416149507,0.19493238731988713,0.006845253853403328,-0.34228739777849632,0.70192584164063521,1.0998918889816969,-0.0013084202606947468,0.055173211284271426,-0.053076900865534765
-0.029700540164926043,0.017822844269792696,0.76564955852067218,0.0003627747730268242,-0.00080079997875447031,-0.71349947118956358,0.70065521601289171,-0.0037118879240807387,0.18712838091634518,0.11426978642728254,0.37431301283507168,-0.33588398269596714,-0.17377527650122648,-0.1164368737178204,-0.15880025971507297,-0.018939370268798789,0.46381947149019626,-0.28342418062162544,0.1055912897809155,-0.11564019050959279,-0.0040717756087530598,0.13422214469708216,-0.19151468666628191,0.31669753156774605,-1.0945793532865791,1.0302343764462707,-0.085675459725539846,-0.0071950230173889514,0.19713285642434281,0.010021278246649447,-0.34041330779938522,0.70144460066832137,1.1027212200396681,-0.00076084823178410043,0.053382520633831032,-0.053782003390321749
-0.027828100569106669,0.018140007457032613,0.76423275903757715,4.7450464949003331e-06,-0.00083192099841230258,-0.71349797955304917,0.70065679263006819,-0.0040296711605076882,0.18432404006041136,0.11747911272371767,0.38694720083892054,-0.35786750392578914,-0.1711636046399595,-0.12046276980669501,-0.16150975331764139,-0.015989032579023829,0.47305415147748658,-0.29134620767403097,0.11077023006894733,-0.11841933747986638,-0.006179449755524976,0.13248945457435951,-0.19163784497907463,0.3169349352952765,-1.093127057747572,1.0296131734687217,-0.087091445834307793,-0.0074665594299791402,0.19898587711842683,0.013590024555466316,-0.33989729178503769,0.69981977050103628,1.10372585443101,-0.0023051092989880878,0.051882506796503462,-0.054823857398821056
-0.02557557349608584,0.018316931393995487,0.76243021282432655,-0.00099311035630364822,0.00024677602595598572,-0.71335640488588503,0.70080067953855407,-0.0042502794698527748,0.18427051543139811,0.12162971826652749,0.39760007641191891,-0.3935071158701377,-0.16556411932799583,-0.12510029913514628,-0.16233569292144784,-0.015259752496670788,0.4829964949591839,-0.29990814427831397,0.11479201768550744,-0.12196077342490938,-0.0044659245030374724,0.1292520184692503,-0.19108067944913126,0.3156222820010029,-1.0913194280313183,1.028335057814322,-0.089419490710732699,-0.0070925688481050641,0.20050644623050429,0.017765719773076061,-0.34201570396367004,0.69728975737149257,1.1018344365553348,-0.005720337422025561,0.050872020947436911,-0.055809778609469674
-0.023044742839010642,0.018386797404126614,0.76038786645733603,-0.0025175359226173237,0.0022253744223934735,-0.71328529259121465,0.70086575112115779,-0.0047312958552730502,0.18585779331117949,0.12309056893650201,0.40510434331844469,-0.41896708228526214,-0.15703499853796571,-0.13017332323909339,-0.16149968542227358,-0.016310278902472573,0.49298168185469704,-0.30840746002081704,0.11790124834121289,-0.12575235820051622,0.00023405744962107407,0.12501298595711441,-0.18998962052910187,0.31335292666087539,-1.0889967939711522,1.0264131572961261,-0.092446705755009573,-0.0061729531278801467,0.20164516464214041,0.021985184066700195,-0.34611932435369969,0.6940898106582164,1.0974418666871797,-0.010522710872926902,0.050344515001731899,-0.056657429557279433
-0.020455902253653763,0.018402893439362265,0.75839410754937175,-0.0042143253653719442,0.0045507884823427387,-0.7134917633934309,0.7006361633227598,-0.007267356427786904,0.18752009889660848,0.12083971214631206,0.40836575876359998,-0.40147399184672089,-0.14929580990341931,-0.13518320272134612,-0.15991472624923544,-0.01834411900070845,0.50189991161836922,-0.31623809004129549,0.12056671765266809,-0.12963821047121565,0.0059338735506886823,0.12059797996878975,-0.18860387190042976,0.31115777151673341,-1.0859752694998817,1.0238886148532835,-0.096000466820642935,-0.0047955136294392069,0.20231978945634244,0.025433218083623432,-0.35088949761800353,0.69008218568371793,1.0913974086573173,-0.016141393033684129,0.050301987797962064,-0.057513769036425744
-0.018219640445429605,0.018442333386074646,0.75687501695781256,-0.0051994187646030353,0.0053663225516642323,-0.7143488102538601,0.69974991669572706,-0.011098830848367698,0.18739179647717294,0.12065000373200253,0.41813219380938599,-0.39134170967061488,-0.14598220390813349,-0.13919324230571439,-0.16104616205320743,-0.019032827156537507,0.50968489342306722,-0.32320937474789335,0.1229572468317966,-0.13235952688018116,0.0069487729111131127,0.11747092586526578,-0.18692525619354283,0.31114839283259288,-1.0819920487916652,1.0211914654955085,-0.099783928618978363,-0.0033622995689126952,0.2024569437338396,0.026954468979825869,-0.35278626774448502,0.68509320788337569,1.0864187926779101,-0.022329778094006311,0.050576625746000789,-0.058592564002351348
-0.016350322846532147,0.018503893708372073,0.75583300059810077,-0.0056723217744243859,0.0052011374346326422,-0.71565831705253469,0.69840815156225655,-0.01534399793403169,0.18634334914824072,0.1226412157871845,0.43212617679207682,-0.3919436608384993,-0.14377558932962534,-0.1421521733806653,-0.16362251582740844,-0.018521402023241925,0.51554799648115379,-0.32875512724538464,0.12506612107448731,-0.13409948118385059,0.0045549044344691848,0.1155730603239824,-0.1849649198158681,0.31316679778764656,-1.0769515937444072,1.0183510426497993,-0.10348038368896029,-0.0019426068236701654,0.20197912990168798,0.026599604884614689,-0.35226415055228399,0.67976472823235556,1.0821653377884075,-0.028403066640322088,0.051071316389581983,-0.059711399640429881
-0.014751311318037755,0.01857863431153986,0.75513820627510475,-0.0058876763649035116,0.0046817572488738217,-0.7172424131436792,0.69678313498815192,-0.019461418164843654,0.18524319076542289,0.12610782214861477,0.44720541879595171,-0.3980837945357199,-0.14202037357788391,-0.14440215706445203,-0.1666291288670623,-0.017889011344890043,0.51944787390265901,-0.33269820557248764,0.12708343640986206,-0.13504836196665068,0.00064352322269736837,0.11444848898982875,-0.18271852124777815,0.31652531216236557,-1.071131490976863,1.0154690518760279,-0.10697291042048457,-0.00057465175106082142,0.20092717473103155,0.024688631303947758,-0.35042721656874132,0.67457264840600351,1.0780827465146763,-0.034153085518416962,0.051712577697039103,-0.060763467705367398
-0.013443621425954452,0.018715524304976455,0.75474571015704539,-0.0059971248125978193,0.0041315185006321892,-0.71892458577516183,0.69504992987329584,-0.022900033780275122,0.18454486078684601,0.13033293584122527,0.46065983756395096,-0.40529403370833206,-0.14104291968846161,-0.14589096317248051,-0.16951623403584526,-0.018160625516008198,0.52108047782452172,-0.33541506379619473,0.12905092523846076,-0.13505092677434785,-0.0037951319109067053,0.11417709573071251,-0.18035715774605635,0.32095348984802324,-1.0645675301439443,1.0126671402905594,-0.10999969806709527,0.00060837401885474943,0.19927828492072716,0.021072781214078816,-0.34787169404550783,0.67006111544070512,1.0740453708649613,-0.03928507005575381,0.05252678975867698,-0.061746380905984187
-0.012385590528254666,0.018891264992817292,0.75457111401031385,-0.0060808456329923544,0.0038039053268145843,-0.72063640970186826,0.69327607677796987,-0.025629211125970473,0.18462193287260883,0.13509535018953198,0.47160288242812648,-0.41181583330506766,-0.14049395579058202,-0.1468600069837864,-0.17180216178590305,-0.019317992413832967,0.52061188101844058,-0.33676629030817734,0.13092789004096886,-0.13429538196297799,-0.0080112732395385775,0.11443574561242391,-0.17786085546600783,0.32607423843064248,-1.0576868269076662,1.0100743391888902,-0.11257339783986864,0.0015919585848514493,0.19710891575389711,0.016155840670056695,-0.34502964236907119,0.66632389662252678,1.0699199465943461,-0.043734107231299994,0.053329465780722785,-0.062568490245992259
-0.011577771208022654,0.019105178877249281,0.75462622154843917,-0.0061772812933407559,0.0036856204234586324,-0.72231327662276013,0.69152858784898352,-0.027461926782350647,0.18549057436775007,0.14043991945023443,0.47939623679302246,-0.41538020197462661,-0.14046195056287211,-0.14741871781144836,-0.17358340847730896,-0.021684840446582133,0.51855038384345686,-0.33632648506620466,0.13282559388384707,-0.13261400028537262,-0.011718604851334517,0.11517607086334622,-0.17520433229866419,0.33172334408741316,-1.0508129740300178,1.0079635624923666,-0.11462881602278449,0.0022560899734027345,0.19447207589164592,0.010075050664720593,-0.34198999132235702,0.66357519767040951,1.0659418399019671,-0.047382986793939361,0.053931682204365346,-0.063171589276865656
-0.011027178213755099,0.019330066975065657,0.7548259993581965,-0.006219668467299668,0.0037642746253989065,-0.72390046089333926,0.68986612373641931,-0.028812764100615944,0.18721563980766504,0.14687029059690782,0.48476110950473777,-0.41598318153799529,-0.14039333572672316,-0.14751438909376546,-0.17476047592287933,-0.02446871167057706,0.51492128767370837,-0.33506057294398578,0.13397942514320701,-0.1303086488024725,-0.015125926234186345,0.11613408135370015,-0.17243022438212355,0.3378205283377832,-1.0443505884766795,1.0063450332535626,-0.11622734801960018,0.0026404919484061999,0.19144517164001887,0.0032919870370623243,-0.33871509898959995,0.661601866437735,1.0621563360730406,-0.050270096412297759,0.054195599046293383,-0.063510853244122908
-0.010757076366147979,0.019539278745538267,0.75511386403012659,-0.0061152454511874919,0.0040269925012320048,-0.72542010612034413,0.68826743112021171,-0.029987679624225379,0.18988119988996136,0.15514454832200311,0.48831531314023091,-0.4139196178887341,-0.13961664544035354,-0.1475320506716567,-0.17562889103096482,-0.02776759839439804,0.5105923401127026,-0.33447284893377643,0.13423585783911723,-0.12751952897019786,-0.018381015370477372,0.11703790829503893,-0.16949956532469065,0.34425188696881476,-1.0387671534370624,1.0054924565315491,-0.11747475846108066,0.0027135666510325726,0.1881531144215263,-0.003761609994858966,-0.33509976969973082,0.66032245887758312,1.0588925730340657,-0.052552591235420623,0.054124367158658024,-0.06365761816891348
-0.010748657051101659,0.019703026758949506,0.75539984115347758,-0.0058263820790142506,0.0044666615698662846,-0.72680082722717831,0.68680904169075918,-0.03126836969830369,0.19346032575234631,0.16547183797084192,0.49082907952051708,-0.41101451377822401,-0.13785123996272783,-0.14716986873783855,-0.17631782530252932,-0.031197291979562877,0.50532463989006915,-0.33586259812670038,0.13263011231933505,-0.12454981621868913,-0.021615138024343582,0.11766743612840988,-0.16649360917827105,0.3509028227615324,-1.034222483759599,1.0052141019577545,-0.11836377360614589,0.0025760767504404342,0.18463873869109082,-0.010679505051909417,-0.33125712795979811,0.65953796398463971,1.056128641182243,-0.054544532856405738,0.054105175705285079,-0.063749119144928867
-0.010924123214457052,0.019791286268632628,0.75560092182964222,-0.0054545431735120832,0.0050321735960434377,-0.72820226415723988,0.68532210504545743,-0.032949857937878878,0.1982176565823929,0.17852858746316982,0.49420909142170844,-0.40877745394261911,-0.13473021766052493,-0.14686248938092472,-0.17772343902598212,-0.035848166395541156,0.50052077247715743,-0.34059994304231606,0.12964331038904556,-0.12160505820572205,-0.024666610010633454,0.11795262964095755,-0.16339578797130075,0.35721671256681614,-1.0309740459643024,1.0058077423587801,-0.11896976425502111,0.0022956794406012704,0.1810239630429554,-0.017001436559752805,-0.32739644824506198,0.65899598495695666,1.0539089987452668,-0.056427214698423843,0.054207326894348547,-0.063848201124742515
-0.011256289326550664,0.01980204902309602,0.75568808202279325,-0.0050166483342856212,0.0057800661108039159,-0.72955098776945715,0.68388360144095739,-0.035277229497939912,0.20422528879004181,0.19407314619709631,0.49880889144840723,-0.40784545812750467,-0.13064599346102712,-0.14638807418143115,-0.17970404214843172,-0.041649318191433866,0.49579697733732075,-0.34850719186583717,0.12473193088957309,-0.1188689068104001,-0.027489663197882583,0.11791606331425007,-0.1603728791060792,0.36317436263098113,-1.0288052395304508,1.0069637996737051,-0.11918542585040778,0.0019607441523136065,0.1773204593715014,-0.022596397365237143,-0.32363336270028442,0.65842138066531386,1.0520556944077921,-0.058353866157026625,0.054592363399302735,-0.064025012662821637
-0.011708193077128311,0.019732429205124438,0.75563723736443045,-0.0046508366825293804,0.0070418567521138868,-0.73067028084587415,0.6826783449474918,-0.0389147168413514,0.21221852122801482,0.21165046759534911,0.50530040687177535,-0.40946563003351194,-0.12432217373709759,-0.145949739516164,-0.18151684083296676,-0.049460077177108056,0.49112420604010332,-0.35752224750863765,0.11823726159427823,-0.11662627281248805,-0.029500814577708763,0.11747075455519575,-0.15768687585878735,0.36847237706031644,-1.02756559724018,1.0085718445417851,-0.11888663859820864,0.001650632599159297,0.17356341851537233,-0.027197803406372598,-0.32016032068303174,0.65733571586527972,1.0504233591819989,-0.06026698954695308,0.055072172593128542,-0.064097095078665539
-0.012233283530215107,0.019613075132759956,0.75548642933680799,-0.0045666420209512686,0.0088410727379769263,-0.7315793482745967,0.68168367912955852,-0.043718700786920348,0.22304454606731841,0.23223604199687919,0.5142726699325646,-0.41360138390996615,-0.11563274046879944,-0.14594112109191171,-0.1825847618584088,-0.05870184642793827,0.48708425823405005,-0.3637456424911073,0.11277546614616361,-0.11500118346658787,-0.030290956166852543,0.11716693574759315,-0.15553739557929663,0.37292743408654561,-1.0267523872273525,1.0105456425901014,-0.11798868005793414,0.001403412892821659,0.16978984314152343,-0.03100939025620613,-0.31718732483867945,0.65553748764424979,1.0487560723483007,-0.062174005128063911,0.055566667639604314,-0.064052565988823029
-0.012799333697308034,0.01947812373469273,0.75526457041707373,-0.0048189304130200122,0.01114268188859188,-0.73223608616334313,0.68094267943065057,-0.049767571085006908,0.23779116399281003,0.25723497130488993,0.52668673651848541,-0.42150460627403447,-0.10422827569948619,-0.14639974018407689,-0.18251717264621869,-0.068459095840241874,0.48397350258027488,-0.36806719916861286,0.10910838562450333,-0.11414186907905301,-0.029830677735813198,0.11754434992263374,-0.15411997042130618,0.37637679901982535,-1.0258777154296066,1.0126744568973762,-0.11625710632900592,0.0013157721165245684,0.16595052360228793,-0.0339853506296032,-0.31475192368137106,0.65266435530058842,1.0468086887321157,-0.064082132015662097,0.055931819507886463,-0.063743755122328979
-0.013401012061200581,0.019327458880770899,0.75495407037572149,-0.0054329800477145203,0.013841928870296593,-0.73270017543435428,0.68038910679949727,-0.057025135757905042,0.25648692871544887,0.28589380190190417,0.54310346082946914,-0.43160246914820821,-0.090904480873865351,-0.14731482712078103,-0.18127000609202287,-0.078522581039986716,0.48189626975819466,-0.36990385095790501,0.1075983697733774,-0.11413859062342956,-0.028280971636608747,0.11869548734866178,-0.15344051885657636,0.37917696437148923,-1.0246627834576372,1.0145742415957193,-0.11380136085347942,0.001376747754141388,0.16214072319254808,-0.03633558444733985,-0.31285877453268646,0.64874352809414626,1.0443548532241884,-0.06597753801472804,0.056179550983974244,-0.063278253656559952
-0.014063088705470005,0.019194776245129705,0.75450745494307891,-0.0064964249010025605,0.016900909090206733,-0.73279980815103929,0.68020334967510321,-0.066029740774829648,0.28003799343562524,0.3176600960050362,0.56500040298156928,-0.44340683303059342,-0.075409404616652478,-0.14829088169987678,-0.17822714186494013,-0.088194357847550975,0.48079774908587863,-0.37025007300793433,0.107781822929799,-0.11551012137286397,-0.025708170540542717,0.1209500775659732,-0.15360853910008385,0.38177381857475029,-1.0226824999050612,1.0156962374761538,-0.11055705138837847,0.0016329501155770197,0.158322444452863,-0.038222235107091024,-0.31143990280396378,0.64368530450919248,1.0410942350275441,-0.067927933567746429,0.056295726717559023,-0.062686777223122395
-0.014795343905968501,0.019033831067963903,0.75389724098413158,-0.0079196787255958242,0.020218086855295265,-0.73265575806018957,0.68025292930941839,-0.075809558750945832,0.30899609499775899,0.35439536406673666,0.59137604498421059,-0.4531723452434217,-0.059025694848141512,-0.14930167575411063,-0.17374781952927257,-0.097491478207423155,0.4806643245093784,-0.36993387133777056,0.10925209644725499,-0.1182030673534217,-0.022422954576363029,0.12402260327331562,-0.15446336848065051,0.38458993752037568,-1.0199542651320004,1.0156952718016867,-0.10680098909457765,0.0020123082486231984,0.15469004586397955,-0.039704853735551014,-0.31050636482568494,0.63771438935903901,1.036828170394513,-0.069832149475922728,0.056318975275420013,-0.06210486219148089
-0.015558709802443145,0.018794259272746434,0.753084132710932,-0.0095404893901590675,0.023434687409137442,-0.73240166915876459,0.68040252020527403,-0.084909751663657995,0.34450529011590908,0.39846072916443637,0.62288527016262774,-0.46626446763742507,-0.04437008941668312,-0.14988643754345324,-0.16896093793720091,-0.1062083159237434,0.48108349984960286,-0.36988396272526863,0.11170303335973783,-0.12264023812731027,-0.019305253505456088,0.1278165213595723,-0.15588055880819759,0.38813025249131089,-1.0162800154523712,1.0142160767417112,-0.10279886756008448,0.0024557326513720713,0.1513463168674474,-0.041095018011711879,-0.30995080556981852,0.63092928564500184,1.0313831542418752,-0.071634098024523224,0.056234502161040305,-0.061664871782789017
-0.016331519161215897,0.018409181586250354,0.75202818394116477,-0.011430752673506165,0.026793983798998937,-0.73209834880375924,0.68057580621434521,-0.091623355028445055,0.38708123329334493,0.4514158492122553,0.65580385614651493,-0.47351200100172325,-0.027794569044347562,-0.15042074820292861,-0.16328383004873748,-0.11441786435851881,0.4823966369060157,-0.37001441534377211,0.11492141504177922,-0.12840516413105441,-0.015766614761496617,0.1319107561875944,-0.15768224064622277,0.39240939997671465,-1.0119765143603445,1.0111763652452352,-0.098803463164731445,0.0028628455495550639,0.14855006499943668,-0.042164139369058891,-0.31013606973677815,0.62376144182451532,1.0244437432096616,-0.073110194498722192,0.055968725580705349,-0.061319399264927958
-0.017013922870831973,0.017799311659854725,0.75072661210595415,-0.013625267886142232,0.030274161483820936,-0.73182647417257896,0.68068189260594758,-0.094837813678943658,0.43373830737810698,0.5101334704622531,0.68965137118783393,-0.48113005091297645,-0.0080360110901062827,-0.15083514602004164,-0.1569348604502486,-0.12240732194794408,0.48504669756711272,-0.37247989130674547,0.11957469599180816,-0.1352973616281522,-0.011661642766765073,0.13604796538704753,-0.15969560009066724,0.39743857252649467,-1.0072215290772208,1.0065371973147688,-0.09523747489843104,0.0030688355939494888,0.14662032979367537,-0.042901413780010389,-0.31136729875581798,0.61664442769288208,1.0158106157714559,-0.073884066978909702,0.055400572954867645,-0.061015448327786492
-0.017598203726371411,0.016961008085295447,0.74917641935062629,-0.016042592773417158,0.033897279674016324,-0.7316695373765526,0.68062713560582488,-0.094147399774655166,0.48202119684771644,0.57023073368616439,0.72195083246685088,-0.48901909630069307,0.015552752020605669,-0.1517257845850474,-0.14979056395093349,-0.1295063164283998,0.48913096063193956,-0.37405876753939016,0.12420560173403372,-0.14270852048852728,-0.0070840106429113561,0.14010505310638827,-0.16194721674838383,0.40318466364644595,-1.0024241978795694,1.0005754146505283,-0.092153314489692759,0.0029963197195723118,0.14575791176776576,-0.043251063312317518,-0.31372000744759843,0.60981108370700488,1.0055024007636535,-0.073922588710305034,0.054424918203616487,-0.06071160895484496
-0.018081660112502569,0.015916049607784935,0.74745824461670696,-0.018424992627542321,0.037638699820737705,-0.73146797733031654,0.68058683947221266,-0.090532876705554904,0.52834634520071511,0.62582100857916667,0.75187632405486038,-0.50311771651560167,0.038455357849877816,-0.15338083313249784,-0.14200756394946157,-0.13529745132166479,0.49483006806800478,-0.37674286987157662,0.12822199130516149,-0.15081268581659935,-0.0026799672139163925,0.14403086899321682,-0.16469495616391694,0.40989400114387009,-0.99800784105084184,0.99356185601802494,-0.089843933263141745,0.002470193015777646,0.14631702486682874,-0.043282468936316355,-0.31701754177988017,0.60356800739570982,0.99374943208277622,-0.072972310532910353,0.052928518670386684,-0.060480275105207128
-0.018491119705509557,0.014722413450430537,0.74557421236216093,-0.020574253217506212,0.041249341508903747,-0.73120372176657356,0.68059996268317224,-0.085856590075189046,0.57035675214467885,0.67264868690018709,0.77930305092686492,-0.51513263043216717,0.058088630233942354,-0.15606753972281942,-0.13443087361448094,-0.13975094415155676,0.50191408030901141,-0.37595096123945437,0.13065783937635281,-0.15921400782033762,0.00079538636495682683,0.14793915008542816,-0.16809206356672643,0.41770156131250052,-0.99439183017656274,0.9857869212842677,-0.088139471484581261,0.0015114268082204237,0.14828941458036957,-0.0431085974125281,-0.32095833502716975,0.59780434588878606,0.98085827318798746,-0.071430582175353002,0.051031548990817022,-0.060512977273459161
-0.018854187052030517,0.013453478380698864,0.74355580389159814,-0.022414061718153116,0.044565923072039861,-0.73063499396835929,0.68094345868573258,-0.0827879815330997,0.60590871762904641,0.70666646518687848,0.80396088767050755,-0.52146765961894725,0.068484812140157156,-0.16008559435380851,-0.12762975092878145,-0.14311336961635987,0.51230906697943146,-0.37733549775078856,0.1320547304150706,-0.1681743141610513,0.0027877367505851525,0.15214233420487405,-0.17242287126668934,0.42658409965492733,-0.99195726557334885,0.9778550187510483,-0.086959123411454189,5.7157359300388441e-05,0.15184244049075302,-0.042977651428208613,-0.32520600412712619,0.59265018926905333,0.96741894323777922,-0.069563379269454273,0.048760521092546645,-0.061060365333418347
-0.019157108683468666,0.012160367035399008,0.74139251823173058,-0.02374933861888397,0.047495418760900653,-0.72968732689128679,0.68171589323276105,-0.083232064038604739,0.63416589827199166,0.72729357646603565,0.82556547493844223,-0.51842664942845662,0.068389023620956377,-0.16531925813913584,-0.12265001158288115,-0.14640157446274715,0.52485533429162889,-0.37624319804536371,0.13229166271121212,-0.177548628950671,0.002986273959954773,0.15647902609653039,-0.17779261070413246,0.43659605151836745,-0.99097058941661265,0.96979551163884725,-0.086061235137294773,-0.001747876635327618,0.15672689805393139,-0.042797268574932899,-0.32966623105124343,0.58768753030079068,0.95335952273631097,-0.067814778366945314,0.046319325597131519,-0.062260257805834988
-0.019310723049614873,0.01089162621930348,0.73907683728807283,-0.02462074263428328,0.049753936633422785,-0.72840709847646556,0.68289198539059681,-0.088103951564626248,0.65417073600501108,0.73346626059137265,0.84536917487058394,-0.51270498184682811,0.054517691408409008,-0.17166400046061159,-0.12078587846872718,-0.15085431343472588,0.54029656456772912,-0.37249284356789336,0.12972227200485648,-0.18688295047904338,0.0010602278995424383,0.16097714198943427,-0.18415534175114379,0.44755513651368356,-0.99166963936009955,0.96179050531693355,-0.085041187979685018,-0.003827636439037396,0.16272257412326258,-0.042663742719373038,-0.33414966609510705,0.58278119295156139,0.93902108084037872,-0.066941371886047513,0.043905182497670454,-0.064375535208429355
-0.019280854627109982,0.009652886591159919,0.73668695593118649,-0.02526138562009024,0.051541792239262862,-0.72680043669647443,0.68444607623035769,-0.09624028132637874,0.6681836703083962,0.72923745543683882,0.86362063507075837,-0.50745829263728015,0.030511615624570998,-0.17895402803087826,-0.12111315554312921,-0.15573331031712589,0.55982113185926285,-0.37598121106474508,0.12901734103214757,-0.19598689005832051,-0.0022270934482086038,0.16590023324116193,-0.19157027136189031,0.45911454949882469,-0.99386423277068525,0.95416075359564645,-0.083779322016815247,-0.0060379403258958905,0.16950698627161812,-0.042419599152275042,-0.33867944340286643,0.57722779891138032,0.92429028060117413,-0.06696517651097747,0.041654671163952203,-0.067375246632394539
-0.019010284904335522,0.0084318327020951392,0.73429852928877892,-0.025566466232209914,0.052817831996407813,-0.72502567370848048,0.68621746180869025,-0.10654593471393878,0.67731639491637452,0.7177769825193,0.88098369578015201,-0.50469274214284998,-0.0010780735425682322,-0.18737812296934767,-0.12378686674214029,-0.16037975530755894,0.58294703706511208,-0.38422355661089053,0.13020243028035461,-0.20455624802667627,-0.007075761011366994,0.17055379289313433,-0.19994526752661484,0.47151178375032382,-0.99777318708200535,0.94686589422736978,-0.082156893136286338,-0.0082853470242576013,0.17681177666536807,-0.041876070012019311,-0.34302819188819339,0.57041434592271545,0.90915736721865015,-0.068566187807083193,0.039843290404394292,-0.071432965479867855
-0.018543987616023962,0.007232612038045207,0.73186417691251349,-0.025488695510350091,0.053638142009224433,-0.72311517838357464,0.68816982999421772,-0.11850369362333715,0.68253373906392578,0.70130477036762817,0.89758642276294065,-0.50326070704934089,-0.036369026824314997,-0.19667121584601735,-0.12866320980577628,-0.16476979854530138,0.60875309855769255,-0.3965838332979183,0.13365746518233421,-0.21239046576382153,-0.013507236697586619,0.17486673026890698,-0.20920606832550778,0.48486095020756875,-1.0031780597288584,0.9397926945952878,-0.080240895770317094,-0.010405769579979289,0.18428809577088565,-0.040759909850229398,-0.34697600630893638,0.56178309856415098,0.89333633749528518,-0.071028082044402863,0.03852073763942257,-0.076260001065584893
-0.018025716200557769,0.0061457944718728954,0.72930096685956924,-0.024867320740956864,0.053951351279142003,-0.7212336340333334,0.69013977801123239,-0.13162020481602013,0.68488863505317743,0.6820212243835021,0.91385395177461193,-0.50231674908287105,-0.070605118605807315,-0.20741112500028547,-0.13588929492215035,-0.16871764799933808,0.63739885674525643,-0.41214600606542828,0.13890934449431336,-0.21997419031958934,-0.022527366826480058,0.17936409768640596,-0.21884800189250803,0.50000667083051298,-1.0097959984491904,0.93407123997801889,-0.078462189201804797,-0.011790856530356914,0.19127113393699208,-0.039188347277667818,-0.34994057985003013,0.55067770557348028,0.8763914989929622,-0.074141057693741186,0.03778850678501984,-0.081698541061744914
-0.017447907630219219,0.0051610247541336255,0.72660249282056033,-0.023812650493689268,0.053983910140914644,-0.71936003661192938,0.6921270351951635,-0.14592053286797826,0.68510965411276115,0.66061911761857572,0.93005194474640296,-0.50262635655468357,-0.10236102297075036,-0.21945837342274449,-0.14491797711768187,-0.17251382975717541,0.66802935267200059,-0.42839768630873981,0.14530487159331379,-0.2270012320649725,-0.033465374207157152,0.18394854234548469,-0.22901896967055463,0.51667381811605795,-1.0173999284999065,0.92940349916480447,-0.076891090488512601,-0.012484979569884194,0.19762702475015187,-0.036884949269354879,-0.35199576338119348,0.53684778869183669,0.85812711689153154,-0.076728892017050479,0.037570133230087684,-0.087289066899516418
-0.016743622911109247,0.0042793223878095019,0.72371971173672078,-0.022574067587210152,0.054071084569423583,-0.71752456464182657,0.69406428262921882,-0.16129404414029028,0.68490098872728311,0.63902347489431377,0.94761518800252609,-0.50576072898189517,-0.12831786209959523,-0.23286626986882997,-0.15519478470547976,-0.1771276339219563,0.70034681553225053,-0.44342977313298859,0.15308905505114737,-0.23327874832614492,-0.045081364494982679,0.18883263346999699,-0.24007441451780193,0.53390870209519303,-1.0253673957314029,0.9254634234667124,-0.075099648689216217,-0.012964313634169583,0.20309798669208126,-0.033501356240095703,-0.35329528575887509,0.51946877920342505,0.83829292199807359,-0.077501629858925114,0.037861119061362192,-0.09254223987130536
-0.015928144571869713,0.0034963369047195402,0.72069179296670816,-0.021233783735502516,0.054398997795635028,-0.7156906938308939,0.69597177114517983,-0.17785591475073248,0.68460917008188438,0.61742542387237598,0.96612557946864397,-0.51121331150048654,-0.14816075830465164,-0.24756750127502503,-0.16592413411692614,-0.18190110872795701,0.73369156999798713,-0.45607922810156765,0.16152297000167437,-0.23862696869632499,-0.056956472876553955,0.19399224811703714,-0.25218697124271028,0.55167490419017229,-1.0337378942590276,0.92220447307414788,-0.073402798489955443,-0.013185826394420157,0.20769649311025137,-0.029004594228165925,-0.3538234062792508,0.49891386622533096,0.81684526759777942,-0.075556399887153222,0.038488897333119498,-0.097069179674625125
-0.014874185594585953,0.0028147931633137747,0.71762494392677911,-0.019987834878910964,0.055346591447841827,-0.7140684006057969,0.69759842354196799,-0.19602412742059705,0.68581237679931351,0.59714489363478573,0.98769383154490809,-0.51869577288821167,-0.16062991638765398,-0.26393455415320943,-0.17575807422453013,-0.18611694847868954,0.76727139146243029,-0.46382660315502966,0.17060299423546663,-0.24326387613085451,-0.068238657752606235,0.19938956640415251,-0.26565771605124922,0.56981081096680242,-1.0423293632035526,0.91929083766701225,-0.071824492810765334,-0.012579848339769051,0.2112704086606593,-0.023017120734525658,-0.35394519126752744,0.47465387451797048,0.79381260815328014,-0.069197266490961626,0.039308963163988596,-0.10022875631566341
-0.013601338574591403,0.002234786407458382,0.71453675771807157,-0.01888274645098546,0.056993441905755123,-0.71256083707870443,0.69903665349386368,-0.21590069113401006,0.6884290294200569,0.5776016103837629,1.0111336889953761,-0.5275360994696674,-0.1671348105251878,-0.28182672511592188,-0.18382423805989898,-0.18837226209480162,0.80090858568163181,-0.46847574319514929,0.17859282153723649,-0.24700246672669646,-0.07875021523149256,0.20507721653670091,-0.280623468279037,0.58832567991805307,-1.0513397018808865,0.91679238444543754,-0.070617514330721096,-0.011338407822401505,0.21393730532462643,-0.015821043394197411,-0.35367661210257617,0.44784017569607554,0.76938140325674453,-0.058477018501772102,0.040158983760051663,-0.1019657555743613
-0.012118842239350785,0.0018492407879018816,0.71146545744544931,-0.018050736208587694,0.059742947566526122,-0.71097466943413679,0.7004426961296778,-0.23847888308013193,0.69315060109043303,0.55812914996095686,1.0357262387466619,-0.53775351853323283,-0.16961143685746632,-0.30135668207735677,-0.18853397540514655,-0.18748513730843427,0.83381542430169997,-0.47028113678993649,0.18587161875176211,-0.24969542612769458,-0.087888764593396979,0.21176911365454257,-0.29747300520347358,0.60683313744127176,-1.0603720490041817,0.91451513745000668,-0.070380260262222216,-0.0096510964043311654,0.21583033118126743,-0.0075720128835114961,-0.35243024663941674,0.41897980815321179,0.74365121605317641,-0.042473319295511236,0.040803932553826812,-0.1019808299511724
-0.010467183937244658,0.0016212607773339917,0.70840245339997221,-0.017449141997487708,0.063426407373091756,-0.7092157972111105,0.70191564398972051,-0.26362140655641569,0.69934949513252476,0.5380540271018428,1.0607038897958507,-0.5479645154239311,-0.16952007364878835,-0.32246809899568013,-0.1897542587986869,-0.1824442908233514,0.86647495326023904,-0.47002016837961041,0.19148878195215391,-0.25123068065179982,-0.095892472711759796,0.2192826371061592,-0.31621548735679572,0.62540296196725231,-1.0696733021108948,0.91252722754911775,-0.071038027669242609,-0.0076616409728357277,0.21707454434439744,0.0013560622147274458,-0.35052871636347332,0.38940111929306626,0.71697027029125826,-0.02233112655502123,0.041204862864818011,-0.10053508688556075
-0.0088121171609150655,0.0015089595557788529,0.70506696462485519,-0.017171003725968689,0.068330398954134577,-0.70733061380541962,0.70336300441767685,-0.29187611310657546,0.70773677408225755,0.5153570006160324,1.0849597645081981,-0.55691732371346669,-0.16833908322780161,-0.34625494784084976,-0.18605467696103448,-0.17174526818452754,0.90070553176735102,-0.47025609321443873,0.19618180809706473,-0.25226389450602299,-0.10157105974747567,0.22723850293328138,-0.33679230359728884,0.6442621978291434,-1.0798143927945039,0.91139529078944803,-0.072917587600070818,-0.0057777156979067247,0.21775576401999583,0.010299724449074066,-0.34849993444012978,0.35999957953214623,0.68978790680774038,0.0013819734048206682,0.041297605320219304,-0.097857817167221278
-0.0071953800737514229,0.0014664666666251551,0.7015208330899384,-0.017026496714643808,0.074059915031982684,-0.70521277965659013,0.70491145742150374,-0.32271050759950254,0.71701078167099641,0.49045122397722823,1.108795551872348,-0.56611830726824253,-0.16741227377067958,-0.37209801498136819,-0.17839064687563613,-0.15597481086890166,0.93597376633770524,-0.46921465144949226,0.20025717185948683,-0.25269259459936133,-0.10581785105578223,0.23543495515556401,-0.35909407719407055,0.66339609575791358,-1.0906879232877082,0.91099420747866588,-0.075740780520498013,-0.0039802550141894953,0.21808336967953448,0.019028094081283246,-0.34665079305456692,0.33203708290675366,0.66258103585005423,0.026970354141087484,0.041170449117651477,-0.094402562103285528
-0.005556915578182945,0.0013806507966518896,0.69792451667645961,-0.017072048047074288,0.080354261538136254,-0.70309439636890847,0.70633561967578895,-0.3545363192677613,0.72604467434675624,0.4635443093827688,1.1319204806115919,-0.57727885895327491,-0.1680014227699837,-0.3986293578757017,-0.16619620557609072,-0.13480848925243616,0.96975814509843306,-0.46442376585303846,0.20308595341405766,-0.25270840156071661,-0.10920718212215662,0.24358528644190108,-0.38198948681579448,0.68258087466701456,-1.1022375028085973,0.91124358749974343,-0.079525871548189922,-0.0026047515095402184,0.21750644402974115,0.02757535364056302,-0.34551268993805717,0.30675741501561443,0.63586509775304512,0.052482237957148313,0.040913031890396558,-0.090845614249621898
-0.0039403826602713871,0.0012502286978603482,0.69426492212305724,-0.017048371934510902,0.086914685501170874,-0.7008119910553734,0.70782606878499454,-0.3873297152356322,0.73388744946818807,0.43488887570728824,1.1541208579746491,-0.59002980121007531,-0.16933179236933682,-0.42575386710863983,-0.15111246317735566,-0.10968138118081076,1.0028965657247186,-0.4570101657922539,0.20569911037536717,-0.25242158635420736,-0.11244484751507369,0.25154701598411761,-0.40560937235958555,0.70180939896341521,-1.1141398264415621,0.91196405205146791,-0.08391765406403015,-0.0015064288248258252,0.21632563945116265,0.035489568117602455,-0.34540295045820174,0.28501126233026008,0.61019588909776712,0.076579522430108377,0.040599317388235155,-0.087548042816863861
-0.0022584152125220301,0.0010323864746290526,0.69059299836828392,-0.016649577445800111,0.093263289272935479,-0.69803370070615256,0.70977017627070227,-0.42095125800627636,0.73856676269269494,0.40443523561484668,1.1754024488513488,-0.60431585220605377,-0.17020963480367624,-0.45231356689276525,-0.13580131991975686,-0.082752948148078376,1.0348137125416814,-0.44694597277862874,0.20844670074409774,-0.25214836853673794,-0.11645553686831961,0.25906992663499623,-0.43052042255174472,0.7206297126701573,-1.1252739162270666,0.91340478538503478,-0.088556656169550274,-0.00053300001286123448,0.21484748010021265,0.043100265930341768,-0.34687224058798821,0.2680523742005903,0.58618838148087082,0.097006939453629648,0.040328904310240957,-0.085290229685444502
-0.00051906454123511257,0.00075062219427655323,0.68689393942779031,-0.01578971549066778,0.099342125072490642,-0.69473879348900469,0.71219367863822602,-0.4552476178690289,0.73979535676585195,0.37255875562356072,1.1953997391326385,-0.61896932318858588,-0.16973293230510644,-0.47821348514487255,-0.12157002634994765,-0.056116802537958504,1.066206976191322,-0.43718102587036539,0.21253490789200544,-0.25206376450701173,-0.12122760010757354,0.26640848790631638,-0.45659857348042449,0.73893392784384182,-1.1355057298602846,0.91537673719195156,-0.093288911646420794,0.00042698086965188683,0.21323020656621966,0.049746989473083619,-0.35020077668303146,0.25573145459288277,0.56402440111026797,0.11339754345389298,0.040077548039821068,-0.084059361505176261
0.0011881414058229041,0.00038799196737862877,0.68308315047216084,-0.014409260853059467,0.10496458576197697,-0.69052261013963401,0.71550914307465929,-0.49012673423187569,0.73786090885386557,0.34052282033838815,1.214058474595491,-0.63284660123595937,-0.16828175601748285,-0.50313819532056603,-0.11040904813145125,-0.031972647567791578,1.0987097445920906,-0.430053921908155,0.21817950888615889,-0.25298041195965143,-0.12676952247795753,0.27374031444970048,-0.48379878110040142,0.75642621199082472,-1.1442396764218443,0.91757086518128561,-0.098014268422137701,0.0019224220720493296,0.21170865358046612,0.054761565452669241,-0.35602807887602661,0.24843423473113238,0.54402036515949792,0.12446118423647155,0.039841911731415859,-0.084174580098681062
0.0029033302116251696,-4.356358154911056e-05,0.67918319290331597,-0.012489290562791102,0.11016511221368783,-0.68555711836714106,0.71952699958259136,-0.52504065790159671,0.73249427984487248,0.30863027951543087,1.2314117467190218,-0.64690984057821044,-0.16479349039827168,-0.52671706539849528,-0.10350943267449202,-0.011927335288498497,1.1310823369399792,-0.42566414107575506,0.22419430301677512,-0.25474418410077365,-0.13289442419990424,0.2813140854352314,-0.51189730992909199,0.77288420793454837,-1.1514607997743296,0.92002749497664482,-0.10278628383288058,0.0038711507122346773,0.21040154061958935,0.057751389313553822,-0.3644615079382571,0.24540516475490076,0.52591139004116305,0.13080151341083254,0.039651222315801579,-0.085327810266536588
0.0046678717038272158,-0.00053736512269707618,0.67522514056849436,-0.0098768325257072263,0.11492713809488767,-0.67994771544794086,0.72413072394817268,-0.55945845560438145,0.72360469349114787,0.27795080826173363,1.2475726288533318,-0.66133904032885682,-0.15971333829410847,-0.54841481010530202,-0.10350841931672909,0.0019561026915209129,1.1619809937027876,-0.4264399067536942,0.22838344145587197,-0.25729920533200878,-0.13958048095763489,0.28918773036744727,-0.54094215995286399,0.78796218029367338,-1.1571965466860277,0.92295574605557384,-0.10775473236245504,0.006267423027338734,0.20989215223614682,0.058186490077698098,-0.3758357908630906,0.24616307109605423,0.50941538492696703,0.13256914600329642,0.039520360454978545,-0.087229554848507834
0.0065037151870672447,-0.0010686657044646532,0.6712235736247445,-0.0066153712212483895,0.11932556761798863,-0.67385746801930491,0.72913219553854725,-0.59302357860852095,0.71090173640939114,0.24800594250148761,1.262437804213669,-0.67705502956007346,-0.1531657501299902,-0.56851045212384332,-0.1106206996522812,0.0099137422297137703,1.1904425701681305,-0.43005902518989131,0.22954022510439331,-0.26058053244762464,-0.14654339537113981,0.29762336514130028,-0.57061696514721316,0.80157770605672141,-1.1612989542144583,0.9262450723219976,-0.1130382677173486,0.0090326635955790772,0.21008556366099382,0.055855279142403014,-0.39008964223787757,0.24987350534665564,0.49414181566465259,0.13081159127085912,0.039534356750351447,-0.089596498803538052
0.0084378482464243908,-0.0015958485976133,0.66718148584105985,-0.0025225280417986947,0.12328707603878798,-0.66755080876590789,0.73428186103843507,-0.6253553658792792,0.69378795235166124,0.2188669568141863,1.2763243660966048,-0.69411832173789623,-0.14500602892625353,-0.58744746363653577,-0.12589391768091984,0.011969624978507756,1.2148315399049283,-0.43556778580332384,0.22552731947481522,-0.2641499178907003,-0.15407623737667697,0.3067061987176582,-0.60086131325933878,0.81357849752143729,-1.1636511054037144,0.92955475619065564,-0.11918060316934215,0.012282760492671864,0.21149912387232978,0.050737669599935829,-0.40740919044333473,0.25557340585652144,0.47933345227372182,0.12668713023210906,0.039782719586285285,-0.091863300537268835
0.010443081970797815,-0.0021086449046942846,0.66312492234546117,0.002228117191012448,0.12701328969960296,-0.6609973971748162,0.73955736806659367,-0.65709522095374884,0.67317156832643799,0.19010000780365371,1.289716581799895,-0.71113664273194876,-0.13780661101345842,-0.60552228719665957,-0.1480948816483697,0.0097198213919783335,1.2344957928820166,-0.44062432565369886,0.21560317362204307,-0.26836285448614122,-0.1616149472274247,0.31667755270551173,-0.63141461670839416,0.82404974857530178,-1.164181297559377,0.93278128597447807,-0.12610643206876057,0.015946669549003912,0.21382977730467401,0.042816329834970322,-0.42744520174795919,0.26265471094238368,0.46483974653242366,0.12106157403647348,0.040299474051482424,-0.094060717895311979
0.012519240388774947,-0.0025735520495697062,0.65914098805449706,0.0077446692916708169,0.13071906403318109,-0.65437385063304931,0.74474654077983349,-0.68860115306109759,0.64900801731520164,0.16155941141808933,1.302560237313289,-0.72703752041639402,-0.1316242009855558,-0.62412286685663609,-0.17580272449368989,0.0033031303722331502,1.2494596346518596,-0.45130749196030595,0.19936107874195325,-0.27351613877727365,-0.16877232947156587,0.32758852906286678,-0.66199540897827081,0.8333686857131124,-1.1631030158579705,0.93564929723083323,-0.13378574367585555,0.019492066893425128,0.21591195358961648,0.032296951652492564,-0.45042745394850958,0.27025619034564746,0.45018471202258475,0.11531459752329658,0.041167862295256902,-0.095880470757619546
0.014593426154554463,-0.0030106552070472692,0.65524282274802037,0.01373939563822776,0.13456012792060276,-0.64758290631512105,0.74989411281190177,-0.72094256368990883,0.62331136717695002,0.13357411963968058,1.3163175730901426,-0.7394605104293871,-0.1278803146543579,-0.64313431299770807,-0.20704534911174113,-0.0048408722668711549,1.2598017599745526,-0.46519114664444028,0.17781652118226937,-0.27980785376755335,-0.17504863831209921,0.33964966665360674,-0.69246169479291075,0.84162216064065765,-1.16048847942314,0.93821712391994661,-0.14212166233524523,0.0230390364506107,0.21786338367466909,0.019157908644815126,-0.47566565288227336,0.27806520759581665,0.43547680229108227,0.10974979211033609,0.042336720409392743,-0.097660647752920493
0.016673706182543942,-0.0033698246272027945,0.65143791135361495,0.020062239672441667,0.13892743720683703,-0.64058027763425995,0.75495270158896777,-0.75465741795833319,0.59624994172244583,0.10531063679276041,1.3303349375487328,-0.74985292135272741,-0.12533085497973417,-0.66428698546030318,-0.23934440136540849,-0.011774682283331502,1.266632068548553,-0.48452011073173595,0.15152577167244888,-0.28723225507015537,-0.17925125411211687,0.35321537916993884,-0.72345233631499251,0.84856122457613437,-1.1564116940636258,0.94004176741342582,-0.15025057442987089,0.026550882473448303,0.21995116239340626,0.0035744848128499204,-0.50291527933601732,0.28528469982437882,0.4207781465282493,0.10511977963910164,0.043812634500232366,-0.099657676747926596
0.018673609496564325,-0.0037205382440170455,0.64770688955393063,0.026687242400838765,0.14379773055767694,-0.63355970192223898,0.75974476495709065,-0.78933957404313082,0.56901222563138742,0.077920416222241717,1.3448383795425209,-0.7575214071888533,-0.12353859722505922,-0.68777979789393739,-0.27117043885360198,-0.015273581662565584,1.2684516630250773,-0.50252916957280924,0.1215127511273545,-0.2954107325021702,-0.18172759867251873,0.36766406305060845,-0.7544505018828036,0.85438692177482589,-1.1511288738567669,0.94142734033326936,-0.15841618021765042,0.03010961133412228,0.22235746711775947,-0.014543755198890613,-0.53147787286653425,0.29218661272873886,0.40625253839793324,0.10128686501436401,0.045571674200742443,-0.10220218374347433
0.020531322385860744,-0.004077652019499378,0.64401065945303704,0.033466355908353215,0.14941329688142202,-0.62665591292936118,0.76410603748950245,-0.82483593247016229,0.54234411961816098,0.051257337188260782,1.3591672677909954,-0.76417107378443017,-0.12203114276763756,-0.71448002675103706,-0.29954718990103341,-0.012968742361345044,1.2663731165913401,-0.51785027234893533,0.091342108933957084,-0.30393454238117235,-0.18220825833667104,0.38265172830794447,-0.78576595649424186,0.85879411562189223,-1.1449626278401726,0.94248903631318304,-0.16644778027952586,0.033653951365702629,0.22561196257215502,-0.035815403398264223,-0.55976192381756307,0.29857467785578545,0.39290029323429071,0.098266519840200933,0.047661653476573036,-0.10581834816184671
0.022192830295899243,-0.0045244586079003979,0.64033232075321789,0.040434670085343502,0.15564249856190079,-0.62002610413990855,0.76792452772494901,-0.86035205819371852,0.51674440723736204,0.026182935437485417,1.3729900726279454,-0.7699663195891584,-0.12015565783701945,-0.74410210194061466,-0.32382154814583769,-0.0040485868704548816,1.2610272237558446,-0.53037032155866615,0.063420295052933701,-0.31252045683235491,-0.18127309918115181,0.39759890339527026,-0.81678420206000835,0.86202823498781833,-1.1380362527908401,0.9435189139117508,-0.17464284479928008,0.037166601533197383,0.22981522144799055,-0.06041018583055914,-0.58745789999292919,0.3051731504576678,0.38078903076447801,0.095765677882362177,0.050016719463943732,-0.11053364356827292
0.023621743757356692,-0.005129066799216069,0.63658643485532818,0.047365019350523535,0.16249789511199669,-0.613805979884814,0.77109870190769936,-0.89533666542449419,0.49298970983969259,0.0025161588192755026,1.3861475204121334,-0.77691153609069352,-0.11795148400213921,-0.77636780387381776,-0.34188738739664098,0.013177001783740025,1.2537443880643511,-0.53986393451949777,0.041806861501460714,-0.32131928752278227,-0.179091933332478,0.41217607539683576,-0.84683305706199685,0.86462532847133788,-1.1307643395606037,0.945401090508589,-0.18322699870212486,0.040405104800126546,0.23500629490836203,-0.088694099793826545,-0.61412561573629298,0.31317704748171266,0.36980888580829674,0.093535590782136843,0.052621520030582125,-0.1166466482117603
0.024769853737041984,-0.0059588642590171544,0.63279159115038941,0.054414010420070193,0.16980436298383456,-0.60803026215466238,0.77363091593200428,-0.92959086029457261,0.47103802562695768,-0.019316983694186919,1.3986409834725724,-0.78388208839018458,-0.11574552037738474,-0.8106176706499546,-0.35435343623014076,0.037797441346201513,1.2445680779552297,-0.54694913282080226,0.027219366536335481,-0.32991185467849637,-0.17636154749631278,0.42595267592384001,-0.87578499099158325,0.86666613737051845,-1.1231641927761649,0.94810514805669488,-0.19223196038784479,0.04334402306123919,0.24110711229270865,-0.12077181442469892,-0.63928547284625414,0.32290741015966612,0.36026282483341526,0.091247335905001628,0.05531152587964034,-0.12384924005034843
0.025824603932173958,-0.0070756912231457157,0.62870411667168957,0.061926021842214254,0.17781137774591249,-0.60269016382575369,0.77544364604436922,-0.9633551884166015,0.44985835204814661,-0.039423245504017351,1.4106246477067128,-0.79691173083271838,-0.11357982894537913,-0.84581329077616785,-0.36104872091173995,0.070419545653369969,1.2315466488425604,-0.55321462888899442,0.01955560527498728,-0.3366336308978598,-0.17160959523410851,0.43782667197267461,-0.90332893288520522,0.86797413423433423,-1.1163002177536474,0.95148993704910745,-0.2004623732891162,0.045744061010127145,0.24550459281722231,-0.15623439573369785,-0.66532005596018406,0.33681280681454717,0.3519047383825572,0.088409499996881385,0.058011214757937579,-0.13266837838608878
0.026673224180272941,-0.0085089918258788953,0.62441116393205487,0.069914915083992155,0.18633816774837292,-0.59765572684096879,0.77665798396924468,-0.99738767175223975,0.42999702185595828,-0.057547056698678135,1.4228056516947067,-0.81001000317274996,-0.11213914999483415,-0.88100744171867762,-0.36324401651326199,0.10827675300753287,1.2153101200879948,-0.559493503362821,0.019933839314606839,-0.34136843931058186,-0.16560672666485629,0.44800088472823407,-0.92985538575716964,0.86880569643942918,-1.1100433478144598,0.95554909757517303,-0.20802417710369067,0.047615699411710809,0.24865419293681995,-0.19518583258274425,-0.69079018835780126,0.35413355912834116,0.34496718189412162,0.084808342290166844,0.060449231277184289,-0.14242520903986902
0.027165265142125503,-0.010328092420626022,0.62001121954572636,0.078330273442523829,0.19507807649812281,-0.59284448736174888,0.77739586192428245,-1.0328329997484791,0.41229337170010688,-0.073725559488732439,1.4365838206101762,-0.81399216110751227,-0.11138835162985126,-0.91427080538198391,-0.36423271429523874,0.14786745381464184,1.1965217350065971,-0.57064232551913441,0.033335102841568258,-0.34415156003199882,-0.15940485249817696,0.4561115292923873,-0.95451409170061274,0.86850589568711256,-1.1027875725981671,0.96190999657587262,-0.21599148683122332,0.049777065518424271,0.25214992512206197,-0.23923965523255208,-0.71416711626611873,0.3742023707467943,0.34108031393390437,0.080355003411814535,0.062644030507550019,-0.15175661923247927
0.027242733062424487,-0.012515752666286732,0.61558356361099509,0.087233139794654052,0.20405459176496896,-0.58806953819310603,0.77777009530486974,-1.0690742477990189,0.39566375031076223,-0.088729409587291197,1.4506173544434402,-0.81352355963742695,-0.11140815605158672,-0.94540403558839092,-0.36407995546296135,0.18699379440941638,1.1754719789156152,-0.58152239667163996,0.055607256183010781,-0.34514059221220206,-0.15327717691224002,0.46244545453339908,-0.97805272778402341,0.86746395302678136,-1.095226624227577,0.97003579496335979,-0.22392299207309044,0.052092881810268277,0.25582158767456442,-0.28790430216253393,-0.7348380069076268,0.39669081645796678,0.33968614787462964,0.075053840628815427,0.064320315322500127,-0.16037500903004565
0.026886426571986477,-0.015061079662685819,0.61110189013360117,0.096720802749418147,0.213494497250307,-0.58314039677669038,0.7778254711736251,-1.1063678712449241,0.37928452501580467,-0.10348795758441813,1.4643967939199691,-0.81234801910889842,-0.11202757283633706,-0.9748032730013807,-0.36201569478213302,0.22393255852014507,1.152311996400226,-0.59008673372403742,0.08522626686432716,-0.34480086307403834,-0.14723774907311121,0.46663932309750128,-1.001247293145743,0.8660063772401746,-1.0882968047795687,0.97799934217456808,-0.23095552662012572,0.054207245732026559,0.25944753648072189,-0.34033225094721603,-0.75262367411623887,0.42109461115266367,0.3407830188911819,0.068823834379035803,0.065097169807307106,-0.16791136334209805
0.02605791718695084,-0.01797501418645462,0.60661793621792925,0.10670915988152201,0.22334377391638902,-0.57782467349640099,0.77772061857002572,-1.1440327148958063,0.36305455786884333,-0.11797737023348064,1.4766540496411535,-0.81174576298417489,-0.11290794686261196,-1.0020298300230341,-0.35889460323944505,0.25670884186409793,1.127421163615475,-0.58673119261362461,0.11424162637768784,-0.34352435597340891,-0.14137091887546382,0.46912571384803559,-1.0245243969590911,0.86426927991162428,-1.0828234704994031,0.98641688373946046,-0.23696329419337184,0.056234228427124229,0.26279533509861719,-0.39614652956524732,-0.76723534347212996,0.44708605513835042,0.34345141600098228,0.06185452829708607,0.064935616125088483,-0.17422561202420286
0.024633679558405792,-0.021277132011099972,0.60229090464319379,0.11717510106378118,0.23367269368058208,-0.57137335852918214,0.77794572630861425,-1.1821491809857276,0.34518191523677733,-0.13368447856928636,1.4854826017422791,-0.81042882480702505,-0.11520113750259757,-1.0263450717780365,-0.35612845579013214,0.28307086981351942,1.1028937544911031,-0.56089451271617374,0.13073640814608767,-0.34209333349671139,-0.13545395605757082,0.47052755892789005,-1.0484630011507914,0.86220966831569812,-1.080558447546039,0.99567531993381464,-0.24176460141648465,0.058054271387971548,0.26527997586160007,-0.45516341553623663,-0.77877262812328885,0.47404062538382741,0.34757237344856351,0.054218028531970559,0.063684674336660432,-0.17893354368836084
0.02276559857576374,-0.024928027669775012,0.59816063067278336,0.12765132881615834,0.24466331982739739,-0.56378493282927244,0.77845458936099776,-1.2206642524703588,0.32727052940366902,-0.15003484159557248,1.4909175846780567,-0.80920655328037983,-0.11826045599995276,-1.0483708599131976,-0.35404253437273736,0.30467109409228893,1.091565934343198,-0.5657003671048918,0.15154357599041929,-0.34070155386044737,-0.12833174003140813,0.4719724505248899,-1.073129329759875,0.85957750083999662,-1.0809776378939204,1.0065249415093858,-0.24529071932351568,0.059745556144386369,0.26706178254451191,-0.51736061437331637,-0.78806086992044966,0.50164577832057711,0.35190516239299241,0.046269247562914263,0.061486293300449531,-0.18214700711889045
0.020525367322762104,-0.028914811449111257,0.59414992787675081,0.1381621171340188,0.25607336611612425,-0.55540564050025254,0.7790136295697967,-1.2590454573885195,0.31139644518620568,-0.16469533720399579,1.4934220249542931,-0.8079052628627118,-0.12421704831991413,-1.0707213663173303,-0.35587676969987253,0.31857889730012084,1.0900351087345537,-0.59398894787494083,0.16654702979981809,-0.33937469885082172,-0.1209244394830461,0.47331308721049309,-1.0987951320650162,0.85672013101061428,-1.0855531676591084,1.0202808698307626,-0.2477490140685023,0.061584339508048792,0.26777027861618813,-0.58258178832224272,-0.79497213248667731,0.52993522487352362,0.35501800505618136,0.038341071865396703,0.058527008427672236,-0.18379076288950369
0.017876108156947228,-0.03326872357880143,0.59020619640738303,0.14886970702588723,0.26779724472871669,-0.54627287968651139,0.77955653224428934,-1.2969927637963405,0.29813160122553944,-0.17645184287426907,1.4925987685211168,-0.80697387939978182,-0.13129507223907555,-1.0954706045489873,-0.36170792239478017,0.32528033672597895,1.0966564589854619,-0.63361346612525371,0.17891960928947823,-0.33789960688466747,-0.11364531144816717,0.47431199213082947,-1.125485774958304,0.85346263724548632,-1.0934334649833086,1.0365944682709409,-0.24901147643089136,0.063684107230328413,0.26748329370588442,-0.64982819880284914,-0.79957408391911489,0.55834983858454312,0.35641080646946383,0.030747304478227391,0.055006740578248059,-0.18418923524199535
0.014723434729700419,-0.037989408056629856,0.58615392996321836,0.15982132031194379,0.27983567966035844,-0.53629001622657235,0.78009112061250652,-1.3355188592346847,0.28850137154205585,-0.18438836721756668,1.4894802527039464,-0.80583274338991473,-0.13993815050557387,-1.1235727986065587,-0.3712465684665911,0.32516986497138978,1.1106033916028748,-0.67975629661197168,0.18934133609743847,-0.33684226424657709,-0.10704657692878369,0.47488809013949512,-1.1533123306998048,0.85026174288827872,-1.1043069778697141,1.055944859072578,-0.24897344686928979,0.065677565557602985,0.26630342702499921,-0.71846671510992399,-0.80136992945827012,0.58601858466333323,0.3555384789086139,0.023854149910055165,0.051355064160361862,-0.18341868683331988
0.011030978505385846,-0.043199106403590343,0.58207926315216196,0.17129294473736745,0.29195021869302101,-0.52545248459554461,0.78059175201936926,-1.3723800200650773,0.28147343825270388,-0.18847351824195324,1.4813778917733302,-0.80784237024296224,-0.14814348989074239,-1.1550689731143813,-0.38414078216879927,0.32032185972225485,1.1304782143352274,-0.72610825822093461,0.19613788871162394,-0.33573949344406434,-0.10184640189834898,0.47494754091030639,-1.1822640534770406,0.8465798600275628,-1.1168352499917995,1.0769920052359894,-0.24750327924592141,0.067888990956400372,0.2643453221856239,-0.78710104941940773,-0.80039777766339093,0.61242240325161501,0.35260488798818035,0.017842133396994673,0.047572506237371186,-0.18198028367034016
0.0068582523746580264,-0.049011252133233776,0.57789123322896319,0.18375133581039044,0.30362214092725748,-0.51344366743289704,0.78129676979986518,-1.4068388615589789,0.27539772478117591,-0.18808235085897332,1.46951245215839,-0.81851161995303956,-0.15525298559684941,-1.1896017479436747,-0.40030033141384935,0.31399337954621764,1.1567766299175921,-0.77010158236372295,0.19609501114297784,-0.33507190921357571,-0.099798596394226294,0.47397889045106661,-1.2117510292864182,0.84215207528420799,-1.1288567805270555,1.0980574746648499,-0.24415760750375298,0.069966953254307712,0.2620987807442472,-0.85428214581692408,-0.79611222547897775,0.63718940025538229,0.34772841743910504,0.013060903615696865,0.043989677952203356,-0.18026208488112419
0.0021759982365714328,-0.055576719935860455,0.57388267716504948,0.19719207469189409,0.31467801819876767,-0.50034911005912142,0.78214052356609731,-1.4397813157358414,0.26714806809816621,-0.18703090593989427,1.4560803065383938,-0.82482717979672959,-0.16353072451026468,-1.2263801754699806,-0.41790632145035844,0.30833117575777275,1.1884891968818252,-0.8057551960311381,0.19124302836117404,-0.33421073116189509,-0.10133477219079595,0.47303103722618894,-1.2425085889970033,0.8366596175848009,-1.1397186882531187,1.1178285210738048,-0.23906896217545051,0.072323583473004535,0.25953786591520261,-0.91891278217107553,-0.78906581407772258,0.65981192902393682,0.34106942893222392,0.0095592343131308977,0.040461606719203548,-0.17872482791737604
-0.0031206833368484684,-0.063149639303534441,0.5702464560186058,0.21187994138478181,0.32508457169011384,-0.48614845737089174,0.78299846046064481,-1.4704487461217084,0.25711500378275326,-0.18460702864882686,1.4391367249035536,-0.8237724644004939,-0.17122896974472021,-1.2662149083099252,-0.43744453099093467,0.30372957811193446,1.2277800146775686,-0.83310215846022573,0.18571656766013631,-0.33261846709709508,-0.10636236548081207,0.47228174981417659,-1.2746345641382304,0.83006396641351987,-1.1484478837053436,1.1335911831821337,-0.23245822079100398,0.075943039616312352,0.25511781949120033,-0.97911570755845856,-0.78005580693363785,0.68002060601820524,0.33266404590368881,0.0075267169982843676,0.037100675677732148,-0.17794906699887966
-0.0090654363395036748,-0.071888270233566184,0.56720742434322857,0.22760440354716582,0.33507446991598339,-0.47052369673357186,0.78391886436584524,-1.4980296234167805,0.24561676776303545,-0.18055510340654721,1.4155808851635316,-0.81362408042852252,-0.17702252446639039,-1.3072886932334096,-0.45776330542513299,0.29959160245231498,1.2723226635743172,-0.84881669714460706,0.18116815189755253,-0.33074418295273256,-0.11450918044458444,0.47262746766936581,-1.3088501396558521,0.82242016339456747,-1.1552000158823403,1.1453151132476482,-0.22451814813281815,0.080540522532417474,0.24927502262804446,-1.0349024243184857,-0.76925821751844514,0.6976919908409599,0.32225763156906023,0.0068864079982443611,0.03372460482528454,-0.17796196627954058
-0.015826253570063224,-0.082055113246123634,0.56511881147500176,0.24445277140003202,0.34519589707070569,-0.45287830394808043,0.78484640345325252,-1.5218644799493628,0.23217990758331306,-0.17487257764939582,1.3810288356706497,-0.79422513536575223,-0.17708764195541182,-1.3485649477617212,-0.47692875915768779,0.29627913040182718,1.3204278321205043,-0.8513199325087295,0.17929287906944155,-0.32850816014609063,-0.12583546855710456,0.47437209593133234,-1.3473496982078281,0.81403707188928243,-1.1587535216421712,1.1504911389477361,-0.21524322407390653,0.08645322671554688,0.24293680081908661,-1.0850194342948083,-0.75697205088268871,0.71210317689412317,0.31073958820009151,0.0077985669276212461,0.029966144831352109,-0.17913609058262261
-0.023249550388240878,-0.093750718373795061,0.56394088267557951,0.26215401607161959,0.35572507201976789,-0.43306556689991593,0.78561387446996345,-1.5414935910606802,0.21743440825819207,-0.16772753677738661,1.333933172286617,-0.76623105014020776,-0.17424195167705162,-1.3888384821863162,-0.49492773172484655,0.29310166731590998,1.3689277685289654,-0.84848034163569885,0.17855413933390263,-0.32759096183012731,-0.13946398242820268,0.47760406890843321,-1.389630101980037,0.80531337950623083,-1.1607468415491509,1.1518457493095891,-0.20492165550045699,0.092808423260314937,0.23612757050714586,-1.1316020102113047,-0.74289252515546655,0.72405455931191631,0.29742368898862198,0.0099838214344964548,0.025955652158155283,-0.18091979804694253
-0.031340650338873309,-0.10733282246109536,0.56409345187303395,0.28072562564467562,0.36697699588155019,-0.41058759107035536,0.78609085839946113,-1.5546213663254598,0.20187369537818933,-0.1585086678942112,1.2687505095006526,-0.73196026876540055,-0.17141017249457005,-1.4258593895462297,-0.51039127640977833,0.29084934443594168,1.4144046743014553,-0.84608468409460547,0.17610338199199232,-0.3297455413331235,-0.15519286601536031,0.48296578147843844,-1.4362529211050328,0.79727871073954126,-1.163193746721229,1.1515501981294651,-0.19469767357913786,0.098760072101754359,0.22967364225978096,-1.1761702441318689,-0.72595575253602485,0.73322451613299389,0.28231858718708103,0.013447011238550226,0.021389863469100788,-0.18285032177565108
-0.039840053456172295,-0.12278843181799597,0.56512258532735316,0.29986003389370669,0.3793143962382266,-0.38542436909683647,0.78590877624950928,-1.5627782534341443,0.18577743241702299,-0.14848989481747807,1.1870567993662575,-0.69107413978266841,-0.17512322765748162,-1.4594281334131802,-0.52334204981767629,0.28808935483094023,1.4557727973326462,-0.84504782928535371,0.17071304976825011,-0.33687167944484409,-0.17196257247583882,0.48880582401318995,-1.4861722751285504,0.7902768195027593,-1.1676354371516342,1.1531982856895593,-0.18414350908576627,0.1035960184735028,0.22230284315103918,-1.2207485445704982,-0.70498028078842678,0.74085451665912005,0.2653756529356574,0.01760188021032778,0.016704035145171638,-0.18436267750497398
-0.048463422613361701,-0.1401392775385642,0.56668960801686863,0.31874615349431057,0.39293020891233793,-0.35812188607785611,0.78470086992989119,-1.565463982933426,0.17182276632234822,-0.13778085284255959,1.0884322479185413,-0.64138530449572417,-0.18891538137064892,-1.4885356450255691,-0.53136744190530749,0.2825781868459451,1.4917583425162078,-0.83466245637051539,0.16717805949179559,-0.35008126847401455,-0.18930995317254282,0.49388472202878653,-1.5387214980728656,0.78496251654609395,-1.1771247343556333,1.1615394541265556,-0.17253989707074757,0.1080248286581651,0.21609198760450346,-1.2666552781675355,-0.67796364686453514,0.74738825721815672,0.24656524804696606,0.021839771609121577,0.012060092000213013,-0.18496036402001043
-0.056949523451589337,-0.15926263365317839,0.56820205642035171,0.33675339732873016,0.40793172468596439,-0.32919803990921692,0.78218764238654614,-1.5625022927371832,0.16312733927946815,-0.12484805736589683,0.97315735670303705,-0.58446853247596497,-0.20723154566829161,-1.5130307349836389,-0.53443689399427419,0.27426003737562216,1.5221505116911402,-0.82244488767426316,0.16187858785841144,-0.36943294463069348,-0.20651448700477376,0.4966732635338777,-1.5921123441179905,0.78157968094641062,-1.1922198592148856,1.1777184731568011,-0.16033418415499376,0.10967264879461941,0.20385760306981118,-1.3143344707874931,-0.64329821971424828,0.75375024530893342,0.22668682914403818,0.025533442575738509,0.0078514243084189111,-0.18439809029978768
-0.065197754106271891,-0.1797967846211076,0.569027990044772,0.35297753237621826,0.42344938234651386,-0.30030074243427068,0.77840667155502852,-1.5527725210520602,0.16448609924969462,-0.10576808660172449,0.84536853050203908,-0.5230080553650851,-0.22456958645959335,-1.5317246719433577,-0.53119525319457594,0.26324789121361775,1.5477686039705782,-0.81299037199690982,0.15200652457230221,-0.38629237857346105,-0.220646018641529,0.49664069086959434,-1.6429053029933571,0.77611364635690994,-1.2102294082551621,1.1929093337025456,-0.14490066009316835,0.10703566095561329,0.20622205793410495,-1.3589544075443836,-0.60587851463972653,0.75948164580213273,0.2054982954700954,0.027874421833152748,0.0055651212784601153,-0.18244595740211267
-0.073314681712362051,-0.2014974139285225,0.56893530580720919,0.36700952764465306,0.43762883545895637,-0.27298121460112851,0.77412290075141144,-1.5308296397115164,0.17816069987953226,-0.073455489609853625,0.70536675833754692,-0.46412014726110695,-0.23119053326992103,-1.5425095506588746,-0.52204641659105522,0.24946746752641996,1.5692821827934638,-0.80131132722086507,0.13870383475071596,-0.38391854519631369,-0.22553307241901302,0.49406045043728014,-1.6801934742002884,0.75775487239162587,-1.2295335481884415,1.184308652533419,-0.12676551957764978,0.1142636218534043,0.22858885481043933,-1.3912029644867443,-0.58024216811734031,0.76368311775948539,0.1811829452498227,0.028900288013254692,0.006643554630729338,-0.17939969167639799
-0.080991879597094724,-0.2239429428063229,0.5675109428400481,0.37790268107225139,0.45015248117435053,-0.24819413758614117,0.77003375081800951,-1.499436078392099,0.20570136319574953,-0.02248079263789534,0.56654576761363529,-0.41581711685109474,-0.22895676770120624,-1.5440402777161013,-0.50835078124357458,0.2302546919597824,1.5866694496941995,-0.78466250174354391,0.12199370329628784,-0.36719037687123568,-0.22524914715633124,0.49132249375092713,-1.703288468791835,0.73122201077912918,-1.249821490734677,1.1620172709813024,-0.10579138548768266,0.12647279415560753,0.26895266990822786,-1.414511190861705,-0.56013425623076496,0.76819653743730731,0.15510818842300406,0.027559200731702573,0.010264865478721529,-0.17504218286767767
-0.087944383819460306,-0.24683017364630738,0.56465932743618408,0.3854983417317106,0.46141827852542489,-0.22588960435845412,0.76645814458945916,-1.4606482685932594,0.24417282123520589,0.050877079995609413,0.43557644134560924,-0.37633663204424311,-0.22384087591671614,-1.5369698016264828,-0.49103647670887118,0.20523903157974849,1.6011589202024323,-0.77125563446534418,0.10155882923092732,-0.33986699846420093,-0.22097697330127952,0.48952331736201055,-1.7134379018034382,0.70094527353943969,-1.2711980703404924,1.1297007775298793,-0.081785443842482042,0.142700260935574,0.3247987711342652,-1.431683243516134,-0.54209596245260661,0.773603407068017,0.12864803725600982,0.023901502102370374,0.015535410061770571,-0.16922011840317133
-0.094108866396918039,-0.26978639508567415,0.56027134444583782,0.39007661375861719,0.47164446426516621,-0.20580331283974532,0.76356841942999554,-1.4190473011920997,0.28836044158176799,0.13735760214966411,0.32553186953856417,-0.34368025625069681,-0.22043852889407328,-1.5234084812109114,-0.47256049846776371,0.17292119814071863,1.6139837324464306,-0.76365049977929322,0.078265325854720708,-0.30707810739013364,-0.21434936358158205,0.48826386438983138,-1.7124519157143103,0.67140195544661929,-1.2924255030337288,1.0920565294733913,-0.054904934324099153,0.16178579300309512,0.39165111252324242,-1.4447571327911657,-0.52207655856292789,0.7796240389104514,0.10246233669421854,0.017543234788587998,0.021844275518302442,-0.16206475504450693
-0.099373607430532959,-0.29264790575733257,0.55440371587504411,0.39236653395571935,0.48129060731638568,-0.18707231973414942,0.76119104141462735,-1.377415001486791,0.33201448071202072,0.22475058313855018,0.23779004484846639,-0.31632786279712688,-0.21941672025468106,-1.5057389303978648,-0.45375768006535039,0.13417689222677853,1.6242603991588922,-0.75448513709699649,0.053619661716592298,-0.2718040582147434,-0.20520097996850206,0.48645886295322416,-1.7023602011593082,0.64362939611504433,-1.3124295739741916,1.0513626523780748,-0.025249210909147602,0.18404723397466308,0.46598604362061191,-1.4546425328550276,-0.49894440471677604,0.78631758181015043,0.077336420691144034,0.0088835225227912058,0.028631833301070012,-0.15366338368027077
-0.10369831892118446,-0.31522302953013209,0.54715998263760623,0.39314039782818222,0.49067466928837722,-0.16877748417351757,0.75907388135167642,-1.3398889580062956,0.3696833396380349,0.29397208033993755,0.17484781545520772,-0.29245975895463017,-0.22093653671911792,-1.4873415886990022,-0.43672305280184176,0.089843458198506754,1.6320834459814695,-0.73807076587098752,0.02727192800020407,-0.23623934453148115,-0.19299500178939397,0.4832776770062977,-1.6854354593918701,0.61751339926136906,-1.326741766749111,1.0100197616049591,0.0066258502569001114,0.20795666823729267,0.54164022531700173,-1.4623492156576774,-0.47229683164440972,0.7932788291293752,0.054342981239570085,-0.0015538975875472281,0.035638482451336835,-0.1437216425002944
-0.10711313202526426,-0.33752722473518704,0.53865669527571958,0.39323193136692114,0.49986540990489364,-0.15042822803870426,0.75688477877626137,-1.3072619457603694,0.40050174103876857,0.33955291402780868,0.13302746533970827,-0.27142959504737291,-0.22354150913137788,-1.4694980045317492,-0.42156199504003855,0.042684602795237107,1.6381735250487681,-0.71952203898561662,9.3429680288786149e-05,-0.20143715800242917,-0.17867331629623467,0.47815816314662291,-1.6642491535263992,0.59241777451385713,-1.334767770141714,0.969709798828852,0.039575033430399156,0.23267416202670221,0.61383559309947167,-1.4679954998808495,-0.44265981919415592,0.80048968593752934,0.033506963375701138,-0.013510385690030453,0.042617695835767209,-0.13271438883070749
-0.10966180849797227,-0.35956699530374747,0.52896217318143468,0.39350847863796501,0.50885314982527174,-0.13176892724850239,0.75422576127092966,-1.2795656121560521,0.42081398238883966,0.35227256056857981,0.10712574069262988,-0.25114028045910286,-0.22612013657113475,-1.4540176017914526,-0.40831742845904379,-0.0047068283079823164,1.644185989006002,-0.70098917434110664,-0.027833029568723851,-0.16634277583329229,-0.16273058485665154,0.47077314087708261,-1.6404157880851529,0.56669627812672774,-1.3334544638189152,0.92894980792593229,0.071236794830188993,0.25707121936712957,0.67672163715403499,-1.4711803569223081,-0.41202548614235679,0.80804519056420998,0.015421510254185172,-0.026477296582618447,0.049075138428726128,-0.12169826590184352
-0.11137209160759044,-0.38138132463364804,0.51821075383295578,0.39455530006598294,0.51760507225491581,-0.1127120331843955,0.75080430335824921,-1.2557080422338149,0.43142906121592822,0.33693613120621374,0.094231758190593387,-0.23191865244844068,-0.22797261245991793,-1.4412299621856024,-0.39706318934012813,-0.050341887867111537,1.6484601603510174,-0.68058917386642837,-0.055251129967535645,-0.13072509414033126,-0.14624243754759264,0.46127875072529356,-1.6154780052098492,0.53993315568282685,-1.3256034410495714,0.88724652768819945,0.1010802521254945,0.28029510288756004,0.72992221990671158,-1.4720064380905837,-0.38194319593105547,0.81595748762976605,-0.00057581974977633649,-0.040505907791643189,0.055265223341739958,-0.11094067404495424
-0.11217860701788337,-0.40298213120394299,0.50657168824851173,0.39699378040308592,0.52603525635074078,-0.092659719087347547,0.74638932458599061,-1.2349711825769649,0.42844514064904493,0.29307899395950726,0.091002930111041117,-0.21241998067166984,-0.22812656285850116,-1.4310418807914986,-0.3866768827026375,-0.090624803535781173,1.6494395448397661,-0.65825351100629759,-0.081304726545519068,-0.094364155086041554,-0.12869554399262642,0.44979685646406831,-1.5903227433358083,0.51107137948205528,-1.3146407426205111,0.84224557299525216,0.12723565749957286,0.30223832148158486,0.77554179752918284,-1.4697169517077926,-0.35532617347719975,0.82452874254244135,-0.015924248205162403,-0.055168574648688115,0.061744194609725578,-0.10092717452643916
-0.11212610492061613,-0.42442660945635052,0.4941710006379369,0.4009979838076862,0.5340905422897062,-0.071810464302567628,0.74080440524844915,-1.2156580925658034,0.41336098571952273,0.22975732129782567,0.096825553419442031,-0.19391766951114137,-0.22754356117446864,-1.4231788376027552,-0.37748322792995553,-0.12565949961656228,1.6465544258989899,-0.63565329845925167,-0.10518210935708772,-0.057665105930898415,-0.11173503844486743,0.43705593260022135,-1.566729408748391,0.48086941001819661,-1.3027051503895133,0.79575070315290275,0.1501929313215235,0.3200792477105055,0.81229386963262373,-1.4653650951198323,-0.33223586604933281,0.83376612927089488,-0.03063188015877627,-0.070754008923232872,0.068587482841697522,-0.091584504786352841
-0.11130962120346337,-0.44574530026261627,0.48105268735581663,0.40663118294932077,0.54191036305875051,-0.05093605485558006,0.73375047378418723,-1.1949881344598965,0.38876972849482816,0.15697147880404885,0.10926983946903683,-0.17552444036980394,-0.22958008479774181,-1.4186929720561703,-0.36831170898349208,-0.1543150476861421,1.6408283636255465,-0.61258831163207972,-0.12704690909441058,-0.019495977049010231,-0.097236700772103848,0.42376704012305894,-1.5479434047591734,0.4503247736717369,-1.2944840550792183,0.74880865295663568,0.17147339512931326,0.32825886900228157,0.83829792051443941,-1.4610799427562167,-0.31391351484144747,0.84451931030746763,-0.045455889322889242,-0.087446801080108244,0.075878233584305704,-0.082757701186064833
-0.10970278012071549,-0.46697197869653351,0.46735533724130168,0.41392580623781872,0.54924234036976705,-0.030080664527820527,0.72532298467446776,-1.1722764996066786,0.35571730838233095,0.081638727065493064,0.12953702701306594,-0.15878301623743554,-0.23346045428688339,-1.4157387696696984,-0.3610813935159774,-0.17853215972850978,1.6307419533331289,-0.59049387005655518,-0.14637241897590675,0.018532656306027254,-0.086031473648806089,0.41132670990125192,-1.5347725708032591,0.42048388743151416,-1.2912623545829436,0.70309810337011514,0.19306038776152032,0.32238241763382502,0.85083102458794146,-1.4575854259023977,-0.29943125192195996,0.85609415989984217,-0.059696054076270814,-0.10533001897967917,0.083607340395320792,-0.074265155554167434
-0.10724669729748405,-0.48827852874108196,0.4533421107452158,0.42292017963329731,0.55604502034197589,-0.0093272395003329671,0.71544773367111536,-1.1477442191269167,0.3162438784529612,0.015434102780133491,0.15861576126601784,-0.14529824443577175,-0.2365578342056667,-1.4125218852532995,-0.35684655436082224,-0.1998494580226384,1.6131931518096201,-0.56946037875924171,-0.16226244351123223,0.054704044836242131,-0.079326703869951554,0.40152411209195671,-1.5289106191487396,0.39250346987024431,-1.2945090305924116,0.66084661737468597,0.21556949428277936,0.30061101990691524,0.84960200319994605,-1.4557779032680356,-0.28859096856602623,0.86866338527931075,-0.073644914224274188,-0.12490575436380974,0.091945621372174088,-0.066285860162928076
-0.10401308634356278,-0.5096022061294001,0.43891505838906603,0.43331631683844568,0.56193516338317062,0.011375046712514577,0.70451149744158315,-1.1215271023193525,0.27207518298769595,-0.038815163821491173,0.19636965089192446,-0.13518142606578512,-0.2396228457842097,-1.4067701569788567,-0.35664010434234877,-0.22104162055792309,1.5900498790761921,-0.5546606166537118,-0.17607178950659566,0.087735532516694609,-0.076281694192800772,0.39527055659812382,-1.529188635812383,0.36560521974324467,-1.2986143569136173,0.62525361013641201,0.2375337155356764,0.26844585005691035,0.83544506487621972,-1.4557001990142249,-0.2802086810393114,0.88085373267935296,-0.086429459034215284,-0.14558747175176459,0.10054738677925304,-0.05835571513103395
-0.099985859773358582,-0.5309624516237047,0.42413405829888062,0.44518158265264629,0.56644881470674902,0.031935303924822925,0.6927692510117881,-1.0924690054983914,0.22603586536084835,-0.071175687011853853,0.24133361864226469,-0.12961979156322917,-0.24388707662288739,-1.3958895230044883,-0.36265834323845764,-0.24467475786657417,1.559816557108163,-0.54705581922130231,-0.18801587871302508,0.11634849231748216,-0.075919109368836404,0.39364396390299755,-1.5316569253268264,0.34068451659476112,-1.2975265836421224,0.59771676056820799,0.2513834551872059,0.24267524478352712,0.8243076883967313,-1.4575355325592672,-0.27275090953228742,0.89110346487261693,-0.096259930511113118,-0.16704746868937534,0.10910323542711689,-0.050062073194573273
-0.095331971731576939,-0.55219388292705773,0.40881803363586916,0.45795044835386045,0.56903433976660667,0.052759868340208502,0.68095352507465923,-1.0610894725095672,0.18019770527967563,-0.085486983142844725,0.29176137995411289,-0.1274308695050361,-0.24871692931557021,-1.3782348786434151,-0.37456111239030832,-0.27249691584905283,1.5246745192307976,-0.5465613458112546,-0.19775714032318675,0.14209457019050595,-0.074559689837490464,0.39636868394282887,-1.53078932882567,0.32255415790923031,-1.3036971770481449,0.56721406454476486,0.25681242933133513,0.22597409691313719,0.83629217857114768,-1.4595277088780862,-0.26883844626011694,0.89825763476729348,-0.10470777152981427,-0.18823343042627588,0.1173716347637129,-0.041166110620706589
-0.090065574093986703,-0.57335809934763193,0.39394033122578731,0.46771928979732691,0.57437727542723183,0.072093844082069092,0.66793105113458007,-1.0344026259295118,0.14591967028089303,-0.083111723962698045,0.346280479351666,-0.12831398507480557,-0.2531943539998977,-1.3620341868754569,-0.36767204519753993,-0.29354497401860669,1.4750079416035802,-0.5459045260838703,-0.20827002101957284,0.17121499231087295,-0.070330396675540599,0.39748193925604641,-1.5273851091197634,0.31179000473296903,-1.312954584233067,0.53768375491952458,0.26000757683327436,0.2108686959224669,0.8649191061904532,-1.4653917095816962,-0.26687537446687554,0.90156804064860541,-0.11049680523279658,-0.20784200724002214,0.12398380910155177,-0.030360961479372655
-0.084437685435979515,-0.59428577331396459,0.37966928770646674,0.47398616720770498,0.58428454882441039,0.088836031605800031,0.65273029559638096,-1.013533513840996,0.12421104214262146,-0.068661765726945601,0.4016174599960009,-0.13092733547604213,-0.25632729067313514,-1.3546620169229855,-0.33949259043985014,-0.30304267137544161,1.4118305029900169,-0.53667755186409627,-0.21655368246895335,0.20700331530935306,-0.065911395315446319,0.39408693115078386,-1.5229548110579962,0.3066168306972446,-1.3229839837862092,0.51143601785195858,0.26357771755131426,0.19395738396034226,0.90337003291195472,-1.4755323956449322,-0.26882894894313447,0.90229071413512008,-0.11665641086846446,-0.22498561400748029,0.12879257371610067,-0.018282657892926057
-0.07878627026818158,-0.61482837055167516,0.36522953346366638,0.47752825047872793,0.59610892452716013,0.10543259749309172,0.63679265658427486,-0.99784223958324603,0.11294901948546755,-0.045989669664736638,0.45689741836323877,-0.13432775914656581,-0.25763881707678588,-1.3510956372591014,-0.2985033301540615,-0.30405288467440045,1.3395066129310718,-0.52231970711187392,-0.21910694649142815,0.24411398612047241,-0.059929862671415965,0.38761189098210225,-1.5178962675959644,0.30539604656928709,-1.3331682889549965,0.49080712183228598,0.27088239983741641,0.1726601944342894,0.94822241825978415,-1.4873869455101241,-0.27507109282390846,0.89845038485719986,-0.12664702164741071,-0.23835316849429528,0.13112627699125864,-0.0050904168901844491
-0.073247444421972521,-0.63487742211226617,0.35012956342225365,0.48029629338808416,0.60669749835452125,0.12349007902553077,0.62127595835530447,-0.98292660264514398,0.10789905112867341,-0.018510966814981832,0.51016239959563958,-0.13768367035872131,-0.25724164190147186,-1.3466995150752936,-0.25555584250128927,-0.2976118465813114,1.2638858929838441,-0.50274385707751734,-0.21760918631008783,0.27796758950097306,-0.051586896341231897,0.38128025631851203,-1.5137554225003564,0.30527240070541567,-1.3430725091335933,0.47697648781227542,0.28217615115386568,0.14725147958878423,0.99429761866763522,-1.4999348368469925,-0.28859489969002972,0.89247908622252525,-0.1445923587120605,-0.24818632258722542,0.13197309091737755,0.0077493894738795855
-0.068029275953459811,-0.65443514992947838,0.33396527007286581,0.48313700350000044,0.61414070092419204,0.14392810494635802,0.60720221995965518,-0.96634993984404516,0.10888734318244866,0.0088023365836487379,0.55949022068742194,-0.13926195950511483,-0.25490104060912921,-1.339091890834083,-0.21651056747671113,-0.28607714597089923,1.1955433149401775,-0.48070470396651133,-0.21354146261454138,0.30699665704027773,-0.039797076027651708,0.37766048905723693,-1.5122368999047957,0.30231225987909233,-1.3502079335357702,0.47201798479880713,0.29911370253253283,0.11832922756951755,1.0366448992986601,-1.512855607800774,-0.31277624996055764,0.88580273029915302,-0.17490013692073428,-0.25367380248787891,0.13171268097274255,0.019355543473254824
-0.063104302598842199,-0.67340878069176691,0.31673432679649155,0.48748489017766206,0.61754003648941003,0.16687526123505037,0.59426882163618966,-0.94630969512704566,0.1131942932006826,0.034762299147720645,0.6042331018985182,-0.13915090540303238,-0.25104272474678019,-1.3287349234630699,-0.18850587287400963,-0.27198720555071271,1.1387208023033404,-0.45646464219586813,-0.20873955913607195,0.33047733133008073,-0.024286411274158717,0.37742744667278683,-1.51382698893892,0.29514559425721565,-1.3532333217040926,0.47425628344033643,0.32050036683418859,0.086908614887528657,1.0718317336331014,-1.5274613868746791,-0.35157283381967558,0.88377309491312295,-0.21997732800686218,-0.25590865084980369,0.13227976142442832,0.02780565757538974
-0.058512288997706149,-0.6917157986930369,0.29867503144076413,0.49388438235740795,0.61690275751680368,0.19223686412055863,0.58185409915605146,-0.92196399260780426,0.12026331362630574,0.056716436491348249,0.64115918882716871,-0.13757947646319463,-0.24595440016851927,-1.3181200557378701,-0.17291478667012664,-0.2549347372467648,1.0990483434844156,-0.43331116151725407,-0.20421627086136851,0.35266982478858305,-0.0031026339493330259,0.38044943082824456,-1.5201211459457193,0.27874336770265123,-1.3504266098900299,0.48260176481945571,0.34565965249689035,0.055358660041301917,1.096846707447783,-1.5456680791661321,-0.41671607652034026,0.89411311854615305,-0.28896317239959562,-0.25583638043415224,0.136285838293801,0.030208449558053081
-0.054106446842816701,-0.7096696482468432,0.28056590659743341,0.50111297019371348,0.61356996594828161,0.21866996492961513,0.56973777690051475,-0.89454653138163731,0.13255880906689366,0.07510091203285077,0.6714361615413571,-0.13463789671235649,-0.24005962196969441,-1.3039848193584167,-0.15783478532347794,-0.23252846175586431,1.0632042894518636,-0.41425579940177532,-0.20082939392322077,0.35650827315305678,0.014115480652360235,0.37700990389849043,-1.5174384415733837,0.27389130534609601,-1.3449020462920833,0.49318604851769859,0.37042988234718732,0.025786988489092732,1.1160131676454406,-1.5496823915831144,-0.42675849990088299,0.87723678780207393,-0.32340187635152734,-0.25525909909205524,0.13562121255370058,0.039076876358416571
-0.049831879365999705,-0.72729640242050198,0.26280475230613221,0.50983255641504277,0.60777833060531483,0.245597233340484,0.55709807416775314,-0.86508144543122178,0.14752308873737646,0.091438905506614751,0.69596173745488066,-0.12954363967321092,-0.23398573855775062,-1.2875559247461457,-0.14472583405163722,-0.207022498550328,1.0293281291925196,-0.40043754729120556,-0.19902319407849128,0.34687682944702458,0.028585207250635743,0.36895682723864442,-1.507705949242258,0.27742550070507732,-1.3365588377761382,0.50357747776752315,0.39285319388597678,-0.0016142540047843108,1.1283315296833203,-1.5469035319321125,-0.40001772583179962,0.85047694074048397,-0.33305468606624128,-0.25581139028465938,0.13471158748395465,0.049972229520888048
-0.045845354114456442,-0.74446712092902401,0.24543949510952615,0.52050704719760421,0.59893279542228828,0.27351307057516927,0.54363822585412191,-0.83503552318385155,0.16402230415527724,0.10572439766668817,0.71641048813871955,-0.12292374317571933,-0.22777029833629145,-1.270080044371247,-0.13771131116245616,-0.18206395236006817,0.99934555202192299,-0.39093093412636448,-0.19851801272702632,0.3308386478797406,0.044128410132907546,0.35956491653003647,-1.4971170848508673,0.28066930547121965,-1.3236209876341836,0.51356076112775439,0.41294122054709792,-0.02740010969465146,1.1288236931632123,-1.5412341953692628,-0.36048553269465616,0.8232080017804706,-0.33419949285577627,-0.25760272131203066,0.13575457965727314,0.060052571830152682
-0.042540497917326198,-0.76165910609876619,0.23025306883488683,0.53476379471116564,0.58222221233250571,0.30247075738798201,0.53250015986654664,-0.79954696151703519,0.17922338080412956,0.11254694845847352,0.73809869815367823,-0.11593847228198222,-0.22087479863840254,-1.2425677072435346,-0.14804456597363785,-0.16904282420181632,0.97385859180199064,-0.38537003394876812,-0.19897543160733416,0.31021433217145578,0.062174328285893768,0.35942618398774101,-1.5038775085519898,0.26436721461339785,-1.3152076838280005,0.53915138102449145,0.42360904923651932,-0.046399727454232764,1.1070024161563103,-1.5173811805258466,-0.30917887386000004,0.76612368195760128,-0.33719434155708999,-0.26108146456229009,0.13704635205493768,0.07883344374170359
-0.039873772654577144,-0.77863471637764203,0.21632294219890966,0.55199304082375256,0.55965399498357116,0.33227083630747895,0.52123620377004209,-0.76341082452085618,0.19487389374776648,0.11369430056750605,0.76066539751967088,-0.10924656117534014,-0.21349513590586811,-1.2113054199681355,-0.17429662949027294,-0.16861157634076337,0.95516576967514077,-0.38285978444272495,-0.20008794558852264,0.28657185997676804,0.08204221176471227,0.3644404712147255,-1.5210961498811768,0.23642950012452169,-1.3080511077105197,0.56895104454470857,0.42434512538399555,-0.058745153983869786,1.0644733007322797,-1.4862805223844333,-0.25670900869235574,0.69829373415087925,-0.3456414248668177,-0.2656118955126337,0.13833230790684709,0.1004006757962574
-0.037903748649467002,-0.79517339567538903,0.20297841663511709,0.57120827103090632,0.53314948232472381,0.3625343423238982,0.50797794365360038,-0.73159312118753028,0.21206449787539391,0.10965635899083531,0.78492155144889664,-0.10346491297737899,-0.20594817639521659,-1.1817016137721887,-0.21440869333128343,-0.18293105028292034,0.94415663898924129,-0.38268432228030314,-0.20079212745215425,0.26147010059130449,0.10190456013529682,0.37080420420733368,-1.5438970458217627,0.20530500991580991,-1.3029034721848305,0.59299417265197885,0.41505980417870425,-0.065871103984531471,1.0019117429817217,-1.4544262270987631,-0.20902302963712405,0.63237914503358894,-0.35972913954749369,-0.270830240325793,0.14029669609148268,0.11972182535910256
-0.036552090746040489,-0.81111567163984599,0.1898327703026304,0.59128824360500176,0.50362262312215689,0.39295754400309246,0.49226703633813212,-0.7061100561474386,0.23313058445885598,0.10086263542233148,0.81049096668133613,-0.098757182038877012,-0.19858862392701382,-1.1546271733037536,-0.26502550518220358,-0.20953807966874849,0.9417480754129457,-0.38399385149957116,-0.20131016182930694,0.23549835651145079,0.12211820550023325,0.37666274632112529,-1.5680851936549312,0.1754244559159823,-1.2991580758160781,0.60664887693597358,0.39814547815511786,-0.069361505670965468,0.92523024401529375,-1.4249082196329039,-0.17021925647690711,0.57466316426058728,-0.37863474585959628,-0.27529841662048049,0.14225158388300077,0.13447731112786984
-0.03578819334423617,-0.82631495932946086,0.17661262712145376,0.61056528387970088,0.47177365341952338,0.42360445147306364,0.47455128569239036,-0.69035026854666171,0.26098226517730599,0.086216246702170984,0.83703829957935827,-0.095261797007831564,-0.19177920941557072,-1.1297787404533841,-0.32106914707507161,-0.24728143519504803,0.94868128593918655,-0.38531126554711764,-0.20151341674704845,0.20984140667587051,0.14449223908652128,0.37979178495280197,-1.5904387956492672,0.15130170820584116,-1.2980526955369658,0.60554605794612126,0.37602818404079047,-0.071162467877542962,0.84130784751081311,-1.3991395373129496,-0.14298559789355975,0.52882680734694787,-0.40031055529928983,-0.27674981646559527,0.14426269846996737,0.14245012602350496
-0.035500380768693947,-0.84065704678030639,0.16333007377607817,0.62852972977147337,0.43792779060152509,0.45382370527068583,0.45520728635057139,-0.68427663803184635,0.29650137469985516,0.06665069092001219,0.86416209832324364,-0.092647625629266317,-0.18590844129228049,-1.1055909708030647,-0.38076065138046977,-0.29309252405381464,0.96508599130373807,-0.38609884969846692,-0.20157220130237333,0.18467730016934913,0.16964989147275658,0.38016576078289765,-1.6082021607318115,0.13415833579557504,-1.2981567461602934,0.58994228632590773,0.35068539340913302,-0.07186900444026123,0.75569043982026174,-1.3774881471459222,-0.12889272827248072,0.49677032548033051,-0.42238646262670609,-0.27480308402098075,0.14635112606765693,0.14306088755865165
-0.035712228771284354,-0.85409670458508835,0.15077535191592767,0.6441674448363407,0.40466185119886638,0.4831825460399391,0.43339556573607052,-0.69082394186464513,0.33641904083433077,0.043015466756177054,0.89053739071202787,-0.090657160343922016,-0.18114851825063585,-1.0842891675784267,-0.43468297120516963,-0.33316150073329143,0.98470242628899629,-0.38652460092936913,-0.20305364966918907,0.16122290151326585,0.19514462294075136,0.37359190566684097,-1.6178424905428945,0.12501726875199606,-1.2983325755115693,0.56088359973489854,0.32524337047833191,-0.072010627953898218,0.6757036883954366,-1.3621676540537722,-0.13092840513635043,0.48356198642162473,-0.44257186982718927,-0.26827641516351308,0.14978521780620629,0.13359773892633284
-0.036493287143346514,-0.86652366696412719,0.13872213134578576,0.65917042161043427,0.3733685728556278,0.50893791067963834,0.40874499036773349,-0.70201058476826483,0.37647153938738953,0.022948660709105173,0.9147215225062425,-0.089057684134053614,-0.17788042210142724,-1.0685451511995347,-0.48617152280776404,-0.35973654944608169,1.0124041613603032,-0.38608812221369698,-0.20547331508178221,0.14173699788523533,0.21440979137060365,0.36417544755904901,-1.6187649735672034,0.12358003070798103,-1.2987126861109368,0.5209323095839421,0.30082053364439559,-0.072672729733915531,0.60416142365599945,-1.3511969066173906,-0.14728117567201188,0.48650170499637135,-0.45859451770367748,-0.25852591792068147,0.15450255299587412,0.11512224907849848
-0.037683946667511244,-0.8779949639860658,0.12727870278550599,0.67448868658736483,0.34394087765759807,0.53016286121663836,0.38170279659489004,-0.71273958493237144,0.415417970106851,0.0086473393240714229,0.93698680786674082,-0.08733196611801862,-0.17707634198887229,-1.058582775666951,-0.53470891223281547,-0.36365480746081319,1.0513388714948388,-0.38368289745130824,-0.20882738562029496,0.12491100719626014,0.22677938966055536,0.35515190109148254,-1.6086445882158871,0.12873555309275114,-1.2977887086746249,0.47311593503534044,0.27982476232274966,-0.074329375579256993,0.54566198568158031,-1.3431331177659296,-0.1767050667434685,0.50403464504582063,-0.46922841029567158,-0.24590144895686672,0.15981340638542715,0.088317551554972368
-0.038965760530105309,-0.88865828486927501,0.11631165921391365,0.69121414662419667,0.31428887019172336,0.54605865901730233,0.35392859518894332,-0.71710936523623392,0.45450761059253225,-0.0013867460107585827,0.9581602925419711,-0.085346194594841676,-0.17823467172031782,-1.0442866889372628,-0.58607808137405681,-0.35683401069147919,1.1017046528191528,-0.37982327549143968,-0.21237567877418378,0.10648239759967998,0.23625664178655911,0.35186068859541991,-1.5852413155600253,0.14113214444998151,-1.2935735089718738,0.42026414972398884,0.26234196868614673,-0.078932386835114665,0.5004517030499408,-1.3352707077892769,-0.21453276384367503,0.5321368827051397,-0.47010486969242721,-0.23169661719962092,0.16269084219712962,0.05668322476481423
-0.04005835482305397,-0.8987391124289138,0.10574099283420425,0.70982954654181196,0.28488026843757347,0.55552664429801202,0.326152410670489,-0.71033502396082904,0.49511639739236796,-0.005316159662553303,0.97991814050604298,-0.082861485012269392,-0.18142131400053033,-1.0210747699281659,-0.637598594997134,-0.33777916596157659,1.1590638591232731,-0.3744834245121425,-0.21598346488115444,0.083429768044811448,0.24148412850756626,0.35737616737938255,-1.5466849282223489,0.15836799608491381,-1.2826992675996705,0.38102417627857627,0.25474225415330731,-0.07462357102500608,0.47160265937214424,-1.3227768454879643,-0.24722369610417932,0.56483516856965466,-0.45992047550408988,-0.21865491557892447,0.16556914603567699,0.024476312608489932
-0.040873587537614969,-0.90781571282916351,0.095489727304208433,0.72938523525521581,0.25675234134393432,0.55944192245989244,0.29849648105208992,-0.6937632800974447,0.53815328267493201,-0.0039212674802873663,1.0018632032189541,-0.079883591222238787,-0.18577340362121866,-0.98858981195664342,-0.68354643939139859,-0.30650135525549838,1.2196801888168969,-0.36996321695714413,-0.21806905588895359,0.063634164763635259,0.23917722869545735,0.37260404140022585,-1.5022921990457063,0.17471941395043458,-1.2712567971390278,0.34911766875883166,0.25334994557316848,-0.066850996898185758,0.45668622475901499,-1.3017905937031709,-0.28036648029316247,0.59184750516778839,-0.45323593038369259,-0.20715510132523374,0.16678718224509356,-0.0045894214158299709
-0.041756963154276329,-0.91588345800860982,0.088094188975323576,0.7453505201900299,0.23056341722423937,0.56393432669552079,0.27068651215899658,-0.68603789596454634,0.58162182176195398,-0.0054909427714801189,1.0304937556034237,-0.077898201913214907,-0.19037632960201625,-0.95509102985118022,-0.72546859645045414,-0.27010087089654561,1.2802217064426471,-0.36765117001396597,-0.2161251670435658,0.059831630948582078,0.234402229860839,0.38540439304737217,-1.4644785510406062,0.17374051967297233,-1.2605536639904673,0.31530455968609677,0.25126217558741742,-0.055618091727734104,0.45116071091948806,-1.2668086583080316,-0.32908978095530872,0.60256675318469832,-0.48136377439520367,-0.19916745116592863,0.16927127756937138,-0.026553050536189511
-0.041740679527418126,-0.92342849960884665,0.084593254291533471,0.7551861260461521,0.20714107364752973,0.57225379453166225,0.24354072612125466,-0.69241824416021658,0.62426257825484044,-0.01214750390147553,1.063347402644073,-0.077907740954241522,-0.19446248455962428,-0.92058163576278584,-0.76003218072002532,-0.23659602916494946,1.3352244609397075,-0.3687018235681585,-0.20918528904496878,0.064391743134167359,0.23883476756470939,0.37814617828642222,-1.4087023554096021,0.1633854457397024,-1.240120915914692,0.2816379096912911,0.25048480099927689,-0.035188324291368353,0.45109184882172415,-1.2169674013790919,-0.37494035480948057,0.61031480167610674,-0.51815846064276705,-0.19494017918032647,0.17267018855639824,-0.041150557957448063
-0.041118806106016828,-0.93096726272260832,0.083431671652225065,0.76259486623920592,0.18744597861441037,0.58027107124759258,0.21586699367912845,-0.69609068874205937,0.65688691090996953,-0.017815339653456542,1.0966880517097015,-0.079923514482520969,-0.19675227417508648,-0.88145452860929796,-0.78666816349134294,-0.19729235033222217,1.3847162370486059,-0.37595724485698745,-0.1963136628484049,0.078290155317026211,0.24367406093813124,0.36237400752401711,-1.3423496048620833,0.14626049806142871,-1.2141334079642243,0.2558966293153811,0.25035288140244177,-0.0028294206837025174,0.45108743084886849,-1.1570825632007231,-0.41182186592246944,0.61216702735799422,-0.55612637076824556,-0.19575598733603572,0.17911740092779155,-0.047732934156693663
-0.040141611680856552,-0.93866213183647218,0.083546884484465553,0.76888430069529534,0.17087079260073934,0.58696885169897972,0.18731703477122116,-0.69235944383454706,0.6777177436823103,-0.020766550053672062,1.1292963646958445,-0.083648729717596432,-0.19756688640644227,-0.83396394380003158,-0.80395081341202479,-0.15344181218657038,1.4295534312596712,-0.39014636228306238,-0.17749739044845392,0.099659555999584787,0.2454692128272456,0.34329841127979954,-1.2699780796478461,0.12763030632525946,-1.1849058110837616,0.23277214730851942,0.25089054240796177,0.02822748687243409,0.45443439908812555,-1.0914520129473484,-0.44158593582344791,0.60809705682959092,-0.5886761303443242,-0.2003047977224926,0.1837830812238602,-0.047964499126149099
-0.038965360906600854,-0.94667120980230191,0.084248600752962519,0.77450636554409669,0.15682421302153546,0.59224726800479766,0.15744595733998176,-0.6802019391922588,0.68178029102777793,-0.021417435064323701,1.1600841367101098,-0.089106424240114127,-0.19656190235172011,-0.7742528273283813,-0.80844520748577064,-0.10744691808703294,1.4696539931993009,-0.41290941960055411,-0.15253851448300948,0.1276865894774622,0.24226279850807389,0.32344787142371217,-1.1973753557682996,0.10979777323112297,-1.1540521421793941,0.2120066958309586,0.25101997814823207,0.052564292379600273,0.46019340203285564,-1.0235043939576325,-0.46431273612459145,0.59729273413378015,-0.61265161915103006,-0.20759480645502543,0.18503431633292955,-0.042847748580757163
-0.037725922002986169,-0.95486242028037605,0.085148994262408156,0.77951803347867121,0.14385457933463908,0.59643589771941841,0.1261812799016985,-0.66291970746750217,0.67117465316197344,-0.021446034853282316,1.1900536896415941,-0.096092027680907313,-0.19452730222312434,-0.69939664376316424,-0.80074785899683387,-0.065674776508330035,1.5075669951530921,-0.4418919643097996,-0.12204575182345247,0.15846904019630159,0.23398864242169956,0.30449352708197269,-1.1275287529801301,0.094872660947620965,-1.1227710896650454,0.1934413014643345,0.25082470519172112,0.070955532237259422,0.46790054365888867,-0.95620690552122167,-0.47912437520297729,0.58145539662835088,-0.62727119297706879,-0.2166595870291749,0.1833457659138229,-0.034682347690881452
-0.036584992022727997,-0.96306418968380769,0.085938282518685835,0.78369810948422514,0.13076888107885126,0.59997669591009706,0.093513300107737563,-0.64446368323485925,0.64688885008778185,-0.023916280701243017,1.218544439256205,-0.1048922205874982,-0.19208185646238965,-0.6088116688076739,-0.77877801324150109,-0.033881280666410711,1.5457397851019847,-0.47405851267969357,-0.086576573282091798,0.18854666605819123,0.22057027373960689,0.28798084078127817,-1.0649219590340584,0.084273635109788747,-1.0909848765897709,0.17699763967877072,0.25031458472372858,0.084573277046768452,0.47608825175898328,-0.89410997088351452,-0.48567037159301069,0.56239395545207593,-0.6327250767874425,-0.22570094900040821,0.18017506558683496,-0.025749545868927387
-0.035684024562520004,-0.97121272738288722,0.086417930018331535,0.78745425184296503,0.11549847020313304,0.60257467913151175,0.058988648948150813,-0.62939351764169771,0.61137323087848072,-0.03148826864102966,1.2478560260529492,-0.11430778924527173,-0.18971377592942085,-0.54796891799213543,-0.75101055817322182,-0.012852004568929067,1.548791708040212,-0.47114348479739215,-0.095048893086046776,0.21309202796459178,0.20384196457618498,0.27751019646874664,-1.011353007899551,0.0781088665881704,-1.0577339082290909,0.16027718491569695,0.24957462892612353,0.095366674804049978,0.48526451966443251,-0.84066457939004591,-0.4848003588810213,0.54194895104498653,-0.63109849524982709,-0.23449412694793476,0.17634309062158959,-0.017298451486773544
-0.035088775210328521,-0.97922235488885223,0.086422992153207673,0.79037438662741621,0.096597087880640906,0.60451841302648479,0.023126173229829232,-0.623389573736717,0.57127376639946104,-0.045155102280770285,1.279558910943317,-0.12315185429196007,-0.18830989533913273,-0.50110435853353863,-0.71699433962741288,0.0065547320340615077,1.5388564328895429,-0.45106472597776553,-0.098947950814952917,0.22985884558297676,0.18750545320947645,0.27289465923011053,-0.96785372806124748,0.075550393851465544,-1.0205397569109589,0.14168763141095869,0.24914886184569815,0.10495737926618338,0.49610347621927908,-0.80129113638749783,-0.47807511019898347,0.52403170455350268,-0.62297403412495567,-0.24169581641671406,0.1729958027878517,-0.011588791259146511
-0.034772889306932613,-0.98701619553826236,0.085984661217527861,0.79221556829301909,0.074403350484603989,0.60552945711404649,-0.01388205164961372,-0.62592105230125938,0.52991591427211637,-0.062641932301268244,1.3159130961789713,-0.13023923483928143,-0.18813968235499831,-0.45737193346364247,-0.67694638225120662,0.026101729249236514,1.5252843706040053,-0.4293344618541502,-0.10035184834130086,0.23911663348230081,0.17195091816952596,0.27353082779314852,-0.93206069969896965,0.075377150715402658,-0.97896594505006029,0.12075214428046635,0.24944808074585262,0.11400651584727391,0.50913722194190303,-0.77570256579167296,-0.46639674038248718,0.51004822931640326,-0.60842589418155935,-0.24807907871418317,0.17012685166039693,-0.0084393150269804137
-0.03489084815472817,-0.99450645359384982,0.085001862139129844,0.79280211920742372,0.049301985984928014,0.60532521461667843,-0.051141944697405919,-0.6382969443192994,0.49594303970211395,-0.080778781538162786,1.3594728138922128,-0.13330894449678882,-0.18989413072700534,-0.41391294403628376,-0.63437393862949043,0.039793626661323606,1.5149465510000466,-0.41380078965712669,-0.10181573570778731,0.24069381412049914,0.15909689623609294,0.28074327219310224,-0.90288981871681129,0.076729444042044542,-0.93154956418024804,0.095285160689736734,0.25076989561138202,0.1241635520928118,0.52586503504449034,-0.76653284241919906,-0.45056597897016198,0.50295850405818776,-0.58771364469211373,-0.25406023002612516,0.16818950758439979,-0.0085025012394076647
-0.035318070827203646,-1.001780147080837,0.083702642170653221,0.79186994858417414,0.022445873122459797,0.60377002151950365,-0.08888154152244733,-0.65755287829137721,0.46668764825599091,-0.098157082456138439,1.4109240876148879,-0.1324404355883266,-0.19309996014085354,-0.37244476562911066,-0.59253549329962718,0.04642441762929754,1.5094714862285723,-0.40109645889372841,-0.10234031454021519,0.23750461384448657,0.14793249967685879,0.29241928419435503,-0.87698031959010414,0.077329491552567797,-0.87937362430073573,0.066108720777849739,0.25378441289652232,0.13445004458429471,0.54528574007430197,-0.77013689061568891,-0.43348039599783933,0.50145185559132044,-0.56161047124930707,-0.26058586390943245,0.16733350815242551,-0.01101247059029989
-0.036037498979134476,-1.0088545434780989,0.082719736150755049,0.78873833849657715,-0.0045559390889399285,0.60151288135059466,-0.12670173784910277,-0.68173301916861917,0.44462064476857555,-0.11081667520468177,1.4728554541408618,-0.12678187606063687,-0.19798950398154336,-0.33707697932828373,-0.55328098600080355,0.046801460864962556,1.5080073340933065,-0.3915055892931989,-0.10163606417745216,0.23534783735812168,0.13611736339410352,0.3030059420818948,-0.84934855670964005,0.075331328308164275,-0.82639286848212112,0.034397347048151942,0.25873279713867625,0.14547385426186213,0.5671882251714625,-0.78008728282830664,-0.41868319869761711,0.50494767157588794,-0.53166984054530952,-0.26870604065545817,0.16749371330349963,-0.014952660882462211
-0.036999484988349367,-1.0160037094813443,0.082132628316571768,0.78271981908001664,-0.031208419962069137,0.59904083621250293,-0.16590899882960844,-0.7102887135831164,0.42094330751755449,-0.12151662916647826,1.5427576160681475,-0.11749848407207221,-0.20292990717472134,-0.31033752149374533,-0.52231595609456705,0.041889186962960873,1.5088734361944225,-0.38461985363213147,-0.099320287543788813,0.23679439992734608,0.12149477341229507,0.31038641042151399,-0.81910744612016484,0.069479374868178248,-0.77503760604738847,0.0020802977036950901,0.26619592370522621,0.15441363966940841,0.5890145233537295,-0.79154906384689605,-0.40943827767763369,0.50961514775632433,-0.49972832003505424,-0.27912794085712783,0.16951071740372195,-0.019912776004258469
-0.038087653401207587,-1.0235456053009888,0.08203098912439398,0.77296917161036049,-0.057402621105438457,0.59698154202474873,-0.20697013628050936,-0.74288822108246166,0.39091121923971905,-0.13088769337169381,1.6166908437499754,-0.1063815610729516,-0.20658971104102886,-0.29333177148031869,-0.50447725641629926,0.029952858529524916,1.5087899933792475,-0.38008893487324058,-0.094721395735603647,0.24641384909509065,0.10389538585274383,0.31156192624266343,-0.78586921157739587,0.058215216780602222,-0.73042745068726922,-0.026460905323586501,0.27710140338852435,0.15907700439943953,0.60838612918510171,-0.79691837740233895,-0.40902365064101703,0.51122454074154877,-0.470578065371837,-0.29365288512502374,0.17435820666796664,-0.025218366508292553
-0.039423983598157665,-1.0317772445738254,0.082148556973360251,0.75840975880053529,-0.085994828490971689,0.59496099622823473,-0.25187485026502704,-0.7937204469497483,0.35008000840089271,-0.12358427758660043,1.6638159543792437,-0.09620529313312759,-0.21626825228306476,-0.28273895805955895,-0.50502441076163751,0.0063206766473252601,1.507114735160157,-0.37756198914677058,-0.087549693080852281,0.25833649254656749,0.083273218755267248,0.30594828901924287,-0.75072778953214059,0.042415463710194015,-0.69322160421137757,-0.044787923759645548,0.29076734554290595,0.16533369524821304,0.61840284986082761,-0.79557378999278183,-0.42166543329467443,0.50861962849405495,-0.45042703797894712,-0.30697390236920041,0.17994451598192021,-0.031343070656694859
-0.040499059315932034,-1.0411207989602445,0.082660447840028142,0.73770864353140009,-0.11732054867581082,0.59274884668426431,-0.30111567689501673,-0.86151024092852668,0.28986209282566028,-0.099266877185350932,1.6909123400627193,-0.070688340618170697,-0.22382611202302888,-0.27522249318525299,-0.52680261596651801,-0.02927017192093137,1.5004779631790544,-0.37574211016507153,-0.07744088926281481,0.26012939023871112,0.058588635422293874,0.29741138059098499,-0.7157159375289146,0.031962620009092224,-0.66961039142605694,-0.059702372354816798,0.30612684039538657,0.17765186029584748,0.61501817554127503,-0.79611929568598083,-0.43852316042322814,0.51294675255468458,-0.43574304495574745,-0.31630610670526438,0.1798499075315329,-0.035828505296347887
-0.041041843504309332,-1.050209945039031,0.086592334827346518,0.71892803672941497,-0.14364296018862005,0.58779603056254015,-0.34205994276962914,-0.91261223663078395,0.26125295894293876,-0.06349996867274392,1.7072579216944688,-0.057261783907602545,-0.22779385135865973,-0.26029783001469081,-0.53119717443621506,-0.063504562781674573,1.4887567586432562,-0.375968868291013,-0.06674514346817409,0.25647425474316671,0.044797339652718975,0.30042962367235321,-0.6752209239609368,0.03928766383340046,-0.64235102474996586,-0.087306630432358229,0.3265893297813493,0.19245535200626224,0.61372435816572157,-0.81615187965536873,-0.43223353636346207,0.53885766477442965,-0.40790307874837395,-0.32593316983378778,0.18043907332518735,-0.038073363632637067
-0.041447963234442824,-1.0586455214125623,0.094419961996472235,0.70310560947205869,-0.16636103778883404,0.58022628111253627,-0.3759042028776271,-0.94825296314768837,0.25782489339895104,-0.026212228190461942,1.7230184022784898,-0.057827059557826473,-0.23010302791121789,-0.23719774122682527,-0.51397433676980009,-0.098129189828340124,1.4728356476381499,-0.37816034079924604,-0.055553119227252173,0.25744925291704668,0.03874052569874472,0.31112299415908179,-0.63219896158218414,0.069179592688632774,-0.62571114789353788,-0.12228106320985968,0.34902582186871844,0.2092550613726106,0.61144383862542329,-0.84155479981988901,-0.41213246403088249,0.57034402637605097,-0.37243334447765053,-0.33450264552005132,0.18044651178033985,-0.039212773949357821
-0.042068106548114846,-1.0670264286172289,0.10475776290280614,0.68776917514423452,-0.18763197795049152,0.57055351937673138,-0.40772108615894825,-0.97753191385529381,0.259715419822727,0.011950388344247352,1.7416368975800451,-0.063597525375545236,-0.23030076632732913,-0.21162513146061032,-0.49009095912736594,-0.13413506652713994,1.454494040988497,-0.38182380302340724,-0.044059612013883837,0.26350485762747533,0.033715194870512694,0.32504290666457353,-0.60934224696327099,0.0926302814255347,-0.6125300924038154,-0.12943002330924802,0.37654243630490564,0.22551059855929581,0.6131060325621599,-0.86441867566077013,-0.39269518964658184,0.59558735204029645,-0.33003411647937519,-0.34320469312140472,0.18163598446959339,-0.042831037269048945
-0.043105333956429841,-1.0757164982294651,0.11675245195444359,0.67133206536453471,-0.20857067881829897,0.55831737024520445,-0.44056014803105231,-1.0045264083668484,0.25377246963305022,0.052359789169825866,1.7625074710341186,-0.070711931900989525,-0.22752983378042541,-0.18632236488182188,-0.4694497277227781,-0.17110559924207314,1.4353415225991992,-0.38681837219038018,-0.032475887745266899,0.27045563967292902,0.028581380996411838,0.34151919110603945,-0.61052478588104375,0.10120884946764136,-0.6010657846806341,-0.10794722381216165,0.40639557156829403,0.24534502317425053,0.61449064034548107,-0.88409020416157535,-0.381985976491376,0.61078133387068179,-0.28329391762109041,-0.34973641473117362,0.18353029782103733,-0.051836567399656627
-0.044552484941217219,-1.0850905476772026,0.12956435942345274,0.65320311132129694,-0.22930376921462489,0.54351212807273241,-0.47469995093953243,-1.0311579378070299,0.23945327056438126,0.097818398880375204,1.7849531139178891,-0.076667692776072147,-0.22241875740303416,-0.16288085824841375,-0.45525204276120057,-0.20754271500725763,1.4167330573362786,-0.39279572714110672,-0.02109966796007124,0.27358421628779028,0.023679805427710473,0.36098392430172016,-0.62262284588465355,0.10315899883102431,-0.59267778319348552,-0.073299953683629876,0.4377007035341105,0.26373601394323398,0.61206518349791861,-0.90373994671660651,-0.38096416162209573,0.6180897276368067,-0.23324135637471691,-0.35316859400372369,0.18481835169747585,-0.066343658043571813
-0.04650347041268902,-1.0953617876672375,0.1425722578069718,0.63285182888788538,-0.24949586204410806,0.52652105670286542,-0.50992740105295908,-1.059428875161246,0.21741796091954632,0.15262035249382455,1.8079292220849352,-0.077976904146679488,-0.2157455242553642,-0.14496871645857151,-0.44957036140830953,-0.2395147847264531,1.4020532294878734,-0.39917725852506902,-0.011201081712802959,0.26609196471562147,0.017550314290425903,0.38410250902921811,-0.63970284470137484,0.10423995846613313,-0.58380130963195198,-0.036799893943399289,0.46842807711853562,0.28040223224725669,0.60410425897027142,-0.92891808841157697,-0.38761288518187342,0.62118093638957184,-0.18060856855634988,-0.35158866818037543,0.18308862058846104,-0.088163874971672995
-0.048852998926975942,-1.1065672246005875,0.15518718609459362,0.61062396640545014,-0.26871267719955944,0.50759993256847724,-0.54522855502990641,-1.0879373448967036,0.19010279267934124,0.21544113450634766,1.8309513324694893,-0.073976031235867809,-0.20872467813114859,-0.13254648756678541,-0.45250386931164521,-0.26509263753313195,1.3918721067821249,-0.40574431753781953,-0.0024773105573127566,0.24866158359231497,0.012038165832100642,0.41005431307027773,-0.65950116396674929,0.10510719023432626,-0.57536710299606475,-0.0014313167633411561,0.49800284151344115,0.29605827711579674,0.59352715470576412,-0.9586912911045985,-0.40093674424528902,0.62230946278228672,-0.12677814551160466,-0.34626576976180434,0.17871876345493248,-0.11519150940149667
-0.051664984487695617,-1.1184695847207187,0.16739638923952729,0.58814175434266946,-0.28746142866135682,0.48732081439429181,-0.57790451433501022,-1.1176048159574903,0.1640807272698003,0.27953036403266068,1.854466179484368,-0.063139135396685475,-0.2031518928266533,-0.12766011490754858,-0.45586976830766368,-0.28149302780984914,1.3876678273832792,-0.41245509097063859,0.0044399798973719764,0.22353526974265003,0.011892907036460352,0.43557653244918304,-0.68285332141049238,0.10547853047112789,-0.56641549279021075,0.032217092111395826,0.52482393681244888,0.31244320044389828,0.58620684495448794,-0.99355189083224982,-0.41792122315196978,0.62304676675833792,-0.070722195490126483,-0.33900621332088809,0.17242347434291422,-0.14668763388737147
-0.054970083355524925,-1.131040320180706,0.17909740588777817,0.56673512146505645,-0.30573437832398037,0.46633796284356693,-0.60652015335003495,-1.151137337920102,0.14414411280533454,0.33863852017696833,1.8815391779646093,-0.044782586540323223,-0.19964482408164805,-0.13041524787725778,-0.45612508964174076,-0.28801973366778783,1.3881157442477277,-0.41897393810923378,0.010086707890452271,0.19505770774518291,0.019830651124243232,0.45817356734266362,-0.70850808579072044,0.10484687166918127,-0.55841271793819969,0.063865615229072206,0.54892384761745683,0.32993656572941071,0.58343292863365914,-1.0303962536749991,-0.4372361135932164,0.6240592214399231,-0.013648269274700309,-0.33129252035052914,0.16534866523762479,-0.17960563656807738
-0.058723733337429654,-1.1441619278971544,0.18995441375500274,0.54701554117183726,-0.32276922831981175,0.44617333251807367,-0.63049455216998718,-1.1902418005215292,0.13588824297625768,0.39252195881290214,1.9129550603448675,-0.01692062582457152,-0.19865741289932745,-0.14279760748962989,-0.45389708462467909,-0.28104725296518301,1.39311446657319,-0.4254019562032621,0.01502951689352695,0.16761163846733196,0.035899541305211738,0.4761778524292774,-0.73483953049668693,0.10077637529103413,-0.54860099454835098,0.093664932886996843,0.56944240413535219,0.34848925797488867,0.58743634575233172,-1.0682135295338708,-0.45813383844554972,0.62616106764345481,0.045433373970243732,-0.32475260464857542,0.15839949101571835,-0.21027259957085537
-0.062654216151681111,-1.1568819269728383,0.20006808916839963,0.52613933197240792,-0.340256600159901,0.42834911072390935,-0.65109130599424425,-1.2273613647282553,0.10533877464662605,0.44071965836444327,1.9307632625405524,0.0038341236231913024,-0.1993415935171215,-0.17070964200914571,-0.4552782155531272,-0.26291021687683752,1.4017049743831373,-0.43069515156656984,0.019972218452294913,0.14102763557215395,0.054128340299278946,0.48692657100650344,-0.76188904322114681,0.093718246768319607,-0.53752037995405499,0.12096171071152985,0.58721822902681842,0.36712418320373019,0.59653017429663635,-1.1047569693300279,-0.47908609244823291,0.62821359774269936,0.10468380826752743,-0.31995754899308171,0.15155329273438192,-0.23726749302376185
-0.066698954195676355,-1.1690185904337178,0.20993402340931983,0.50571074969073859,-0.3566169031805792,0.41321979827939853,-0.66807965118169765,-1.2605589234903518,0.072236456025604093,0.48087090507688446,1.9441924478531896,0.019658584255090622,-0.20100633665397494,-0.21032738385390604,-0.4583553995490417,-0.23274573642325727,1.4100759243418477,-0.43449031530061549,0.025906702414523669,0.12136682305189656,0.074319183041930248,0.49290828523033331,-0.78803344851165658,0.084270268325682116,-0.52511928907303063,0.14388541348792566,0.60247093398382656,0.38498073688471296,0.60950221208816024,-1.1378950025090944,-0.4980023578187292,0.63064983267644237,0.16444432426240399,-0.31775874485320432,0.14544982843629986,-0.2571601891547729
-0.070782418224761501,-1.1806559691960923,0.21972036794697955,0.48597322119410341,-0.37190311449998109,0.40019898815664406,-0.68217217151232457,-1.2907618255663589,0.042657614828224957,0.51253287357429245,1.9574005259001079,0.031371696267377215,-0.2032089332959495,-0.25738174256566498,-0.46283217137371596,-0.19450509991534651,1.4159198935114286,-0.43658992349972292,0.032899327196740817,0.1087352666236603,0.095886073202947814,0.49519011318921402,-0.81221420908347242,0.073691716996677703,-0.51285912515936816,0.16142838637588955,0.61584395334954245,0.40139913657085269,0.62413567433975092,-1.1660434480434085,-0.5146089120167926,0.63349572094729167,0.22360050303626103,-0.31732130781772638,0.13954675854335863,-0.27144041864943375
-0.074828239094388779,-1.1918222691161218,0.22990650926039413,0.46793237223010214,-0.38489625197417354,0.38966361032516272,-0.69358232461886127,-1.3169461491462888,0.020824671382922863,0.53076887529116445,1.9753607489319878,0.037116609528838766,-0.2064311833820312,-0.30873032239205062,-0.46560664625408732,-0.14950343470559968,1.4161644908810835,-0.43677016924891982,0.041143542857993771,0.10765956818744447,0.11703522677171052,0.49676500341327673,-0.83321423568651465,0.064017924578236643,-0.50271602620535971,0.17166309169309488,0.62831417294253478,0.41509705522501517,0.63721792710601721,-1.1872087619942904,-0.52898541755139084,0.63706762273111694,0.2813730328538494,-0.31748270572212406,0.13354517952534209,-0.28000862417916872
-0.078770082579125128,-1.2026599931378104,0.24050417579714659,0.45126569121577204,-0.39617134480435573,0.38091167804931675,-0.70307455864446866,-1.3395552151477979,0.0062355432705402947,0.53605986439827968,1.9981571958825948,0.03721342326127882,-0.21032148110857232,-0.36168810408768443,-0.46669175141667707,-0.10182681375033864,1.4099362152753283,-0.43507951932908434,0.050354329230928953,0.11566601827911023,0.13708085420090879,0.49792575905307712,-0.85107342025659494,0.056381429856848526,-0.49619909346218216,0.17479213448170799,0.64032882277862513,0.42584390552318147,0.6477949252623405,-1.2015656944097686,-0.54183143159283575,0.6418899784508233,0.33681381734682908,-0.31735525224301708,0.12680731760111982,-0.28612953512822314
-0.082495856164940345,-1.2133009953613663,0.25159014291116227,0.43683371231859969,-0.40513720441960144,0.37400806119078306,-0.71074476680544996,-1.3569141387785706,0.0013545596814224731,0.52534370593981006,2.0277870783049057,0.030162699688553916,-0.21484411609766582,-0.413781569667108,-0.46473115250009767,-0.054132076134820718,1.3954802377792825,-0.43093129622237225,0.060207235259277597,0.13397296053405047,0.15642183351087041,0.49994356262369166,-0.86530556022774985,0.052068665860090263,-0.495498353341566,0.17040513318089645,0.65284383830518733,0.43292647243464821,0.65351176587965543,-1.2077317615503371,-0.55415088684432312,0.65050549153965953,0.38916363057062098,-0.31516627957630933,0.11833142873531409,-0.29300109726076246
-0.085971408915834477,-1.2239560108188776,0.26289906983658862,0.42454038436781333,-0.41202007404815849,0.36850120332260844,-0.71708561816004213,-1.3688058319370913,0.0044837884667278246,0.50056695948277929,2.0630824198261184,0.017100616099951525,-0.21952970187281842,-0.46326261880361241,-0.45953099385649732,-0.0087363973518249094,1.3732821783441138,-0.42474845404198608,0.070315252415277765,0.16024786191146068,0.17521885481863803,0.50313750757406139,-0.87627066008848087,0.051312752303147725,-0.50076623091635097,0.15983160688841305,0.66622833522522962,0.43680565237938718,0.65512904304632424,-1.2075641840766209,-0.56620611833202839,0.66320791416252722,0.43810430424415231,-0.31081656274334363,0.10780474193130714,-0.30304035940522034
-0.089126643538785202,-1.2347404326013365,0.27429480390574168,0.4136722292289679,-0.41769212886670726,0.36365516897975425,-0.72260880863842347,-1.3760580665371869,0.011057170880644817,0.4625310732927998,2.1025527024699309,-0.0019015669919485549,-0.22385953277164169,-0.50949743140912562,-0.4519533280961231,0.030285079299277415,1.3431517894093747,-0.41661617135194068,0.079576488844357043,0.19154671149682673,0.19303736592665921,0.5067378776736613,-0.88485012899514526,0.05504228806112791,-0.51303935584990334,0.14405542728839635,0.68059605988575445,0.43767866685971762,0.65266718590365413,-1.2013106915674285,-0.57878350912807308,0.68086257610604162,0.48324626638068185,-0.30371910518151318,0.094497819180696108,-0.31964502367660819
-0.092040510936978806,-1.2456957793736307,0.28561504222124934,0.40343373838602653,-0.42303567286398502,0.35898345204476162,-0.72760766857862214,-1.3810011019687203,0.017449131914422742,0.41321936999297615,2.1433189613293488,-0.024725520001453824,-0.2278232362328545,-0.55301017750609471,-0.44359619178089316,0.061625437639255654,1.306682876770269,-0.40684036297081305,0.08804847944147777,0.22492091662256947,0.20951273843215687,0.50981485601848331,-0.89225052095955526,0.063086633985478729,-0.53127556537953546,0.12488643624180951,0.69676601649909831,0.43661830964973275,0.64752604302837968,-1.1915169884273678,-0.59092074064625044,0.70181266058773761,0.52442952618323702,-0.29464875228000198,0.078277375259715509,-0.34297305454134386
-0.094727502774828762,-1.2569152396467762,0.29664529447139215,0.39279658990016009,-0.42896036623607586,0.35381731851051368,-0.73247330892220774,-1.3855943497750589,0.019655704951638084,0.35612889493159755,2.1818640542279693,-0.048977209701616509,-0.23073139346284821,-0.59436072104585524,-0.43719550203633806,0.0827690106366714,1.2655017435997591,-0.39510662633128762,0.095555139022584321,0.25671368278952866,0.22346596084307846,0.51126577629659675,-0.89911182202401196,0.075819865539088413,-0.55502795031205299,0.10406905527004448,0.7149117909009266,0.43474607020775513,0.64170918323888193,-1.1798913449169601,-0.60150897860165864,0.72416532008472423,0.56085831398473474,-0.28359635643219305,0.058410381374543144,-0.3746863311794465
-0.097268702302837254,-1.2683931448566865,0.30720679104684057,0.38159206863036388,-0.43540869534662135,0.34822200390145808,-0.73725721235794428,-1.390426230175132,0.017581184377053628,0.29420460753456218,2.2174593150566131,-0.072820248534247733,-0.23268066057457276,-0.63442072792943816,-0.43355298719371088,0.095448243072543959,1.2209236552056904,-0.38176244191415054,0.10233010020959245,0.28634026976862581,0.23482328049967521,0.51115875695785729,-0.90646127325321468,0.092342850137405633,-0.5826968299676154,0.082983845829936467,0.73638693381034437,0.43332312010985696,0.63580854628640582,-1.1686234521096168,-0.60951841512249194,0.7454227598470905,0.59245529894165794,-0.27278069426706919,0.035302021854885082,-0.41167989102396246
-0.099821636512480841,-1.280159131705956,0.31705031768653025,0.3693497929809173,-0.44237794119320922,0.34189105694832489,-0.74228902238236671,-1.3967143670898099,0.010323242132685758,0.23412846780706945,2.2479157683719446,-0.092125517233957566,-0.23352477845432468,-0.67290768268419521,-0.43569610836979245,0.10068009954411433,1.175690977804605,-0.36823819529679508,0.10770639697791132,0.31143671665745098,0.24295606314207066,0.510439110718234,-0.91501753448539136,0.11160956267240779,-0.61300981836775259,0.063278132096013351,0.76233887383372234,0.43409516155733602,0.63152929906968946,-1.1593396320707703,-0.61394635051854196,0.76155904350920345,0.61703600785322954,-0.26676787095715321,0.0077221661663303791,-0.45502711971538368
-0.10240899443433847,-1.2921177299399422,0.32614043530709169,0.35624824930780491,-0.44951683653985164,0.33509646433676238,-0.74748388485727957,-1.4044347888991393,-0.0016428157101094389,0.17719498445448989,2.2741641593692212,-0.10700529142820257,-0.23350055413941551,-0.7104498977952618,-0.4426297618336103,0.10070013603487458,1.1299803235650205,-0.35429970235265612,0.11225880390423669,0.33283690309425051,0.24832441529782559,0.50945252377339978,-0.92552928731103734,0.13265995454098045,-0.64504397983624984,0.045750668945032172,0.79375360569185294,0.43793104616615647,0.62822397862085977,-1.1544022766871274,-0.61441487821602914,0.77243510179039465,0.63762140896477837,-0.26591010001983462,-0.018613550236896783,-0.48922944972955978
-0.10500125274416228,-1.3041924112358407,0.33443648550673355,0.34217234733819318,-0.45664941798763592,0.32791924399486644,-0.75289996891118349,-1.4128426482440277,-0.017148346518447651,0.12637665665445402,2.2973818329740321,-0.11724389842744,-0.23274646330095505,-0.74796119519189375,-0.45411849432269447,0.097508629412160569,1.0847627199445253,-0.33918415925325196,0.11764196781784546,0.34580752437452078,0.24785458086813375,0.50740650136501309,-0.93551163516325464,0.15790688124598115,-0.67606853642140974,0.030377799596980067,0.83262137063801966,0.44714063126480658,0.62556773250755104,-1.1409542980653153,-0.61517881531136376,0.77430819741861556,0.64110892980105583,-0.2707089485327705,-0.030636163502683021,-0.54165224609197538
-0.10760859243311656,-1.3163201593479026,0.34201099657820538,0.32769541248185607,-0.46345383055989348,0.32060046080607052,-0.75831497948322524,-1.4210942743966395,-0.033712133202162889,0.081027209261497285,2.3188535618136967,-0.12454969360414907,-0.23153699658188698,-0.78503945076875703,-0.46771971573239635,0.092653301990696837,1.039366362316402,-0.32262465358291459,0.12379603621679978,0.35184316457539777,0.24239105641260339,0.50466410711615695,-0.94517842701644095,0.18682778675080344,-0.70599657209464028,0.017376416583163162,0.87821866482546596,0.46163581748942178,0.62251841963081289,-1.1192472388023449,-0.61607068905142537,0.77173982707620437,0.62902093604343801,-0.28036628060852725,-0.032482393690813245,-0.60375531023995088
-0.1102563142594282,-1.3284348382296531,0.34891564472080022,0.31329480301808671,-0.46952697440362279,0.31337900741646524,-0.76366509964768603,-1.4282736565388956,-0.049340582163721738,0.041156937641194137,2.340346586179741,-0.13079009958199603,-0.23035358250229709,-0.82108312167447628,-0.48049613717732448,0.088866780434301865,0.99329182791337944,-0.30443507896379568,0.13064942692892342,0.35330010528130557,0.23350384678160524,0.50182156454271099,-0.95556407499717422,0.21793491412589078,-0.73487652064578757,0.0075487694417850359,0.93166011662662229,0.48195965634042987,0.61712058746911902,-1.0940946630998827,-0.61462525331091689,0.76438778084544856,0.607347280846536,-0.29580491160308459,-0.024300959077885737,-0.66172654156627198
-0.11296579219767974,-1.3404676916520735,0.35524313900714444,0.29957794963632695,-0.4746773826166934,0.30647549766579746,-0.76876992907785002,-1.4340149805668734,-0.062418674032546237,0.0049116471506214024,2.362151960163748,-0.13718056129659675,-0.22933120923978906,-0.85546240313182131,-0.49055256955057647,0.086500615832342906,0.94578009801565965,-0.28419973531546111,0.13790970927741011,0.35239807986547378,0.22306689008342198,0.49910239935496103,-0.96700622597105801,0.25061166767123688,-0.76304568131911954,0.00077378354580869783,0.9900971610676963,0.50673694450988471,0.60934692866048334,-1.0686016725954457,-0.60996389111516702,0.75317792560376096,0.58061185964528417,-0.31571016791347922,-0.0077302094477465291,-0.70970226770441824
-0.11576984367811016,-1.3523676849995017,0.36118178805629425,0.28724135529880968,-0.47886855179333043,0.30011707510556102,-0.77337381332674138,-1.4384347835760203,-0.071517632984398991,-0.030579834144365901,2.3849061111410585,-0.14587520360976525,-0.22876075297084561,-0.8871360018592549,-0.49462115946292923,0.087364939950659429,0.89576757824451669,-0.26110003835489881,0.14550811560388688,0.35115988646930552,0.21259549568591329,0.49646241418456388,-0.97972141044548633,0.28467768798552817,-0.79030042967109848,-0.0031968619931469098,1.0521814814652524,0.53477652087977001,0.59785060670480072,-1.0448146309786706,-0.60214979453531514,0.73916521312558892,0.55106505262720529,-0.33935726635962082,0.016692753215195841,-0.74416737162364943
-0.11868612121721669,-1.3640529476503052,0.36685595279604655,0.27627135550858339,-0.48239567761544017,0.29413812475536527,-0.77746466923506463,-1.4422195609096145,-0.077566224313486268,-0.066217837104666791,2.4077329388739988,-0.156958801879507,-0.22858333007677858,-0.91591667839508994,-0.49304021204797377,0.090456012523224827,0.84298721319963699,-0.23500542811070835,0.15299703554864291,0.34987440693594979,0.20301700547559809,0.49357351680059197,-0.99360820182971843,0.32002665520340817,-0.8165749810790679,-0.0047302515913727212,1.1138475555286638,0.56416009089227337,0.58415494846976579,-1.0242617347061704,-0.59149885638597732,0.72408906322043542,0.52151807879705481,-0.36513576537860065,0.046713035836943778,-0.76554840621698372
-0.12175545871752508,-1.3754436958481733,0.3724473850007764,0.26707194419799563,-0.48547514407889247,0.28842517611540791,-0.78089524194137483,-1.4457677250174439,-0.08064185299990205,-0.10448259404339473,2.4298789131717191,-0.17148843781818787,-0.22884317596759865,-0.94071251813500811,-0.48465883331139237,0.095631208671262888,0.78631968408581421,-0.20545306733879237,0.15987055481669418,0.34933097283015602,0.1958392411079716,0.4903305661183312,-1.0085754660565787,0.35676104693850419,-0.84134918808686343,-0.0044483436828091187,1.1710086014705743,0.59233865337145208,0.56914855481910509,-1.0084490133885815,-0.57888399892154052,0.70971657307849279,0.49359575694068308,-0.39106351494497205,0.080839685804525538,-0.77501698056560309
-0.12497642919178854,-1.3865192311116694,0.37798887395506009,0.25943921116054408,-0.48810106149201066,0.28288309763193009,-0.78385317665806009,-1.448837140118314,-0.081230929180582695,-0.14440317285780069,2.4506794959363845,-0.18877572131326936,-0.22936465254889424,-0.96167058441924691,-0.47113522202357372,0.10193097506485803,0.72651486968139933,-0.17283730457711952,0.16575228375759057,0.3495213772176301,0.19132975101991986,0.48677678660222906,-1.0240967982799909,0.39461989822053262,-0.86437061024379136,-0.0027657446815674246,1.2203379363343581,0.6179082424614124,0.55534870930483138,-0.99771614691079391,-0.5649114834065122,0.69759399648371556,0.46910254355506442,-0.41564297327049116,0.11701845449609721,-0.77538245544153372
-0.12834833516799676,-1.3972288509844206,0.38353768064274663,0.25364874116881231,-0.49008548308172112,0.27744870717083858,-0.78644818663740612,-1.4507295692484177,-0.078881562211138345,-0.18613863924022006,2.4692427057301694,-0.20846645258492236,-0.23005052107639137,-0.97814776949002447,-0.45287580150676243,0.10834657292458791,0.66379664633570801,-0.13708608231174585,0.17013197498146257,0.35091276648143854,0.19077849139636921,0.48343064624671905,-1.0394949584908519,0.43334003743440419,-0.88477190708195896,-0.00026255298316730331,1.2568732241234157,0.63832247977356116,0.5458122268918103,-0.99269867107950216,-0.5505559851267865,0.68913084518289947,0.44960619992911488,-0.4368642918654479,0.15306416362404443,-0.76963845585623003
-0.13186202587635684,-1.4076302023031391,0.38906008045802409,0.24932428861326159,-0.49124132559784944,0.27222009536642766,-0.78893319033429743,-1.4510256369511709,-0.073600425609434611,-0.22771154149208456,2.4855222779135038,-0.22947305615424654,-0.23076539735438112,-0.99107999960803328,-0.43213379509075273,0.11399680004619728,0.59997580802813544,-0.099250073415878881,0.17286677172012416,0.35377130032517917,0.19367733720303673,0.48047310877255023,-1.05418311249067,0.47237512069637266,-0.90255709263368122,0.0028813773461119998,1.2795938385949048,0.65334529930981322,0.54262286120469938,-0.99330753741314215,-0.5359275442847381,0.68415838311492194,0.43601919071771073,-0.45420018213391461,0.18859571579403894,-0.75887983927669167
-0.13553409235685188,-1.4176948610738482,0.39452526547127126,0.24621177784464301,-0.49132962271997455,0.26722701802721766,-0.79155838895479447,-1.449415218235887,-0.065398215272432059,-0.26692429667582657,2.4992038359774007,-0.25013705226735944,-0.23140243311935466,-1.0010991906770428,-0.41143451119280589,0.11638837980139112,0.53647743563833894,-0.060462399571077838,0.17371184661939526,0.35855267849912104,0.20049171183664571,0.47850467908850441,-1.0676148819452502,0.51075193340592151,-0.91707213245970121,0.0063299406191653189,1.2851626149362601,0.66166277961707942,0.54929746090038956,-1.000244556443457,-0.52152461858116017,0.68231097058962376,0.43012556649752909,-0.46748677543339978,0.22258719344704789,-0.74446321935145066
-0.13933686473356596,-1.4275381027211675,0.39991234204543702,0.24383981968166762,-0.4903516592416195,0.26268906939338182,-0.79441289354959665,-1.4460421659509661,-0.05418337877160484,-0.30222448320700823,2.5106380091906502,-0.26989743626639345,-0.23191658331532966,-1.0099627091302334,-0.39214597858808947,0.11500961889144391,0.47583266154154097,-0.022110745004408509,0.17286329859116875,0.36513434367211256,0.20969198022692642,0.47716072921046843,-1.0791556161940985,0.54816645473679204,-0.92872104028828273,0.010510464380545903,1.2750964997013097,0.66406770512110291,0.56605526118040139,-1.0111402104391434,-0.50760116491540674,0.68442424650090561,0.43006347729415462,-0.47686701944155613,0.25608317711677508,-0.73000775661192463
-0.1432074472046129,-1.4372101087066458,0.40522799005487498,0.24165105789769051,-0.48812734888668108,0.25875399351981804,-0.79773606432411892,-1.4404553917530067,-0.040158720486790624,-0.33120508514064717,2.5197995195851903,-0.28770258758239736,-0.23220996366020744,-1.0191189823317832,-0.37631070708857095,0.10809497784219584,0.42099650221402635,0.013765906804729257,0.17049189161040201,0.37389623861518706,0.22041117859443787,0.47633017944494477,-1.0883735067638307,0.5837335534010557,-0.93749833820624029,0.015570057569754797,1.2494769096122951,0.66104760451189115,0.59463819716407107,-1.0240692921241188,-0.49512730276312311,0.6915425675074619,0.43545718058837318,-0.48313595203930632,0.28999831212603128,-0.71926729818068802
-0.14712635507199359,-1.4468094680276509,0.41049031424671806,0.23937064894205851,-0.48493804874567137,0.25552392796233131,-0.80140146215395791,-1.4334687866337545,-0.02348917836523149,-0.35382998555447437,2.5271461090424521,-0.30364618307266028,-0.23235391064938379,-1.030231761705829,-0.36356516629985436,0.096194841445069207,0.37436723607388722,0.046121472122529907,0.16707642958282251,0.38432233459169868,0.23138368188369277,0.47544757327850068,-1.0952039940525817,0.61709351421316139,-0.94427792831647228,0.0227061132414853,1.211318094813602,0.65370662661769519,0.63311778604013569,-1.0383123438254553,-0.48330475305152687,0.70300739376904797,0.4459680527844071,-0.48754619562539858,0.32420510073310699,-0.71164547128005096
-0.15110103879355938,-1.4564364481948029,0.41566104487728101,0.23668300476266219,-0.48106665925046077,0.25315087296713396,-0.80527675995902082,-1.4262195128165864,-0.0041685719288764682,-0.36920749991514129,2.5340110204800776,-0.31670577477742812,-0.23251085230749027,-1.045541128448749,-0.35430854017231106,0.079596897795386617,0.33917865675399972,0.072618483551448884,0.16302971488530396,0.39568022536484898,0.24118906252268965,0.47441937792921446,-1.0990781156740921,0.64696750112436918,-0.95018058028908658,0.03292512653970539,1.163288528880094,0.64371678342989358,0.68027297834618128,-1.0536354639901575,-0.47117234172348621,0.71802833948860434,0.46253894475833807,-0.49230189039545558,0.3565616308539174,-0.70687682904906246
-0.1550997521831845,-1.46613534267989,0.42077366664750065,0.23369366026140861,-0.4766172238025117,0.25158584065444911,-0.8092761332886369,-1.4186356917609568,0.017679028331314028,-0.37856825384277226,2.5404410323922613,-0.3277488710550801,-0.23271361023037507,-1.0653407101209906,-0.34691059732530849,0.060286482155895174,0.31680554202246225,0.09324762676067791,0.15873016045675573,0.40766851510807683,0.24970273732286269,0.47318280136557467,-1.1005330434819409,0.67317568837446151,-0.95618502750155909,0.047466489975460449,1.1085413825700328,0.63169226387934296,0.73327972108343265,-1.0701839307592647,-0.45798564285439958,0.73482626125003292,0.48596032319587706,-0.49792420219828826,0.38506842691432036,-0.70211206034169971
-0.15908469838743697,-1.4759974933963065,0.42586121780305791,0.23041198373495789,-0.47157653418516132,0.25075402268994901,-0.8134176727008352,-1.4104002441312868,0.042188572061523891,-0.38218070690920541,2.5463358942393444,-0.33729489755247305,-0.2329589733754196,-1.0899817715872897,-0.34008984063016712,0.041350716397505614,0.30995342147781108,0.10737969930920348,0.15426553745154409,0.41957215498327033,0.25618729069677743,0.47199943424317431,-1.1000630257693251,0.69582192783389996,-0.96366185760751066,0.067610096591945085,1.0509279016120276,0.61912009860613382,0.78943903927361447,-1.0863837540790395,-0.44328969390714007,0.75260901648250722,0.51574308189597229,-0.50443533053950695,0.40736408335888785,-0.69703301784626681
-0.16303144205114456,-1.4860494492451106,0.43093060734974276,0.22697048195726352,-0.46597151595548669,0.2505441418997118,-0.8176689914616867,-1.4011979048961236,0.06912964079709541,-0.38145108688135232,2.5516992686828202,-0.34633458578820853,-0.23322309184013321,-1.1190571961668059,-0.33300147491331616,0.023999653906859084,0.31796286613546071,0.11593862354237595,0.14991521870631713,0.43083440850326277,0.26069749531493819,0.47097795276770776,-1.0981777447735357,0.71508967639968235,-0.97321743241683212,0.093963928268248315,0.99251275595101107,0.60571326239296785,0.84626726394234186,-1.1014475682199347,-0.42717488517018065,0.77180141563375648,0.55006017743092683,-0.5105973145132523,0.4235966624459121,-0.69035937518158208
-0.16691563376562654,-1.4963698253324411,0.43600009155471525,0.22350450759761312,-0.45983329878053836,0.25093158345792943,-0.82196862034961815,-1.3907946016247696,0.09871238005880259,-0.37752846078039215,2.5566312422232951,-0.35635592094771135,-0.23324902639390813,-1.1525297895693194,-0.32415309048327579,0.010623607486137266,0.34076735962563531,0.12020886606988684,0.14598903304002897,0.44040908223748126,0.26252839004487222,0.47025105260156952,-1.0954655304579564,0.73159461111213597,-0.98638014284568654,0.127759363971541,0.93620879025007397,0.59173381531477864,0.90056182434042009,-1.1136530965039002,-0.40935814201442239,0.79250601780959573,0.58566038354196182,-0.51414670755114023,0.4325023423886038,-0.6813568933351819
-0.17071732263348072,-1.5069675059528378,0.44104126547949657,0.21999216299055266,-0.45311500167760249,0.25163695874740144,-0.82641943616410962,-1.3786867720722515,0.13008485114173124,-0.37134170912514874,2.5610429326828004,-0.36777652358345825,-0.23310962144509617,-1.1892842692641552,-0.31406145432493099,0.00022986326864828099,0.37630638998115418,0.12124637271074115,0.1426590572186282,0.44788954766110484,0.26213778157805401,0.47005334952914613,-1.0924970482034755,0.74535420552237774,-1.0032128889675513,0.16895817012337039,0.88274077487454883,0.57626838001750946,0.95108312346681712,-1.1230421727269995,-0.39010942417376732,0.81462226672032378,0.62122922603061359,-0.51359952186618096,0.43406943005139187,-0.66674352426748662
-0.17444826157330534,-1.5179054941328272,0.44605928166126568,0.21650378827947878,-0.44580073327904218,0.25260978870799899,-0.83100909171765669,-1.364641113270642,0.16315913387156469,-0.3641264103919733,2.5648304307680725,-0.38163620655597508,-0.23286896929523798,-1.228739534216909,-0.30219237539371441,-0.0068961291914248508,0.42293390039728701,0.12082086171206757,0.13992178240326134,0.45305932261998311,0.25942848965687326,0.47085699168545664,-1.089843212641544,0.75688387584079775,-1.0242908909214368,0.21822727858055668,0.83350849602449884,0.55824715209113573,0.99557764561266149,-1.1289314196314062,-0.36945477556129652,0.83671200964532799,0.65373319447567901,-0.50828373911540647,0.42740592973285457,-0.64708802160438184
-0.1780761587284197,-1.5291681156818986,0.45097414362303051,0.2128657922812465,-0.43783004123792479,0.2534475507139991,-0.83591707035037333,-1.3480898887038042,0.19657820011019053,-0.35617825938745401,2.5678688856501264,-0.3977157630655368,-0.23250653348860478,-1.2694123398087453,-0.29013259506220734,-0.013360897475072775,0.47767835902763145,0.11964152040132969,0.13817060371875844,0.45541646440720546,0.25491454883205578,0.47274054950002914,-1.0877996450669059,0.76598766497558002,-1.049402440521243,0.27482443680764701,0.78830857702028612,0.53704932309079789,1.0338563416412472,-1.1318754527111581,-0.34785609054734012,0.85820817999677157,0.68247120798618466,-0.49904890347659564,0.41375918553271634,-0.62248187174100111
-0.18159628903666744,-1.5407864675888019,0.45573662210451887,0.20878580932398694,-0.42910375660115457,0.25408002761453963,-0.84126202307194498,-1.3284583094052618,0.22955495119678801,-0.34747548047307225,2.5701212003572946,-0.41634360450014113,-0.23208988958884913,-1.3105234265814953,-0.27905308007126595,-0.020807155359709804,0.53794543911727011,0.11895881420239676,0.13798103657660277,0.45503932387824575,0.24819814044429778,0.47610194691510982,-1.0868258372838449,0.77303286876043664,-1.0779529576567692,0.3381305440118178,0.74748422313746277,0.51131820765314728,1.0651310505608531,-1.132314440852064,-0.32564925805565698,0.87769102683219735,0.70604333218149828,-0.4869707251333284,0.39403947672047163,-0.59369079707781147
-0.18496311241909166,-1.5527244387596324,0.46024965346574831,0.20405648563687362,-0.41962056423563171,0.25413604047852983,-0.84716846357144082,-1.3053679016765141,0.26074981054945068,-0.33800216722729426,2.571282758391932,-0.43679050680706588,-0.23158889777310246,-1.3508673323906206,-0.27050256636398001,-0.030775365302743718,0.60082553343624001,0.11900759778331525,0.13942663935312977,0.45146252166192008,0.23958580233970891,0.4807671914061975,-1.0866724372803753,0.77771909967497643,-1.1096826322838496,0.4066939667477959,0.7104489390929386,0.48148996821167239,1.0894466570204377,-1.1309532881149817,-0.30327229384080445,0.89529841421158562,0.7249551260103545,-0.47278380695467292,0.36993451257161997,-0.56002046840737629
-0.18816193935609471,-1.5649816451125607,0.4644240957807132,0.19802028547461478,-0.40940080649529598,0.2535434781763376,-0.85375327282289259,-1.2783824232122702,0.28860872579796565,-0.32682390955452623,2.5709216244549156,-0.45849739078060886,-0.23094653510258425,-1.3904670740378904,-0.26633207560556837,-0.043581658559959324,0.66383899067740371,0.119960983763902,0.14289165264895959,0.44474482570401075,0.22810697957949261,0.48687062579516144,-1.0871806862647138,0.78025966813405034,-1.1432546317244943,0.47830580072989426,0.6772392920853807,0.44731809078285312,1.1070881663755396,-1.1288508744948547,-0.28101820996942001,0.91071898344160584,0.7395541532414226,-0.45795424852915362,0.34335293354702728,-0.52078977300300444
-0.19114421221182523,-1.5775100832925431,0.46818297145460741,0.19068932475332312,-0.39849000123395689,0.25202344693408646,-0.86100376453134309,-1.2474658067653628,0.31237804673437852,-0.31416451286707675,2.5687699525782413,-0.4806049580808906,-0.23021605772111392,-1.4283447404034608,-0.26685700203890145,-0.059093846783605325,0.72489266771856731,0.12178611090175985,0.14782969744570137,0.43461864406268835,0.21410974155662382,0.49394310156125443,-1.0876717879602951,0.78065964872373372,-1.178380955649786,0.55115862731398824,0.64704622617266683,0.41027961573269511,1.1175127049383085,-1.1265128074621571,-0.25919236932404255,0.92465741330003781,0.75081180323226793,-0.44266413669433019,0.31564342456916539,-0.47534461303120074
-0.19379721821832807,-1.5901124443510224,0.47141145399297363,0.18200606028954863,-0.38730642424791056,0.24945493212703448,-0.86870004293292835,-1.2136456552893402,0.33099592756390417,-0.29985131580495811,2.5646546033609576,-0.50252794148190616,-0.22953654159709863,-1.4651535642180258,-0.27263816715249189,-0.065094685440283184,0.79266877475564923,0.11668905207390717,0.15034363232102596,0.42122066347714598,0.19795448997082812,0.50061680648443463,-1.0861346861562213,0.77868543222246689,-1.212956852387884,0.6221986546243492,0.61965181645245537,0.37192242938659736,1.121047171144959,-1.1248364275786609,-0.23832861844773179,0.93835049175813889,0.76005185714366863,-0.42767990706118636,0.28854566032596141,-0.42229375148920645
-0.19607771017586059,-1.602650467745061,0.47410730915238447,0.17259792122645895,-0.37600120124423947,0.24578018901206569,-0.87659862704683011,-1.1777809783654869,0.34503491892391197,-0.28524055815818455,2.5585519816422804,-0.52346683555951623,-0.22892804668416983,-1.5008920203348903,-0.28156986843631321,-0.057212095631307892,0.87113970650720529,0.098200379343956132,0.15218520495679869,0.40484149661976004,0.18107753006691585,0.50610815568729961,-1.0817650735293287,0.77450961039778998,-1.2463025125526719,0.69010856157554035,0.59402868725417668,0.33411907952448894,1.1164443240554729,-1.12417982828996,-0.21884838903887388,0.95277501449980706,0.76774419765055701,-0.41254963793891053,0.26253780909765462,-0.3617891538559348
-0.1980056530158367,-1.6152077892755565,0.47624540147842076,0.16184331329483626,-0.36465513931352134,0.240866890267185,-0.88476918599542198,-1.139974341477896,0.35316086088981152,-0.26975413097799578,2.549788867386189,-0.54216606331508144,-0.22847465516428714,-1.5357136620786103,-0.29437633855610601,-0.041384629434834938,0.95206917954797687,0.070848359167759459,0.15373565390394636,0.38499986227623068,0.16182998290584627,0.51030041783546376,-1.0748754381580656,0.76944741010836026,-1.2786374591593848,0.75198254859379587,0.56914523817475027,0.29915935301357077,1.1025719836562378,-1.1250021430066188,-0.20050972455007576,0.96800802976370659,0.77510079695235656,-0.39684165621428957,0.23857372012284908,-0.29305832830210776
-0.19961196232262884,-1.6278925234943515,0.47786934076802146,0.14987766148292975,-0.35294860925144483,0.23485538458977756,-0.89320037737624514,-1.0997209699330084,0.35628496152794153,-0.25360064449695197,2.5383953950983691,-0.55843633966318817,-0.22823056577243214,-1.5687715605631236,-0.30960494959169244,-0.022570031447840307,1.0292365026682033,0.041131704313113505,0.15424654234350418,0.36245752188958064,0.14010657276625241,0.51364488585031365,-1.0659376590809748,0.76424644092045602,-1.3101089051363837,0.80746789558009791,0.5440187642379839,0.26790287586649308,1.0780370611868029,-1.1270875530158821,-0.18326810343489297,0.98401329088616596,0.78178601005543158,-0.38010079781669376,0.21652417170601476,-0.21773898349638066
-0.20090615280695259,-1.6407253048343886,0.4790081060426466,0.13675084571014964,-0.34098663374271526,0.22777607691824911,-0.90174574054447409,-1.0577645669465319,0.35441142862321728,-0.23726488632148371,2.5243487751641136,-0.5714570934204537,-0.22829848729364158,-1.5993363937284359,-0.32540708146084707,-0.0027246627670872853,1.0991793819084335,0.012310161629464331,0.15267141418486629,0.33746179303309615,0.1154853303173619,0.51564322796507733,-1.055325897938425,0.75958879413387326,-1.3409979266355925,0.85554216109926995,0.51699403539430255,0.24212944263431518,1.0404490718162756,-1.1302711136195467,-0.16706574027868845,1.0010503893584723,0.7881825845701429,-0.36115675558012555,0.19631010302582549,-0.13638255731261331
-0.20188724430669666,-1.6537499846274444,0.4797289723286623,0.12291595310325637,-0.32842100022908072,0.22011462255996009,-0.91026417485064992,-1.0133972982299726,0.34969554287318139,-0.22101390332197055,2.5077391977234522,-0.58169337309349201,-0.22869030239283206,-1.627103956891657,-0.33991321400390767,0.018894877886073358,1.1634295742741672,-0.016382901760641833,0.14937848142108143,0.31160324820710761,0.088725445147755128,0.51677256898209811,-1.0429170789813715,0.75566298293769874,-1.3704483086804222,0.89673734231314384,0.48781629236925239,0.22152465270966082,0.98983151587360507,-1.1343489800611233,-0.15197527348811823,1.019132994937102,0.79342218376680307,-0.3402263817231948,0.17765759621681781,-0.05183434760563127
-0.20256972874871448,-1.6670597602190176,0.480133897559131,0.10896306335977721,-0.31500658900504169,0.21236197358985676,-0.91858602856764748,-0.9662625757127149,0.34469018402014912,-0.20522243907387652,2.4887151879147638,-0.58916282139202014,-0.22949320564617343,-1.6511607419362557,-0.35083505898444239,0.043732103719543197,1.2230538064930099,-0.045534528399229515,0.14379809892322598,0.28661205680420671,0.060518960201410288,0.51753792325137626,-1.0288845681852765,0.75290142109229008,-1.3980534939987204,0.93173323141516795,0.45498096954105399,0.20639927529193436,0.9241088761602555,-1.1391698801998911,-0.13784872919201988,1.0385564583041023,0.79690819326893836,-0.31681108720415635,0.16013683428612396,0.033335932951181105
-0.20294306255928518,-1.6806312260156324,0.48026632650930035,0.095206068286450354,-0.30081895872271103,0.20448290801502192,-0.92662316988306503,-0.91684488729414881,0.33980113396220368,-0.19048147961678924,2.467300434014279,-0.59453341925059278,-0.23060845753354767,-1.671059518559336,-0.35866120250198363,0.069832803846058694,1.279576373904703,-0.076257605998942685,0.1370738020039636,0.26279293938856213,0.032015944501051857,0.51785004517361577,-1.0128642153890788,0.75098765358602693,-1.422231436849652,0.96137407032044453,0.41929729282543382,0.19556198763587099,0.8458190670668353,-1.1445389617841828,-0.12493002865354971,1.0594312943680029,0.7977183011742226,-0.29239683789402615,0.14374706303248816,0.11589535850109661
-0.20296959056206595,-1.6945578659282414,0.4802078406962097,0.082296056966281783,-0.28551653471284894,0.19686319706290598,-0.93431929716534279,-0.86408951140044898,0.33745901567799813,-0.17705681372902041,2.4438941134858743,-0.59903995332813131,-0.23201249202167593,-1.6855324487716217,-0.36290715736527934,0.096833332428139643,1.3354358477883925,-0.11054493296946073,0.13032256156496613,0.2416703448913384,0.0044107549123710184,0.5182681768754609,-0.9944120623431143,0.74951345441130712,-1.4415499491664865,0.98737275455638251,0.38041269448592552,0.18778423368306787,0.75546248447061659,-1.1500896662740174,-0.11330447699409125,1.0820821195848214,0.794715457878031,-0.268325006252503,0.12820895257148265,0.19175147100334081
-0.20265509011467964,-1.7087376923402204,0.47996287502416946,0.070289232784152736,-0.26953270014281927,0.18920728333177567,-0.9416008449669877,-0.80952321362615309,0.33683724180153007,-0.16550360835570888,2.4181461113537779,-0.60272149455945356,-0.23358323111420484,-1.6944190194220909,-0.36537101984921233,0.12121032084398049,1.3908879009556596,-0.14800833931055798,0.12461887641173122,0.22256923642766749,-0.021405933821630876,0.51843222329661343,-0.97324966552926784,0.74830962287616798,-1.4543748114045414,1.0101663119666162,0.33994800686260584,0.18212296435047115,0.65795096474560189,-1.1558556924181853,-0.1032590513158112,1.106619208831479,0.78718917204273575,-0.24660039967584349,0.11364718360317357,0.25862830213059812
-0.20196734268583663,-1.7231161332442815,0.47951764125183077,0.059371311741738993,-0.25273304155729076,0.18175656602443943,-0.9484543256025928,-0.75247944731210881,0.33852119889719173,-0.15560965293109191,2.3901344176493611,-0.60618036251041185,-0.23529762834113752,-1.6971494646495615,-0.36471709575015826,0.14252469122817429,1.4485966626510216,-0.18924518533776544,0.12112489508475684,0.20591789514246978,-0.044426060847242169,0.51854641869610874,-0.94877446566962464,0.74635929632870268,-1.4589573707464383,1.0311832673608827,0.29922782121319808,0.17701154603547742,0.55762400146584645,-1.1613963264006226,-0.095283617562290007,1.1333440803426413,0.77401594583541578,-0.22988960347418053,0.10007471580255158,0.31262486410443696
-0.20091691286845886,-1.7375364459375731,0.47884188320060461,0.049471968150772233,-0.23566392019647311,0.17461861307932491,-0.95473733615648015,-0.69438776184928797,0.34203912833926065,-0.14736527580608794,2.3593021570373653,-0.60892630903010037,-0.23708557605780059,-1.6936815427314291,-0.36368002623825885,0.15428648463397315,1.5062347967100864,-0.23080619214620954,0.12045263971141905,0.19151536796660956,-0.064440362744616619,0.51810350419098949,-0.9210319845891366,0.74406574318251162,-1.4549830860477879,1.0500549614028951,0.26018050248927804,0.172591430623148,0.45989186766413437,-1.1669058935110233,-0.089422573924224411,1.161846160309542,0.75500711054454273,-0.2191921305911837,0.087618733048227551,0.35357148868526639
-0.19955890500176524,-1.7519151003409859,0.47792017193617164,0.040854016680093044,-0.21886744150559961,0.1678675677758919,-0.96033768647226458,-0.63692399034931213,0.34813719921665853,-0.14065013180917274,2.3250031872953492,-0.61035486537981265,-0.23891175070361959,-1.6835330053256947,-0.35966764552142017,0.16089022542987674,1.5644838040012625,-0.26872139576452164,0.11912738759644131,0.18007989903004476,-0.080570103926622116,0.51672745879989179,-0.89035916449593988,0.74096562592817528,-1.4418684438691383,1.0671876320982321,0.22583010223176686,0.1680934572525889,0.371632869198946,-1.1723831012967771,-0.08607365311316062,1.1918364851761247,0.72982159755668541,-0.21686086999725399,0.076650499304795269,0.37969397105077402
-0.19792570895544628,-1.7659525070219204,0.47674177097581938,0.033645671413121511,-0.20268971912942674,0.16175413218493134,-0.96520487321370996,-0.58077242373544546,0.35637700263679256,-0.13586579353503109,2.2875772781578689,-0.61019402113854704,-0.24068952381274,-1.6685380130037077,-0.35252744134320896,0.16931115059103943,1.6199927163059851,-0.30915933570492715,0.11439739855870899,0.17090276006973287,-0.09188382282762271,0.51438437937310377,-0.85690932857305158,0.73750360717075591,-1.4206639298708144,1.0812346782934252,0.19739402148415375,0.16414308983345036,0.29611989582997028,-1.1784210649292561,-0.085419541359442269,1.222698300132758,0.69858183848454392,-0.22217955733018344,0.067328121188934373,0.39305966457949076
-0.19613306821687698,-1.7794343700482484,0.47544114955305616,0.027280382058065929,-0.18741671363634491,0.15645215442209612,-0.96935725074979584,-0.52673979271723304,0.36406769574308789,-0.13242872252023594,2.2459963574524839,-0.60758251121019158,-0.24184225561455835,-1.6524405191059324,-0.34447959502300984,0.17957505255158562,1.6743463407935959,-0.36005347413989142,0.11452924611912935,0.1638542336853416,-0.098979112598631069,0.51211787148205734,-0.82183111118467611,0.7339324894196565,-1.3924742653932363,1.0912029304074682,0.1778981072087259,0.16051782781203983,0.23935188734581497,-1.1856215146291542,-0.087724168594104882,1.2534542762126515,0.66160690970518032,-0.23575343523016118,0.060181775053708197,0.39486674276729555
-0.19426310342461803,-1.7922624356484096,0.47416470723475185,0.021196578309476057,-0.17321920503893251,0.15219722225077753,-0.97282157542521519,-0.47487942476404671,0.36905082865136074,-0.12952663165334205,2.2010764818077111,-0.60295256618855497,-0.2425324012672419,-1.6359069243086783,-0.3369311520613078,0.18904022457422401,1.723916836987859,-0.40915143460594355,0.11524386581833353,0.15820702190293232,-0.10331795581906364,0.51024277999498346,-0.78588135211626753,0.73138265261420865,-1.3591497571145668,1.0953107628965355,0.16689783129585956,0.15742884590057668,0.20064976549943186,-1.1941340299769008,-0.092347773796857532,1.2820771251573517,0.61968645866068695,-0.25568378843050465,0.055449269982980741,0.3878903337065272
-0.19248399525434026,-1.8044081419708349,0.47310652917992058,0.014636236241967783,-0.16044523080972531,0.14925159938995528,-0.97558550039380099,-0.42602725666963037,0.36797653673527453,-0.12683156473655893,2.153395990573777,-0.59631590641878363,-0.24259085173607256,-1.6203470174970922,-0.32963442964542955,0.19685990045865712,1.7662513499774191,-0.44870562675568043,0.11405857418434197,0.15381254099183819,-0.10680446471426776,0.50929166039083862,-0.75045136785235844,0.73100356400592637,-1.3227063654849582,1.0922025464213025,0.1655172512809347,0.15495547137324128,0.18207804839096178,-1.2042457246935876,-0.098625981643884419,1.306396579021404,0.57393729734793342,-0.28045844471514519,0.053436416073988122,0.37532520180538625
-0.19079862941743705,-1.8157403842236868,0.47232439268970067,0.0077437466758454292,-0.14903987446282396,0.14802532159536294,-0.97765825029716535,-0.37904801617155753,0.35987013917810701,-0.12443252013262825,2.1041723312366831,-0.58848529129452032,-0.24230436615838566,-1.605843826659763,-0.32261414535684069,0.20218192037689556,1.8008167659483858,-0.47893044120947775,0.11085757499834055,0.15032203508441194,-0.10954899617319293,0.50913818383166165,-0.71503388119599154,0.73273884971072278,-1.2844170637120502,1.0814770679578749,0.17150243370570054,0.15319151238013004,0.17988240405492895,-1.2156481621109667,-0.10608369001069656,1.3257970272445432,0.52503965333936509,-0.30762283327250661,0.05392009026773141,0.35956862244935478
-0.18924705640802428,-1.8260317539134256,0.47196493098132047,0.00065244864257185513,-0.13910314146346467,0.14889896772971703,-0.97901940111255625,-0.3334651897405676,0.34211265133894536,-0.12327683511931295,2.0554169220407581,-0.58032774832569611,-0.24190983848913691,-1.5931959658485366,-0.31640096875396584,0.20491733202931295,1.8279656286278079,-0.50384305284842135,0.106690363067783,0.14691371401674866,-0.1113542411120307,0.50991973164752336,-0.67933926535063027,0.73623884241884374,-1.2459549976619888,1.0630254591337929,0.18335386561780592,0.15267538115308205,0.19162342793268997,-1.2284405003652552,-0.11441570752017018,1.3395868590029507,0.47370483207786857,-0.3339373495410311,0.056381294702483001,0.34422272939934179
-0.18777644505912663,-1.83531005417396,0.47201347721643405,-0.0061425667494090378,-0.13047412341979153,0.15186778222825445,-0.97973208006711565,-0.28868872861360612,0.31706326316898903,-0.12389315723185094,2.0073689451083618,-0.57276346539465273,-0.2415616763360994,-1.5821814176479998,-0.31024580615368347,0.20544599768217406,1.8495503227283718,-0.52547924551341185,0.10349239319382098,0.14313794785412692,-0.11172080291839073,0.5112226563123814,-0.64289245369185,0.74078046459552016,-1.2082237445691892,1.038029636236619,0.19799716763107914,0.15333267819272425,0.21260972899352834,-1.2421552422116087,-0.12318210663267196,1.3481863467635531,0.42049599543128291,-0.35753574040405472,0.060093677499505518,0.33022604139087458
-0.18634100937081469,-1.8435079250616773,0.47254147035662308,-0.012072792141788448,-0.12324654821156522,0.15676463328170401,-0.97984151054948077,-0.24476257717682343,0.28745089333594348,-0.12751955499147441,1.9616715474957813,-0.56701166470455122,-0.24173618911902883,-1.5722015568884622,-0.30420144540512206,0.20273183562093702,1.8655156817890144,-0.54396380539361522,0.10114515858566969,0.13761675619705752,-0.1098829478278613,0.51235127612250764,-0.60527380496194494,0.7455965153877665,-1.172543798947981,1.0074386620056526,0.21201324597533364,0.15567897988605531,0.23737091701761831,-1.2564904033139461,-0.13210509873794704,1.3515983714460849,0.36581090258113752,-0.37520790830753742,0.06407488708368593,0.31969674878220239
-0.18490277449014059,-1.8508419117118549,0.47348641797605634,-0.016759152951518485,-0.11735708351641261,0.16324276121057402,-0.97943771963980264,-0.2023621201628292,0.25716569908836623,-0.13358965382304028,1.9169871736741508,-0.56313622682065823,-0.24220275237767724,-1.5626666376492928,-0.29671931526521467,0.19683644971642306,1.8769933896524198,-0.55834756811307662,0.099333564234546978,0.13025746871094915,-0.10571483935895727,0.51285310896812175,-0.5670228788710201,0.75020924818686496,-1.1395348371490388,0.97300428349333079,0.22288928631604843,0.15923905839680169,0.26257548886839666,-1.2710677822796381,-0.14075773148995122,1.3504670508804399,0.31034299575847185,-0.38648594114140333,0.067638150878409201,0.31205803884103256
-0.18332836573899736,-1.8573723559511981,0.47475260982912104,-0.019479585625772001,-0.11275093065623779,0.17083938146127661,-0.97863255572350993,-0.16113221047364437,0.22719657289667256,-0.1439092112820381,1.8734949444350721,-0.56295344796767433,-0.24319062714966791,-1.5524638182304362,-0.28843763567468678,0.1860551061327029,1.884660222626632,-0.56872043426442775,0.095717395661032559,0.12010256747974077,-0.097964570089111858,0.51178491123700887,-0.52794271127499459,0.75366521740729753,-1.109574461284528,0.93618812646412197,0.22690095074951758,0.16399125984041624,0.28281823035551529,-1.2854312804597119,-0.14915695149375546,1.3455297688572705,0.25420031762349621,-0.389714058683169,0.069972134881330514,0.30746236565709156
-0.18158659003269453,-1.8632761087596985,0.47626237817346839,-0.02029908666008557,-0.10937888424154596,0.17921036768683699,-0.97750081886226037,-0.12140845501331968,0.1986545756048792,-0.15745555690975763,1.8284420333963878,-0.56374839418396305,-0.24421677499458216,-1.5416547791971251,-0.27938915744682291,0.17055572839615901,1.8892686181324883,-0.57517643273538177,0.089061361340357859,0.10754238933871921,-0.087059132056843944,0.50918703776867857,-0.48922648201995672,0.75553949641456197,-1.083197435711216,0.89853930912547375,0.22324382550468466,0.16913807202600117,0.29739524643225568,-1.2993125803186214,-0.15722317869192967,1.3375483641294383,0.19815617256666418,-0.38575501409146901,0.070865482257147117,0.30466895800849469
-0.17962907441534026,-1.8687945003937847,0.47772457056966472,-0.018916379104431499,-0.1069715698320453,0.18756285614816359,-0.97622713998474175,-0.083433623874330357,0.17364474413619857,-0.17659891744208053,1.780909650471785,-0.57134397336234677,-0.24512845411416861,-1.5301304704700911,-0.26990071974694474,0.15018737212778019,1.8931546122617862,-0.57707216003980377,0.077742611229743491,0.092518714312049971,-0.072264847808708663,0.5048416195037273,-0.45135482856748055,0.75529844899215615,-1.0609310941568579,0.86138792900878403,0.20938053804502729,0.17393297726537227,0.30344040682371387,-1.31182229813371,-0.1651684601296759,1.3272240200298404,0.14238088867258358,-0.37498827016036623,0.070119205391769843,0.30247147205630492
-0.1774888428590092,-1.8740095199491982,0.47928638294012754,-0.015894629913107378,-0.10580631571931047,0.19550770106129564,-0.97484825645818241,-0.048378800793914434,0.15180095563844417,-0.1999190444853233,1.7246061112636721,-0.56794742418213495,-0.24402694507348721,-1.5180996021465627,-0.26125820751607826,0.12553502673852668,1.8953442167420582,-0.57772923949611876,0.06103179580577249,0.075144035001485227,-0.054806405572384365,0.4989432074751593,-0.41573912038434674,0.75302189650277973,-1.0430621682738721,0.82553232510398622,0.1865543604259785,0.17778758453155916,0.30243798066150746,-1.3228251983040999,-0.17310972591960211,1.3149344279473654,0.087719037242048964,-0.35893805212892671,0.067911856512268512,0.29989226634618171
-0.17524925701057317,-1.8791498612914204,0.48115843765071536,-0.011994666697963315,-0.10635064094384722,0.20209166830737682,-0.9735012207195114,-0.018359056170679875,0.13372258657181774,-0.22627574447184562,1.6458043337149184,-0.52619912203651287,-0.23665897222844412,-1.5061416226124904,-0.25546927241800954,0.097560465654428968,1.8954137206732213,-0.58045394747908907,0.039100636651845641,0.05487958374694446,-0.036231764624194349,0.49176635581795042,-0.38464792709582629,0.74956173635948686,-1.0298578965647662,0.79154683187770547,0.15444658937628128,0.17978480359865576,0.29483755541617196,-1.3319773829937283,-0.1815184815052861,1.300436423064631,0.034593619135469524,-0.33927712278436556,0.064353613397665446,0.29546762031024221
-0.17272996104154326,-1.8843489139257537,0.48339127096822637,-0.0075291966586813006,-0.10770159782627212,0.20896549362722519,-0.97194500847345944,0.014141650989166362,0.11874701606582595,-0.2512782943002328,1.5862517620628855,-0.51224742307895521,-0.23467955861273657,-1.4928928599317643,-0.24928932344474727,0.067156248554921499,1.8932280944160478,-0.58507207223704261,0.013654447787340929,0.035518888900503975,-0.017952497811429959,0.48486030625789456,-0.35801733122312857,0.74496171445702675,-1.0215104032806814,0.76035658108946313,0.11585529354358838,0.17985971380735075,0.28293159928719697,-1.3382161705291429,-0.19001134041076928,1.2843764200749945,-0.016262855708710146,-0.31746616532576777,0.059703411631838253,0.28896895918119803
-0.17013974252588016,-1.8897859311846132,0.48617962748513033,-0.0029534277329562506,-0.10994857067679042,0.21524116360324397,-0.9703472731767111,0.044927420421949277,0.11063711012738721,-0.27259997419832205,1.5381540377240559,-0.51158405605109392,-0.23582258954218629,-1.478426814158446,-0.2434704649344126,0.035674986097915716,1.8881785528003325,-0.59113860415486918,-0.013836707627127826,0.016715532132946739,-0.0013888076962301106,0.47863348999858146,-0.33751287251751666,0.7400731045267549,-1.0187205348917887,0.73262297068358073,0.072822349595292504,0.17735925779973388,0.26929481402102329,-1.3407936017795532,-0.19888312423329446,1.26698334518406,-0.064660322949054938,-0.29533652759493889,0.054130925904933673,0.27961535845569796
-0.1675362814866711,-1.8954525375524935,0.48956765425435472,0.001388796394920312,-0.11305964919053159,0.22061124716004954,-0.96878597460738214,0.071945697603238351,0.10909499468305607,-0.28979345617340552,1.4955253557761254,-0.51483096283785035,-0.23759026843891393,-1.463277214047346,-0.23825363355476936,0.0043141509295917674,1.8804819142038416,-0.59760119212844631,-0.040962591201381168,-0.0020982003514955563,0.012980933408665176,0.47287829749827059,-0.32326902846613043,0.73503091083760408,-1.0217109599159186,0.70867267200990824,0.02859523583614456,0.1728106511094499,0.25542023276687709,-1.3393732954789763,-0.2082028943215094,1.2488448003178803,-0.11045562211760224,-0.27389719382920452,0.047954143324478699,0.26793226601975445
-0.16495349334231837,-1.9014888308605309,0.49369842793733587,0.004915446741553477,-0.11704531094733046,0.22479047502985741,-0.96733937989953911,0.092909489513925303,0.11559939146754956,-0.29984918724198434,1.4543967126377075,-0.51585961431075511,-0.23969641299989136,-1.4480473282032162,-0.23270950831521978,-0.024620796783609109,1.8701635337963047,-0.60387914975268586,-0.065474942551679183,-0.021422278100589286,0.023784042882471358,0.46726866334213107,-0.31567497244123005,0.73034439236393323,-1.031368601080104,0.68910599641536219,-0.013038703709459046,0.16623077535985203,0.2439190074919676,-1.3329452374888693,-0.21770809220258047,1.2303337415100439,-0.15331560339832609,-0.25460276032294676,0.041333018051690047,0.25407835429828429
-0.16240700909082326,-1.9077772437210561,0.4985190908915515,0.0074889531754301413,-0.12169532523818431,0.22785512211307374,-0.96603116239712739,0.10796745064881016,0.12794085873888239,-0.30357800721893702,1.413543628385808,-0.51257640548591399,-0.24161642756299292,-1.4329955898006093,-0.22700095989814065,-0.05061842499412457,1.8574440318225134,-0.60944345079214213,-0.086729929103074935,-0.041241088483853675,0.031180764192195436,0.46174536442110448,-0.31428598795342794,0.7257929672450919,-1.047158919617645,0.67366601284606398,-0.049640546968976761,0.15838145458964248,0.23505650652738719,-1.3215334138657151,-0.22752019124783049,1.2121704394935413,-0.19314879187599032,-0.23792120882284451,0.034565874848497796,0.23890257805569229
-0.15987282977991715,-1.9143061011242026,0.50404371191592912,0.0087636404590058468,-0.12700676615067477,0.229866518592308,-0.96485950458504854,0.11625701517645351,0.14459162052965011,-0.30075279730610638,1.3727750069129603,-0.50218254910229165,-0.24360715085172235,-1.4188472196398085,-0.22103697599256195,-0.07256259427328618,1.8424526819868712,-0.61374469790876529,-0.10268318782998119,-0.061652950080720248,0.034809214186816477,0.45582378214268099,-0.31869181964182541,0.72123256865741681,-1.0689824972008042,0.66239027594252187,-0.077206779714530951,0.14997265835822221,0.23007257444126356,-1.3050779535960766,-0.23741433469627385,1.195036086581273,-0.22950305888322356,-0.22477908811559738,0.027926692078562687,0.22323044672521894
-0.15734322925301303,-1.9209086690745518,0.51015186567857351,0.0087766960278315535,-0.13270398844592268,0.23116853339147794,-0.96378095552205889,0.11875023494634918,0.16263236626161398,-0.2930806490800314,1.3329196554773637,-0.48407692092274213,-0.24566654360848161,-1.4053457773635811,-0.21463036382905076,-0.090479768489408349,1.8252036450352507,-0.61773851121729628,-0.11491581139294067,-0.082214925800523239,0.035240763861534276,0.44955082349302106,-0.32812939609918035,0.71632685043138311,-1.0955161342026056,0.65456772021103593,-0.095268892387155399,0.14167080822548739,0.22823798943583773,-1.2838323881867773,-0.2475108817568453,1.1793330181874486,-0.26221446191276732,-0.215086574244235,0.02165807099654532,0.20777195921253738
-0.15480276540998614,-1.9273879761014416,0.51667374631072804,0.007426245925669055,-0.13861529787415594,0.23207078975396758,-0.96274285175724905,0.11576603852333052,0.1784823078020579,-0.283024469160369,1.2959325695433586,-0.45735174836900411,-0.24802999525549171,-1.3930729776321462,-0.20761505631855506,-0.10367547549839487,1.80615181499805,-0.62137527835381223,-0.12359313184328138,-0.1028460727376245,0.033006331498682311,0.44275614328367152,-0.34164831068154078,0.71057387904992342,-1.1253366969767855,0.64960861023987804,-0.10147847458049238,0.13456777380996623,0.22909485122975481,-1.2583512747912322,-0.25771741254891012,1.1655326698652035,-0.29058441822509296,-0.20924468799002438,0.016208756079095703,0.19348651354891264
-0.15223285462574745,-1.9336508510561794,0.52351119489074205,0.0048250826964350568,-0.14452126504673066,0.23288055352950157,-0.96169484261591942,0.10800457044225643,0.19018371501912509,-0.27217597779019398,1.2629420839843182,-0.42127380183158863,-0.24945474358852651,-1.3813147999870712,-0.19992042697637924,-0.11254704449036129,1.7849964180333093,-0.62632493577913761,-0.13000622127885664,-0.12301699512205597,0.028612418324879256,0.43551857789136961,-0.35843986571901232,0.70387931664358405,-1.1567371687716455,0.64672675947584901,-0.097492924499071348,0.12895283894370024,0.23172322363806463,-1.2290560983985526,-0.26814533181591721,1.1535532166099522,-0.31450294880888796,-0.20658962294988942,0.011680324075315843,0.18063820341569914
-0.14963028842967513,-1.939496295878971,0.53049364832900414,0.0010147692928396605,-0.15013118261373867,0.23403542197505961,-0.96056598914975033,0.09609646073941118,0.19370617228404544,-0.2640591054893841,1.2367971793253798,-0.37536025168848314,-0.24853999007167779,-1.3699552468240508,-0.19126449047685873,-0.11680028397187708,1.7618883263446918,-0.6329195558253532,-0.13430183293129885,-0.14242203097900497,0.022455878862109029,0.42790846557379647,-0.37712753790931397,0.69605330832128354,-1.1873734077282649,0.64507257984926747,-0.083665400229981313,0.12562099294086257,0.23470747536190284,-1.1967642173713477,-0.27852329748718824,1.1433556432293297,-0.33334741008331653,-0.20690775674200929,0.0085151548805456195,0.16985463545231702
-0.14696954965897316,-1.9449068574750814,0.53756713800990352,-0.0038197898111985216,-0.15529508436900075,0.23565230227945902,-0.95934187775110358,0.080760688157538715,0.18887121330184442,-0.25839713785901947,1.2185841411292093,-0.31996111280149708,-0.24612624284924625,-1.35830815070202,-0.1819791822705597,-0.11696767853149587,1.7366993502398149,-0.6418421322604837,-0.13554398140283311,-0.16067841053020418,0.014962739550512857,0.42004526663038078,-0.3970765675849352,0.68722764090833854,-1.2158328660185471,0.64412178785502006,-0.062878538101424186,0.12429148703854762,0.23765493079898764,-1.1619566710713893,-0.28906991981511287,1.1345740981332499,-0.34723615980577766,-0.20913537679348171,0.0066197520486796502,0.16091718524043105
-0.1441825056025296,-1.949819520831457,0.54463361324771364,-0.0095618606719492551,-0.15959646828945825,0.23802621963766601,-0.95800890230468283,0.063276800367302585,0.1734069199519106,-0.25571581329132309,1.2110074823771477,-0.25909996837763138,-0.24346647150810929,-1.3461516029087159,-0.17214855448099076,-0.11284677228876866,1.7104471559758438,-0.65189418664397647,-0.13234271159667829,-0.17728042857461446,0.0064581773829587366,0.41233010759919025,-0.41710290496740177,0.6773596350358847,-1.2397338698048539,0.6430939147608653,-0.037928171687560762,0.12490765547996913,0.23947840500256662,-1.1255006261295808,-0.29976423871730817,1.1268803758348087,-0.35590450705901339,-0.2122162585126324,0.0061821423827432692,0.15389198834150913
-0.14127489010104469,-1.9542622183770217,0.55167180596155363,-0.015884196777386797,-0.1629448266413695,0.24099599415750647,-0.95661779544580194,0.04395872492341802,0.14937007639735211,-0.25445831620411508,1.213353726580261,-0.19701635604247714,-0.24175169977443842,-1.3341227650582101,-0.16286884956206635,-0.10544933309108824,1.6846929407917308,-0.65903337574330989,-0.12424600170869086,-0.19235818150370126,-0.0026315946653830465,0.40511286995073786,-0.43685915092055638,0.66682056032276005,-1.2584611713350635,0.64184286533202828,-0.011491793841189164,0.12680943124887759,0.24048700866926548,-1.0878889170511568,-0.31079624920667098,1.1197974940543813,-0.35968027731073021,-0.21520024227652751,0.006958727543551345,0.14826944083269955
-0.13823897920008857,-1.9582412918465797,0.55861460156206777,-0.02233067160906169,-0.16509217820947622,0.24471917189052567,-0.95517456033374026,0.023934255232238168,0.11832481286941021,-0.25337310793745704,1.2266395904127398,-0.14137322117296611,-0.24129062691934314,-1.3220334784205041,-0.15424317740141189,-0.096019640378379373,1.6605298907943915,-0.66119302462542329,-0.11371503181105636,-0.20542095206420072,-0.011720042324182214,0.39900174365858254,-0.45567338680715519,0.65589303211356553,-1.2705849387424155,0.63998962824842454,0.012658557999293212,0.12924634561663687,0.24059166209885913,-1.0498718426166633,-0.32225455096778044,1.1128330337177201,-0.35868726922875993,-0.21664152467974726,0.0087647332535880865,0.14364781439155994
-0.13512001541243676,-1.9618215262074532,0.56546998136766968,-0.028473892506067584,-0.16627687975867314,0.2488858599648755,-0.95372798292428074,0.0024777559634714917,0.08387608038421801,-0.2510441381340327,1.2499144417215,-0.094388189757105945,-0.2417839169686837,-1.309416973656113,-0.14606765808712469,-0.085654765479209485,1.637445592456942,-0.65891470294932375,-0.10198115155841408,-0.21689937004429019,-0.020115445049036645,0.39400922480030848,-0.47342474517552458,0.64499829435407674,-1.2763743858287491,0.63768197775484337,0.033218979444443686,0.13164285824220731,0.24050513393897902,-1.0117538521783647,-0.33412285338266573,1.1055919457117962,-0.35330197195159319,-0.21624666529585015,0.011350639639560275,0.13948973910232351
-0.13198595715137984,-1.9650812137410985,0.57216600356605152,-0.03360661242444473,-0.16640752918397303,0.25315616411170216,-0.95241329600362434,-0.020485543861694697,0.051078802511080081,-0.24560456299171637,1.2824698473641358,-0.060072079088445043,-0.24265304733284113,-1.2953081812663247,-0.13703598276066797,-0.075092452851424976,1.6155821522005818,-0.65253715593519512,-0.091160022686936876,-0.22712087971018383,-0.026655431501046326,0.39093917641190223,-0.49009676238882932,0.63441006695006619,-1.2758426410969961,0.63499203983457464,0.047339532366691646,0.13318496794167242,0.24096742365528789,-0.97394383177405486,-0.34653991997801981,1.0975854101942242,-0.34378466864758889,-0.2129659661744143,0.014320614760703933,0.13511506176788221
-0.12885932120805357,-1.9680679534906094,0.57874871040030595,-0.03755799698094054,-0.16581688710362594,0.25741454572318873,-0.95122652846951639,-0.045566166212619955,0.021824355017544473,-0.23635664060786965,1.3227212542595652,-0.038526326283266896,-0.24369478872288872,-1.2791530180841841,-0.12741087772193171,-0.065623559557869734,1.5938011673202273,-0.64476213651466197,-0.083090188314915381,-0.23625399635859745,-0.031137912174373252,0.38952849607803791,-0.50561449401269287,0.62436664751346904,-1.2697612120641375,0.63221308381715891,0.055412172255157995,0.13369618818316925,0.24258859330002519,-0.93656112440289652,-0.35928878705405304,1.0886440461766023,-0.33055629792142316,-0.20734613257570064,0.017568822015674501,0.13019587504575658
-0.1257831885023129,-1.9708438324391468,0.585284397173362,-0.039859947521601047,-0.16470389598733304,0.26148394232183986,-0.95021574346987003,-0.072831112189444241,-9.9473535614527653e-05,-0.22204850296021897,1.3691176448668678,-0.030771306744251964,-0.2445877744026152,-1.2601070306578461,-0.11689234682311364,-0.058522481655266877,1.5710652105254854,-0.63665053187258047,-0.077826525534749669,-0.24439826922915381,-0.032937738383109413,0.39007605604274559,-0.5201489641265391,0.61510121760252989,-1.2591795082996939,0.62968768791162688,0.056671949808033098,0.13272850757752194,0.24630961310861277,-0.89959749590892291,-0.37221777989096139,1.0784814406545367,-0.31393168939204602,-0.19938718066400948,0.020781375778542679,0.12413537066331122
-0.12276690111490282,-1.9734495286173077,0.5917996215398269,-0.0406736222702778,-0.16328000578285631,0.2653324527760928,-0.94935977672681493,-0.10254689891110079,-0.01507239054747722,-0.20373728775110744,1.4201509001384389,-0.03554472141102992,-0.24527961216275218,-1.238268411926233,-0.10582506903501318,-0.054029959471528749,1.5468067003651953,-0.62949913051057882,-0.075467013299682792,-0.2515880083146505,-0.03242822627814184,0.39217637634324048,-0.53367328767472777,0.60672446613716602,-1.2449913630616118,0.62756709213209239,0.052622585616226826,0.13048344893339889,0.25224972629810344,-0.86312096905954616,-0.38502277122080331,1.0670636207115316,-0.29434436334256131,-0.19010117428281945,0.024016523873956051,0.11688475255730778
-0.11982503996210341,-1.9759440470311989,0.59832872577183072,-0.039887654309299421,-0.16177564966877842,0.26888916854274875,-0.9486496873178929,-0.13500921414518699,-0.021826981258214719,-0.18160120842235411,1.4740366655039021,-0.052215284970995458,-0.24524365304234355,-1.2136112372837586,-0.094477579247257665,-0.053087971030729923,1.5204197577526517,-0.62339276015728184,-0.075640246705403952,-0.25779189846997314,-0.029500238416798052,0.3956194678763173,-0.54635671395442942,0.59934151729820739,-1.2285381224092655,0.62606328756576424,0.044540328258088582,0.12702117266730087,0.26086080661925642,-0.82698521456054996,-0.39746312978359172,1.0542988550052792,-0.27223474708486695,-0.1805587697246778,0.027248379544966013,0.10813471916332525
-0.1169647273495615,-1.9783501635086254,0.60487030140476405,-0.037901383445608616,-0.16027022628914389,0.27210014248487718,-0.94807091093327256,-0.17024819006818234,-0.022362407238717852,-0.15788301212297381,1.5296165794983025,-0.07872969167082372,-0.24479566767201885,-1.1868716087658338,-0.083108795744891842,-0.054816804226678006,1.4920688067437835,-0.61797622241685546,-0.077256761290417059,-0.26308853105986585,-0.02484843582076586,0.39992703869017304,-0.55815352784962857,0.59296702742839902,-1.210501398754515,0.62513787047259028,0.03400045968721177,0.12268009035114075,0.27182496249644894,-0.79133724556053475,-0.40928685111678437,1.0402547804516571,-0.24805943330676031,-0.17150200614265851,0.030594780257512885,0.098068278264602807
-0.11417707906559879,-1.9806896583449207,0.61141837650467323,-0.034950053305434416,-0.15896965306270003,0.2749746399974709,-0.94757379160534683,-0.2085590802798396,-0.01837193314859243,-0.13462304910886383,1.5855398035132326,-0.11324895942545585,-0.24442460213565267,-1.158868440544655,-0.071844994152642158,-0.058916634752690392,1.4618077823578999,-0.61256862060647777,-0.079351144102852475,-0.26743952093045897,-0.018734039660416736,0.4045356619550638,-0.56902892415520423,0.58750637965573915,-1.1919602078305669,0.62479717305933513,0.023144989831939338,0.11785517458900627,0.28499140352867952,-0.75606527247700872,-0.4202631503863104,1.0250292181226497,-0.22241924675303185,-0.16431276928922528,0.034254170175508511,0.086785651023018023
-0.11147009077508498,-1.9829696912977974,0.61796256834892094,-0.031417172999535822,-0.15787424316900719,0.27739282899794315,-0.94717575085358263,-0.25002168156749516,-0.011743700183994364,-0.11356516958346791,1.6407249334131591,-0.15359545230025845,-0.24434954906230799,-1.1302707062413584,-0.061038621281323445,-0.064478248906796223,1.4300718362848484,-0.60662587126829548,-0.081250573113373969,-0.2710205975795838,-0.011722052828206438,0.40908876814182171,-0.57896240966547097,0.58291478086667914,-1.1732194186418521,0.62491531139362455,0.012830251356008045,0.11281638620761048,0.29986417946365834,-0.72142435855714993,-0.43034803833301805,1.008736949405864,-0.19574289663270855,-0.15893116635566865,0.038244423652415635,0.074566064939796076
-0.10884243997713974,-1.9851938581100055,0.6244930863966871,-0.027699122214525695,-0.15708760109331416,0.27936939432396063,-0.94684158428237386,-0.29501488112768837,-0.0050663257183284176,-0.096792053435157593,1.6939557806492016,-0.1975111179309787,-0.24516553580795511,-1.101973545792639,-0.050870155483662353,-0.070682441971753662,1.3972391129016406,-0.59959480432955581,-0.082800925343508552,-0.27364163553940118,-0.0042680880967437482,0.41300144773673192,-0.58784913294573782,0.57902361100275535,-1.1547569075854749,0.62539003757208755,0.0047244278108080281,0.10799997025187651,0.31591813527721169,-0.68755091326722828,-0.43952225518596549,0.99157343000692322,-0.16872721117050013,-0.15592547663368025,0.042762400242067122,0.061748666469675709
-0.10628935848041324,-1.9873638767029105,0.63099384579175555,-0.023961566091097272,-0.15655987304638594,0.28086761844585129,-0.94658767708581393,-0.34344363236073894,0.0010787873392151441,-0.084567305148595576,1.7440812871098934,-0.24324478715254597,-0.24662844887663488,-1.0741717729719908,-0.04147229426091989,-0.077118510964535883,1.3636195269275977,-0.5914007681352742,-0.083694242897925986,-0.27542201708563518,0.0034000120206066128,0.41617135691675006,-0.59566998326862164,0.57578418053310276,-1.1366319006128283,0.62609416594636635,-0.0011866683545309342,0.10354317535009669,0.332706703789859,-0.65463373399612035,-0.44786046916885691,0.97367593726804014,-0.14160793594043783,-0.15453263718891,0.047638852684040792,0.048601649400205602
-0.10380062117323124,-1.9894738088186195,0.63744377276647235,-0.020512569958224876,-0.15628662808021121,0.28206399722753139,-0.94635808541220467,-0.39520761423414641,0.0050717096212701592,-0.077709117322256091,1.7897494087302792,-0.28873341280902276,-0.24926235048837175,-1.0474348259017612,-0.032616621438242087,-0.082801774131448111,1.3295966907449259,-0.58191700681112368,-0.08394849621916145,-0.27597066668826903,0.010886200366584565,0.41828200684321654,-0.60231401921134931,0.57304875229508068,-1.1188841533477671,0.62690663979103056,-0.0043981459337254763,0.099700296421514997,0.34970309929580873,-0.62291489619322926,-0.45551742273491896,0.95525352519135998,-0.1148730975140629,-0.15413555839953985,0.052812356540277321,0.035566773467388492
-0.10134880739582885,-1.9915327452134739,0.64382024916758196,-0.017306060845774157,-0.15617151760143549,0.2830960999316367,-0.94613294813760895,-0.44973715436745243,0.0077248272565211967,-0.07512237953460052,1.8299175029180452,-0.33288177532947494,-0.25220577040946707,-1.0214865794458152,-0.024128629810988692,-0.087807272087288848,1.295231562293125,-0.57149209263755352,-0.083752131759821213,-0.27524322415276209,0.018158232213584632,0.419419730878965,-0.60773076318061126,0.5708338304184617,-1.1015101045642475,0.62773494135714436,-0.0054049935577613261,0.096506404265638224,0.3665821291187038,-0.59238725661081926,-0.46254104583803801,0.93646030518934398,-0.088532971984886161,-0.15387481377411519,0.058005327045408131,0.022791191371305891
-0.098916990626168516,-1.9935498000813332,0.65010556068577163,-0.014508002193258006,-0.1561198575606825,0.28424354736586138,-0.94584444478384699,-0.50636630925847703,0.0093478837109791258,-0.075901942270104772,1.8631571073762565,-0.37401210565634269,-0.25476510277470377,-0.9963827958617486,-0.015624232314686076,-0.091378186223270541,1.2606639691812953,-0.56049865548450817,-0.083211219445281384,-0.27282813103394987,0.024797538550899632,0.41958564963003619,-0.61187368849571355,0.56916428980207923,-1.0843736348249251,0.62849233832922335,-0.0046326488348042549,0.094022610706962773,0.38295293136632536,-0.56313597801981674,-0.46905898933460616,0.91745660728772382,-0.062734726433604004,-0.15246577515240217,0.062880939077543024,0.010592328439779234
-0.096461332840361277,-1.99554136512114,0.6562746886291061,-0.012019361911460715,-0.15601042851902522,0.28576747979903566,-0.9454381146441363,-0.56414375385963145,0.011241425236383884,-0.078498553423718129,1.8888110708891837,-0.41162139298085654,-0.25606288617778711,-0.97175721697822492,-0.0067777905754422361,-0.093609635682324846,1.2259155043766119,-0.54911350561578753,-0.082617913731592621,-0.26858518812560589,0.030734168283374639,0.41887624266754236,-0.61466693249804616,0.56813844063146057,-1.067537013220653,0.62914250979543473,-0.0025812749343140937,0.09221948788051848,0.39858912113053957,-0.53499755936268034,-0.4749844030520502,0.89840207096263114,-0.037331213516068926,-0.14956924370868285,0.06722303196573147,-0.0010521463046729938
-0.093953653481145524,-1.9975173703795717,0.66233961973757538,-0.0098915604218805173,-0.15568230797733151,0.28789024834516735,-0.94487267974210654,-0.62213441308435857,0.0148576834585014,-0.081003304072047519,1.9060642941482056,-0.44490866940741963,-0.25464826129633417,-0.94735626706916432,0.0025539393441870624,-0.094147260038061398,1.1910665980194841,-0.53721353816723183,-0.082368158706096928,-0.26244827669400556,0.035599945129105318,0.41743497931912377,-0.61609330462693979,0.56793019879591822,-1.0509214590299889,0.62967428675286308,3.7262480369624866e-05,0.0910336448867506,0.41324494111125271,-0.50787749412295224,-0.48031166411482429,0.87941681172670272,-0.012228450686337662,-0.14424429326855112,0.070645350740161428,-0.012074450573736968
-0.091349787392053211,-1.9994934993374414,0.66827100087949143,-0.0080852347728875527,-0.15504936370025826,0.29087402410235635,-0.94407977729496673,-0.67932268191534917,0.021046807251153009,-0.082379381961927262,1.9146755207514115,-0.4735935816108231,-0.25034293334288726,-0.92300983880106724,0.012695430946102431,-0.092762985196577941,1.1562623325047809,-0.52506072647277846,-0.082318752190776515,-0.25429694840402434,0.039273899073135492,0.41528113966065289,-0.61608133379258356,0.56865207033973142,-1.03463272007541,0.63013083609697318,0.0029641259126018432,0.090397040528059386,0.4267483515502164,-0.48162260354481246,-0.48483280272198331,0.86066718551737764,0.012784111063196785,-0.13682410567901773,0.073122284695945186,-0.022608311709907392
-0.088617951271935128,-2.0014957938152786,0.67404246806645718,-0.0065878996461885171,-0.15401567301853308,0.2948013712749028,-0.94304184612207775,-0.73481706736575458,0.031357257325290586,-0.080939613965249887,1.914329767605119,-0.49704752111590078,-0.24212162087837233,-0.89847396513330124,0.023585994685967764,-0.089382272385242906,1.1217043207637791,-0.51303818402065915,-0.082308807931210384,-0.24444065440500207,0.041553949071665937,0.41246658043041218,-0.61465410649857877,0.5704822667588737,-1.018663549736545,0.63061716006970092,0.0057432407675190771,0.09022819853819497,0.43891640614215838,-0.45608467358138355,-0.4884286340840806,0.84230506804529204,0.0378757087719509,-0.12731745592064761,0.07447996986892251,-0.032834876090751447
-0.085718869225548444,-2.0035238784454221,0.67963418632974293,-0.0054379029096364682,-0.15256285942668532,0.29979522859996233,-0.94171005306527067,-0.78773032762203721,0.045576098204249918,-0.076806435031995274,1.9051261566438085,-0.51516342732684872,-0.23077778961050197,-0.87381384327032408,0.035315599481345494,-0.083555298111531284,1.0876050132392274,-0.50114885063562009,-0.082177867033345536,-0.23294718481569213,0.04242664472920616,0.4089684837605983,-0.61171133207488004,0.57345250907160561,-1.0030907949947754,0.63122578434829668,0.0083116480540714813,0.090423091025598812,0.44963093559774087,-0.43124698707662268,-0.49090044772467001,0.82447796023131625,0.063231670826557451,-0.11638541025481862,0.074869763499761058,-0.042859800628410341
-0.082620166750852542,-2.0055710046837651,0.68501991696988729,-0.0046314030939232425,-0.15074082901805616,0.30571957418209983,-0.94010174690521997,-0.83764771531966642,0.063982300221136754,-0.06950694979936313,1.8875249500963849,-0.52744174266135069,-0.2161122181684188,-0.84902485268440964,0.047495805427429504,-0.075412443815645672,1.0541169585855381,-0.48975959612758213,-0.081905938299439762,-0.22047914696185889,0.042098536297180099,0.40479432828057227,-0.60724213958266748,0.57763766624910651,-0.98796161108092995,0.63211457423836936,0.010545707888422941,0.090881811285730793,0.45874243065980874,-0.40712572620222082,-0.49219372324371091,0.80731282403532389,0.088958112850998999,-0.10481268906240229,0.074377972090273067,-0.052955545098106654
-0.079288662147538796,-2.0076231508167126,0.69019723093132246,-0.004229377120166496,-0.14854554173138629,0.31256385482377125,-0.9382004961939685,-0.88366333558810772,0.085442082846845235,-0.060182755358826945,1.8615310105109186,-0.53407804401781256,-0.19979590039375494,-0.82423382570118187,0.059951987640073465,-0.064586792340049451,1.021534601652673,-0.47868014906141093,-0.081400146689738828,-0.20723634712516892,0.040676186148934868,0.39999508576017423,-0.60110760536173591,0.58293744037380457,-0.97327755891742818,0.63337201549624722,0.012436792413241547,0.09148111893736495,0.46621730298169028,-0.38381366676392181,-0.49222427621501025,0.79086954090273887,0.11517016849235921,-0.093105042938364413,0.073216589952817823,-0.0631024205882392
-0.075682241393030827,-2.0096567899690831,0.69514747289625156,-0.004223402927218566,-0.14605427937949023,0.32012641201400832,-0.93603920359870041,-0.92522721141446418,0.10874373575195805,-0.049894088027181149,1.827457880391457,-0.53496999697460845,-0.18324581487674454,-0.79962205962630439,0.072284123453617802,-0.051177464822320336,0.99020783304443594,-0.46790920545624337,-0.080579334474079722,-0.19396498192441683,0.038568392784681882,0.39451277671590429,-0.59317346468783427,0.58928117237725908,-0.95904808038028155,0.635145344173076,0.014001341022915082,0.092110370261050997,0.47191699275895405,-0.36138124370229013,-0.49098748057774849,0.77523700913451588,0.14192788635993969,-0.082162767764344391,0.071650391319100476,-0.073443072470937412
-0.071788834089399622,-2.0116523517190887,0.69988601596702105,-0.0046621808282388232,-0.14324232520141494,0.32832440372653837,-0.93362893392312429,-0.9615361630298378,0.13246513683341554,-0.039960841947159563,1.7850578391149581,-0.53053324624425635,-0.16816718710874784,-0.77514170801152815,0.084120518505684388,-0.035133739621390173,0.96025397402695778,-0.45759729387827813,-0.07936833338003052,-0.1808506946161943,0.035856682341164466,0.38855521144919059,-0.58337768499394316,0.59647681754014903,-0.94523353425747847,0.63749134086241921,0.015188125111375548,0.092654271037931391,0.47592914529395808,-0.33995999008598121,-0.48854300626231378,0.76032684707951514,0.16925297517319199,-0.072072897065289215,0.069821424053016293,-0.083845345523838918
-0.067579232545146722,-2.0135589090939083,0.70441423895006616,-0.0056220738982773726,-0.14014223555445882,0.3368760341656169,-0.93104408257811666,-0.99210453413312327,0.15424728109724817,-0.032338001841221244,1.7342780059591629,-0.52143188815160046,-0.15699108242182336,-0.75097346196461923,0.094813878350536632,-0.016528376529516359,0.9320634590259298,-0.44801170161452664,-0.077917281304594382,-0.1685463766695191,0.032964164745728185,0.38233825024647844,-0.57159438657677553,0.60426729591549999,-0.93182499844992239,0.64044034814172657,0.016000811663817106,0.092964853121445118,0.47823704964624586,-0.31954818580413374,-0.48486552336284872,0.74608228597277415,0.19732041659942237,-0.063283505715686847,0.068085387861387611,-0.094190955055025019
-0.063064832233281659,-2.0153720767180618,0.70875343785216594,-0.0070828290960123696,-0.1367273430191151,0.34571787583967967,-0.92829662152128389,-1.0163576142939288,0.173215043308067,-0.027731626265325333,1.6747466798247892,-0.50777628053789425,-0.15033684719536095,-0.72688754183967774,0.10406372098500384,0.0043213372256593989,0.90542488950404565,-0.4394035319326513,-0.075933601795514075,-0.15709136772108898,0.029855733265190164,0.37608459178623838,-0.55789804435786527,0.61248383099643777,-0.91879914597549106,0.64402702776906207,0.016324671976601118,0.092983343256891601,0.47902310059119457,-0.30024976907171175,-0.48014050922730417,0.73235548023405561,0.22601089948409153,-0.05553292109551846,0.066442650871942496,-0.10434383305353115
-0.058241638977487332,-2.0170612329357511,0.71289840915829461,-0.0090778380544638097,-0.13293953295616331,0.35466144993347737,-0.92545120312458262,-1.0334466228963464,0.18720556606558256,-0.028307153363526974,1.605433716329044,-0.49018234525538207,-0.15042199177486409,-0.70293657227624429,0.11137357604193993,0.027213520152323568,0.88076135478030726,-0.43210205650552447,-0.073246782845757766,-0.14686182860712402,0.026659561768172323,0.37007315508689098,-0.54232799552662236,0.62083790001040162,-0.90617324448410574,0.64826378800752105,0.016061730846663205,0.092602450661106214,0.47842778025511151,-0.28226038322624647,-0.47464010783358779,0.71884841068686944,0.25518712341070127,-0.048704384509157025,0.064848751457036766,-0.11415114590175646
-0.053132390694202628,-2.0186478152354197,0.71686439127396473,-0.01149997307940058,-0.12882384903475672,0.36369422655521932,-0.92249589490113393,-1.0431946943532417,0.19624515187342684,-0.034022655985345131,1.526520843148677,-0.46811255475098373,-0.15611397460908638,-0.6788881475448163,0.11668783010357787,0.051547042533982526,0.85750388525165144,-0.42610558816500504,-0.069477567725375111,-0.13770389252017537,0.023314267538881696,0.36435030867835494,-0.52500688094654391,0.62921927743336348,-0.89392081314520377,0.65317282875718674,0.015090656848610837,0.091826597338804522,0.47664500050828251,-0.26552900536239332,-0.46853764378769192,0.70557115453343089,0.284681364558731,-0.042417741176587385,0.063332552534678899,-0.12352212623030459
-0.047752150699421542,-2.0201312544000807,0.72067121981112325,-0.014306035479490962,-0.12438533704943719,0.37262886412563562,-0.91949516306307766,-1.0453382835109346,0.19915493073088908,-0.046343930495691812,1.4370903490489748,-0.44107584003133354,-0.16692913189638639,-0.65467250240001784,0.11972538975487299,0.076856598417910205,0.83552202712842139,-0.42135642585992178,-0.064578789835285727,-0.12980977892962994,0.019836592608982587,0.35909081279727795,-0.50612758690230519,0.63734477739904294,-0.88210411363728713,0.6587574643008538,0.013243385568184501,0.090630933698204769,0.47392386542881881,-0.249976177335936,-0.46210633517131494,0.69239108201278388,0.31420521923255568,-0.036251122397996743,0.061754970382013517,-0.13231035636944471
-0.04211449969163112,-2.0215546889482314,0.72430978449387773,-0.017303506820238734,-0.11968778307604734,0.38160628175374617,-0.91637987153807743,-1.0397491874783449,0.19697495452012684,-0.065098005296250941,1.3384372138839933,-0.40852621864779981,-0.18097516321800533,-0.63021374966898946,0.12079372739822503,0.10251104017227383,0.81441893917726893,-0.41760922690272534,-0.058201164674652799,-0.12270935857804657,0.016230438821118031,0.3542195683308883,-0.48570069976728253,0.64518570184408042,-0.87061569791543547,0.66501705855543147,0.010474819373637688,0.089061977671028483,0.47037965862813252,-0.23553013948392437,-0.45545655135999891,0.67953808518068948,0.34364894160715864,-0.029883512052212104,0.060236757869123962,-0.14051942636880418
-0.036234431276970624,-2.022983786853854,0.7277767346047268,-0.020237541092636271,-0.11482509705984008,0.39061756635186451,-0.91313939564179836,-1.0264354413189358,0.19028132011282203,-0.091025766261226784,1.2309114985191898,-0.36903331172444409,-0.19571349411865485,-0.60529359545790062,0.1204003735133201,0.1280169425251679,0.79365714498188566,-0.4147156260621776,-0.050043643661060067,-0.11614105401711264,0.012563153316064965,0.34960893827842887,-0.46389237523544774,0.65259560004260997,-0.85948023437447429,0.67197018113991802,0.0066189332484604541,0.087176804660794152,0.46623609753123918,-0.22181825443037792,-0.44882551758057559,0.66727639121350524,0.3726692229674412,-0.022859990719262955,0.058938732204777348,-0.14805442579836611
-0.030113436250876507,-2.0244591431014527,0.73103722591922693,-0.022922621764302129,-0.10978411416510561,0.3999379988994915,-0.90965465904633502,-1.0052562605031503,0.18074588139973724,-0.12418100074555996,1.1170617727891587,-0.3232661673161582,-0.21001165330820809,-0.57999540541951922,0.11906419926497931,0.15315018131542837,0.77341123236367038,-0.41229789538568801,-0.040275716334884838,-0.10947599805168064,0.0088600665709147007,0.34529805900455518,-0.44055723265375896,0.6596414874646026,-0.84850194398585199,0.67955614979100776,0.0017528798889483062,0.085043648024430749,0.46149506896855064,-0.20894374779452449,-0.44219476701396893,0.6559111991254295,0.40133652973717071,-0.014990393810201747,0.057971602618476552,-0.15499930690885166
-0.023762511934792584,-2.0260587197860214,0.73406170603661658,-0.025072104334048464,-0.1046356319421006,0.40961535628068224,-0.90589074065882214,-0.97702316640280318,0.17050641235527589,-0.16438757266804391,0.99992357706192347,-0.27118160564197008,-0.22139990546957544,-0.55405015977908612,0.11731351095459788,0.17729747124027934,0.75327104854348514,-0.41039999676075345,-0.029508319264353426,-0.10225749217628273,0.0053316572639980249,0.34123260794936378,-0.41567337664170412,0.66639535244029746,-0.83757729393098679,0.68771420953439522,-0.0041629241814185166,0.082732403114600325,0.45621042051941557,-0.19662727811219502,-0.43566591284761375,0.64583764297923696,0.42950440518226601,-0.0059717105989234662,0.057573844850895645,-0.16145442490890169
-0.017174347024640352,-2.027799055003213,0.73680637179785624,-0.026558761756881377,-0.099307204343428476,0.4199310040949899,-0.90171540030056452,-0.94180770777106915,0.16100197462411553,-0.2115640666857283,0.88261844965710079,-0.21517414493916032,-0.23011572484574563,-0.52761036381474413,0.11589379560266751,0.201085086560469,0.73384855441551988,-0.40869929923524134,-0.018131097069059642,-0.094053786168435433,0.0020431437762690129,0.33756120030923176,-0.3890391402675879,0.67293014647700344,-0.82652178577442226,0.69633096379316795,-0.01095164185572323,0.080340893641374964,0.45034124546415261,-0.18515708471439746,-0.42914755591227538,0.63727517267020484,0.45738526308329197,0.0042595041316112591,0.057749326095379735,-0.16747360867287292
-0.010378906707242584,-2.0297259871413251,0.73918839398035896,-0.02705933960129505,-0.093813694873769893,0.43105047662677021,-0.89702969259345433,-0.90063776864310097,0.15436678028290587,-0.26443130382217916,0.76999253872482476,-0.15759295601466317,-0.23574710169071184,-0.50068516128881768,0.11570791363087578,0.22433233329422617,0.71556109586387606,-0.40729585168250682,-0.0069805787057174648,-0.084414951596604643,-0.00070276476627463298,0.33441521976831318,-0.36056444986292885,0.67943056119118994,-0.8151549831859759,0.70535482229144275,-0.018514888515997842,0.077958752112829266,0.4437642105832863,-0.17459758926150831,-0.42249451657689696,0.63042017229269287,0.48522413576738477,0.01589222426284586,0.058640181241475693,-0.1732377962828747
-0.0033622411862180186,-2.0318333309157124,0.74118238932405123,-0.026646683755718149,-0.088141141434041947,0.44302756007142829,-0.89176660312476608,-0.85421894957360767,0.15107285869346129,-0.32168784167219328,0.66464942671584426,-0.1018898454243599,-0.23917476770534959,-0.47342827406432253,0.11691232174429811,0.24779465353634691,0.69878647294358021,-0.4064490686686365,0.0036307800147346424,-0.073466692474495429,-0.0029107598112030654,0.33169323658699579,-0.33011470813614729,0.68583425162395439,-0.80343123311421327,0.71461248201407523,-0.02664540913400891,0.075704655702266477,0.43652049376124696,-0.16520547336986799,-0.4157653693104944,0.62542571595164953,0.51309277262678932,0.028825701610358054,0.060126294746610007,-0.17866433929278305
0.0038734583914367673,-2.0340968440382143,0.74274502029422451,-0.025308611766564335,-0.082300421612034977,0.45593293341962987,-0.88583930540267974,-0.80413432966102816,0.1522938880309756,-0.37973489459622933,0.57108512596196082,-0.052540830926649421,-0.24175016068207139,-0.44611562814743549,0.11942240245828702,0.27135026559986358,0.68404883401911665,-0.40702793397523274,0.012894451045460225,-0.061261066775822548,-0.0043913284954123794,0.32944432475908858,-0.29754479554366164,0.69216441958352148,-0.79121117475930491,0.72396896483811723,-0.035071590412919976,0.073716433974932327,0.42847955204955729,-0.15739144670226451,-0.40881966313634571,0.62228033923801196,0.54123661843591175,0.043110993078879861,0.062163435292853911,-0.18386381747268979
0.011343700710177578,-2.0364948278907793,0.74387707391648461,-0.023248395990418225,-0.076369828189534833,0.46962304861641263,-0.87925044989149737,-0.7514833872015404,0.15750712585518506,-0.43542263215632748,0.49032834156683736,-0.01219618972219888,-0.243866465133833,-0.41913517054293342,0.12287632524052718,0.29542418994681913,0.67159665402564017,-0.40914809351817416,0.021237999919681106,-0.048218885510926193,-0.005192804002651554,0.32731300123990104,-0.26296145743793575,0.69806283537102543,-0.77861189475765247,0.73333545634413499,-0.043691625825321885,0.072074944864619447,0.41983104872763305,-0.1511884865525773,-0.40206666819807518,0.62116206616848746,0.56940648765707169,0.058430841917873712,0.064566703491238817,-0.18856954823228073
0.019074659350376298,-2.0389926438710182,0.74455678250302137,-0.020649882962393694,-0.070361967951558357,0.48419972248538456,-0.87187923736300788,-0.69714287137751518,0.16624231177516452,-0.48346143716347839,0.42431015724779209,0.015619613206045824,-0.24761753527337257,-0.39304763076154525,0.12707590051150211,0.32061255166415287,0.6621633337371986,-0.41331507047849203,0.029285084408453975,-0.034418296638886042,-0.0053643869266121079,0.32501434924996336,-0.22626211226029519,0.70321192551763434,-0.76554011399012623,0.74253498487131564,-0.052147930771939403,0.070963975906909171,0.4106846008685488,-0.14693314135255353,-0.3956465644333817,0.62221685957287187,0.5975216520350064,0.074704759689943362,0.067165345803357979,-0.19261127531513483
0.027092114812630911,-2.0415630458590992,0.7447996155948412,-0.017721236491633884,-0.064405445325131885,0.49950579509429699,-0.86373135699527182,-0.64215121411983145,0.17759253782356149,-0.52018362878615865,0.37227651249324634,0.030345121490890803,-0.25178725499472393,-0.36840194141164795,0.13132223892488942,0.3466238000665488,0.65582203610941125,-0.41939044451556745,0.037374034123916836,-0.020110702353433194,-0.0048860696428071728,0.32215660491691689,-0.18785643430212434,0.70698557128948802,-0.75231202008337628,0.75170298211484343,-0.060583874196111526,0.070340034533277473,0.40127868352573287,-0.14439112529389619,-0.39029576737876259,0.62563696180455675,0.62503649718710363,0.091355578956126254,0.069801607637090229,-0.19561139337676045
0.035428075359046574,-2.044167572744013,0.74465646471015168,-0.01498196071499637,-0.058418543430492138,0.51564184837039106,-0.85467906189736564,-0.58703896213180951,0.19012597814052265,-0.54096473043201765,0.33373777559765339,0.030581057171192687,-0.25669061120120856,-0.34592795143012134,0.1343504696903923,0.37385921963047924,0.65296126057714055,-0.42753469488696799,0.046512876462569352,-0.0050935661864429053,-0.0046067183117890383,0.31851417756924277,-0.14803955992948722,0.70884471806085614,-0.7389779180511783,0.7607620474396658,-0.068882465585216102,0.070303418567345954,0.39198641524272576,-0.14363473542045849,-0.3864341768046346,0.63174351516135363,0.65159127875427647,0.10804061642580504,0.072334512850881744,-0.19707823440095557
0.044137325220065513,-2.0468009369188218,0.74411195565192889,-0.012317115911971072,-0.052701054984705578,0.53246218390727518,-0.84472179453818153,-0.53230624193937404,0.20341083296905424,-0.5448964466744598,0.30639897627095314,0.018389457807232758,-0.25872067582092007,-0.32614539714477248,0.13613667107504804,0.40130076152119354,0.65326480996371417,-0.43737088573479443,0.056575376546985391,0.010526506528331358,-0.0036388488489344116,0.3135829837188413,-0.10731742811003686,0.70797941989767332,-0.72604791029420823,0.77007874600516457,-0.077381206235916183,0.070670627830515489,0.38287892937874934,-0.14414329495547007,-0.38506688080197105,0.64067417797283133,0.67633764367681304,0.12398147692059411,0.074724248017889364,-0.19668048455822706
0.053283621377128852,-2.0494744151579942,0.74315030068904042,-0.0099385395162076284,-0.047372244796057471,0.54984984444695784,-0.83385984698684457,-0.47793983066998191,0.21608917489184851,-0.5315250615203615,0.28814250740601016,-0.0047744036315070966,-0.25689645125546795,-0.30978727930248118,0.13593779050732527,0.42827423358996319,0.65677601428087584,-0.44863482572835706,0.068365155534494237,0.026662866004806746,-0.0018821471911076764,0.30671983390912694,-0.066110688395579126,0.70364451783504156,-0.71390117461060509,0.77984192205664593,-0.086390619545786099,0.071306398041801305,0.37429824377409493,-0.14554488096158291,-0.38710404387224501,0.65271624939539019,0.69845524200137088,0.13846394751816204,0.07688687164720806,-0.19375463587247635
0.062933671051332435,-2.0522297779268017,0.74170807828314256,-0.0074420989451144531,-0.042967560651273093,0.56767211297184583,-0.8220990062328567,-0.42423625807643384,0.22949954025335406,-0.50217053939626577,0.27545431626007394,-0.034889786264207939,-0.24280010360007082,-0.2971423917806012,0.13461593407069594,0.45350383918452114,0.66226369431109999,-0.460047656158451,0.080891720273922815,0.043238243824952227,0.0024142334415467427,0.29714958144986775,-0.024790906576195287,0.69521660336578373,-0.70323503073501892,0.79031641413559373,-0.096190563849139779,0.072037752379587483,0.36599950852948887,-0.14703571269082397,-0.39362919604929969,0.66785158537408185,0.71674855217226163,0.15072266027885728,0.07900515742625161,-0.18823897909167414
0.073151210625213028,-2.0551301469375027,0.73971067730712825,-0.0045819283852729853,-0.040034137594637885,0.58554985983646091,-0.80963426027115926,-0.37202933760934076,0.2450251047011614,-0.45858761292548644,0.26571826878530302,-0.07081979662891244,-0.21100539614448025,-0.28873979030864283,0.13226785269738969,0.47489867455305712,0.66876056867367473,-0.47147121425607202,0.093827711593343022,0.059497406813004333,0.010660212031067543,0.28380625161802514,0.016170997689830061,0.68213927085400106,-0.69485957180878666,0.80180818775814222,-0.10738764911054818,0.072583432552892055,0.35797588998261842,-0.14778421637242964,-0.40587861351075472,0.68606078608926291,0.7297660607155555,0.15977423146355957,0.081134470457522478,-0.17962155152769871
0.082781888500144438,-2.0580006672720255,0.73782679281235786,-0.0030808427401660381,-0.037906562415637619,0.60126953426213892,-0.79814068189889353,-0.33134437632033936,0.2617012253178132,-0.4095807657277713,0.25791451008560823,-0.12009861836786453,-0.21646716813698594,-0.2849536816930241,0.12509473030654075,0.49017392163235757,0.67428307819957556,-0.4777533265702662,0.10539029487517862,0.071773003078664466,0.016516378695878218,0.26928351303670855,0.052967277706411749,0.66932355378026642,-0.68947880951449181,0.81420107663142605,-0.11994314494653324,0.072779393034280271,0.34940232490286621,-0.14918837769560281,-0.41787887335964963,0.70370120982786266,0.74073521998923597,0.16462551325274369,0.082543155039955962,-0.1687680923582135
0.090365978930211227,-2.0604552210844345,0.73740126403436412,-0.006337811816821832,-0.033426678936479055,0.61352006369842438,-0.78894589213464694,-0.30535179262304585,0.26038686714834464,-0.36816730793303776,0.26188609277324604,-0.14773735751262806,-0.23631556578133306,-0.28464944342490783,0.1044328292969568,0.50075460334990718,0.6787395339809017,-0.47960602972006244,0.11606183932364862,0.078726848540316377,0.006372314009527185,0.260427559435495,0.07968393126386264,0.66219180576706804,-0.68695221764814562,0.8298215464872003,-0.13420192615580118,0.071798692313579854,0.33940676383366841,-0.15376674503168816,-0.41992852902073113,0.71480688985770846,0.75670068610734653,0.16337771016997013,0.081460926345068421,-0.15639539362022331
0.096767256449726682,-2.0626290567243428,0.73783324266839101,-0.012034524477430473,-0.027875501882268439,0.62324135791436908,-0.78143991221364395,-0.2885143098102273,0.24815468615218686,-0.33294897750460178,0.27289845767897125,-0.16535428483576989,-0.25101593478097683,-0.28643490800922239,0.076155887071951922,0.50674735755585365,0.6813616650605312,-0.47810381045365807,0.12613477367026105,0.081755477939406657,-0.011870333708767174,0.25459661611170076,0.09897667835682164,0.65737206177264362,-0.68758233219979714,0.8484180751788386,-0.14939045633865519,0.070074179063618139,0.3277543991264204,-0.15889438494430239,-0.41685184777654194,0.72047996094650468,0.77438165840697182,0.15646518164833934,0.078943067151508853,-0.14321845971241692
0.10250800231276415,-2.0646468397455147,0.73872992824638606,-0.018325638423842598,-0.022635591827923567,0.63047206940215561,-0.77566537286559489,-0.27850312522669679,0.23105751686530249,-0.30496041089713916,0.28688825504822341,-0.17738597502565198,-0.25838522400729541,-0.28915432841349398,0.044934107051383038,0.50655456745127958,0.68120393574116644,-0.47487824558889957,0.13526713239145116,0.080518831185388287,-0.031660320611041015,0.24955047263344621,0.11239942982814358,0.65264697222767321,-0.6920680731981752,0.8698295997656651,-0.16520683604104514,0.067744426505646452,0.31382704549039314,-0.162514203145735,-0.41236179095322767,0.72101963613907272,0.79102158313064641,0.14351975595518357,0.075711153165206366,-0.12979136052895091
0.10790268953461474,-2.0665751167545214,0.73985799753831005,-0.024336100431654028,-0.018201479398534823,0.63570536716863102,-0.77133335628409183,-0.2730520732392045,0.21258630413970886,-0.28330486056510751,0.30135427074822096,-0.18573331624162823,-0.26063834028535243,-0.29186949587440669,0.013158766081872358,0.4999427880505416,0.67733497677598886,-0.46731418147608816,0.1426466958965503,0.075582572242402099,-0.049980181628055023,0.24436768352075447,0.12124412690424531,0.64722364923612807,-0.70040269177521164,0.8932791106494985,-0.18052896577933136,0.065409586036778336,0.29760109733173667,-0.16397406149192606,-0.40787486552042862,0.7168915741767603,0.80577785464763196,0.125583166733057,0.07235979762187543,-0.1170946565925427
0.11308808122217411,-2.0684252575001199,0.74115201977782053,-0.029351305941675947,-0.014963756494965471,0.63913792452435048,-0.76838616610776111,-0.27065732918333707,0.1952395962324959,-0.26788135143392233,0.31445340501666069,-0.19082706993773838,-0.25964963098451344,-0.29372904670761335,-0.01716301665808518,0.48641169838753168,0.66979125029907272,-0.45682972517189396,0.14724276112180101,0.067114405174763705,-0.064463406630316106,0.23898159625778512,0.12599692376662064,0.64063472656751874,-0.71251637750858388,0.91832111710638598,-0.19417347381973299,0.063552742818126243,0.27851094351917421,-0.16289938174730603,-0.40395374173820203,0.70776121841575157,0.81852194759675789,0.10298760068602913,0.069327106606565936,-0.10633692452975772
0.11816618855219475,-2.0702167685253174,0.74254909120797996,-0.033304593218079194,-0.012846598103015847,0.64136216725636863,-0.76640742389408811,-0.2699200870865392,0.17992808077852038,-0.25692878117534484,0.32554122893105492,-0.19308596991579555,-0.25646737229558692,-0.29447421624318931,-0.045553706767762228,0.46672512390907139,0.65900525936453791,-0.44430454229970079,0.14921443122900635,0.056129127814189002,-0.074948801169177071,0.23331963256856744,0.12750843930227884,0.63295884312201089,-0.72783174258248251,0.94405925501805832,-0.20518412456746024,0.062701750727214345,0.25701691240852603,-0.15957572106820686,-0.40041744225027132,0.69428806997856551,0.82968795518346472,0.077396954113805302,0.066915806378747444,-0.09831560863401087
0.12320841348272289,-2.0719259457071741,0.74405429334349571,-0.036100925877196877,-0.011709894141092206,0.64303159874605997,-0.76489866292476982,-0.26925585635977128,0.16744875862941877,-0.24883155630821643,0.33384017203101252,-0.19273867114914106,-0.25241880535688077,-0.2941372573951776,-0.071418351158030829,0.44223286224271446,0.64581949994300836,-0.4302718709459184,0.1480839320783566,0.043835826608852962,-0.081274286439970325,0.22784217208302765,0.12639278494379771,0.62434938896756143,-0.74548850104764797,0.96954137168126031,-0.21192617360944277,0.063608164207320045,0.23311968353725968,-0.15442444268932809,-0.39672022504587773,0.67663639632873762,0.84005589723135887,0.050158984116103617,0.065569887121343567,-0.094444229952202433
0.12825289403061887,-2.0735781601521781,0.74562128124981086,-0.037945876456349857,-0.011387503831707798,0.64462021756688437,-0.76347574311202959,-0.2679368851309043,0.15787230456152695,-0.24194463742885319,0.33941394943349174,-0.19147128260723853,-0.24758070888834971,-0.29300931988192264,-0.094663496876546988,0.41480898447521136,0.63111037195985975,-0.4154730414605432,0.1446987638656142,0.031198503944150989,-0.084154896660608575,0.22240445746435372,0.12352362607312749,0.61508150592054778,-0.76453085749518346,0.99371462892858464,-0.21422076331738635,0.066404439375452914,0.20772656436393799,-0.14792316407712414,-0.39262688522374911,0.65596850980331844,0.84994838645542115,0.02315549825393292,0.065451039105671627,-0.094818605784263696
0.13334557084728654,-2.0751736305213799,0.7472437258292286,-0.038988358459170515,-0.01157258023758706,0.64675571844763691,-0.76161212171720682,-0.26475059462515221,0.15127008198310019,-0.23446336982629717,0.34209244474238831,-0.1907153162045899,-0.2432369982750027,-0.29132472106793339,-0.11479128192563298,0.38763180232172273,0.61563764564614065,-0.39901188148149702,0.14039830946375526,0.019539889336198209,-0.084355036605274797,0.21729393524924942,0.11970778778017134,0.605499047284213,-0.78363072135497003,1.0153682445723309,-0.21094773239595302,0.071661671600701152,0.18153251999365533,-0.14065280308041381,-0.3875147958908145,0.63319644271954278,0.86001193846180835,-0.0014507899951260034,0.066967030570167799,-0.1003334136945674
0.13847208645656733,-2.0767300530413553,0.74888372433612149,-0.039431139295025647,-0.012138792432622572,0.64958543405506708,-0.75916836000696486,-0.2597081925674532,0.14737658799696901,-0.22560982782328695,0.34223926814520655,-0.19113614049924421,-0.2397464684838386,-0.28944766975224684,-0.13189304257400705,0.36203333581529401,0.60003258934569459,-0.38133151103885532,0.13634276020619707,0.0092470996785533211,-0.082622767177786882,0.21238551677827097,0.11549348005641583,0.59593666636617015,-0.80193172101018428,1.033712543821993,-0.20294023764514507,0.078912366075773024,0.15560809283180851,-0.13300102746284589,-0.381481679667038,0.60948709855468053,0.87015543531599837,-0.022286220001570958,0.070043416276389922,-0.11020920490903439
0.14363482845561004,-2.0782531074526589,0.75053220533490284,-0.039503254289966545,-0.012787431175726571,0.65343076563529301,-0.75584668354482032,-0.25241602505868704,0.14573177342697313,-0.21413937532362248,0.34016433189102985,-0.19277614448228389,-0.23807456203539945,-0.28759663049914475,-0.14613359590584954,0.34017271797538595,0.58449289493447243,-0.36200938361092599,0.13386100987126567,0.0011227563622950281,-0.080042439254354808,0.20779519393293316,0.11140905489996307,0.58681991973118897,-0.81829939068698909,1.0478563918453396,-0.19036551585139608,0.088148541069076936,0.13114198302611849,-0.12547883236512536,-0.37430639997621629,0.58605239678074106,0.88058835263872626,-0.037087495706301689,0.074835028419028032,-0.12428658473356398
0.14879636836388943,-2.079749774216717,0.75215112442889898,-0.039299347723662587,-0.013488659852877206,0.65814666709730552,-0.75174236405338846,-0.24332342681326397,0.14596356938039687,-0.20009079656701353,0.33632094454462713,-0.19528492596694419,-0.23789240865826586,-0.28599368164891642,-0.15785011799768042,0.32181921478455872,0.56938914353638936,-0.34199179519326256,0.13283984709856742,-0.0050180219127385298,-0.07695682001515089,0.20342303480654461,0.10759088766487192,0.5783940042401764,-0.8323674094087905,1.0575927057111845,-0.17471866135991782,0.098445119470065706,0.10901757041389956,-0.11822423611902655,-0.36637922011645663,0.5636666876397195,0.89096016785471588,-0.045610399012339452,0.080948992113407919,-0.14116892804578302
0.15392265588996665,-2.081220558378944,0.75371881103463623,-0.038975268407113961,-0.014100264091366315,0.66367008468670807,-0.74687624791332441,-0.23276604158293357,0.14746526795888035,-0.18322770192867266,0.33132160435850699,-0.19823206014317518,-0.23895068857958562,-0.28472818585502441,-0.16759610357268126,0.30706985596144148,0.55471700757106723,-0.32163322072540307,0.13331134962490945,-0.0091307513204017358,-0.074065758498255099,0.19925681174479834,0.10415292106067789,0.57093616013279735,-0.84365354080010257,1.0626951168139802,-0.15741912376115028,0.10912362489600318,0.090499734838626958,-0.11148962840677419,-0.35787327018858539,0.54338000290001875,0.90116985240167813,-0.046418823597212139,0.088145055732418848,-0.15956906387162015
0.1589683120504902,-2.0826696711593535,0.75520242797795056,-0.038546685274752079,-0.014658464970811294,0.66975372399712985,-0.74143727425251937,-0.22122468739916182,0.1499173267617524,-0.16420980772102001,0.32552586642295039,-0.2013161903077913,-0.24063959190196141,-0.28389825731595569,-0.17575137892015363,0.29477066662210705,0.5407221275267573,-0.30168909195490934,0.13460659344249029,-0.011617696237221723,-0.071367927292952923,0.19520991717386779,0.10099416665046593,0.56457667833629022,-0.85227383743747431,1.0635000672426915,-0.13989810311339493,0.11919064067155942,0.076063547814296514,-0.10519868811246391,-0.34918450162055348,0.52544066814485979,0.91090070676760271,-0.040568755039978907,0.095827761863218661,-0.17805770711591445
0.16387861985165295,-2.084095290848162,0.75657424380402072,-0.038084506445429607,-0.015142010444105108,0.67611080472051688,-0.7356592075334164,-0.20929987853571716,0.15279446885452949,-0.14370344492767101,0.31950872666899555,-0.20441476106827175,-0.24229869672430923,-0.28361220768431011,-0.18297768518867993,0.28340722316629136,0.52771866813750978,-0.28256499419685888,0.13638696609638951,-0.012948014410744797,-0.069168422048847558,0.19121951387139424,0.097970719647225452,0.55947159896856224,-0.85832068871591227,1.0603608038317003,-0.12411616491794664,0.12747386899048616,0.066646540486704209,-0.099383022289625159,-0.34067944867133643,0.51034891856667053,0.92000715648741904,-0.02819184364643839,0.1034045557380128,-0.19477093336714327
0.16860735604553465,-2.0855025195181418,0.75782117398666771,-0.037587198287937648,-0.015576128552595827,0.68257431879146646,-0.729682729732959,-0.19725054186883825,0.15591269778387531,-0.12237079501845656,0.3134482188817696,-0.20736019937573844,-0.24347094659685434,-0.28386522977957923,-0.18957493373512094,0.27189406131122218,0.51581425541056458,-0.26460189319619259,0.13811436939994468,-0.013369029510631609,-0.067384617315911916,0.18725965550645587,0.094926006665333254,0.5556845726397297,-0.8621415254742496,1.0538784189294568,-0.11078235309185491,0.13334453837303406,0.062260444777196632,-0.093902978828498934,-0.33250427340194,0.49794888045411057,0.9284025837196126,-0.011192622884853707,0.11037002676632848,-0.20881492384086869
0.1730736499220924,-2.0868967686590723,0.75891168866232561,-0.037041684792088463,-0.01596819156994236,0.68887807226715181,-0.72375405490763423,-0.18550580878748782,0.15907590690221823,-0.10104274116252408,0.30776081286124823,-0.21016711372462626,-0.24368041953686376,-0.28464217698366684,-0.19605578572911639,0.25822237550968991,0.50557424386067062,-0.24886300698541883,0.13911542330248208,-0.013385491382284068,-0.06601624917182547,0.18335434021336891,0.091682715761740904,0.55329419290681747,-0.86412146949501945,1.0447235547755809,-0.10142070942836395,0.13563323392413631,0.063296859913073822,-0.08866845115994082,-0.32478466938142642,0.48817176440250021,0.93603192478616759,0.0087394131309857064,0.11604809979301008,-0.21854619817402571
0.17724181585943316,-2.0882827755172433,0.75986390691909966,-0.036478308392797448,-0.01628022679432466,0.69497119367042781,-0.71792710437803287,-0.17408662671343292,0.16209917088548959,-0.080102267040504493,0.30250360835690254,-0.21281838515348775,-0.24284886409113421,-0.28576170422089064,-0.20259909345254251,0.24222387216461772,0.49671554187933381,-0.23485619939790936,0.13902131618517224,-0.013029583754881644,-0.065118208075232581,0.17954868080916014,0.088111523119918544,0.55234654031595198,-0.86461348978100983,1.0334784471448772,-0.095822875231919055,0.13433737166918935,0.069323079671871055,-0.083565114572255184,-0.31742116470553022,0.48071402461192053,0.94304208572380377,0.029690974024730782,0.1202755982449725,-0.22388278572743303
0.18105006065376705,-2.0896680125181653,0.76067585646497071,-0.035856284042505598,-0.016520790924138409,0.70068725466757431,-0.71237543578391493,-0.16313755285552578,0.16498742088450119,-0.060142858374591976,0.29778656111123747,-0.21541169287562115,-0.2409990324560938,-0.2870114723004154,-0.2094367036416383,0.22277413827769263,0.48962602465821664,-0.22360371723632808,0.13726734017088885,-0.012623088192065408,-0.064590647932572492,0.17593053358328797,0.084112966246886772,0.55284188040387217,-0.86404299251255012,1.0208459908198211,-0.09442637888849624,0.12885529191948547,0.080145036379453347,-0.078520595626461548,-0.31040812012787122,0.4751882393816817,0.94950349650543953,0.049183734712358963,0.12258043947190443,-0.22404431128754704
0.1844876957669053,-2.0910642525759595,0.76137276798477449,-0.035212953342864207,-0.01663407952838215,0.70602239535535749,-0.70711790570724553,-0.15257892504490514,0.16761454809840443,-0.041235684198331235,0.29358440116477641,-0.2179446344308017,-0.23855773008189274,-0.28802899947304261,-0.21659069112028401,0.2006391395304922,0.48373851230682591,-0.21431477119667322,0.13380183847527363,-0.012125475097177504,-0.064489678763354263,0.17249740015607415,0.079611605001033106,0.55472963982934997,-0.86268771470002592,1.0072571694054411,-0.096382271794467886,0.11979731183691855,0.094972727199208143,-0.073450937671702202,-0.30363787620447014,0.47139146946867033,0.955615203000869,0.066055128372847091,0.12320619054600571,-0.21967563807191653
0.18754313222564298,-2.0924814207584657,0.76197233695108402,-0.034497819453220543,-0.016654858117131039,0.71092375663397089,-0.70222498418065038,-0.14240229502802126,0.17012301116519396,-0.023657237667331039,0.28984842052856258,-0.22037175119607466,-0.23596940039005271,-0.28843219434157363,-0.22402465033831323,0.17599499763665175,0.47916399314840308,-0.20812774087000438,0.12845477379256662,-0.011731366762208451,-0.064540671957691656,0.16930094000856577,0.074590198947236175,0.55789667118303021,-0.86092454399167495,0.99327691887113867,-0.10106350612623384,0.10740883679292525,0.1131037485401451,-0.068233103224855637,-0.29699472683479916,0.46903039763751159,0.96147555134326379,0.078180260785978353,0.12214076145517971,-0.21098600683146124
0.19022843371982678,-2.0939363244676232,0.76248823232338137,-0.033741901512732646,-0.016551090674860373,0.7153844172461693,-0.6977196292502722,-0.13250650907504802,0.17245047447522621,-0.0073437117620820079,0.2864320740642155,-0.22267536302575,-0.23373537093569421,-0.28784172909630923,-0.23167485668199272,0.15005683557211638,0.47544693434380519,-0.20435023521780063,0.12169137551978473,-0.011410461556426329,-0.064723372055780756,0.16625737116316425,0.069003180930834948,0.56215198553936085,-0.85892171759357827,0.9791855330145649,-0.10744451552917664,0.092671510283826725,0.1335914545084082,-0.062851735794820437,-0.29055363673614754,0.46802525101715348,0.96720464158241459,0.08542985728815615,0.11986684367591305,-0.19906213300193415
0.19256282609060768,-2.0954633923390551,0.76292808727455108,-0.032923228655329054,-0.016337407394572612,0.71937130588051523,-0.69365270446405358,-0.12275173052800827,0.17467701904671959,0.0076907396872433649,0.28312707950300547,-0.22490691721573408,-0.23234539727176626,-0.28580797503921312,-0.23937274888852678,0.124085267511298,0.47268929250519742,-0.20378583830467101,0.11383206832977388,-0.011221088607781532,-0.06479498355154438,0.16321023954506045,0.062871544926226458,0.56726596335301493,-0.85693772515766786,0.96534941301634047,-0.11424151345444311,0.076578877208120275,0.15544662376387086,-0.05719483798041327,-0.28444895378590701,0.46817163883374391,0.97288422320455858,0.08684684407520421,0.11673890112827996,-0.18506415761325609
0.19456317608144877,-2.0970634177242951,0.76329501896842211,-0.032090230174937021,-0.015997441460124374,0.7228911209930502,-0.69003096030791367,-0.11311781546422062,0.17667323561575546,0.021390493795452936,0.2798056621243516,-0.22694513957485593,-0.23185848760492092,-0.28226688709584896,-0.24708620009540244,0.099035641615417544,0.47043697910847471,-0.2044696610877216,0.10556779782339576,-0.011172227877496695,-0.064772830560154732,0.16010205060961369,0.056150813190020681,0.57299597634413413,-0.85496966837278321,0.95193704755675101,-0.1207358180780755,0.060106696147032145,0.17780441963280746,-0.05139267122438973,-0.27880558425506352,0.46945842049932263,0.97853542554524853,0.083106745746507962,0.1132861700042837,-0.16998017477414018
0.19625807586353797,-2.0987574966758866,0.76359591243128655,-0.031270033853276494,-0.01555774720507281,0.72594476635397065,-0.68686558924435703,-0.10351285186467309,0.17847014375811573,0.033873744672968588,0.27616056503521125,-0.22866164887555895,-0.23258904552500734,-0.27705647229689534,-0.25481765242044452,0.076382134090189069,0.46840433337502096,-0.20599404429284252,0.097526971348357638,-0.011250561470961765,-0.064451865902043395,0.1567696170314278,0.048830083645664712,0.57903666589348712,-0.85307956839599808,0.93911004024193667,-0.12564913454818669,0.044566312128135659,0.19963177897931833,-0.04544595433733048,-0.27381870290229315,0.47181048708300366,0.98416643039318175,0.074556808357146717,0.11008145783263108,-0.15510540906148043
0.19764991917489874,-2.1005250379737181,0.76382898943100286,-0.030529254325504043,-0.014994340640715269,0.72857778790293137,-0.68411807559335158,-0.093989370975383874,0.17987727430520256,0.045072903874905819,0.27218591009017923,-0.22996929229959795,-0.2340089075878091,-0.27046609072143302,-0.26240226129893279,0.056624513916424202,0.46606102353616757,-0.20496719788591597,0.090226258710778134,-0.011462349065693744,-0.064021488680035168,0.15322949009626502,0.040904991634235978,0.58523843509576789,-0.85110148546070152,0.92697558002542124,-0.1288802743534824,0.030556602972984785,0.22033853675727605,-0.039603197315970458,-0.26948987243352751,0.47527035415308649,0.98977673300591318,0.062194867338782114,0.10752944573766107,-0.14088883204032376
0.19876014744710985,-2.1023565065717569,0.7639955921138798,-0.029961645743987433,-0.014302008640966797,0.73086479385261005,-0.68171431365340129,-0.084489283416036148,0.18075201910216707,0.055169028055945209,0.26759191427940832,-0.2307578292851975,-0.23614831148422816,-0.26272784250295489,-0.26961507571473686,0.040959466146473944,0.46251685328652442,-0.20230017554764743,0.084929131891230622,-0.011690492495549112,-0.063542793956491303,0.14938846476200421,0.03235235354410778,0.5913171132664935,-0.8488710511857348,0.91562727348680883,-0.12978692365068281,0.019142551880535409,0.23906092856195463,-0.034141299808921215,-0.26600075586189281,0.47979536139074164,0.99534692393460045,0.047097886634163817,0.10618829738905106,-0.12829946902191577
0.1995865629201049,-2.1042132763723798,0.76409627301431615,-0.029600467049124075,-0.013502061067681207,0.73291072039186089,-0.67954645362335786,-0.075116867740781412,0.18111490985515938,0.064348923519408352,0.26250479750514871,-0.23105454803043143,-0.2382514181158859,-0.25440936039754264,-0.27584642449456387,0.029670780855197809,0.45693582707026054,-0.19621904331925857,0.082601512082066758,-0.011908432990054266,-0.063183893707332905,0.14529112508864442,0.02328831544485865,0.59720412727063688,-0.8461224223524596,0.9051629825164309,-0.12883767410899513,0.010357278333009833,0.25558682086863693,-0.029308626054042303,-0.26316047114235586,0.48447564849157243,1.0007109774245655,0.030071141319619184,0.1051390776791659,-0.12013283457477353
0.20013037149845397,-2.1060582566422292,0.76413472170148244,-0.02948894515988594,-0.012628169273731584,0.73483814570688522,-0.67748345446085878,-0.065836778292770001,0.18101040225473111,0.072794395730574862,0.2567391319428991,-0.23081247561366997,-0.24038763385037681,-0.24601652853802591,-0.28031373020794759,0.023602160055538564,0.44841553397743489,-0.18902574956562218,0.085147761678751391,-0.012002316241326786,-0.063039337613285742,0.14098047442368228,0.013768708783607177,0.60273223619133354,-0.8425235106861978,0.89565662630158804,-0.12625011906681091,0.0046081804690323112,0.26940435981232558,-0.025339273628465293,-0.26087896848224473,0.48861294140024508,1.0054831744853432,0.012544616744169467,0.10355596894271218,-0.11826818463960807
0.20041866303015085,-2.1078721086077588,0.76412441012290655,-0.029548687726388512,-0.011702777645385378,0.7366850968862857,-0.6754887031436394,-0.056660538033143575,0.18061064323046094,0.080689342221030552,0.25052385532231569,-0.2301812678142631,-0.24195688030855741,-0.23777902401341475,-0.28324258309090616,0.021890708332191772,0.43786013785567429,-0.18231942499486981,0.092135901761486158,-0.012011169231141898,-0.063063742566116895,0.13661650868838177,0.0038312120512354608,0.60774081605896924,-0.83797676319453851,0.88734463051139811,-0.12269691191966185,0.0014861249787634159,0.28062400009085392,-0.022227221379719268,-0.25908222514851548,0.49290701766596956,1.0096823956830689,-0.0045272559880501113,0.10181619243384341,-0.11997603990977478
0.20047656027760249,-2.1096295877678557,0.76408114468917876,-0.029699236004080296,-0.010743852332376444,0.73851388835827492,-0.67349815272187386,-0.047491754620513728,0.18006855472263392,0.088054902071014421,0.24390861513775683,-0.22911799174482969,-0.24305129650548016,-0.2298721403243045,-0.28494383005858037,0.023646835797943674,0.42653037554768625,-0.17807807902614636,0.10295532178176474,-0.011943075992706113,-0.063208866234818292,0.13242740288643257,-0.0065126337034174375,0.6120029718763571,-0.83226135356947373,0.88045608920188667,-0.11898074388058351,0.00071860643034568096,0.28912917720479664,-0.020078044234069184,-0.25771001209617606,0.49805400439710212,1.0134165006984337,-0.020162205307063322,0.100553368166691,-0.12324199211963674
0.20034629626284542,-2.1113252842891206,0.76401085239090361,-0.029868257834975497,-0.0097706287401076401,0.74032994043762868,-0.67150874996499077,-0.038376628955039953,0.17953473621310775,0.095072585831584497,0.23717937667959976,-0.22788247101344464,-0.24344091592718115,-0.22236917518571084,-0.28587590907618271,0.027583501166385228,0.41533499731330015,-0.17593271842601138,0.1162959676663765,-0.011870317441989551,-0.063397487720667334,0.12848206382888555,-0.017196717691452014,0.61542244331961249,-0.82545851918927249,0.87514632972363815,-0.11558059871368083,0.0017404353940994976,0.2952793157356699,-0.018797120051157881,-0.25674411584201351,0.50428764951554728,1.0167739603502026,-0.03393864958092338,0.0999153814657541,-0.12684687423014068
0.2000586316558299,-2.1129398020753634,0.76392193292817312,-0.029980432360176182,-0.0087926097012010988,0.74217250282123204,-0.66948027584553116,-0.029386258385161228,0.17915707624724297,0.10177496915454017,0.23073444488470338,-0.22661916038372149,-0.24330859053816614,-0.21539917523782692,-0.2862970133121992,0.032431445052748899,0.40489903493835938,-0.17521233736814243,0.13068202281356389,-0.011856523037030034,-0.063658818879598816,0.12492069934016434,-0.02816419863619727,0.6179591262556392,-0.81750010463341904,0.87160065997143632,-0.11331595786484286,0.0038701372946236949,0.29937105842016754,-0.018349113125769565,-0.25606975117471703,0.51172747342402825,1.0197970862568191,-0.045285682750896908,0.099858522578583617,-0.13023369721147027
0.19965360175579214,-2.1144744514155924,0.76381684918478565,-0.02999817504845061,-0.0078478271099506162,0.74400981541379596,-0.66744881127420175,-0.020650563185268898,0.17903690308744416,0.10816741894970373,0.22478547601419244,-0.22547937364863355,-0.24274575746670685,-0.20894215789690085,-0.28633397015078532,0.037483799879054168,0.39542731718817759,-0.17540647050384262,0.14489462745394024,-0.011989231743370311,-0.06387425364021404,0.12170846948120481,-0.039375272867449643,0.61960380192108777,-0.80863225682390683,0.86981651190244347,-0.11228583151475066,0.0066892562181561123,0.30184596628321808,-0.018562152313926338,-0.25570807312823257,0.52017123645067465,1.0224275992421203,-0.053994544978767177,0.10020678474487146,-0.13298989037343473
0.19916158848631796,-2.1159182925320996,0.76370713486538622,-0.029857929866333444,-0.006946346464292397,0.74581664103313161,-0.6654455576927033,-0.012433807761376044,0.17927987675304047,0.11407439619622967,0.21996535370506937,-0.22459806995720405,-0.24185570968214359,-0.20294900946769384,-0.28604654665352702,0.041930665967986329,0.38708665305387618,-0.1759882345009206,0.15729739219951774,-0.012407993706758092,-0.064055047800155779,0.11891079735266652,-0.050827285702052347,0.62039139964777412,-0.79900593780443452,0.86993566886125562,-0.11288305363016446,0.0095166322238596102,0.30322219024967695,-0.019303800236572195,-0.25560365010467889,0.52942986845423035,1.0246976337271965,-0.059734415953471787,0.10078747040233464,-0.13501820837284964
0.19861881970592229,-2.1172760107890545,0.76359744033156074,-0.029569784751060247,-0.0061144153691813398,0.74755263596211896,-0.66351586131799267,-0.0048280037054937068,0.17985104101640861,0.11930653718632535,0.21626248199994236,-0.22399427254883778,-0.24081965823529924,-0.19735731899109918,-0.2854550395467691,0.045697948506301336,0.37979298649779025,-0.17689276517102129,0.16720199558079377,-0.013163310723960034,-0.064096647948255925,0.11646494794634411,-0.062513742752203616,0.6203577669896605,-0.78895380691069605,0.8717782985746062,-0.114898365728597,0.012234980627582716,0.30385808354969068,-0.020411509712768679,-0.2557714827926878,0.53916670983521053,1.026480904185916,-0.062500504933693649,0.10137700423389755,-0.13589788688868787
0.19805947712749658,-2.1185452432573402,0.76350527815074964,-0.029126038102572915,-0.005371009823223756,0.74915896686018824,-0.66172779035710949,0.0018608179903866163,0.18074662750208062,0.12361166113212001,0.21411278445368295,-0.2236961874814288,-0.23959306336752814,-0.19206966168595313,-0.28458556004293167,0.048555634400155728,0.37344888072275406,-0.17783975704741958,0.17379751865365278,-0.014391775256502582,-0.063950426120485557,0.11434735313131707,-0.074438504114604703,0.61955133802524454,-0.77879464049466951,0.87529770406668839,-0.11827011884873316,0.014465230740823776,0.30425241842873091,-0.021727066537859059,-0.25620773167029087,0.54902884765367133,1.0277824909047752,-0.062098447362519196,0.10175899796592493,-0.13543499181181817
0.19751507151411535,-2.1197322949040642,0.76343111033099986,-0.028560158980079898,-0.0047302556973754708,0.75061654192726146,-0.66010358958668802,0.0076868797243582069,0.18189436517012,0.12699217686722122,0.21322024271441281,-0.22369383194733714,-0.23841187915091561,-0.18705322731825288,-0.28349092314477631,0.050655030182666448,0.36790977612914605,-0.17890611660786476,0.17751233447102999,-0.016084377547006395,-0.063522296300244002,0.11250299244571783,-0.086584172061281744,0.61802272377954559,-0.7688547325124071,0.88015328274454407,-0.12267079504906217,0.016356013109970112,0.30459937768581363,-0.023139940140729717,-0.25691383247800736,0.558704359373144,1.0284343054728549,-0.058814370492019902,0.10174744999938307,-0.13323646818464779
0.19702639781047415,-2.1208385318982113,0.76338248170015899,-0.0279218175993915,-0.0041997829266184139,0.75189400287272856,-0.65867908906336303,0.012531209136845977,0.18316127595097983,0.12941694653142177,0.21355747669743028,-0.22399659132479466,-0.23713128235909642,-0.18227843457267345,-0.28229050624286195,0.052093027729497671,0.36294961300297218,-0.17989330521102401,0.17868058374268542,-0.018318755258975708,-0.06273858456936901,0.11087523344357779,-0.098935727601018292,0.61582079777842047,-0.75949442560278901,0.88604128786190584,-0.12773851648027049,0.017955405054910816,0.30523440705935745,-0.02461543374687709,-0.2579304953637655,0.56776499873564867,1.0284489655606417,-0.0528741511803245,0.10130427533875253,-0.12936649586111204
0.19660925902701898,-2.1218704724636166,0.76335847769027265,-0.02724272331595572,-0.0037708888648658886,0.75299528617391798,-0.65745092092365276,0.01655794248648634,0.18447634119962802,0.13106095897633985,0.21472328315972414,-0.22446947368181358,-0.23594835150453744,-0.17774094727973197,-0.28106804010264586,0.0530440997106469,0.35847653529911849,-0.18079792953195042,0.17832297409596562,-0.021037182325974402,-0.06157764808097408,0.10944930648467603,-0.1114318605392924,0.61302320678408195,-0.7509549115566182,0.89256309414564416,-0.13321022273274324,0.019484879625459268,0.30618918772466652,-0.026123843005496007,-0.25921581596997545,0.57602795504628423,1.0278281950852219,-0.045129292691841572,0.10062396233742146,-0.12415149237548871
0.19629492693996714,-2.1228309838197661,0.76336124651367476,-0.026598497118622149,-0.0034267595883626708,0.75391345233797336,-0.65642614485834816,0.019851607245833913,0.18562749126304148,0.13208255046865894,0.21631329360746893,-0.22500644148185273,-0.23469060453994164,-0.17348127473497438,-0.28000563945083512,0.053728263615896964,0.35430537626160441,-0.18140615423082854,0.17722805178329876,-0.024240678276949583,-0.060033317336180961,0.10818603589303269,-0.12401260915378688,0.6097041591964667,-0.74354267812813291,0.89924143924058886,-0.13870992062666115,0.021272027238228974,0.30759519099964894,-0.02771929671568555,-0.26075114798458676,0.58318807629943659,1.0266921363293038,-0.036525946270068513,0.10001711506783846,-0.11811642210659841
0.19607962122930606,-2.1237273224018702,0.76338808683179959,-0.025993584914513854,-0.0031524187654597309,0.75466453806446787,-0.65558815638109502,0.022584094957002063,0.18661116016691481,0.13265087581441007,0.21805960839302477,-0.22546655741540308,-0.23350762551069071,-0.16947576610993634,-0.27913651804916545,0.054209646585267397,0.35040524467341139,-0.181719979855855,0.17615009500680393,-0.027850747984675343,-0.058132643689095827,0.10709736610502556,-0.13657851035967095,0.60596595142938603,-0.73739054413114247,0.90573715992754744,-0.14409664888396054,0.023396544254650167,0.30936842232361483,-0.029409427690532366,-0.26247469527377071,0.58928381518916351,1.0252327689245102,-0.028174021260812289,0.099847628577460559,-0.112016741602138
0.19596966460372184,-2.1245648244038322,0.76343880348634507,-0.025477536395001613,-0.0029177822729239133,0.75526144776202198,-0.65492177182489841,0.024954353643325898,0.18726805904240018,0.13292567502803607,0.2195089491542726,-0.22569125017797054,-0.23227360053669008,-0.16575909622895452,-0.27859044726755172,0.054620941603661863,0.34670167221582565,-0.18163402043725491,0.17563067408396374,-0.031797445570414265,-0.055930116038186331,0.10617820866752163,-0.14905466022159,0.60191228330510327,-0.73274932798968762,0.9115829676936219,-0.14917695128136138,0.02616037592160627,0.31147443550892573,-0.031189061065615666,-0.26429135952969085,0.59427925278235716,1.0235425801445117,-0.021251745635271865,0.10027802208526043,-0.10605021693806586
0.1959456231363281,-2.1253505935252308,0.76350812015628167,-0.025028820413317873,-0.0027196084101939488,0.75572607363356059,-0.65440374655805245,0.027055072377102203,0.18769057826969654,0.13301884899782393,0.22064613892483725,-0.2256857749345425,-0.2311173897278215,-0.16228128615250745,-0.27830990032776909,0.05492463118310572,0.34318039162081537,-0.18120890445071511,0.17581138464753504,-0.035989874999800588,-0.053464619710894473,0.10543709264050055,-0.16132386469745191,0.59766025018409485,-0.72963174575456979,0.9165615409607174,-0.15386228501216404,0.029396368828499522,0.31376504981245024,-0.033031317452264501,-0.26613911713830862,0.59835929357861406,1.0217720613506016,-0.016365505786218856,0.10130115946682169,-0.10061602501440975
0.19598555799392645,-2.1260917455063386,0.76358916929671972,-0.024650773972491696,-0.0025252810339162911,0.75607925544435206,-0.6540107963825762,0.029066487447658426,0.18785375126064294,0.13306180526743064,0.22127365688983505,-0.22540051501666267,-0.23001168098529709,-0.15898544545451798,-0.27832504667872404,0.055102066943105023,0.33980981085222256,-0.18056644380554684,0.17678923851086717,-0.040356453374425331,-0.050854645655492962,0.10488659635968943,-0.1733276241158386,0.59335876149755484,-0.72820816436482794,0.92035955235273381,-0.15808501688558982,0.033132665556909406,0.31610409167433468,-0.034810858590090962,-0.26792832185129978,0.60157387875782597,1.0197811305933417,-0.0143822683877052,0.10264830146362847,-0.095727475483907698
0.19606660959588096,-2.1267950388899659,0.76367575190588333,-0.024322288804678998,-0.0023447475799235774,0.75634082074704168,-0.65372126422335386,0.030978827586787827,0.18787680947450694,0.13310003652574864,0.2215505378233697,-0.22496892335099189,-0.22904621667372968,-0.1558222372908368,-0.27853384921031277,0.055129275826986637,0.3365417933773211,-0.179751866870138,0.17829516209988255,-0.044820707181558159,-0.048146832120401196,0.10449853686949771,-0.18492496718734933,0.58911684275015297,-0.72834702546512031,0.92286382610725382,-0.16173430319492738,0.03701977263314106,0.3183344803629064,-0.03646785971539037,-0.26966311169070745,0.60406982436546519,1.0175457552440239,-0.015199500989968027,0.10411427441051503,-0.09149996376865642
0.19615972258907874,-2.1274650890610407,0.76376067101863876,-0.024007171873442819,-0.0021715957996340002,0.7565313456535171,-0.653513016637007,0.032846759413303686,0.18787391717140065,0.13320016767937831,0.22159393681565231,-0.22446695965349497,-0.22821382013647326,-0.15271551923445462,-0.27884432132528053,0.054928907902368755,0.33338906524419037,-0.17890942459793147,0.1801559712089284,-0.049276005439823974,-0.045400544306977195,0.10430374230492895,-0.19605115110562979,0.58505000133127616,-0.73005759943996429,0.92395630644789972,-0.16475257890909123,0.04072983913403757,0.32025168081713595,-0.037893164887446339,-0.27128940899734988,0.60600019976259589,1.0150094881584686,-0.019112341640973706,0.10544932831949103,-0.087966659319703766
0.1962520449701653,-2.1281069077232022,0.76383924349083765,-0.023696450962942255,-0.0020293757353011714,0.75667375400861969,-0.65335992365647055,0.034616888135688778,0.18794200276223841,0.13337072545019188,0.22156476109474943,-0.22406090904033957,-0.22756665234670317,-0.14967065269188776,-0.27914784768468015,0.054541070342446367,0.33029314839866469,-0.17801186391393289,0.18204047265681025,-0.053644627553573743,-0.042623188839300032,0.10424610999591474,-0.20657957798096943,0.58120203030052664,-0.73307786585090517,0.92359761661425888,-0.16696667918756852,0.04392779901669059,0.32175712038231297,-0.039094308599287537,-0.27283844804839663,0.60751735570307286,1.0122293872132293,-0.02548056137897791,0.10661860363944911,-0.085015231861365032
0.19632019170928536,-2.1287236665814642,0.76390400655298818,-0.023350020396541344,-0.0019469899097876975,0.75679809381936369,-0.6532286207516862,0.03623276409267643,0.18826286027897363,0.13363339046729081,0.22172793187592699,-0.22388139146826994,-0.22709526517309425,-0.1466562568882474,-0.27927965523489456,0.053907253797842718,0.32723979534138009,-0.17719618883447022,0.18374944739532068,-0.05780802692560584,-0.039791409329361357,0.10431493343235701,-0.21643216280570193,0.57763032452294327,-0.73723199831721109,0.92179406053106461,-0.16826351481075022,0.046099006877723239,0.32264668727225226,-0.040068153923740052,-0.2743055464002378,0.60882698959189663,1.0093167269592427,-0.033876317406455123,0.1075030001900459,-0.082701442421074883
0.19636336181456129,-2.1293190637115291,0.76395378645456402,-0.02297997449612656,-0.0019395855059377634,0.7569216827593882,-0.65309855684185925,0.037666014365143878,0.1888481755261579,0.13398939085439954,0.22211085415670939,-0.22400892582686116,-0.22683030857036018,-0.14371298045944622,-0.27919774630900557,0.053125011606881413,0.32417170500150666,-0.17636468928387924,0.18509826667872742,-0.061716544785313382,-0.036912041490582248,0.1044474818148078,-0.22551720630231795,0.57431695228617752,-0.7421836094394918,0.91854184719147425,-0.16841805575233781,0.0471351926615306,0.32294907448375865,-0.040861576733443643,-0.27574074067724336,0.61001311003971459,1.0063568408842967,-0.043443738711858915,0.10814962179028278,-0.080815547027732013
0.19637443732833496,-2.1298953378206771,0.76398563196097091,-0.022574370193738518,-0.0020475741961761711,0.75706788858359886,-0.65294288978886927,0.038815220213053413,0.18981789614780104,0.13442981407045484,0.22290610947547226,-0.22453431331289178,-0.22675818069306763,-0.14087142019669485,-0.27878069022513424,0.052209956367448941,0.32104014695844135,-0.17553526310776726,0.18602565393610296,-0.065295222114772719,-0.033936233648729157,0.1045896482823601,-0.23374270315906798,0.57124419210292221,-0.74758116361959936,0.91387980890226739,-0.1671574884481597,0.046666257996524206,0.3225642962007253,-0.041532011559590173,-0.27719348146058564,0.61124979981277217,1.0035259365534415,-0.053235020040975828,0.10846460426834671,-0.079485103775661342
0.19636067806846944,-2.1304548697815178,0.76400176199043146,-0.022158346177938704,-0.0022644824618985398,0.75725095643149232,-0.65274410667383986,0.039724162713571078,0.19109911107140834,0.13498146788994977,0.22398470683697444,-0.22539929226365016,-0.22688562373743396,-0.13818383550922955,-0.27806611073323406,0.051282213807518823,0.31782319918353491,-0.1746398070818598,0.1865331714636721,-0.068513644809482604,-0.030891636408754201,0.10469503667816106,-0.24107438142017643,0.56835741499746795,-0.7531257774889234,0.90784680985162436,-0.16431498538893785,0.04487462592168058,0.3216593796751841,-0.042138077051998686,-0.27870801869360795,0.61244927478127731,1.0008486424073946,-0.062529666682202431,0.10839508799621453,-0.078609358695019435
0.19632614043769939,-2.1309994664676544,0.76400183965139468,-0.021749855918094273,-0.0026097924066463057,0.75749315157033059,-0.65247548465454619,0.040374147898065142,0.19269608044258524,0.13569384951933564,0.22531279817892436,-0.22657671656324055,-0.22718426695325347,-0.13570681026545181,-0.27702621653448839,0.050458721625712487,0.31445946360292892,-0.17369819313030269,0.18670852801518892,-0.071314473539207057,-0.027758406335213173,0.10470303957920585,-0.24744868092133809,0.56560236395622665,-0.75845237357299344,0.9004826877646408,-0.15958602761648719,0.041760162742687859,0.32032128232177065,-0.042767595330693485,-0.28034479108154903,0.61358095516252942,0.99844600644667114,-0.070238906386852207,0.10779718164831195,-0.078422403385184913
0.19627915226204148,-2.1315302297553451,0.7639903476619988,-0.021371767285551024,-0.0030564778261162901,0.75780327301442763,-0.65212583518444667,0.040863539664344598,0.19449338140437558,0.13659038949016125,0.22669712112304755,-0.22792539540565013,-0.22763203234197257,-0.13348226629673438,-0.27575040934539324,0.049814677887775494,0.3109898852842195,-0.17269063204293839,0.18666025067037037,-0.073678285609421051,-0.024581022741730491,0.10459950178823817,-0.25290694771186806,0.56290788102352196,-0.76340186718880698,0.89190173821525331,-0.1529601666985724,0.037685753884967102,0.31878657891762463,-0.043467119555469405,-0.28212109730645879,0.6144996568375195,0.99628663116687477,-0.076056054616455121,0.106613543498394,-0.078701978164451403
0.19622975857070415,-2.1320510970280018,0.76397386419450131,-0.021055728565359789,-0.0035892765399824183,0.75819756890251178,-0.6516749342262772,0.041283918150633807,0.19638169040165099,0.13773372460995878,0.22791662280686642,-0.22928777904314798,-0.22817413188053223,-0.13157018242855051,-0.27430817856097739,0.049484139345776994,0.30740861563985777,-0.1715649216791445,0.18654704378748099,-0.075578681654643917,-0.021394560062397552,0.10431874564107757,-0.25746863613303544,0.56019194304544462,-0.76776323384632783,0.88218863577669193,-0.14428334912211938,0.032995739337386171,0.31730861159662721,-0.044320304624189913,-0.28410516021444143,0.61506137706517183,0.99441399670010788,-0.079361887475364976,0.10484982709902568,-0.07952098584930023
0.19618180330042886,-2.1325613601016737,0.76395583085190366,-0.020811192236483197,-0.004172871787094001,0.75867117092304082,-0.6511278951396624,0.041722884344002772,0.19826031371217784,0.13912067949226889,0.2288417844291141,-0.23054793401994214,-0.22875924747605222,-0.1299725381772546,-0.27279420635942486,0.049470441743615048,0.30379909214152018,-0.17039024712026268,0.18645791520719648,-0.077018868939298143,-0.018245408914674664,0.10388474727189524,-0.26123087266585565,0.55738805395285429,-0.77153871932483753,0.87154421568345142,-0.13370843356526996,0.028039490629857659,0.31608020517667301,-0.045347596766644925,-0.28628849924554278,0.61515191970526506,0.99277047988447109,-0.080386519004023133,0.10256720416871803,-0.080661836908935233
0.19614385713768817,-2.1330634488762485,0.76394788973905847,-0.020661359464698451,-0.0047609204679772638,0.75922638222489169,-0.65048116221384233,0.042339637080385129,0.1999683803271885,0.14080618301595121,0.22919371446728962,-0.23148056474397349,-0.22932465235922306,-0.12872375387789609,-0.27132100042830193,0.049913382136950575,0.30024795431383056,-0.16907917683237308,0.18653052835417133,-0.077996258128996007,-0.01521191599288424,0.10328226224106375,-0.264295285465172,0.55442403726917633,-0.77471487098614278,0.86013858809628674,-0.1212690832486403,0.023297030845171728,0.3154064680686311,-0.046596781528174931,-0.28872348290875799,0.61460063126898867,0.99130845556785119,-0.079283734948872878,0.10008487284970807,-0.082114177532999891
0.19611252719822231,-2.1335554925889832,0.76394915726269308,-0.020601107446592704,-0.0053271886033578238,0.75984321350570327,-0.6497580367512853,0.04314916267509715,0.20146418048508985,0.1427480628040449,0.22899149232704022,-0.23207722387221111,-0.22980585382768987,-0.12778146699738968,-0.26994654694567055,0.0507512745864842,0.29683254982679791,-0.1677801034617894,0.18675823190060717,-0.078547438620903215,-0.012331110796532027,0.10255122797539321,-0.26676626666174824,0.55125502859066111,-0.77740173372132337,0.84822754325564909,-0.1072524999016866,0.018944761440145355,0.31534055812102402,-0.048055524495740368,-0.2913825337082655,0.61338640737281291,0.98996999765316585,-0.076614391748318383,0.09760778724563117,-0.083782993343246959
0.19609019266065536,-2.1340406359835105,0.76396345193658399,-0.020648654876275752,-0.0058240120814788887,0.76052452940321935,-0.64895466260062185,0.044271777836210675,0.20260590795513156,0.1449361573467253,0.22807639782465461,-0.23222217858597435,-0.23016854780358401,-0.1271590646739976,-0.26878858666565919,0.052000765182497466,0.29364109946306721,-0.16651261927529271,0.18711129771284782,-0.078655178517550481,-0.0096854586432455411,0.10168732475492108,-0.26874831137649213,0.54782691254570859,-0.77973565764696595,0.8360667410891538,-0.091858581498850081,0.015339018837974566,0.31608494352755118,-0.049700015952421087,-0.29426731313088811,0.61139076900692246,0.98866592630010086,-0.0730397544494127,0.095508644574291993,-0.085587479647776091
0.19606790374923025,-2.134514841735855,0.76398734723370121,-0.020779764911626086,-0.0062499138292424327,0.76123932022857066,-0.64810789015818038,0.045639177117584286,0.2034475848120626,0.14731118804873086,0.22660293116510186,-0.23198649706762814,-0.23037466983165281,-0.12679271918576998,-0.26782587879189385,0.053561622397227136,0.29073212927886294,-0.16538089212915894,0.18754201890184305,-0.078387111235658113,-0.0072683752065594905,0.10074209213159441,-0.27032533008387805,0.54411784374275773,-0.78183795160290259,0.82391098549103936,-0.075473210533090751,0.0124442716952302,0.31752374518918364,-0.051506173234715909,-0.29731950463004203,0.60868704339407054,0.98737656565182652,-0.06898937069284404,0.093840000933479495,-0.087456869288226699
0.19603731081852829,-2.1349721924898342,0.76401938850520668,-0.020979202014460487,-0.0065816932287977485,0.76196239929892884,-0.64724790957692391,0.047244865931060219,0.20398260225732137,0.14984468626471409,0.22462981876532184,-0.23135381333220917,-0.2304114730216332,-0.12666130866060418,-0.26707878211742953,0.055389645065342712,0.28824656937532056,-0.1644655716908571,0.18800227645671802,-0.077786160410149005,-0.0051144389738006415,0.099787438824167227,-0.27162656369456756,0.54008362834372869,-0.78386224925155989,0.81204011551128796,-0.058434941966116316,0.010342949933337117,0.3196522263682714,-0.053446113994601384,-0.30048596825718488,0.60526865561450383,0.98605115428374057,-0.065136564397955649,0.092771515646784319,-0.089271834472042427
0.19598792158275138,-2.1354099424820046,0.76405491415304827,-0.021216540448419238,-0.006838881276484016,0.7626662393336634,-0.64640799460939047,0.048987504832960986,0.20431747956956109,0.15244293394282146,0.22235595914447984,-0.23046358862317404,-0.23029624419619499,-0.12669396619985493,-0.26647734182465338,0.057354182217791393,0.28617535784867315,-0.16377494507456658,0.18843254260424586,-0.076927989022917614,-0.0031872715681706999,0.098855096216504221,-0.27268192324656915,0.53573474083366412,-0.78587674027453724,0.80065723596140759,-0.041170201279496527,0.0088749736050633271,0.32223881014987332,-0.055488457423251585,-0.30369875581441247,0.60127082611014171,0.9847085281599649,-0.061628878790188996,0.09223003899720443,-0.091023482707615358
0.19590580508519459,-2.1358239552341196,0.76409167097846187,-0.021459169859739939,-0.0070319587018674119,0.76331640496456687,-0.64563001904938955,0.05076445537311982,0.2045524264818977,0.15502190630810717,0.21998451672119151,-0.22937266348361141,-0.23004604423120917,-0.12684735251763277,-0.26595158347308617,0.059374350650649346,0.28462063276193922,-0.16336162840862106,0.18877368904584174,-0.075880931326620965,-0.0014595943933627344,0.097994550684941437,-0.27353699020643196,0.53105112352427364,-0.7879745351868821,0.789996327094316,-0.02413290149711796,0.0078851367308350757,0.32507939099467092,-0.057583920402787474,-0.30688438926375494,0.59680431144090318,0.98336751779252873,-0.058835858253163113,0.092182926672999002,-0.092659426720890406
0.19578299281288417,-2.1362129930385581,0.76412507754491599,-0.021678959584655207,-0.0071867247622679209,0.76389455726724975,-0.64493680238918805,0.052497845913290125,0.20479727190583105,0.15747944552663248,0.21767061880525304,-0.22824642869016182,-0.22974363796976718,-0.12704334817406457,-0.26542916728229232,0.061304732729302397,0.28350316624799027,-0.16317269130584361,0.18899208254407845,-0.07471890001345316,0.00010875800080350486,0.097221995868748037,-0.2741948657347118,0.52607389207407151,-0.79016932425645037,0.78018911296463778,-0.0076977186878180032,0.0072229092589126244,0.32793741745413613,-0.059700833583029925,-0.30998167434422119,0.59200858836654402,0.9820501934469773,-0.05667118857709063,0.092509703366415855,-0.09421154579859517
0.19560635935569964,-2.136572700658335,0.76415334039365945,-0.021837473211370466,-0.0073295083959332491,0.76438215764280193,-0.64435186051392068,0.054073237990870555,0.20518953607936855,0.1596841962085008,0.21565581892952232,-0.22718118466795109,-0.22941537518605395,-0.12723351177997622,-0.26480510318775446,0.063020443683239197,0.28284653215531791,-0.16321264150562409,0.18908766629127574,-0.07352665748071302,0.001558461019572461,0.096577529772892218,-0.27465694626456527,0.52084562047202099,-0.79246885598964534,0.7713841698245939,0.0076350148282513606,0.0066573662373405479,0.33050556541109505,-0.061811780149076352,-0.31290875319105987,0.58704645153615365,0.98079569663322841,-0.055139548990998627,0.093062474373640375,-0.095703750215999001
0.19537324086613911,-2.1369034994590419,0.76417265699413695,-0.02191497384980046,-0.0074805487642179772,0.76476332650291023,-0.6438950455994763,0.055455457440958131,0.20580802733257558,0.16156720812840911,0.21400246568191308,-0.22630645503981101,-0.22919660917540949,-0.12733001403858613,-0.2640390822483939,0.064400471569990056,0.2825316492786008,-0.1634224994088441,0.18904901831430726,-0.072373020910513314,0.0029221278494763565,0.096067067619605526,-0.27493578124199147,0.5154149410074389,-0.79487819836451068,0.76365827056615188,0.021642439349751866,0.0061326499658239638,0.33265157114008309,-0.063878464210610691,-0.31562637109054364,0.58201717198275871,0.97960297868943969,-0.054075870211757103,0.09374707821416127,-0.097165228358754629
0.1950737513564387,-2.1372041401079307,0.76417708714464749,-0.021880589301599789,-0.0076748561910182315,0.7650117990145624,-0.64359869776341583,0.056538950347234378,0.20678500230689861,0.16298079586485759,0.21287898473769354,-0.22575432426405664,-0.22914185199242051,-0.12722489766997111,-0.26304560787738951,0.065272190524981372,0.28244823494534055,-0.16384992902884196,0.18888046000307415,-0.071367819096802537,0.0042458969489702339,0.095703578879932347,-0.27502313310847015,0.50984787737403936,-0.79735118463393817,0.75709037415821046,0.03395226987965002,0.0055094263408503475,0.33410975667228954,-0.065851077224939519,-0.31806788462614138,0.57705865641555043,0.978489310210921,-0.053266761805435436,0.094411368667691592,-0.098650741925403657
0.19471215766956684,-2.1374757057245977,0.76416584665753451,-0.02172837784828216,-0.0079162290129638942,0.76511947254979551,-0.6434729237811172,0.057333404957182602,0.20813404777397398,0.16390762123347605,0.2122620369099314,-0.22555029915543376,-0.22936452262212276,-0.12686021271687442,-0.26183498601877003,0.065581278932979589,0.28250198119486047,-0.16441530042829966,0.18859309999161492,-0.070550891250817649,0.0055432408180662376,0.095489728665719489,-0.27495456578864369,0.50418306911373501,-0.79993406195541283,0.75172688211672967,0.044508372967074716,0.0048216583434850047,0.33489839319293063,-0.067699699791852044,-0.32022485497533643,0.57222265048171939,0.97742916314517569,-0.052610713130889067,0.095020736532844402,-0.1001575408783718
0.19428554118449765,-2.1377167718760508,0.76413709320069489,-0.021424737593484247,-0.0082246305451848193,0.76505079364389417,-0.64356089006114514,0.05778395735871393,0.20994621201700123,0.16421011021215168,0.21223620699195528,-0.22575890050667527,-0.22990172066184444,-0.12608814179485317,-0.2603589740858212,0.06517987807584881,0.28256184890974029,-0.16510617674971831,0.18824142339875682,-0.070046327996835814,0.006854533059575809,0.095464163007154948,-0.2747666113941285,0.49848363402101598,-0.80262073939171408,0.74760047404737318,0.053144914129027936,0.0040863800380647177,0.33493688099351154,-0.069378812076987859,-0.32205780425585651,0.56758665317346901,0.97640044769602818,-0.051904186712988132,0.095494052392405701,-0.10170943497035913
0.19380488682779132,-2.1379294404258729,0.76409236253501911,-0.020988361211902652,-0.0085871329605291709,0.76481679903552868,-0.64384859536555994,0.057930167864089964,0.21215003136051139,0.16393270743458521,0.21271412643458043,-0.22632211179948866,-0.23078052853493042,-0.12492747383290007,-0.25868423577344235,0.064093495359991565,0.28258672442428429,-0.16587551137795381,0.18783064464041804,-0.069836320819014031,0.0081671709488515595,0.095608646785253423,-0.27449766793168801,0.49276930808514213,-0.80549284568983137,0.74474990749663461,0.059924105076475255,0.003359479315010073,0.33434269152199986,-0.070877086187127694,-0.32359066532583192,0.56317402323818422,0.97537293770904543,-0.051152738300950601,0.095843207542198494,-0.10327574110594319
0.19327641096017967,-2.1381136465143089,0.76403480550337677,-0.020407450357892768,-0.0089999090908687782,0.76439686587869027,-0.64436012372048734,0.05776185561478249,0.21473997508177051,0.16300262962885809,0.21370599065128296,-0.2272109641165215,-0.23199331151501518,-0.12328400258481412,-0.25683356543451197,0.062249291859570358,0.28248255001825717,-0.16667902091022557,0.18741941212693036,-0.070000859636914145,0.0094961650627325006,0.095951597881687029,-0.27419943122978069,0.48708020869609669,-0.80860685936559351,0.74319221524379231,0.064847959273161268,0.0027380596521987279,0.3332101778279466,-0.072166187818614391,-0.32482335250644739,0.55901090330273551,0.97430410607604623,-0.050303918323303831,0.096066912517598094,-0.10482947493930823
0.19271428399058996,-2.1382723556492786,0.76396668690725145,-0.019721841179154022,-0.0094415047943608253,0.76382081528160539,-0.64505788043420254,0.057336153679765252,0.21758566118617162,0.16152135733456496,0.21507808224316541,-0.22832678474366616,-0.23346483991151892,-0.12125163242073635,-0.25489937303914567,0.059758176553252572,0.28225900561226464,-0.16752631294180634,0.18700102651228603,-0.070464819409373158,0.010810539631540895,0.096451391873076261,-0.27389514217952826,0.48141736716234179,-0.81203923838594827,0.74296104125707574,0.068044297800923803,0.0022447954504225083,0.33166793478132683,-0.073253338289427067,-0.32580280056098587,0.5551159627266854,0.97318058675677632,-0.049415855707163024,0.096188324397939659,-0.10633730359492399
0.19213244871422175,-2.1384065484908805,0.76389137970108423,-0.018955080289318662,-0.0098867362391266179,0.76309740310740914,-0.64592980326695848,0.056688737961545818,0.22057421009223652,0.15952294171417275,0.21675480424858423,-0.22959766565996811,-0.23512750619894532,-0.11884387625158131,-0.25297787145761685,0.056651682945683582,0.28188337925204432,-0.16839384361714807,0.18659946872558361,-0.071224510233682731,0.012084332475553719,0.097105707146879508,-0.27363141548213071,0.47579784390271462,-0.81586347346900256,0.74407498649429149,0.069604725507409357,0.0019554323868181843,0.32988188620163511,-0.074145671579098543,-0.32656602129578516,0.55150808143343688,0.97197451743632524,-0.04855914366942498,0.096243610853388464,-0.10775199224644549
0.19154354782685645,-2.1385198077253453,0.76381143585286937,-0.018151665827489425,-0.010318982899808218,0.76226369098665303,-0.64692974968152828,0.055878439858560218,0.22357644696692053,0.1571318501432728,0.21858571830056162,-0.23090894250911506,-0.23685672771367636,-0.11618613983506008,-0.25113808495143103,0.05310307353303137,0.28138978024166966,-0.16931214382324911,0.18621528831634718,-0.072179279060118784,0.013289652454067366,0.097859043792816555,-0.27340731497005344,0.47020536411345065,-0.82012636627937086,0.74654672831006352,0.0696919857951422,0.001853991272496851,0.3279243726827315,-0.074852770624464174,-0.32716573987367653,0.54820478209674928,0.97069439767170485,-0.047771672895909022,0.096242475501538666,-0.1090549515355415
0.19096495612159267,-2.1386151144896872,0.7637312657884614,-0.017362529352930783,-0.010709578782949801,0.76136187769685459,-0.64800612550089376,0.054976829785657703,0.22642453607867802,0.15447698256566184,0.22042275379113374,-0.23214691564154202,-0.23853026359331786,-0.11340251929349243,-0.2494940011052868,0.049266882719285643,0.28079200312386943,-0.17024415552677755,0.18587799492925497,-0.073248369462545121,0.014387486120086354,0.098666974005006278,-0.27322547380222756,0.46463263643163083,-0.82486208366009606,0.75038789716867482,0.068449134120090821,0.0019527397634633364,0.32592980002597355,-0.075400039873440489,-0.32766361651998049,0.54523823281634853,0.96934524275057732,-0.04713569915909694,0.09621048350970321,-0.11021370996793997
0.1904037057543877,-2.1386956939221498,0.76365291650872891,-0.016617511069235581,-0.011054845638229888,0.76041629193242344,-0.64912919490462129,0.05402362892058965,0.22904891427823629,0.15165982664992031,0.22214565957597251,-0.23323184386101248,-0.24006775932779076,-0.11058577577768328,-0.24806648027477313,0.045300319575248403,0.28012355466976702,-0.17122132084324826,0.18559659068379625,-0.074353959016903851,0.015369054806725188,0.099481300420787955,-0.27307336264539805,0.45905359404733276,-0.83010032716274806,0.7555719687950373,0.066050875568451073,0.0022248513530104624,0.32388901218388438,-0.075784320851040046,-0.32809834812587069,0.54261231155214429,0.9679475490973849,-0.046641961137127284,0.096143959839216753,-0.11122257998505089
0.18987183277340788,-2.1387656654573597,0.76358136983307301,-0.015965709572284232,-0.011339130473972905,0.75946903349895678,-0.6502486504362065,0.053085270327381799,0.23131955537201254,0.14882764281396682,0.22359559008790741,-0.23405238995460462,-0.24137031566433587,-0.10787571690869235,-0.24692826088756273,0.04139418841162102,0.27941500896114568,-0.17219965949361324,0.18539884456450639,-0.0753946825910594,0.016204081468716408,0.10023645376560196,-0.27292293618931046,0.45343575516956797,-0.83582933966599238,0.7620883353204313,0.062686980303389497,0.0026362575950540155,0.32183411570444054,-0.076017641815901676,-0.32853135330663741,0.540356229366593,0.96652709847445917,-0.046303820442542838,0.09603702426528464,-0.11207346170692363
0.18937059495195604,-2.1388268797342942,0.76351694269267489,-0.01541378747212923,-0.011570123183598636,0.7585241184488426,-0.65135989217688739,0.052173261299884623,0.23324063766219755,0.14602378873116775,0.22472055583074732,-0.2346039253109268,-0.24244739348025496,-0.10530330158989616,-0.24606159506353187,0.037613932685929517,0.27868678434232619,-0.17320336020003524,0.18529143845342982,-0.076340619242161636,0.016906788439697028,0.10091044308349326,-0.27276294367041576,0.44775959213960187,-0.84208738316575826,0.76986286178640162,0.058518066529202627,0.0031749200587283702,0.31969583358968867,-0.076086205883580518,-0.32897678400185104,0.53845141808065788,0.96510572051240306,-0.046086791143703031,0.095888923531790959,-0.11276085132569978
0.18890442230535173,-2.1388828945124638,0.76346236914212129,-0.014989930753630653,-0.011751832666181393,0.75759756218441299,-0.65244396707856966,0.05132054513398368,0.23476642487855409,0.14334616952000317,0.2253914975680083,-0.23483264404078,-0.24326534765470936,-0.10295221772922596,-0.24548412927363819,0.034073910563595787,0.27795591066687403,-0.17419990116686257,0.18529200859665879,-0.077138607169502785,0.017473783592631454,0.10144866001970262,-0.27255979943982755,0.44198652040407149,-0.84889658537257784,0.77882390457143225,0.053719621955795931,0.0038299947017023739,0.31742625017837123,-0.075980602106288361,-0.32946903441223974,0.53690624260441777,0.96371170382311833,-0.045953749045106934,0.095688819290882646,-0.113285551670139
0.18847105079934104,-2.1389337329891247,0.76341616804667367,-0.014681077084679972,-0.011894550878140463,0.75668182272680717,-0.65351021781597063,0.050516084338035144,0.23594768192782717,0.14077537261103715,0.22564098245588485,-0.23479136407458925,-0.24390634484878221,-0.10080541563567896,-0.24516017757656686,0.0307444549887027,0.27723675298313433,-0.17520134568136744,0.1853883067512587,-0.077790875130988604,0.017931680641952583,0.10185996079819697,-0.27230989681404627,0.43612135944510561,-0.85628600572348046,0.78887020298288635,0.048436802336667806,0.0045908275421457151,0.31492431521034536,-0.075689591366409001,-0.33000100205081356,0.53568259004061036,0.9623652685598354,-0.045873233412260822,0.095447033541903967,-0.11363634045029861
0.18806977923598928,-2.1389816316811197,0.76337769066570016,-0.014490499115457202,-0.012012687042771301,0.75577718308761577,-0.65455830168866203,0.049767933457599174,0.23680639366693951,0.13832711589654403,0.22541267726081018,-0.23449030263262183,-0.24439386796429097,-0.098889358759055482,-0.24506708892131832,0.027629099520314788,0.27653781948985634,-0.17619741737379283,0.18558352735118461,-0.078289326519579275,0.018300004749469644,0.10212218279015355,-0.27198300455090463,0.43014103097585149,-0.86434071810126878,0.79986948920129142,0.04281219372687086,0.0054792743933860183,0.31211453687539698,-0.07519032942345473,-0.33057681577546838,0.53475798246813422,0.96109040587336891,-0.045816186038982382,0.095171742533883885,-0.11380364659107198
0.18769696331702496,-2.1390248580844395,0.76334456698250786,-0.014395753042515683,-0.012112055148088363,0.7548730316972192,-0.6556010726277659,0.049048648988968317,0.23740516266575076,0.13595468416969703,0.22480666892677773,-0.23399813930491928,-0.24482554558053601,-0.097163984165187123,-0.24516840095833961,0.02466027049712181,0.27587485549616936,-0.17719257267909436,0.18583950033539948,-0.078648906688034495,0.018604292824919481,0.10226456523312034,-0.2715841759321867,0.4240818717277634,-0.87302421970180233,0.81172451905696597,0.036983949985997286,0.0064599780306932222,0.30887511610611684,-0.074486101997905646,-0.3311776328014821,0.53408776601139285,0.95990850129952565,-0.045759437640184711,0.094878236262854174,-0.113780404475231
0.18734846107738512,-2.1390631781388847,0.76331520313509749,-0.014376717866182753,-0.012203532674847925,0.75395951981684939,-0.65665015514442371,0.048341003904913485,0.23780545054267738,0.13361074741894405,0.22387740832204608,-0.233350536763615,-0.24525674420936797,-0.095602857499342331,-0.24541819170891341,0.02178456058191116,0.27526852001427787,-0.17818976105462059,0.18614537608116397,-0.078883547561895515,0.018877941779014088,0.1023040103744825,-0.27111064710874766,0.41796655160094265,-0.88237966204979446,0.82430490157736269,0.031105214106795745,0.0075244305838660427,0.305091464992786,-0.073564657028551708,-0.3317913511890091,0.53362529408381887,0.95883762870943945,-0.045668259467423235,0.094585325337480139,-0.11354150178574005
0.18702083638675265,-2.1390940641158549,0.76328702183619146,-0.014414198420595065,-0.012287439269616679,0.75302993427948428,-0.65771359100988802,0.047613430649457528,0.23805354109344029,0.13126174760300552,0.2227428539347078,-0.2326167420481158,-0.24573263665442752,-0.094169654976130404,-0.24579212038672343,0.018945370944555874,0.2747305446936501,-0.17919641112397489,0.18645619767029642,-0.079008907011167459,0.019133833223662126,0.10227173566487931,-0.27055537707931726,0.41184646380023954,-0.89227546960573034,0.83750961907597377,0.025284066865684858,0.0086217108131915639,0.30064750218291525,-0.072446508734325329,-0.33239393975304887,0.53333306625017751,0.95790435785644346,-0.045533505383492268,0.094304885408868208,-0.11309993322338291
0.18670968006074562,-2.1391146314085425,0.76325592256088859,-0.014487057002594034,-0.012369632411081495,0.75207434640112791,-0.65880292566042409,0.046820707750547752,0.23820796312996939,0.12884793599124153,0.22152814146672437,-0.23187621344721587,-0.24629117813506224,-0.092831726526841865,-0.24625524602824653,0.016075425964299644,0.2742818502831339,-0.18024531575819391,0.1867582896191779,-0.079044860901034755,0.019394475636628345,0.10219954468742681,-0.26991891265452028,0.40577698555475772,-0.90258996334363339,0.85122769003492771,0.019691461753739713,0.0096926309062498276,0.29537463035284628,-0.071137007935719088,-0.33296452080662015,0.53316790323341223,0.95713063775051221,-0.045323001770739849,0.094056978236785715,-0.11244414413430445
0.18641299749920465,-2.139123222503112,0.76322085118279281,-0.014583256253787927,-0.012446889331962372,0.75109200615476857,-0.65991908736859495,0.045945596112254954,0.23829013663608406,0.12636587240149111,0.22031731999043949,-0.23116285001301198,-0.24690586794305838,-0.091564056291539075,-0.24679358211700239,0.013157895783043829,0.27392335295349018,-0.18132833235903906,0.1870166940931757,-0.079003508463150657,0.019659984981325485,0.102108711068914,-0.26916579887186792,0.39980463903756208,-0.91314861981049755,0.86532343122944277,0.014357050471101241,0.01070941442944583,0.28923041156632773,-0.069667531956631237,-0.33348008534409512,0.53310183721752824,0.95654506184489885,-0.045046322508475165,0.093844998572807078,-0.11160811369079605
0.18612647593767978,-2.139115694618142,0.76318121011738704,-0.014681798205575958,-0.012514087725645539,0.75007772493304037,-0.66106826347142078,0.044940094297011332,0.23833643778896402,0.12376596208580974,0.21927138594109316,-0.23050241042808395,-0.24755912267889355,-0.090334958538718535,-0.24738622251161035,0.010144677722380303,0.27369070022046676,-0.18246679020959153,0.18724094794048249,-0.078911790710783872,0.019940724827639145,0.10204207808844125,-0.26828249263639192,0.39399635868202904,-0.92368048396687374,0.87968004652283482,0.0094244501679627279,0.011599680585303579,0.28205761910527744,-0.068073553393398059,-0.333915396509609,0.53309630116503581,0.95617741022041003,-0.044706477053636631,0.0936799303718161,-0.11062066588175357
0.18584986170004442,-2.1390926223915296,0.76313649132458072,-0.014780024767340591,-0.012570666257773781,0.74903620696975826,-0.66224488662885861,0.043815912406212507,0.23835121001337628,0.12107480617948239,0.21839392403248961,-0.22992571589641481,-0.24820139745488876,-0.08913363730192396,-0.2480247540928717,0.0070559350437847208,0.27356080590151183,-0.18364420912313464,0.18741083368051589,-0.078772273662396489,0.020230721648107117,0.10199990804405069,-0.26720772814861449,0.38838649269024084,-0.93406615097958567,0.8941103815477639,0.004814947982678717,0.012393984485154842,0.27395731116607508,-0.066380824877451811,-0.33425632946305484,0.53313471105945343,0.95604707997434391,-0.044324464636110304,0.09356022434139652,-0.10952048733502455
0.18558096025028928,-2.1390519338634069,0.76308514476153932,-0.01487087582479652,-0.012613281059107013,0.74796720950996209,-0.66344918094079208,0.042543412046659623,0.23834587432173168,0.11828259616294072,0.2177748252831157,-0.22946255735692664,-0.2487710220060709,-0.087939490068097162,-0.24870423076906636,0.0038837135559732926,0.27352861703169151,-0.18489152439257039,0.18754894097171854,-0.078600940701153796,0.020527552702181512,0.10200336669595511,-0.26588797517248353,0.38301870377755926,-0.94406498290139429,0.90844982708779787,0.00052999039981069859,0.013072825126290061,0.26489844618772795,-0.064622689975547945,-0.33447897723465059,0.53318579319019477,0.95618808158577573,-0.043910952556818955,0.093481889874694746,-0.10835166926248584
0.18532126924388079,-2.1389962215581395,0.76302763693720232,-0.014955713467704464,-0.012646336462874455,0.74687886090655775,-0.66467162113306921,0.041163288093638971,0.23832229836749658,0.11542820080542952,0.21734220659148562,-0.22911767107645892,-0.2492764789222284,-0.086755803357746186,-0.24941205350485898,0.00066456220788146166,0.27356354084116596,-0.18616720536742282,0.18764703275114375,-0.078389703297005106,0.020828727943622151,0.10203406162983338,-0.26426716933965766,0.37792370251284124,-0.95366138590882454,0.92249725977840702,-0.0035621317059814882,0.013716102092709058,0.2551328679606229,-0.062810350223894737,-0.33458652831476149,0.53324464493177637,0.95659594665347802,-0.043498355833033971,0.093447728681463824,-0.10714600864530956
0.18507131859271217,-2.1389273530742532,0.76296535754132577,-0.015032360765190302,-0.012670629608165224,0.7457812782942258,-0.66590071949276952,0.039700209672316834,0.23828162935990155,0.11253204025740958,0.21707699472610881,-0.22886186839708103,-0.24966637920449955,-0.085577151792622541,-0.25013769282136811,-0.0025765733876082653,0.27363973943300313,-0.18745824198225192,0.18774854319072978,-0.078134678304596958,0.02113890197663449,0.1020880789236339,-0.26227512343970966,0.37313289113708897,-0.96281326229822328,0.93602725928261554,-0.0076378832177058731,0.014402182090394868,0.24484952130947879,-0.060965450481929508,-0.33457466169467609,0.53329303027353714,0.95728567698644595,-0.0431211243060362,0.093458368829197572,-0.10594528066593166
0.18483303611277693,-2.1388478561485864,0.76289864592199186,-0.015103527627123046,-0.012693484880784745,0.74468105880542079,-0.66712883279860946,0.038199327962454385,0.23823170467358229,0.10963473584732594,0.21688235695572197,-0.22869625172001748,-0.25003522955886626,-0.084415236383038508,-0.25086789121669534,-0.0058094104862831866,0.27373558704690099,-0.18873378217553993,0.18784249893700822,-0.077825651284378738,0.021456383901643013,0.10214068571294181,-0.25988634166307195,0.36867672772341803,-0.97153568749660957,0.94890103013417726,-0.011746152597700728,0.015191254413052838,0.23435497016689893,-0.059085134697017788,-0.33445923479782247,0.5333336278843811,0.95822717731801577,-0.042805214300358066,0.093518809839993763,-0.1047682528851613
0.18460846490029206,-2.1387619495888508,0.76282832786574417,-0.015174456496685865,-0.012724020938913318,0.74359190298946454,-0.66834041997299731,0.036721438659081992,0.23817161280711216,0.10676945640226089,0.21663266796744407,-0.22858459397347639,-0.25036897788774487,-0.083287437420220309,-0.25158921066319134,-0.0090047457366440042,0.27381664209900491,-0.18997826503663143,0.18795361247325248,-0.077440844312971727,0.021786103385611308,0.10215819194230819,-0.25706602958248592,0.36458544480073213,-0.97996725726544964,0.96090380745906256,-0.016107138344418098,0.016227429910378739,0.22402602381201192,-0.05715943977072889,-0.33425605503424588,0.53336102090398552,0.95940001666586783,-0.042598591839066967,0.093638727081709894,-0.10364734051711169
0.18439893906594043,-2.1386700293327148,0.76275505149770984,-0.015244961487938488,-0.012766054473817529,0.74251568184121319,-0.66953348028480275,0.035289633845094835,0.23811350767989203,0.10397030124900962,0.21627803985591088,-0.22851887077552885,-0.25079597268425935,-0.082201575759377754,-0.25229271508068785,-0.012146383998944703,0.27388278393843135,-0.1911772259967093,0.18806448596982764,-0.076980303278310402,0.022121969776126106,0.1021300571631872,-0.25381646483520554,0.3608799921137944,-0.98802275147371432,0.97201397089966146,-0.020585693825806765,0.017472969064092563,0.21408152919634557,-0.055186522611507971,-0.33398069213463971,0.53337877395601763,0.96076316903534487,-0.042502287044112956,0.09381730312945448,-0.10258514287375822
0.18420575311228965,-2.1385746827754231,0.76267845388822741,-0.01532290471289267,-0.012829132130857254,0.74146345002734448,-0.67069558984197541,0.033956356018127132,0.23805867654200499,0.10127121546512503,0.21569119901283795,-0.22847783404923208,-0.25133400918054732,-0.081185693699697775,-0.25296824135408885,-0.01520124181088325,0.27391283897690538,-0.1923268941202812,0.18817697316485377,-0.076417697110401209,0.022452111091863524,0.1020214437610231,-0.25014048032436725,0.35758685609662655,-0.99576551536195579,0.9821366147783146,-0.025202650132459387,0.018980631432394264,0.20488534877737169,-0.05314821440240905,-0.33365437755255289,0.53338884005263565,0.96227017344943244,-0.042525925757097738,0.094058253526491484,-0.10159224918026578
0.18402964030686905,-2.1384742692556777,0.76260027919078177,-0.015402757852114472,-0.012910053449800309,0.74043245695481497,-0.67183023321247426,0.032717043333478656,0.23801561939968444,0.098687242722430832,0.21489720989621625,-0.22844039439529454,-0.25205363440646639,-0.080233425007043113,-0.25361462770902959,-0.018176602621880734,0.27392524990685191,-0.19342015883370473,0.18827570477145497,-0.075767833669359935,0.022768669761435045,0.10184325595424307,-0.2460577208277544,0.35470720524663285,-1.0029887657511132,0.99134767001555135,-0.029690432497952349,0.020623982732317334,0.19649860097188518,-0.051052652144620972,-0.33328146321468394,0.53339075833729477,0.96388851411674581,-0.042658990399923088,0.094354340664150257,-0.100661099763467
0.18387019895712917,-2.1383682291641311,0.76252202134203428,-0.015486807320719229,-0.013007486116125087,0.73942996869362998,-0.67292962893729558,0.031592121740180168,0.23798164874509228,0.096244029557785743,0.21386394268868536,-0.22837474755919704,-0.25295937798946322,-0.079364444704651857,-0.25423085134768125,-0.021046928424339115,0.27393486681794199,-0.19445600190362541,0.1883467411200323,-0.075015296154195291,0.023050717586518419,0.10159111803462885,-0.24157702806592513,0.35225308170248781,-1.0095002814544141,0.99971910224743521,-0.033779299283361701,0.022285645897626584,0.18909666681331339,-0.048893084824063293,-0.33287251866855549,0.53338234690225605,0.96557033577986684,-0.042896013181225635,0.094700941537229841,-0.099791303024740236
0.18372790780125825,-2.1382543862410488,0.76244539557964253,-0.015566420106136205,-0.013115068092973057,0.73845002693865458,-0.6740009193378711,0.03056197691218468,0.23795882464020807,0.093925746824145562,0.21265796557282465,-0.22828145678849818,-0.25401295960136061,-0.078556792860122224,-0.25482048388834,-0.023836889159603795,0.27395604973212234,-0.19543102567009407,0.18838758060138536,-0.074184836637522428,0.023295340683009532,0.10128579656986086,-0.23673593652040448,0.35020991714627908,-1.0151114759239042,1.007342374000854,-0.037250982110779783,0.02384163778664072,0.18262039905922511,-0.046686781169936478,-0.33241986288169101,0.53336185362224364,0.9673038879823892,-0.043219604376908013,0.095086531218482734,-0.098967700346578841
0.18360122211792251,-2.1381300501342566,0.76237317472529564,-0.015638060217183589,-0.013219792071168732,0.73749159624011718,-0.67504580114644219,0.029610641849687751,0.2379332892866893,0.091724867718296577,0.21134909693951404,-0.22813788845993002,-0.25517482000410935,-0.07780073352752466,-0.25539828951130972,-0.026548091574252017,0.27401477758978676,-0.1963435973128845,0.18836973214051173,-0.073286042723356745,0.023473366463672939,0.10094779280115564,-0.23156528222577283,0.34855568891358879,-1.0194904453265723,1.0143911815284672,-0.039709865909366759,0.025092120543176128,0.17704071944344515,-0.044441977208043437,-0.33191198142138573,0.53331943576376406,0.96906114266722443,-0.043627006260628223,0.095501533925276036,-0.098182157701080144
0.1834912960100856,-2.1379942158421366,0.76230564612046114,-0.015693743032684986,-0.013319851606532871,0.73655022167669582,-0.67606956663557438,0.02872497714890505,0.2379065199254761,0.089604591401670472,0.2099839941538513,-0.22797725544781619,-0.25633408972176336,-0.077073150268736346,-0.25596158027744159,-0.029201454038019613,0.27410622275963992,-0.1971894657606609,0.18830968863653474,-0.072338926756299507,0.023597122822808906,0.1005891328693533,-0.22611808732397282,0.34728043357563632,-1.022640748837889,1.0208893453402572,-0.041160628925145444,0.026001712286554103,0.17226991978390863,-0.042180311849842986,-0.33134225913714382,0.53326104658041507,0.97084910546711523,-0.044088207238395141,0.095932216975642179,-0.097414761506355446
0.18339617796138646,-2.1378439519667372,0.76224513537181582,-0.015723825089617845,-0.013404369744860331,0.73562217869109869,-0.67707687481855006,0.027881164891721093,0.23787515212398214,0.087526101458434882,0.20865492411579248,-0.2277874960303799,-0.25744194708078927,-0.076343848516005522,-0.25651270562220624,-0.031813495921778907,0.27423761752865128,-0.19796462338857848,0.18818955001138027,-0.07136651091551674,0.02365756731419752,0.10024054040073095,-0.22044596687001813,0.34634889135753133,-1.0243586678228283,1.0269814339243204,-0.04135526875383682,0.026420857304929084,0.16816970606760087,-0.039922635574732565,-0.33068507159258836,0.53317932141035573,0.97267141365214349,-0.044576713812626706,0.096362507621663304,-0.096640473872430063
0.18331838658737556,-2.1376801664827281,0.76218979177475832,-0.015725991785604389,-0.01347949888159689,0.73470714390177472,-0.67806814479958888,0.027080688280574469,0.23784347499463362,0.08546557080926033,0.20735506080928567,-0.22762793407545689,-0.2583985746421294,-0.07560703529265482,-0.25704311004499358,-0.034387028497183364,0.27438848272510885,-0.19865856921847852,0.18803798478347405,-0.07037487119596865,0.023680699055617128,0.099890798688069049,-0.21461389948928822,0.34576883536471187,-1.0248978004406366,1.0325984336311747,-0.040562821436114956,0.026430771527400174,0.16470196704190487,-0.037687569358079077,-0.32995083262565583,0.53309357910133648,0.97453656790514398,-0.045067898594117327,0.096782285247038718,-0.095848549669836261
0.18325773736051648,-2.1375021931123639,0.7621395058996111,-0.015694337685024061,-0.01353966805108768,0.7338031735099767,-0.67904585095586945,0.026318286787992258,0.23780715529590499,0.083389826026627339,0.20612502960356083,-0.22750249950322673,-0.25916122829284738,-0.074830856475407853,-0.25755428826910787,-0.036935846448970772,0.27453662521174205,-0.19927312267993133,0.18784910507528754,-0.069385919807443741,0.023670969854123529,0.099553232340492848,-0.20869094069062355,0.34552476036512159,-1.0244033491713698,1.0377605848285316,-0.038892362894241937,0.02602644241359162,0.16176067449048559,-0.035502130149754521,-0.3291224213591239,0.53301172863646007,0.97647355625179844,-0.0455101888508955,0.097172185106022851,-0.095010000046751558
0.18321760088681893,-2.1373118748863207,0.76209140549570842,-0.015633387384934049,-0.013597558718016853,0.73291422629632241,-0.68000547092523067,0.025600399103970953,0.23777583393254181,0.081309665141277576,0.20491865602033557,-0.2274634468877923,-0.25970924850324018,-0.074037833421980559,-0.25803443500906936,-0.039443193663372615,0.27466550309912929,-0.1997937324601757,0.18765563135105812,-0.068389709383860714,0.023658737026584362,0.09919805749531678,-0.20274045582358946,0.34563634144366312,-1.0232537589689035,1.0423551671949332,-0.036747598763992667,0.025360170783339606,0.1593604842121164,-0.033375924546895482,-0.3282310949648391,0.53296113621074659,0.97847110286233208,-0.04590736630792417,0.097531637220251627,-0.094134381965111355
0.18319857047061061,-2.137110486185132,0.7620456177665873,-0.015546621325785914,-0.013654844276099296,0.73204667116992261,-0.68094017286556252,0.024938965288289771,0.23774465796973765,0.079224249968186403,0.20370996882978343,-0.22747666073991682,-0.26004614956274208,-0.073231276943385937,-0.25848186036384663,-0.041889709853768248,0.27475169085006562,-0.20021538586529919,0.18747116968068073,-0.067372889369691491,0.02365579864457474,0.098810098250532719,-0.196844224861357,0.34612375106611953,-1.0219323279730697,1.0462721579665908,-0.034580198846846127,0.024587330844289747,0.157511147442531,-0.031331349407165976,-0.3272804895548399,0.53296464136871002,0.98055614910628586,-0.046238813217155381,0.09784891571389788,-0.093216918404116403
0.18320280822921628,-2.136899168078449,0.76199968600600665,-0.01544332247151353,-0.013722681073026615,0.73120528351687863,-0.68184457552451694,0.024330877893566038,0.23772093940154765,0.077168161451111966,0.20246081399511412,-0.22758208530918234,-0.26021810108140375,-0.072449056407583604,-0.25889249356385363,-0.044254037909189164,0.27479486213459897,-0.20053385338013313,0.18732143654147115,-0.066323635469859338,0.02367637123982164,0.098362545677503355,-0.1910418774149216,0.34699894649151242,-1.0207062372297246,1.0494486987950216,-0.03269931562508728,0.023831133551255892,0.15620822303588977,-0.029369837394901427,-0.32630849660673383,0.53304486100761939,0.98269034456999516,-0.046526427792387637,0.098132265130503424,-0.092280427450914596
0.18323060527486801,-2.1366803468604618,0.7619530178221845,-0.015340228577184322,-0.013802400415208296,0.73040636623051358,-0.6827010409395271,0.023797003933029349,0.23768476037185618,0.075187296372631399,0.20111339124659147,-0.22773897531970444,-0.26026469863884527,-0.071732138438709556,-0.25928044980048176,-0.046483564241007053,0.27478228862645776,-0.20076726530015104,0.18722709020110587,-0.065200400798503949,0.023711978390709227,0.097821983212215996,-0.18539732326052535,0.34830639910442901,-1.0201088757431767,1.0517403754800982,-0.03165174017682415,0.023308350734926764,0.1555203794027534,-0.027498997782912604,-0.32533314842802835,0.53322849866604483,0.9848755392957208,-0.046807756873408678,0.098385113404049443,-0.09135470236773495
0.18328083289191133,-2.1364530467838216,0.76190559050130591,-0.015245145707926438,-0.013896738457297214,0.72964935073863935,-0.68351027143655607,0.023312919575550373,0.23763559932007824,0.073298506896951138,0.19967935457870076,-0.22795249533034695,-0.26024285471450503,-0.071108564456228193,-0.25965235528528902,-0.048571896493410933,0.27473351951815433,-0.20091376425026919,0.18720072876339569,-0.064008507375187262,0.02375015150689308,0.097189322042126519,-0.17992381126855697,0.35002955186891871,-1.0201348327917938,1.0532052659388189,-0.03147767437256295,0.023038214450292156,0.15536305892083985,-0.025719076234014017,-0.32437718000249754,0.53352005999139862,0.98705763905477606,-0.047089353116404456,0.098616717992923861,-0.090455945963883858
0.18335121248172218,-2.1362175465790618,0.76185874042349577,-0.015185242544556206,-0.013998921269887464,0.72895376855475635,-0.68425130027056569,0.022876692611329009,0.23752776531106873,0.071554947192216292,0.19813628900608088,-0.22816115418217517,-0.26020181634342571,-0.070645100997835039,-0.26004707962391965,-0.050454644096625,0.27466077147908252,-0.20099605529987957,0.18723800403088631,-0.062701704147583692,0.023734095086753539,0.096441375850420979,-0.17465323820767087,0.35219701267149378,-1.0210256095053649,1.0538094316633855,-0.032484967377571117,0.023123686651754911,0.15572802016336565,-0.024037567771981558,-0.32345097096650621,0.53393481985152713,0.98920848464098687,-0.047402476827521182,0.098836187055044225,-0.089619039911843029
0.18343718092117878,-2.135971476964122,0.76181464069886928,-0.015158731894731494,-0.014104624866146658,0.72830794909700081,-0.68493708009338194,0.022448673736118897,0.23736312271057131,0.069928327629287065,0.19654491248905778,-0.22834742359177645,-0.26015916751841006,-0.070334186160416728,-0.26047107548046905,-0.052159223040226355,0.27459418279524206,-0.20101892404235122,0.18734915915559239,-0.061315409906186995,0.023642252925865508,0.095612784921591337,-0.16958887105158371,0.35475698712323001,-1.0225369259081676,1.0537209932394487,-0.034443089905116853,0.023496842062642517,0.15646678643604653,-0.022455472533239158,-0.32255328079728157,0.53445438621199648,0.99127830068145473,-0.047733701774181993,0.099048513456241202,-0.088842885613085731
0.18353218793695791,-2.1357115782092464,0.76177705731597078,-0.015181508845037089,-0.014202595402662076,0.72771616235493053,-0.68556326850293481,0.021993646318365756,0.23710796492847652,0.068419492750697086,0.19494850116054921,-0.22843437344625442,-0.26015623180911301,-0.070215543806405614,-0.26095403588769728,-0.053651245416264232,0.27457291917986004,-0.20100070736507625,0.18751095625538194,-0.059840568420857942,0.023410452754515372,0.094731046120442128,-0.1647260347579074,0.35769527581406368,-1.0245036715583047,1.0530790789393913,-0.037244949523338115,0.024106418102515036,0.15744269033165995,-0.020972351470932141,-0.3216772080461216,0.53506580082356181,0.99321365498727454,-0.048075661026179918,0.099259749781550097,-0.088139218686390158
0.18363055187371152,-2.1354366550718691,0.76174819697727258,-0.015241895963663047,-0.014287395820862437,0.72715963434643338,-0.68615043620568406,0.021479598477325355,0.23677330033932978,0.066967803697526682,0.19341741093034598,-0.22842134092448046,-0.2601596044163873,-0.070247761130222144,-0.26149448154022853,-0.054996594884595337,0.27461975498679914,-0.20094598076576153,0.18773097650501605,-0.058332421964362335,0.023031615568797167,0.093838743551726361,-0.16007526885801784,0.36093830885504291,-1.0266300906101156,1.0520792410625852,-0.040553502312209617,0.024866282038989451,0.15851465035451151,-0.01959401991582671,-0.32080703206793232,0.53574016082301124,0.99498893711909353,-0.048415017697716466,0.099470945878887385,-0.087495216347653157
0.18372365380368694,-2.1351426971740404,0.76173044458602712,-0.015337185594071703,-0.014351481273879314,0.72661897396560682,-0.68671950052147623,0.020839694597072567,0.23635904389916629,0.065502325544649256,0.1920516737790679,-0.22826647991203666,-0.26020010369990693,-0.07041315506822618,-0.26209912769677501,-0.056230565229637021,0.27477274318628431,-0.20088193053767178,0.18797153448527512,-0.056845386021433741,0.022472561516644361,0.092984387005995317,-0.15563232409085154,0.36441026682486455,-1.0285177974081592,1.0509594531498112,-0.043977614913699795,0.025667430079558747,0.15948597707454126,-0.018326796285231234,-0.31992259504260429,0.53645112926042071,0.99655151879732107,-0.048722462852433479,0.099684655638857658,-0.086900083657450999
0.18380832099830313,-2.1348315189091012,0.76172365454950508,-0.015450519118552058,-0.014395882706808961,0.72607938561139651,-0.68728652380956412,0.020076019327185172,0.23589049271796386,0.063973688195944983,0.19087530930449251,-0.22801223429251596,-0.26023017227581596,-0.070662728093455543,-0.2627500229735793,-0.057430777101446305,0.27503464660716126,-0.20080057578028387,0.18822606604994413,-0.055425649876343006,0.021761007381806086,0.092191072269370816,-0.15141692524145878,0.36804234397129504,-1.030016449353103,1.0498524292530214,-0.047277623752644916,0.026459701436075959,0.16028889959511808,-0.017178565824110242,-0.31901707923933831,0.53717635892350357,0.99790217813126481,-0.048999339929997596,0.099900278457023317,-0.086339662673764472
0.18387853556527414,-2.1345018747872255,0.76172682977841555,-0.015558855819265084,-0.014423561092036146,0.72551022143861155,-0.68788429367090143,0.019145614388165644,0.2354122011000494,0.062286111071215788,0.18996579227106594,-0.2276886193346635,-0.26028050514799367,-0.070930907976235913,-0.26341759884426108,-0.058693781790731078,0.27542481321159523,-0.20072113850336759,0.18844554877855518,-0.054160340403164045,0.020927150641752872,0.091503306306741472,-0.14743837510088298,0.37173934764578709,-1.0307763576529601,1.0489767038725875,-0.050021266373853665,0.027138818358327321,0.16077002737577056,-0.016161201117633178,-0.31808007977001518,0.53788833784805101,0.99901255590067339,-0.04923238219438969,0.10011915867153504,-0.085793746644182989
0.1839343634698371,-2.1341581727677714,0.76173790318809753,-0.015652330099672575,-0.014438539428486892,0.72491046188235986,-0.68851387451170865,0.018083874434710871,0.23494178457013609,0.060435985897376469,0.18929049650545268,-0.22734106493843445,-0.26031353755258496,-0.071189326326532951,-0.26408428763891095,-0.060058306255327432,0.27592409087581593,-0.2006329444360265,0.18861372700551848,-0.053058982346573899,0.020009627033827287,0.090915150392337135,-0.1437230948954745,0.37545792734494926,-1.0308734399554413,1.0483600567560478,-0.052193926352459889,0.027717450917089444,0.16095631086883375,-0.015281958508639946,-0.31711788587674,0.53858106491409041,0.99990543578629321,-0.04943208617345763,0.1003383509988351,-0.085255314865711154
0.183972640366735,-2.1338027710292318,0.76175441615651562,-0.015704648109022789,-0.014450798580414946,0.72425778326046064,-0.6891989566408252,0.016891902872501419,0.23453817397829854,0.058361296377140416,0.18885997325734744,-0.22700764926790823,-0.26035935853024311,-0.071370135871575383,-0.26470234257224201,-0.061612781383223729,0.27652892885022801,-0.20055491995259556,0.18870921168073271,-0.052186784042759102,0.019078529471408374,0.090449789017164481,-0.14028827270743291,0.37913130554324204,-1.0302089874041687,1.0480993022750125,-0.05358043032828487,0.028164750958431163,0.16081487398123706,-0.014553801273628465,-0.31613456187863154,0.53923650299417569,1.0005920459714839,-0.049619350440512258,0.1005578683516342,-0.08470970254461084
0.18399471976425966,-2.1334406924426865,0.76177448898602407,-0.015721132063216424,-0.014457604707696387,0.72356586715140081,-0.68992482167712066,0.015619740400075993,0.23418668642519083,0.056109499798727716,0.1886168338094642,-0.22669753030137424,-0.26039613638902187,-0.071474589713680745,-0.26527924776672612,-0.063330892147844417,0.27720897890826518,-0.20047754736154347,0.18871723860946821,-0.051512072559342384,0.018143187570509627,0.090084370970955563,-0.13716377361457835,0.38274456375814175,-1.0290189052514083,1.0481473947285369,-0.054364058052163211,0.028530433567829677,0.16042981931657485,-0.013982299002339976,-0.31513804194738065,0.53986342090306882,1.0011066207659371,-0.049790347447179868,0.10076974659811766,-0.084158721821476198
0.18400150487301092,-2.1330767678951226,0.76179600853240725,-0.015693571202154102,-0.01446130079990275,0.7228394210203829,-0.69068643683006681,0.01431308006216212,0.23390599016029043,0.053704157941789211,0.18851919519749005,-0.22643096089006168,-0.26044389640384291,-0.071475735122614417,-0.26580086033901379,-0.065235314605787353,0.27793839882457683,-0.2004078846245673,0.1886470667350269,-0.05103239130996385,0.017245090230165239,0.089811063327631752,-0.13438287981907537,0.38625986824368586,-1.0275019568945889,1.0484724967010697,-0.054664339155757968,0.028874411882992009,0.15989143617775092,-0.01358335764046517,-0.31413684403382763,0.54046623474056588,1.0014926221561735,-0.049966394787728463,0.10096959813232391,-0.083600136006159981
0.18399412049562811,-2.1327145310629598,0.76181865942566651,-0.015636450154810706,-0.014452317228624782,0.72209551894949608,-0.69146561264197071,0.01300963340507863,0.23365788638383977,0.051205910208775775,0.18852129564036249,-0.2261672210485999,-0.26049201330695981,-0.071390453538403675,-0.26629297168941141,-0.067250590357396459,0.27869357702877828,-0.20034345606743903,0.18849806024147084,-0.050703607819431257,0.016361890104597536,0.089610068106389287,-0.13196660781189601,0.38967856128062306,-1.0258947453801668,1.0490177227323758,-0.054698466034810406,0.029225673803145853,0.15926951148543861,-0.013357699624917499,-0.31313537924110291,0.54105922675691209,1.0017779471449884,-0.050122004001390295,0.10114528770071946,-0.083041820211070427
0.18397286619855943,-2.1323596347978935,0.76184083810436976,-0.015553854802967471,-0.014427855486337479,0.72135684586942506,-0.69223855389897693,0.011769710069053353,0.23343620685809552,0.048674533357058493,0.18856357545012092,-0.22585611750766052,-0.26054638106751482,-0.071222770748523359,-0.26675555694769104,-0.069335289044599582,0.27944592086583536,-0.20033434222057267,0.18831796462763806,-0.050482951549439235,0.015520179061762148,0.089453206886521461,-0.12994823632625355,0.39299967513805528,-1.0245379485951989,1.0496912549710036,-0.054778143613684833,0.029652917853663273,0.15868760039452329,-0.013308766959660148,-0.31215676284867711,0.54165889464195283,1.001992300924945,-0.050229125880146303,0.10128274946029373,-0.082487930782676938
0.18393814941866862,-2.1320127654771692,0.76186351703068023,-0.015460259498302664,-0.014376092352585045,0.72063286941732929,-0.69299536496304226,0.010604750883854909,0.23320101872558385,0.046156717925183964,0.18863331512239012,-0.22547190953153362,-0.26060141307450974,-0.070988893522059213,-0.2672187180717972,-0.071410264716008448,0.28018404974519678,-0.20035000747908308,0.18810745983189073,-0.050340172390535023,0.014680630132184068,0.089335679864152001,-0.12832869241458456,0.39622114387196394,-1.023534316802458,1.0504654976187007,-0.054996465431373556,0.030142576433250294,0.15815882419270036,-0.013434664686406812,-0.31119817270956235,0.54227984802323215,1.0021522583239171,-0.050270446334617247,0.10137366693824926,-0.081952513964839394
0.18389267013627519,-2.1316770842872281,0.76188394906704371,-0.015370347146511532,-0.014293676545192032,0.71994008461618275,-0.6937187598748209,0.0095526175063080972,0.23292832200441377,0.043728542356187498,0.18867129848709482,-0.22504159382540462,-0.26065288746669446,-0.070715259172595565,-0.26770447490491101,-0.073406102334945836,0.28089267978589683,-0.20042906353490836,0.18792494879945526,-0.050229364896629256,0.013840022880818292,0.089236663353752466,-0.12711366868507476,0.39932982468462935,-1.0231280134912031,1.0512779276636939,-0.055600679417694546,0.030706603341435414,0.15774182451167135,-0.013727323490648844,-0.31028638416470095,0.54294440116191478,1.0022627611248474,-0.050197262360458295,0.10140413483063959,-0.081440470152788935
0.18383724769500984,-2.131351515034019,0.76190357763647709,-0.015287220976307843,-0.014175881750040064,0.71927889784419063,-0.6944085341983316,0.0086019105584689455,0.23260452759181727,0.041393536535922468,0.18869789188534722,-0.22454263683093117,-0.2606941724776094,-0.070406313905471016,-0.26822128397900963,-0.075288973443395385,0.28157276923567731,-0.20053375086409284,0.18776133798386616,-0.050142311939355595,0.012979063964488191,0.089163190938913575,-0.12628507117350199,0.40231305624666774,-1.0232627560928125,1.0521212159508977,-0.056521032195939451,0.031311113232799663,0.15740727271598187,-0.014185139677653761,-0.30941807273850824,0.54366761041703737,1.0023314101898608,-0.050029968083480689,0.10137692619000041,-0.080971099701686075
0.1837743357323533,-2.1310360292045805,0.76192165034483228,-0.015212375082829006,-0.014020600152325209,0.71865610155652748,-0.69505784947102112,0.0077606675017025924,0.23222394401751481,0.039175672047850676,0.18871429070959361,-0.22397815397043136,-0.26072741938956517,-0.070071870351323381,-0.26877175391704394,-0.077016075296190284,0.2822291379181775,-0.20067964917085462,0.18765712372739685,-0.05006101465596146,0.012100742966564489,0.089117710855195764,-0.12582441197640326,0.40515572831985969,-1.0239731044643956,1.0529735821754589,-0.057783351277366599,0.031919668970446048,0.1571367650337456,-0.014804653717392513,-0.30861830084890662,0.54447488814839407,1.0023453891541467,-0.049755816698208534,0.10128941604818822,-0.080564328730092422
0.18370563568869464,-2.1307288982829675,0.76193882789434308,-0.015141351122208623,-0.013832817328363483,0.71806612237531653,-0.69567265042391135,0.0070063586144986124,0.23179976355327964,0.037058824338189765,0.18874606485482545,-0.22336733091562508,-0.26074721307812537,-0.069712901494298776,-0.26934654215561782,-0.078604263814085168,0.2828687246107463,-0.20084165158084874,0.18759120642076213,-0.04998976029698142,0.011210603697448031,0.089106198217436178,-0.1257036355799864,0.40783583302642362,-1.0251096800578297,1.0538238930871855,-0.059236383378063188,0.032509161088965545,0.15689971256658181,-0.015584159214541721,-0.30788385041720084,0.5453803180948481,1.0023133050103716,-0.049430946388245391,0.10115555003948035,-0.080233525136541584
0.18363219056560337,-2.1304288982458028,0.76195484323680285,-0.015065321883122642,-0.013615916093364351,0.71750440596909182,-0.6962579050326364,0.0063249380073311812,0.23135086877578875,0.035027704069620559,0.18882331133128358,-0.2227166520510156,-0.26075324898676616,-0.069317361839784444,-0.26992738485165263,-0.080053563642577985,0.28349745936488241,-0.20103534863972758,0.18756729971301037,-0.049934341030468815,0.01032507295069774,0.089139511778106695,-0.12588733459596263,0.41032433520897754,-1.0265234064715096,1.0546695015464993,-0.060692158179643706,0.033025174468097364,0.15663587506220114,-0.016514794348068507,-0.30722329000370141,0.54640394146171156,1.0022242423180634,-0.049097681236201784,0.10098449394649212,-0.080004637863792985
0.18355654551933431,-2.1301340337155352,0.76196965806997152,-0.014980873445636762,-0.013379413589953563,0.71696613636225426,-0.69681857325459895,0.0056942751348513926,0.23089620876302064,0.033072201879386247,0.18895901156974979,-0.22207619404840781,-0.26074679277334906,-0.068899127779901703,-0.27050409034154499,-0.081402998530531248,0.28412859389170197,-0.20123860138622737,0.18755615816862253,-0.049896983244096325,0.0094575002889835773,0.089216655551165203,-0.12635087668373174,0.41260519987456323,-1.028075845584498,1.0554745842046966,-0.062061426844390123,0.033481170685732607,0.15635362153254936,-0.017599711334976408,-0.30663346612911957,0.54755748767101531,1.0020951074628108,-0.048816752237116047,0.10079541186998509,-0.079874546403324129
0.18347909326727349,-2.1298417890927639,0.76198309200343572,-0.014878843642618213,-0.013133002186065692,0.71644246772882936,-0.69736384671135865,0.0050818282611362637,0.23046631506119991,0.031164128297100083,0.18918885069900998,-0.22146761832605968,-0.26073159731414897,-0.06845231510177309,-0.27105056851658299,-0.082677194290992961,0.28476731805543998,-0.2014536496374861,0.18754013216761886,-0.04988970922474744,0.0086286940228564278,0.089349555596628619,-0.12705158204576142,0.41465380643988997,-1.0295472239915833,1.0562260865924182,-0.063118727081362694,0.033851347699308344,0.15601477096313995,-0.018842293007715546,-0.30610762610320852,0.54885706047837846,1.001935235759311,-0.048671997218720495,0.10060911154074957,-0.079853785035005398
0.18340289918154118,-2.1295504596562349,0.76199490543115378,-0.014762485790444488,-0.012883343050883834,0.71593380606949186,-0.69789316790750289,0.0044771215448300419,0.23006422919318792,0.029311112204538078,0.18950292114836551,-0.22092642799508888,-0.26071481138102387,-0.068007420061673304,-0.27157103093376223,-0.083904328251299315,0.28543396386264502,-0.20166597508474066,0.18749285863338153,-0.049904564811989724,0.0078415850283275485,0.089529904595604309,-0.12797828493009719,0.41647090415348792,-1.0308856520283127,1.0568612444301788,-0.063917034672261702,0.034183246779811625,0.15567403443019912,-0.020247214256616956,-0.30564304633076245,0.55030662126212149,1.0017649770835289,-0.048694547593589571,0.10044115088990148,-0.07992428966569981
0.18332927780457745,-2.1292573165982267,0.76200590598655715,-0.01462920097546782,-0.01263496769767216,0.71543798531767833,-0.69840878662476635,0.0038582591047159926,0.22969813411505025,0.027496265687412105,0.18992284785465202,-0.22044191130168822,-0.26069803666499164,-0.067582128151518053,-0.27205821718007345,-0.085099981359533963,0.28615395135522681,-0.20186708940920686,0.18738661853188904,-0.049937642267312669,0.0071006939645138125,0.08976199204030931,-0.12911314367149868,0.41804948427584759,-1.0319688315996836,1.0573249875672213,-0.064419725620350296,0.034527070520411887,0.15537706152207836,-0.021826323268795116,-0.30523094331790179,0.5519224387884879,1.0016131970304942,-0.048949623992833036,0.1003125624420632,-0.080077411156898051
0.18326098920929479,-2.1289612604615922,0.76201576138436411,-0.014487936374938708,-0.01239056114534722,0.71495828458521482,-0.69890716479162329,0.003226492987933031,0.22935641606345011,0.025742384934978827,0.19041528630413229,-0.22002312736611879,-0.26068928647031486,-0.067210214738477339,-0.27252804327681485,-0.086266207937197512,0.28694339479171743,-0.20206112730792608,0.18721855237929183,-0.049977814981794884,0.0063976486961324153,0.090033999927718905,-0.13044968683714186,0.41940466545560046,-1.032813935634221,1.0575539604395128,-0.064751517446729231,0.034917037009604357,0.15518052982350317,-0.023578372190151572,-0.30486839845409586,0.55368977864704183,1.0014893692024054,-0.049432084583366544,0.1002307042681484,-0.080287936866293902
0.18319669432792124,-2.1286595440215019,0.76202582686570441,-0.014344071251324982,-0.012149415297890886,0.7145036543119867,-0.69937912987354178,0.0025689927815251128,0.22902962133432248,0.024055147778918425,0.19098744224748512,-0.2195635990740733,-0.26067728952671437,-0.066935382167958885,-0.27298561099267699,-0.087393440154104329,0.28784790396377291,-0.20228544539011903,0.18699266897270717,-0.050002180063181779,0.0057307419052100312,0.090338717838628596,-0.13198610471189814,0.4205503433620052,-1.0334226008455087,1.0574584572486647,-0.065077724526769687,0.035432693433421099,0.15517922587372182,-0.025517169013016549,-0.30454870987244304,0.55560980285845118,1.0014178940826897,-0.050151797892675237,0.10020631403480905,-0.080528147988817758
0.18313774562867388,-2.1283518147876088,0.76203560881987231,-0.01420748328453162,-0.011911201605979785,0.71407511094617826,-0.69982355392071782,0.0018976097108589192,0.22870204015405038,0.022457909295651484,0.19159328949656274,-0.2191046019725017,-0.26067278315747855,-0.066773311114472683,-0.27344828867764137,-0.088464865220988481,0.288858319441268,-0.20252512328653974,0.18672214486843727,-0.05000740258246314,0.005085050323453944,0.090666466689253461,-0.13370872935557601,0.42150617194164974,-1.0338215183118264,1.0570099549638283,-0.065457675029592252,0.036047409638836923,0.15538277399361988,-0.027628247484256369,-0.30426619121775283,0.55764428847055525,1.0013887693110342,-0.051084521770999064,0.10023941309045538,-0.080779535750833548
0.18308724832351073,-2.1280358442389731,0.76204332813237852,-0.014101687382107382,-0.011673056956538072,0.71368079182854038,-0.70023182556154462,0.0012298540027170166,0.22833082407360822,0.021006351761645566,0.19215336282623907,-0.21868971404836945,-0.26066222672529565,-0.066785416035316542,-0.2739634335228639,-0.089456288589386007,0.28999670405489542,-0.20279132720698298,0.18640911477069452,-0.049978853079437821,0.004420030016287102,0.091015849611394306,-0.13559894757221114,0.4222890356712759,-1.0340477402775392,1.0561551828927509,-0.066071746887125124,0.036782512445587001,0.15584839766781783,-0.029906936112685172,-0.30401456995265386,0.55977247340845282,1.00141532412843,-0.052219766804212676,0.10033502857121677,-0.081005485045376427
0.18304525516426357,-2.1277130151276333,0.7620493518446223,-0.014024749541236501,-0.011437116185528281,0.71331680731869118,-0.70060804389496756,0.00057204011089459386,0.2279207984133301,0.019686595185804547,0.1926462770718616,-0.21828770762396493,-0.26065600590651777,-0.066948634467955417,-0.2745201587533041,-0.090349216441410668,0.29122978401529953,-0.20307507975507216,0.18608248588293402,-0.049925311768212563,0.0037425368170257828,0.091381314962417359,-0.13763764070207091,0.42291177737458424,-1.0341098827413853,1.0549098658918763,-0.066850034487877241,0.037552737876432547,0.15653282286718609,-0.032324607932838562,-0.30378888503381651,0.56193841489869512,1.0014651912828099,-0.053516449554133101,0.10048534708690708,-0.081206402104006453
0.18301026712000207,-2.1273832680528266,0.76205488699455015,-0.013983317116456669,-0.011199835803988104,0.71299101691247313,-0.7009442490829787,-5.9566158192762429e-05,0.2274586535284556,0.018518264176849059,0.19303662490182896,-0.21781152685519228,-0.26065239441660959,-0.067279180459036358,-0.27512763556636216,-0.091114866231252936,0.29255938191480607,-0.20338584771848031,0.18577100104514427,-0.049830286885495657,0.0030368255732514025,0.091753759688987552,-0.1398210303924072,0.42340273151143509,-1.0340516751108897,1.0532686601920385,-0.067803693293457118,0.038290751399355338,0.15742311248278321,-0.034865630230996127,-0.30357896380051341,0.56408625426857284,1.0015169899438383,-0.054953604037046827,0.10068810161030904,-0.081365697502722864
0.18298133386655097,-2.1270488244319057,0.762060267830444,-0.013969114105357353,-0.010964399978977492,0.71269532514898215,-0.70124889967471493,-0.00066209384004377444,0.22696085355136597,0.017469713322647223,0.19332518298862186,-0.21727719118892277,-0.26065562240966184,-0.067726543327851982,-0.27576366755225212,-0.091756771479144086,0.2939288981437867,-0.20370576554592487,0.18549407266589293,-0.049713541676552626,0.0023205826324929554,0.092131819423367553,-0.14212627253156987,0.42376270725538617,-1.033867704446249,1.0512757208290289,-0.068801346781245901,0.038908349855539995,0.15845853552790781,-0.037494841139517024,-0.30337846503208743,0.5661623687127082,1.0015337028655189,-0.056472720054444155,0.10092879461793157,-0.08150043978554905
0.18295554751897863,-2.1267125484164437,0.76206665307487642,-0.01397724953756798,-0.010730353998475099,0.71242654625224799,-0.70152541806660484,-0.0012190183775727184,0.22643894864739864,0.016538002559125842,0.19349063253514534,-0.21663893197304179,-0.26066299924223357,-0.068251581171757197,-0.2764123146914399,-0.092265200922156537,0.29529663415444873,-0.20403471729287112,0.18527317789782174,-0.049586195894452581,0.0016061278715833853,0.092504880207491369,-0.14452656956637344,0.42400441791708082,-1.0335468940673072,1.0489802317033878,-0.069671005653995893,0.039256270540933315,0.15955515461484099,-0.040178078439152158,-0.30317683513959442,0.5680927112559746,1.0014767581907993,-0.058029778930813229,0.10119446589488768,-0.081623850881149193
0.18293193993470624,-2.126376288837883,0.7620741174709178,-0.013998427271254804,-0.010500783330244167,0.71217763699846004,-0.70178115601850666,-0.0017319815639309922,0.2259103430240634,0.015689465000708721,0.19355396968644331,-0.21595686896872168,-0.26066555617996612,-0.068803741759802944,-0.27705300209693268,-0.092670266731097586,0.29660488835697713,-0.2043425092020206,0.18509995480842073,-0.049465512400162941,0.0009110723922144692,0.092874428309707061,-0.14701114292265319,0.42411822604873461,-1.033108848865556,1.046424622584498,-0.070342417928062437,0.039323799982633321,0.16068852804024999,-0.042887056381082214,-0.30296866818752599,0.56984987733573778,1.0013193433088206,-0.059557958592203836,0.10146885854303446,-0.081754563334438562
0.18290775050235789,-2.1260420202283412,0.76208469687362657,-0.014020395450141483,-0.010276535223617956,0.71194213368633186,-0.70202294807034038,-0.0021918037143378592,0.22539643922651967,0.014894028574301211,0.19352011709048919,-0.21521146927336446,-0.26066283285908876,-0.069318548217484635,-0.27765675636318338,-0.092986263485363527,0.29778397657074201,-0.2045945563451097,0.18497939185894655,-0.049365073944015174,0.00025322050992849534,0.093250818772886282,-0.14954221976365148,0.4240966449345745,-1.0325220401250146,1.0436818325104125,-0.07063360642440486,0.039002346388201548,0.16177243042449643,-0.045585440488217645,-0.30274102150792115,0.57137236283369175,1.001026475770685,-0.060976295426417346,0.10173080501710793,-0.081922012884255033
0.18288316436820895,-2.1257110978866636,0.76209774309771439,-0.014037672798379697,-0.010060522829974229,0.71171591117131838,-0.70225507574411494,-0.0026035117437952652,0.2249090780144952,0.014135612637716363,0.19341169858438473,-0.21446926428555721,-0.26064396614868607,-0.069767684149190462,-0.27821510087245566,-0.093255398937266878,0.29880239325709951,-0.20477810229225465,0.18488854682604414,-0.049295259414771558,-0.00035463173028680401,0.09362947748937385,-0.15212934100667166,0.42392371240835997,-1.0318546928415082,1.0407734928862982,-0.070591577779658687,0.038382370433797774,0.16284189890657882,-0.048257559431577841,-0.30249545493643204,0.57267263551857817,1.0005887280408883,-0.062233888723090346,0.10196749800265242,-0.082131969851053879
0.18285654000938487,-2.1253854132100964,0.76211364349355937,-0.014037319708903411,-0.0098545028384639504,0.71149187189593677,-0.70248498820630467,-0.0029702019543648129,0.22447055553549181,0.01337763881670442,0.1932596086927828,-0.21373338993456364,-0.2606141234764906,-0.070082161534555681,-0.27870385390207864,-0.093522470186154699,0.29958779974300587,-0.20488590465830828,0.18482220785821224,-0.049282395565119569,-0.00089010265360402023,0.09401674607392696,-0.15477026191959917,0.42358905438376787,-1.031156078484434,1.037742607946043,-0.07018772949891415,0.037500232724130812,0.16390250262396797,-0.050879424027022113,-0.30222308813941751,0.57373347447029122,0.99999090050233741,-0.063248709607140297,0.1021607770338579,-0.082405899735838117
0.18282895115228368,-2.1250656517366844,0.76213160767709753,-0.014020394055996317,-0.0096600263113182372,0.71126950772844455,-0.70271317037459513,-0.0032963492330760195,0.22408106245412041,0.012624251361263826,0.19307038387533082,-0.21304057260947687,-0.26056980410624259,-0.070269611119479714,-0.27912955295920744,-0.093812926631976962,0.30015181099204641,-0.20491450180023804,0.18476523842483453,-0.049323064940449843,-0.0013512739344107212,0.094403109036659452,-0.15748145381207093,0.42307462241168986,-1.0305065137334626,1.034598259809,-0.06953473763249661,0.036487692368885917,0.16501241025342878,-0.053446167917000888,-0.30193296846834866,0.5746006462233747,0.99924049971048678,-0.06401075596142132,0.10230406171365534,-0.082734285881556013
0.18279885438160018,-2.1247534005414046,0.76215092959579578,-0.013984134894604764,-0.0094794113046472693,0.71104580096872694,-0.70294271008191545,-0.0035984831693652154,0.223747987684983,0.011847483188967478,0.19287260252722277,-0.21236706723228155,-0.26051406001057742,-0.070296652869780402,-0.27948757658138967,-0.094174999343123539,0.30045044126069265,-0.20489360253065883,0.18471458837826257,-0.049427414369390986,-0.0017261261125124778,0.094774709948218197,-0.16029348483546765,0.42235067466589465,-1.0300156578778394,1.0313567940859101,-0.068754502073244003,0.035492166423371801,0.1662535619926811,-0.055949060899522535,-0.30162702337616248,0.57530564456141386,0.99834086553866663,-0.064464850741100199,0.10238265370217092,-0.083118265886722442
0.18276730512388342,-2.1244484018844685,0.76217137540800628,-0.013934148849151182,-0.0093108795241237507,0.71082284020409026,-0.70317141357035196,-0.0038773157326787754,0.22346043119911915,0.011067497974474356,0.19266123375977254,-0.21172922888887968,-0.2604525411986825,-0.070199396490791571,-0.27979417535379297,-0.094600331761437867,0.30053371910668891,-0.20480882357227523,0.18466881682340283,-0.049581472845154864,-0.0020263787742731956,0.095126806072255043,-0.16321021722311532,0.42141135600513846,-1.0297246981903503,1.0280275530160516,-0.067934759509621953,0.034601256248857563,0.1676525886881827,-0.058389040820796823,-0.30131501860697513,0.57590646338553442,0.9973133114112539,-0.064654691811348433,0.10239908832962194,-0.083541027142476201
0.18273454350483551,-2.1241510652575277,0.76219276340518383,-0.01387316499472162,-0.0091539271213392694,0.71059793361235513,-0.70340196023123003,-0.0041341452056205411,0.2232111743741943,0.010277631501791774,0.1924246888606494,-0.21111172282379798,-0.26038454943811939,-0.069986859678640628,-0.28005977235766322,-0.095096675218676513,0.30042103300362466,-0.20467034999313299,0.1846367188295005,-0.049783349989818468,-0.0022529703921729434,0.095455411063223777,-0.16624668462429809,0.42024202916396436,-1.0297391366819348,1.0246128200049793,-0.067235765734512815,0.034002667506402129,0.16929198445767396,-0.060765903304198808,-0.30101062044071403,0.5764741118168224,0.9961792743974599,-0.064587183068243209,0.1023496607017054,-0.083984544843431416
0.18270132777306103,-2.1238606910465725,0.76221515196973677,-0.013807685081992283,-0.009005006676280649,0.71037541670028592,-0.70362989208484561,-0.0043728314547289262,0.22298596066355467,0.009501178915372584,0.19216840596877574,-0.21050992954320438,-0.26031838373908078,-0.069704140876297185,-0.28030204920408403,-0.095638408779607345,0.30017586032574867,-0.20447741999665939,0.18462209415943479,-0.05001298815256533,-0.0024235990141676959,0.095759621397052214,-0.16938581615794857,0.41885177714239513,-1.0300238973088631,1.0211301684813232,-0.066666798758909546,0.033671787460524481,0.17113390343900109,-0.063081454659979927,-0.30071914992497517,0.57705118553027823,0.99496434897830377,-0.064336379500346333,0.10224456779642908,-0.084433720815471333
0.18266822180477391,-2.1235772498672518,0.76223864385050843,-0.013744940756366397,-0.0088618727976346352,0.71015905366326271,-0.70385130696349585,-0.0045960925589278402,0.2227700941686396,0.0087559071400295872,0.19188606287109811,-0.20989115528913621,-0.26024891961417118,-0.069396095749186801,-0.28053949326280908,-0.096209068737644662,0.29986164071039678,-0.20425263383419601,0.18463624960040967,-0.050254701399621071,-0.00254862536777285,0.096027671782374785,-0.17262945346546485,0.41723576534658996,-1.0306222964102634,1.0175847771874602,-0.066304604264400185,0.033686263805353119,0.17319887333574943,-0.065341570805018151,-0.30045322467929664,0.5777110340690389,0.99369847998268968,-0.063996393839509322,0.10209431980859245,-0.084870221560580633
0.18263555709196019,-2.1232998862137831,0.76226284266063882,-0.01368778350669532,-0.0087215121635235357,0.70995279683489743,-0.70406221747411069,-0.0048080439661538632,0.22255569518299301,0.0080536177725663381,0.19159397675924594,-0.20926513246690928,-0.2601824151236109,-0.069094512966910271,-0.28078020562929601,-0.096779636476414257,0.29952755729356528,-0.2040064241659614,0.18467606479007953,-0.050492210104297296,-0.0026410432033671179,0.096266051336174122,-0.17593946990275691,0.41541583470227245,-1.0314241755047389,1.0140026544508958,-0.066095766286325172,0.033921828262196911,0.17539339395846187,-0.067544316845493585,-0.30021472058219439,0.57846430551478867,0.99239985408800491,-0.063612242347117487,0.10191029271856991,-0.08528300723986508
0.1826028269644509,-2.1230276179099699,0.76228696482729519,-0.013643533131925413,-0.0085835840068665924,0.70976369262350747,-0.70425540588817481,-0.0050177409227433589,0.22233488009333785,0.0074139976530249061,0.19129792637122509,-0.20861460015725497,-0.26011659488794808,-0.068855561122200981,-0.28103447624181832,-0.097315078710840525,0.29924287253165005,-0.20377369192151679,0.18474064077716132,-0.050699193029092031,-0.0027125847994193888,0.096472986062783608,-0.17926985830135872,0.41340678880217474,-1.0323282658121054,1.0104054916915119,-0.06599639022724646,0.034271088842754205,0.17762377917766675,-0.069688513631413276,-0.30001355401713253,0.57935373412877289,0.99109469404023154,-0.06327806894550761,0.10170746243871474,-0.085654911972517137
0.18257029331335692,-2.1227600684352144,0.76231029481826096,-0.013608561027908009,-0.0084460388392800165,0.70959254029718766,-0.70443019402156426,-0.0052228867818959615,0.22211043997535465,0.0068372824515502339,0.19101624741392303,-0.20796898074050735,-0.26005431035756882,-0.068682755725149688,-0.28129783245471235,-0.097800354631053729,0.29902859663543097,-0.20355591923018085,0.18481820285080766,-0.050872748724027743,-0.0027654704640465736,0.09665930887243665,-0.18258601677404221,0.41123599495271379,-1.033230186845904,1.0068190783816189,-0.065948079224685582,0.034601962777917487,0.17980599328489624,-0.071768072129098068,-0.29984926082978647,0.58035908589593888,0.98978864154185342,-0.062986624354272616,0.10149451615908348,-0.085982502427384463
0.18253728829535573,-2.1224959554319276,0.76233339929571486,-0.013583239798564215,-0.0083037437134340104,0.70944868212479117,-0.70457725684861061,-0.0054314762001633583,0.22187601261265752,0.0063370246950101355,0.19079006181233335,-0.20728301217936465,-0.2599987139688768,-0.068611963242728197,-0.28157224539200443,-0.0981990502792289,0.2989438884759324,-0.20337139629961476,0.18490140752667436,-0.050994035877247032,-0.0028041673887882878,0.096829894869029792,-0.18583043076428701,0.40892539979158976,-1.0339571853865397,1.0032678457737605,-0.065866620379725821,0.034721276259288981,0.18179740069042663,-0.073785349852519846,-0.29972670076864594,0.58148049168370097,0.98849626497913201,-0.06275820872386835,0.10128417656368677,-0.086251678376659188
0.18250379708587361,-2.1222354900518203,0.76235458007424084,-0.013559150540462977,-0.0081581567745102387,0.70932758579863497,-0.70470133385693501,-0.0056309742388746054,0.22164797560707677,0.005902599946190917,0.19061684376756791,-0.20662984042786822,-0.2599483704048357,-0.068619156960947433,-0.28184235350862979,-0.098519779126726076,0.29897701775340285,-0.20322251929168447,0.18497490546586409,-0.051074814067532046,-0.0028193602787226547,0.096995518153826218,-0.18899363580135103,0.40650208369001872,-1.034492879249608,0.99977359341170879,-0.065724674780676728,0.034572816280691324,0.18358259534223087,-0.075728343363415052,-0.29964393085087754,0.58268191912306777,0.98721370871544323,-0.062561609821370961,0.10108155268725447,-0.086470651375821855
0.18246733480690405,-2.1219787293852872,0.76237135636490394,-0.013532801601855248,-0.0080067839409052027,0.70923247359905028,-0.70479929986081902,-0.0058167580410488605,0.22143516087528731,0.0055374018998456433,0.190516738192961,-0.20602901511406102,-0.25989984295766855,-0.068699201834922022,-0.2821024984938772,-0.098756484136778372,0.29913599940100172,-0.20315464707850575,0.18502236044039788,-0.05111013094462126,-0.0028172177019655967,0.097163085155489062,-0.19204286732030754,0.40400189065410008,-1.0347461259615556,0.99636430347274851,-0.065472601119110754,0.034014871945265278,0.18508184219265009,-0.077587267983696084,-0.29959477014965702,0.58392776692116988,0.98594207501781139,-0.062357760210075705,0.1008948826337219,-0.086639244095462781
0.18242796960605803,-2.1217261673009125,0.76238300277552828,-0.013495454191151047,-0.0078514488646087739,0.70915609016045233,-0.70487861880982117,-0.0059735452866707447,0.22125214417637643,0.0052244326450981695,0.19047222950972886,-0.20552310467079221,-0.25985359319930379,-0.068817590387837871,-0.28233690003102269,-0.098929129285440287,0.29939335751441781,-0.20314453200464824,0.18503564956313473,-0.051118915608365907,-0.0027872137029593259,0.097341848877558243,-0.19499458398883385,0.40144611449852435,-1.034791345841271,0.99305259267498025,-0.065113720064960315,0.03309149098138979,0.18634842975690702,-0.079352420619879599,-0.29957395935501435,0.58518645270663272,0.98468266670208782,-0.062130253956881237,0.10072510155517057,-0.086773817556135474
0.18238177985206289,-2.1214776716825412,0.76238983738760968,-0.013434541024514335,-0.007689186641587571,0.70909497409798383,-0.70494305246965239,-0.0060799902700208845,0.22111641292214551,0.0049378932532062915,0.1904738147265683,-0.20505826200290439,-0.25981682132605299,-0.06893878323809953,-0.28252308299423734,-0.099046597173439263,0.2997438969777122,-0.20321486945502712,0.18501900071333566,-0.051109608781891767,-0.0027158679218503481,0.097553798624358187,-0.19785299606137066,0.3988646922935225,-1.0346464860133759,0.98986354313221958,-0.064615726616754604,0.0317828186493068,0.18740467564104901,-0.081008919816146691,-0.29957363680065369,0.58640286805951425,0.98342716515736461,-0.061829571149867042,0.10057656916894382,-0.086890893372064862
0.18232851048986798,-2.1212337555660716,0.76239171267860351,-0.013349356664721881,-0.0075207971272093577,0.70904340236911512,-0.70499835875272687,-0.0061319117568637777,0.22102964477315018,0.004673289564994746,0.19050785604345546,-0.20467577083805513,-0.25978452992732176,-0.069038271811666552,-0.28266123072689076,-0.099132059652474361,0.30015082596327053,-0.20333474841684931,0.18496610360263074,-0.051098036550023783,-0.0026083535084352222,0.097797839624876245,-0.20064350745398662,0.39627568061511292,-1.0344326690384693,0.98679839401392366,-0.064006901744875291,0.030197938368303423,0.18832942642365821,-0.082556990304192515,-0.29958109451650289,0.58756907688040017,0.98219894929451779,-0.061476927067692901,0.10044620112076563,-0.087004058941191301
0.18226632295764983,-2.1209934757648647,0.76238975508459628,-0.01323154544738848,-0.007340171885305855,0.70899379800161766,-0.70505236860605558,-0.0061036182776317994,0.22099098848133045,0.0044006016098213172,0.19054815513122789,-0.2043599665494695,-0.25974384662540262,-0.069071559290834972,-0.28274809649182564,-0.099204863798426288,0.30058729533115103,-0.20348582410342936,0.18489106882485989,-0.051103259168364425,-0.0024751293238544987,0.098106650374502821,-0.20339245903088704,0.39370349575977742,-1.0342732632773537,0.9838680670650779,-0.063305168131975106,0.028441317921175213,0.18922097885350336,-0.083988756506255202,-0.29957854871318451,0.58865185633665651,0.98100953388258472,-0.061063733044155181,0.10033293182421961,-0.087138898770123679
0.18219572734846262,-2.1207577375678865,0.76238411555691843,-0.013087627675741599,-0.0071511377535651488,0.70894546122963598,-0.70510560076668616,-0.0060110942989650669,0.22099725629939398,0.0041308197861156769,0.19059644296842274,-0.20412034720439318,-0.25969679220998548,-0.069039374724190208,-0.28279067410231301,-0.099279555177551812,0.30102485610923757,-0.20365953996298178,0.18479028117414803,-0.051129127630880782,-0.0023245671727909144,0.098461033940610773,-0.20611310850437656,0.3911606050334781,-1.0342656931401182,0.98106672779024595,-0.062541707213840766,0.026620620171486153,0.1901286521921971,-0.085314479763864678,-0.29955474240792285,0.58966885897901355,0.97990031076792661,-0.060636517863528021,0.1002315052112962,-0.087294097445522245
0.18211381074064392,-2.1205270926085857,0.76237484584335047,-0.012917577842865346,-0.0069538611440449101,0.70889557013981286,-0.70516086862077965,-0.0058596902582031792,0.22105122257912938,0.0038440314550682126,0.19065198553575549,-0.20390802868533181,-0.25965712199654506,-0.068910351870789685,-0.28278803199558089,-0.099381385587131291,0.30141618935889947,-0.20388798696046373,0.18468766921037469,-0.05119683200312089,-0.0021638154309586558,0.098855643810308577,-0.20884938099107228,0.38866430865140478,-1.0345771258425343,0.97839178948930039,-0.061757646139077894,0.024878623791491281,0.19116015688890892,-0.086544385654233974,-0.29948564137326222,0.59062281019881113,0.97891370729883254,-0.060252599098351928,0.10013674442507578,-0.08748625164220486
0.18202218755581523,-2.1203024727177695,0.76236262843325542,-0.012731571815903476,-0.0067527627213633083,0.70884814012352526,-0.70521388352622827,-0.0056711024561002599,0.22114376705405495,0.0035617776226422471,0.19072467895603554,-0.20373728086066423,-0.25962355169746426,-0.068710679744674319,-0.28274945471815716,-0.099501996837622508,0.30175390769187521,-0.2041414127397187,0.18457655262206482,-0.051295683371670751,-0.0020014149713508652,0.099265486076548837,-0.21158511318534917,0.3862202058209373,-1.0352192454331346,0.97583609079477351,-0.060972425089408998,0.023280456087065714,0.19229903746726221,-0.087691668939503919,-0.29937006196480143,0.59154521316062325,0.97808929022825963,-0.059940632896750487,0.10004436669107994,-0.087695257306371135
0.1819205621302222,-2.1200850178728166,0.76234850170434643,-0.012538253133065251,-0.0065533314849203798,0.70880514490534496,-0.70526244236492064,-0.0054775575137912935,0.22127044623804198,0.0032875259659789972,0.19083406127612038,-0.20356388350494678,-0.25960129371305946,-0.068452508074746996,-0.2826788918316902,-0.099644811691097596,0.30201593641850805,-0.20442210363143892,0.18448831364184373,-0.051424676815249301,-0.0018374838314954664,0.099658479499503572,-0.21432866887794663,0.38383048767726891,-1.0362943273443648,0.97337669560998841,-0.060228856815247887,0.021940288598955488,0.19358980183437019,-0.088773172932732888,-0.2992023428386188,0.59246683264110522,0.97748324158230115,-0.059771855631052785,0.099947396753993473,-0.087909828358994274
0.18181154786432197,-2.1198756994913541,0.7623327067376483,-0.012344610999625824,-0.0063597817691595148,0.7087718999722914,-0.7053010403826051,-0.0052880635936550808,0.22142619871369615,0.0030431059314620875,0.19098181500584052,-0.20342454374404809,-0.25958442412670057,-0.06816602515479446,-0.28257968568391739,-0.099785604409960718,0.30221039636451152,-0.20470487063972545,0.18440445427501351,-0.051568565929738699,-0.0016731620311114886,0.10001617190752524,-0.21704089806475771,0.38149091026143128,-1.0377132553268686,0.97102377315482191,-0.059519307276538168,0.020863547120620097,0.19495358981616895,-0.089795954791510854,-0.29899335930803683,0.59341651462764355,0.97710961127208917,-0.059731569643818934,0.09984689150327844,-0.088103051918764136
0.1816964364639885,-2.1196754772614099,0.76231649210250141,-0.012159637931258578,-0.0061817262462111047,0.7087580153508648,-0.70531978927427041,-0.0051359702502878878,0.22161082783240887,0.0028350805522024429,0.19119300507030743,-0.2032842288984438,-0.25957665483773512,-0.067894710249715634,-0.2824467066574668,-0.099907558302041538,0.3023412311641967,-0.20498471131812981,0.18434036417813265,-0.051710041552038476,-0.0014947837118795854,0.10030363483276877,-0.21968044924444166,0.37920892459576205,-1.0394501052464291,0.9687487361946715,-0.058884644815913587,0.020112910525845074,0.19633465690013119,-0.090774928797366844,-0.29875408336443893,0.59443654077155239,0.97700636284620401,-0.059830052742320679,0.099736811351242363,-0.088237487876924633
0.18157789856824411,-2.1194850863593611,0.76229934846408731,-0.011984678061945935,-0.0060200909906991795,0.70876500804488796,-0.70531715516308369,-0.0050109098881115444,0.22182347278667461,0.0026832408505099762,0.19145178992315029,-0.20318957228525469,-0.25957245185516242,-0.067651069000153455,-0.2822810823323299,-0.099986349898950569,0.3024217295737836,-0.20525359324108766,0.18427537543405831,-0.051840786734651104,-0.0013010303481235715,0.10051782546266928,-0.22220713052009569,0.37696893846757756,-1.0413540575311357,0.96659605915524538,-0.058270135769051282,0.019627773460464206,0.19763639863456622,-0.091706140366634811,-0.29850006007962876,0.59553759592653688,0.97715454939902235,-0.060033672873973314,0.099627437811283429,-0.088300472796354182
0.1814579804077526,-2.1193065048340105,0.7622809116655116,-0.011825268885604343,-0.0058853956465249819,0.70880058991832118,-0.7052852251857451,-0.0049316522592269575,0.22207405891639997,0.002610936161959771,0.19176517901838749,-0.20313263110123389,-0.25957068136684641,-0.067469667268599501,-0.28207056419163568,-0.099996402427384126,0.30245802810702377,-0.20552822498055298,0.18422497951779102,-0.051934922569554981,-0.0010671416028817397,0.100624613925237,-0.22458031883221471,0.37473486939497525,-1.0432993565190805,0.96457494790606735,-0.057681236712504434,0.019373694578008253,0.19873093823843838,-0.092586887562299713,-0.29825790269963726,0.59675161922223563,0.97756508264704745,-0.060297841871942016,0.099523550020511109,-0.088258071247813374
0.1813379017592236,-2.1191393359300035,0.76226096757701378,-0.011678356863114287,-0.0057720316501500904,0.70886207512653021,-0.7052268132160866,-0.0048755481873261593,0.22235632852648968,0.0026176402467123247,0.19211236768579676,-0.20313454657164781,-0.25957233821453973,-0.067342534486281289,-0.28182179951700176,-0.099928993468467217,0.30246470696183114,-0.20579790993434327,0.18416885178485473,-0.051996171727553553,-0.00080258263801369616,0.10064288072229953,-0.22677528381558754,0.37250220559268743,-1.0451556630448247,0.96275157036979697,-0.057033657325776248,0.01925820714401803,0.19956649984851149,-0.093409480932558284,-0.29803230673192793,0.59806662965499269,0.97819726605311097,-0.060613043101454669,0.099442615938705473,-0.088123852974818659
0.18121767515155646,-2.1189850442198859,0.76223909320209282,-0.011545389156230807,-0.0056793635201466295,0.7089525009157378,-0.70513885176223146,-0.0048309144320938619,0.22266719998578174,0.0027059712809336506,0.19247475311509676,-0.20316307594017718,-0.25957692021797019,-0.06727979506746444,-0.28153510313182128,-0.09976194014354163,0.30245885647554033,-0.20609105784319853,0.18411335692198325,-0.052007663333761674,-0.00050241635291269266,0.10056570098925539,-0.22873946127123992,0.37023941703770102,-1.0467113367660432,0.96119743227820986,-0.056235731205306123,0.01915786471320657,0.20001550563878737,-0.094158933413500581,-0.29784308370630352,0.59948209877413139,0.9790173225085671,-0.060934702746414181,0.099402306136515059,-0.08789313707750078
0.18109752878335444,-2.1188416718587808,0.76221579934133876,-0.011421136859341421,-0.0055993267540888998,0.70906544805361971,-0.70502793955222876,-0.0047828689362673926,0.22299927753621726,0.0028650225446032749,0.19284722720177699,-0.20322748447876762,-0.25958974736097085,-0.067261770300040824,-0.28122031180086271,-0.099508875117853168,0.30245015540946274,-0.20638469604756837,0.18404503841928951,-0.051983754341267639,-0.00018245082712133758,0.10042492668767262,-0.2304824533035702,0.36796454412752594,-1.0479598951702651,0.95995496862929741,-0.055248701388203147,0.019013861150838779,0.20011187502585387,-0.094832700963016034,-0.29768056897987477,0.60097464159662395,0.97998801625987442,-0.061292243285565609,0.099418730928581153,-0.087599299188277885
0.18097637581383469,-2.1187084680180557,0.76219287842520955,-0.011295582659221709,-0.0055206133518840173,0.70919769838498081,-0.70489755088669004,-0.0047015284656741823,0.22334779973721386,0.0030780719363635409,0.19322199002879908,-0.20327303191546997,-0.25961469567056228,-0.067267568393805335,-0.28087830380638018,-0.099161521391709626,0.30247025163929631,-0.20667380751207776,0.18396245240597267,-0.051925591362427838,0.00014802639206930215,0.10024706597650319,-0.2319945782085322,0.36566617636814835,-1.0487863706184504,0.9591129984592196,-0.05396710199758626,0.018693812723074601,0.19982253308678127,-0.095421723750898482,-0.29754130359042458,0.6025227322111556,0.98106592167149209,-0.061707196448067575,0.099519672621681862,-0.087275426995500796
0.1808549166820915,-2.1185827065623926,0.7621703155503724,-0.011165575569349783,-0.0054403262268385346,0.70934173052879546,-0.70475530654487795,-0.0045923503523175599,0.22370962451496779,0.0033304825651363766,0.19360927397128444,-0.20333330671896635,-0.25965089138770786,-0.067281850113843522,-0.28051835124230479,-0.09875281425088285,0.30251718142220502,-0.20694880384163311,0.18386661602603677,-0.051851335450550713,0.00047904799280467113,0.10005703616544481,-0.23330864006485183,0.36338234653940921,-1.0493056024284682,0.95865362848137825,-0.05244176352930599,0.018214941337126075,0.19924708840051367,-0.095928013935139805,-0.29741428672485548,0.60410344921216774,0.98222489938420576,-0.062210469545399605,0.099706882168731303,-0.086952423526508366
0.18073216724254212,-2.1184614676018816,0.76214802606016518,-0.011025273081869492,-0.0053545523202521879,0.7094892586625503,-0.70460965361353456,-0.0044606605590111724,0.22408527613619306,0.0035990558273332075,0.19402071638226523,-0.2033906414043736,-0.25969863200205245,-0.067280932137794056,-0.28014127367492392,-0.098304188419179206,0.30259181610276364,-0.20723736962700692,0.1837634943012284,-0.051780689878873624,0.00080959612062228136,0.099883454989668746,-0.23446971200602126,0.3611316073957308,-1.0496201174066411,0.95859966376317796,-0.050673544897524285,0.017527770098343949,0.19847709477905656,-0.096352006468987034,-0.2972873113178417,0.60569201736452971,0.98343983164081494,-0.062880958871432857,0.10000457807254891,-0.086681176649484146
0.18060953777882552,-2.1183427613860846,0.76212561925523514,-0.01087425332037922,-0.0052654193895157386,0.70963550636808781,-0.70446538174354933,-0.0043210122512557072,0.22447446884127245,0.0038693578075576275,0.19446931843052623,-0.2034868496467461,-0.25975456846531336,-0.067263203545517347,-0.27975247482735077,-0.097847066873112704,0.30268921235744128,-0.20751906216277277,0.18365826086178033,-0.051726774225944613,0.0011356639115031278,0.099735736934293717,-0.23550418648311205,0.35895778411699181,-1.0498581363148283,0.9588825159270109,-0.048777213306426322,0.016707115226092684,0.1976106906439439,-0.096696144167995782,-0.29715665551443554,0.60727128670436226,0.98469167117892886,-0.0636978983955616,0.10039050730905956,-0.086470420199367529
0.18048597517155809,-2.1182231500185851,0.76210400667317202,-0.01070460699754769,-0.0051697189572281624,0.70977093507813505,-0.70433224057488764,-0.0041954351885916093,0.2248795770713449,0.0041014232815878545,0.19499688431416046,-0.20359017410120836,-0.25981679999822799,-0.067205836238337036,-0.27934927840448204,-0.097409253239121543,0.30281446856930128,-0.20779160211533684,0.18355406322963508,-0.05170875907392887,0.0014550822882393277,0.099639748047066989,-0.23646736178686642,0.35690899488410976,-1.050221463273322,0.95943606888808131,-0.046865891894503242,0.015813337100898679,0.19679289048791604,-0.096969497857571973,-0.29700977985021371,0.60882246344294222,0.98596897082208312,-0.064705387808093776,0.10086235757934406,-0.086353704094091766
0.18036390402526825,-2.1181021523102999,0.76208232634826933,-0.010520214893793164,-0.0050739311767426937,0.70989500350779833,-0.70421066755315864,-0.0040960827238522689,0.22530201208178047,0.0042975277883187148,0.19559917810775146,-0.20375106341810356,-0.25988460024449644,-0.067122333004765514,-0.2789342283574025,-0.097005976391204396,0.3029589103798167,-0.20804099242087573,0.18345417682336015,-0.051732195974126538,0.0017686781071184865,0.099585268274786032,-0.23736137752462427,0.35501299576592238,-1.0507610978808932,0.96018681892859836,-0.045056728988216485,0.014921014586422815,0.19606372125174931,-0.097170789087415416,-0.29685305353634939,0.61033266417362975,0.98725581659698869,-0.065823864605106946,0.10137957467706735,-0.086314793501371931
0.18024398986893414,-2.1179777467170142,0.76206081409670978,-0.010320588449704945,-0.0049822218328502343,0.71000297409523461,-0.70410541802742987,-0.0040580646080221223,0.22574368169209655,0.0044294008007893914,0.19631456565235308,-0.20395482522653982,-0.25995328136562651,-0.067010659590088256,-0.27850401129087926,-0.096655271481739774,0.303112704205241,-0.20826649869287289,0.18337254390160457,-0.051815722136718513,0.0020815716014438617,0.099572525267276224,-0.23822364119993553,0.3533123261711113,-1.0516516285312707,0.96101944655523774,-0.043536928569548793,0.014140756478127412,0.195528840147246,-0.09730414203391298,-0.29668648553307658,0.61178974496788785,0.98855057218533948,-0.067000473126414231,0.10190331967095224,-0.086354487976963878
0.18012857687926806,-2.1178506925864466,0.76203858496659493,-0.010111910216410707,-0.0049005228522776018,0.71009770295176966,-0.70401348453717116,-0.0040802846026185982,0.22620407140412763,0.0045146379157652719,0.19711590102997936,-0.20423474748075743,-0.26002796173238568,-0.06689029813685729,-0.27806132301497249,-0.096354399383933434,0.30326987197660782,-0.20846493819724957,0.1832991675821781,-0.05195562850849917,0.0023924221497371883,0.099583419254455435,-0.23903167364761788,0.35180986614355431,-1.0528315648847468,0.96189947671515086,-0.042355753933031225,0.013494707442245062,0.19515775920165712,-0.097365827412940351,-0.29651987903045796,0.6131815967382146,0.98983862853765636,-0.068146966083163035,0.10239652790225763,-0.086443179058161124
0.18001865177597087,-2.1177209906686993,0.76201587169996665,-0.0098997971892006795,-0.0048365754958990441,0.71018116797669006,-0.70393274551220419,-0.0041951852192883988,0.22668469480251585,0.004547285431818592,0.19802425599517109,-0.20455822597036263,-0.260104553416108,-0.066780226222400943,-0.27760284878676539,-0.096101386727715288,0.30342065998597506,-0.20864148587262524,0.18325365254354495,-0.052156426936808088,0.0027129109266788853,0.099594240689746344,-0.23978751473360116,0.35051939897124063,-1.0543492034762367,0.96273166137733479,-0.041687379534995746,0.013049139165128124,0.19495986688602615,-0.097357956045614827,-0.29636069833420392,0.61449991586943331,0.99112818798145541,-0.069141884322519276,0.1028024247620172,-0.086557056934396193
0.17991536864718266,-2.1175898529662622,0.76199220941255841,-0.0096900350549255568,-0.0047910609037721099,0.71025697182483694,-0.70385949090018207,-0.0043845016819072909,0.22717899692435764,0.0045502983355448874,0.19899745316073011,-0.2049412773389008,-0.26018997462961058,-0.066692043438265625,-0.27713469228122195,-0.095882648429682749,0.30356107506658353,-0.2087967604009382,0.18321112907896728,-0.052408119910702135,0.0030333610033064259,0.099592642543435805,-0.24046052121748787,0.34942409971897653,-1.056070401196032,0.96353541376209895,-0.041476141365781649,0.012767855988352826,0.19486946275515543,-0.097276726273754568,-0.29621447094254838,0.6157317883824438,0.99240509637455243,-0.069952739657798302,0.10311064043016184,-0.086667626712824491
0.1798184825736372,-2.1174580233684002,0.76196885894058886,-0.0094920397536727742,-0.0047654251360640673,0.7103285146517736,-0.70379016274539685,-0.0046509479518189577,0.22767280147244978,0.0045263503082466341,0.20001099660499388,-0.20534223507507351,-0.26028144230848049,-0.066648592845360524,-0.27666559401777679,-0.095682310502537088,0.30369084823914633,-0.20891902491807121,0.18316538276572936,-0.052705431413514428,0.0033334262600418193,0.099556518318143494,-0.24101608102470307,0.34851863752079304,-1.0578524407999372,0.96429544688111635,-0.041744499346281105,0.012639602820831423,0.19481201112374205,-0.09711723903055855,-0.29608499410266897,0.61686013088906777,0.9936627284322842,-0.070473191789045667,0.10327882154407829,-0.086740010679575402
0.17972880583108666,-2.1173266538481852,0.76194534844372253,-0.0093073796352327268,-0.0047575734397309775,0.71039805074550455,-0.7037224933709868,-0.0049691051379340016,0.22816241785471919,0.0044976779842350167,0.20102673447778208,-0.20576813017103737,-0.26038024866303877,-0.066646112163720031,-0.27619975230435684,-0.095489760627074566,0.30380444585364763,-0.209025611720491,0.18310165190436095,-0.053035883172832352,0.0036105323013322895,0.099483719432996956,-0.24143887951668402,0.3477737612027445,-1.0595968564533649,0.96506257386375893,-0.042376302211041682,0.01260568456471596,0.19474020454077801,-0.096879359654781491,-0.29597524203475928,0.61787757373621743,0.99489190367018554,-0.070751644966227142,0.10333121950113515,-0.086757408779769132
0.17964645960559644,-2.1171978143771826,0.76192278529764845,-0.0091379254097719628,-0.0047653680036628399,0.71047058450623579,-0.70365143227194726,-0.0053233651508898285,0.22864342167870272,0.0044831164603899897,0.20202575384719945,-0.20616803109314388,-0.2604805121574677,-0.066688370400411826,-0.27573817719891225,-0.095280200062185114,0.30390374414761379,-0.20912081447926459,0.18302926622612073,-0.053382266250944325,0.0038690013823898641,0.099356260141636163,-0.24170428161207932,0.34714097053281778,-1.0611392156452484,0.96588296410980568,-0.043276315784718106,0.012572392931689833,0.1945645037558901,-0.096560813351314459,-0.29588904449339998,0.61877272121548599,0.99610197027486402,-0.070801918174794837,0.10327652458557862,-0.086694989109200066
0.1795711088014649,-2.1170718256373053,0.76190062144710191,-0.0089837123933604584,-0.0047850676538557886,0.71054638101710732,-0.70357674525432767,-0.0056906322008810238,0.22911111603018208,0.004490943995180457,0.20297893456288152,-0.20655828296141288,-0.26058080635256659,-0.066763305045590471,-0.27528652766196499,-0.095054398515157207,0.30397875813085001,-0.20921584127965026,0.18294956088363257,-0.053733992990806383,0.0041062071559326294,0.099182042930973852,-0.24182249588171784,0.34660278250966209,-1.0624875642553844,0.96680152551396192,-0.044347460766816421,0.012513304490181034,0.19428827630169795,-0.096165627594951703,-0.29582511711642373,0.61954734808455048,0.99728697781318254,-0.070707717125053041,0.10315427013935521,-0.086551760250506121
0.17950200319026244,-2.1169502557342521,0.76187993331291914,-0.0088433091996844761,-0.0048111809813079871,0.71062904771370894,-0.70349485070288265,-0.0060434475246498778,0.22955997410773643,0.0045292155521729997,0.20386142216932504,-0.20689226799975569,-0.26067351749346879,-0.066858215781254643,-0.27484570649882067,-0.09479654675837855,0.30402234718048093,-0.20931336831878541,0.18286804646859198,-0.054074052206074162,0.0043296257097316252,0.098958048475140975,-0.24179002355483489,0.3461100989758451,-1.0635726023636352,0.96788954133525062,-0.045436867978964152,0.01234674625994535,0.1938739224920121,-0.095697853759650245,-0.29578532428156801,0.62019757434122658,0.99845562198587368,-0.070581981065998833,0.10301474958782758,-0.086315767250849301
0.17943782118255225,-2.1168324958139464,0.76186002070846204,-0.0087169853985011626,-0.0048409692489025961,0.71071696507120352,-0.70340740310453886,-0.0063729391866400127,0.22998757334109388,0.0045999370118658843,0.20466251288289838,-0.20719717637401303,-0.26075905696021673,-0.066963779136228155,-0.27442096608344335,-0.094514424701089436,0.30402671099129569,-0.20941521664115609,0.18279872884590423,-0.054395786564828019,0.0045367553083473181,0.098695592061558868,-0.24163922023550446,0.34566854679507519,-1.0645042964306377,0.96915523448052543,-0.046537369470880573,0.012093649416488871,0.19336731825788847,-0.095164008818146975,-0.29576521057216354,0.62073545859566692,0.99960883739494832,-0.070476907164043964,0.10288402648818894,-0.086003771361834624
0.17937619052107598,-2.1167187853589065,0.76184170002056195,-0.0086033177910321366,-0.004871037159633114,0.71080943722455214,-0.70331514975328902,-0.0066618615901371785,0.23039176313768855,0.0047016023692261271,0.20535725014799427,-0.20743310453567196,-0.26080852583642866,-0.067063734690671742,-0.27401139820194942,-0.094208987976456784,0.30397866455939482,-0.20952362034989805,0.18276120278882044,-0.05468756120799699,0.0047333520175628727,0.098399845778808878,-0.24140203919538766,0.34525425975007068,-1.0653679901233684,0.97064496873139661,-0.047564675055794405,0.011742748840730795,0.19280196651086315,-0.094571814430466458,-0.2957592983755013,0.62116740772889845,1.0007530214105278,-0.070508044559214014,0.10281407838185734,-0.085621452880799823
0.17931554301612079,-2.116608031118878,0.76182404382159274,-0.0085032454141560632,-0.0049006273988439122,0.71090479796171757,-0.70321977141113845,-0.0069168872329034457,0.2307740885021799,0.004833206441845434,0.20595696644024358,-0.20763695739245094,-0.26085196920127934,-0.067159304036797304,-0.27361979241968298,-0.09388594518819432,0.3038804684333507,-0.20963553693731576,0.18276111277152693,-0.054946045828008459,0.0049176859011537209,0.09808050427767967,-0.24111191593764073,0.3448926268233426,-1.0662900844490737,0.97232654108275984,-0.04859406909066509,0.011338392542337233,0.19222995509420235,-0.09392879634613914,-0.29576366545278121,0.62151265860960858,1.0018960159191999,-0.070663392461294716,0.10280241541504741,-0.085198249127593648
0.17925430757946473,-2.1164994924579421,0.76180728235976269,-0.0084127538029639785,-0.0049314307201089929,0.71100314749804372,-0.70312120634523478,-0.0071395199480627112,0.23114741515972378,0.004984505072437322,0.20646738467802664,-0.20779133364013871,-0.26093422869233818,-0.067246647424019174,-0.27323455563460564,-0.093545942558069417,0.30373036244680701,-0.20974638447077118,0.18283265314515382,-0.055163798260300385,0.005111622798643487,0.097744850503958203,-0.24082874320609957,0.34458764166023392,-1.0674896732994588,0.97417598715930975,-0.049711716188444686,0.010921937385785837,0.19172919466320248,-0.093245337319200663,-0.29577848099283505,0.62179375728721897,1.0030602261106913,-0.070984566246978964,0.10286747794802835,-0.084764967034505603
0.17919086366469628,-2.1163920588882537,0.76179053333188218,-0.0083344397109014791,-0.0049628306031911981,0.71110333660991143,-0.70302059151162843,-0.0073448123603280608,0.23150860704547416,0.0051558644429530965,0.2069108731963539,-0.20793031841538256,-0.26103720482316112,-0.067335426699126635,-0.27286005046905948,-0.093191818572418941,0.30354035054859912,-0.2098576717586173,0.18295379324647934,-0.055342166486878307,0.0053075493197895845,0.097400266542630648,-0.24056095574861866,0.34436886879452716,-1.0689966568618134,0.97615030652970725,-0.050983369691653006,0.010527163091594616,0.19131888791062229,-0.092528751555846819,-0.29579985608199222,0.62202862571224571,1.0042508993413359,-0.071414994155535066,0.10298653014196989,-0.0843486996720718
0.17912277229673018,-2.1162841760325297,0.76177416720834545,-0.0082667458741503899,-0.0049955262500986685,0.71120269199360053,-0.70292064739285642,-0.0075517121057902944,0.23186237812825117,0.0053310906563885062,0.20731177917364557,-0.2080259210814116,-0.26115818114381101,-0.067431302612670871,-0.27249110919415004,-0.092826376024154764,0.30332746144932377,-0.20997280382283276,0.1831419591303943,-0.055480269122486409,0.0055127849294922251,0.097054983162774972,-0.24034940773612479,0.34426800991573947,-1.0709636967753879,0.97818615717829294,-0.05255665824658292,0.0102123838391727,0.19105997499230309,-0.091787556477405066,-0.29582751015230346,0.62224280614513683,1.005487965878116,-0.071900828114108861,0.10313754276011254,-0.083990594376487232
0.1790494833297443,-2.1161752513954744,0.76175727166336338,-0.0082110745835083272,-0.0050299445220251468,0.71130096525993625,-0.7028216094661377,-0.0077726853604466583,0.2322083317213933,0.0055141008105771619,0.20769235043263212,-0.20812040470488705,-0.26127612100301079,-0.067545351145702287,-0.27212845259316365,-0.092448572437470983,0.30310629097295722,-0.21009449756339815,0.18335516404602631,-0.055583868285721261,0.0057218649536169503,0.09671424796198147,-0.24017282350640959,0.34429662264737793,-1.073300707360437,0.98025838503828722,-0.054415921721930952,0.0099807188640344078,0.19092709132708752,-0.091029464131420587,-0.29586057251558329,0.62244794933598213,1.0067678022103344,-0.072393989428768665,0.10330026048860916,-0.083700611820739332
0.17896996629548539,-2.1160641931426443,0.76173981759282383,-0.0081635444146620148,-0.005070662812647537,0.71139789747434135,-0.7027237553906347,-0.0080409920299254669,0.23256011633382576,0.0056896511064634461,0.20810683252231127,-0.20818941328304302,-0.26137354063853191,-0.067694380622535549,-0.27175591924187781,-0.092048693073960186,0.30290835250131082,-0.2102382846310405,0.18361015449917062,-0.055655187893401542,0.0059613667404658137,0.096379530392479013,-0.24003882158989068,0.3444601682614194,-1.0760206916304444,0.98230237443143353,-0.056667237490739826,0.0098397492614975164,0.1909268559636455,-0.090261817336957567,-0.29591235991579073,0.62266935809922463,1.0081146668439962,-0.072820713878883461,0.10344146332690977,-0.083514057766276281
0.17888433023821046,-2.1159510088522406,0.76172101586870422,-0.008124428922358878,-0.0051169552767481455,0.71149337155300463,-0.70262720745749618,-0.0083551562183943016,0.23291799914993142,0.0058633417289830209,0.20856035361032885,-0.20828282959543837,-0.26146569969313643,-0.067881059655931858,-0.27137553370776313,-0.091630313909293257,0.30273903132132579,-0.21039666548692026,0.18385699474822209,-0.055703181634949889,0.0062218229327407034,0.096056474689244761,-0.23991194836627516,0.34475270675738662,-1.078971313109468,0.98431970495280252,-0.059206513126882521,0.0097775238066740867,0.19100715420847769,-0.08949176538583925,-0.29598080642140695,0.62290979888628562,1.0095122928500642,-0.073173753059806626,0.10355865755793245,-0.083417150682000341
0.17879104190880724,-2.1158350864224187,0.7617006672490032,-0.0080948986859173209,-0.0051714025911496226,0.71158639885230501,-0.70253293601005873,-0.0087338656465878583,0.23328510909738218,0.0060264959778587486,0.2090703903693959,-0.20838528202497328,-0.26154531154186816,-0.068123569232414041,-0.27098332310385037,-0.091190803639989798,0.30262495523631749,-0.21058579883890732,0.18408308998757714,-0.055745269865805747,0.0065011986577598246,0.095742977966594617,-0.23975043745624422,0.34517790153117378,-1.0819609993042709,0.98630483607431696,-0.06195156346900349,0.0097795641652042558,0.19111442080111346,-0.088731351466728572,-0.29606296573819268,0.62317591696757413,1.0109458476951652,-0.073405333590928462,0.10363306647775435,-0.083410345175124051
0.17869187486188842,-2.1157172602322705,0.76167830199247966,-0.0080718225883606529,-0.0052331048193506582,0.71167635547060815,-0.70244161704594665,-0.0091641171769167203,0.2336660944726541,0.0061841002097978758,0.2096308703239198,-0.20853468306132567,-0.26166670524649599,-0.068410848235980218,-0.27057881446356824,-0.090735912917757899,0.30255947779268366,-0.21079226418292299,0.1842609897399799,-0.055785799386305832,0.0067979541700238641,0.095444385059887601,-0.23953449283408318,0.34571486542791718,-1.0848917039688872,0.98826544194290367,-0.06479402556632452,0.0098363278097600704,0.19120375890141952,-0.087984302587033769,-0.29616123734025662,0.6234667610945489,1.0124003405351722,-0.073549037757779046,0.10367902416915686,-0.083466976052556541
0.17858769673153405,-2.1155972132260747,0.76165409928468941,-0.0080490895305684526,-0.0053025247882363645,0.71176372826994894,-0.70235282480236494,-0.0096485395525005308,0.23406993484307026,0.0063279146501748814,0.21026292269596497,-0.20872073053177947,-0.26182742809145554,-0.068742796780003126,-0.27015200999406919,-0.090259331868588741,0.30255901888300352,-0.21101607465515743,0.18439579547159951,-0.05583173895382032,0.0071196157159895699,0.095171113222660197,-0.23923440842721597,0.34632887942908031,-1.0875999470885116,0.99021850591198346,-0.067595396235815092,0.0099192008478781318,0.19121062724997606,-0.087258206714522016,-0.29628075449839575,0.62378366696576615,1.0138626852983337,-0.073636175474570825,0.10370950559179787,-0.083562288276875535
0.17848108209471289,-2.1154763975538118,0.76162806276238038,-0.0080259150373436713,-0.0053772420932607116,0.71184761315680212,-0.70226750287781925,-0.0101686360720385,0.23448279738052466,0.006463120774520931,0.21094599626256086,-0.20896214779437944,-0.26188616832689987,-0.069102212721192643,-0.26971215097314172,-0.089773184350810012,0.30260518717149754,-0.21124882593599065,0.18448961547119427,-0.055882302252082343,0.0074608815393457087,0.094923006244727132,-0.23885165657780993,0.3470026675458629,-1.0900708890729729,0.99216401271099564,-0.070298922896157245,0.010030783022763563,0.19111585992410765,-0.086553396475913869,-0.2964233748861706,0.62412393705016866,1.0153238280858354,-0.073701652645302235,0.10373890831719623,-0.083672450246394914
0.17837445374662214,-2.1153560553624149,0.76160118052369141,-0.0079944054089901035,-0.0054526527671139805,0.71192604568990003,-0.70218776942374939,-0.01071491735381584,0.23490796633232783,0.0065775849152689822,0.21169615105466327,-0.20922878805613171,-0.26193023544177718,-0.069461868609020469,-0.26925640504616571,-0.089273567679611782,0.30269189879028535,-0.21148339200558747,0.18455054830677259,-0.05594152104515876,0.007832230416391148,0.094705124501087201,-0.23838981752979224,0.34769426945836479,-1.0922736210482538,0.99410832094689439,-0.072819175581181395,0.01015136430227641,0.19087697193654635,-0.085871877781120334,-0.29659804046033805,0.62448802290216476,1.0167856812134357,-0.073814898592352698,0.10379508354703716,-0.083766097960813288
0.17826928456254193,-2.1152375459645607,0.76157318748517777,-0.0079562995590731021,-0.0055286746931991534,0.71199963324006332,-0.70211299184638276,-0.011269114311891777,0.23534318524987197,0.0066802450148531721,0.21247988965827269,-0.2095331252763801,-0.2620027721136079,-0.069812573143188297,-0.26879378366785411,-0.088776401210098402,0.30279903956853255,-0.21172081388669062,0.18459981288156468,-0.056001344954139901,0.0082258492266574588,0.094511851804324129,-0.23786080695210732,0.34840127425303002,-1.0942380842295627,0.99603975191076022,-0.075154275525115971,0.010289949973696895,0.19050334449980239,-0.085212025314366002,-0.29680109629036289,0.6248727970374276,1.0182432854319825,-0.073981807480454853,0.10387919636364747,-0.083833737895595201
0.17816668157194446,-2.1151226967353476,0.76154554884315229,-0.0079090176031025011,-0.0056023512628342181,0.71206848918047982,-0.7020431096571712,-0.011815215362147679,0.23578328652210478,0.0067661474676685247,0.21328336181046156,-0.2098330666484714,-0.26208333160207858,-0.070131572554599245,-0.26832446307846897,-0.088276917810921979,0.30290268558654154,-0.21194925324389666,0.18465628679040569,-0.05605480943081146,0.0086425991580979973,0.094334454861802405,-0.2372881275687497,0.34910679997182392,-1.0960210465861671,0.99794815955250871,-0.077297459785820255,0.010451324024244505,0.18998638240168594,-0.084573535569120548,-0.29702880348736682,0.62527651260251704,1.0197024663194614,-0.074241365437540383,0.10400596434829501,-0.083854332249158101
0.1780674264353691,-2.1150121607408749,0.76151786573038627,-0.0078563776368785268,-0.005673882771259073,0.71213328656782593,-0.70197739746150778,-0.012343316533168336,0.23622335280241122,0.0068463830112127869,0.21408087704169171,-0.21014537109537673,-0.26218861334198634,-0.07042018387644422,-0.26785939988599172,-0.087788733734489921,0.30299393380284462,-0.21217374506001019,0.18473902937179701,-0.05609509307769505,0.0090719229147473851,0.09416848726851354,-0.23668196054630572,0.34981502823983451,-1.0976460558861596,0.99982006202410434,-0.079267868745974746,0.010635637365008166,0.18935585286895154,-0.083955800301561245,-0.29727539816222659,0.62569556921160552,1.0211615198771764,-0.074574692843809118,0.10416418168149294,-0.083834288824199937
0.17797221042069755,-2.114906845298377,0.76149083624586644,-0.0078026982638683224,-0.0057438507232413219,0.71219497078286076,-0.70191484502770873,-0.012847145551923553,0.23665351829120318,0.0069220387654263943,0.21484622676635906,-0.21044328275534224,-0.26228282215934362,-0.070672934406320734,-0.26740336977258977,-0.087307326596370027,0.30304552319484912,-0.21239490748429032,0.18486082960557312,-0.056109879422137736,0.0095102316042156645,0.094004523585335065,-0.23607051407496998,0.35051623154304956,-1.0991896127527494,1.0016339501933171,-0.081117458804900719,0.01084313361245629,0.18863507491158737,-0.083356468172942497,-0.2975393854723235,0.62612946710916084,1.0226326691912953,-0.074973398858540249,0.10434525250373829,-0.08377568959005087
0.1778811920932904,-2.1148069759174115,0.76146411212664522,-0.0077509770449735197,-0.0058118523013513815,0.71225367223953628,-0.70185529214288245,-0.013325399816324052,0.23706995230239108,0.0070010832080347517,0.21557216028162776,-0.21073925700923798,-0.26238240081126885,-0.070897792427669512,-0.26696507649025614,-0.086841099547878373,0.30306569395267674,-0.21261350523407621,0.18502337944062341,-0.056098982185506359,0.0099473339535695194,0.093841511308354733,-0.23545471242823693,0.35121667627781139,-1.1006437545023686,1.0033828055265712,-0.082849161257850162,0.011063061601506692,0.18785968281140697,-0.082777762673495334,-0.29781231126112834,0.62657256479890733,1.024112504107594,-0.07541751375872463,0.10453752150578098,-0.083691593565121764
0.17779379869316056,-2.1147130220785519,0.76143885338475936,-0.0077004553520102735,-0.0058736615796615051,0.71230825598799064,-0.70179993697518006,-0.013767278226850466,0.23746464180973451,0.0070781627355334231,0.21624745739441811,-0.21099805943545696,-0.26246863903138279,-0.071089629613706962,-0.26654860359766142,-0.086383276984294863,0.3030617435113474,-0.21281663206923646,0.18523309672731789,-0.056060629161497573,0.010372369034118142,0.093680427168486471,-0.2348468449902277,0.35191930045531244,-1.1020285308829603,1.0050574363026348,-0.084493355354790634,0.011283567418691928,0.18707253021529158,-0.082219191616284895,-0.29808731069859179,0.62702208516025304,1.0256085463449709,-0.075874462578354937,0.10472062551168296,-0.08359930406224686
0.17771033169570075,-2.1146248404600132,0.76141448532318945,-0.0076540025893385303,-0.0059300181076120638,0.71235890362163501,-0.70174856149520415,-0.014181075115296995,0.23783518397665063,0.0071580116637238716,0.21688036887622303,-0.21124040516825809,-0.26254957043727734,-0.071260656201578759,-0.26615968547525587,-0.085939714340589418,0.30304621604534343,-0.21301391611998222,0.18547236979641202,-0.055998356666900631,0.010779528631947526,0.093520313272046365,-0.23424194490986733,0.35262675898308471,-1.103322725043534,1.0066531774466174,-0.086038253785679655,0.011489215076639456,0.18629944198767745,-0.081685061768540165,-0.29835630105937344,0.62747024834434928,1.0271124562030318,-0.076341625965339513,0.10489299873559731,-0.083508151223128282
0.17763139771118827,-2.1145426277584685,0.76139083141916952,-0.0076137856533526477,-0.0059839157510783551,0.71240767356621026,-0.70169903068501482,-0.014577921655877402,0.23818352243260379,0.0072448790385093035,0.2174813168149195,-0.21146353297796061,-0.26262524812021054,-0.071427941713412726,-0.26579578133390525,-0.08549902169825456,0.30303155614826449,-0.21320990449939833,0.18574455217587571,-0.055914888364102334,0.011175725692170506,0.093352775469643934,-0.23364316360709278,0.35333010592367647,-1.1045190952978714,1.0081666770568758,-0.087487489119484202,0.011650927524161261,0.18558445909585719,-0.081179976711902607,-0.29861435438261297,0.62791407053194681,1.0286334225351632,-0.076808545333165903,0.10504481077555201,-0.083438060744892587
0.17755701226464912,-2.1144661268725353,0.76136743803909568,-0.0075811269766889481,-0.0060346915136494936,0.71245415695637071,-0.70165175354137477,-0.014966401263071175,0.23850583703810824,0.0073349561877303696,0.21806568261211168,-0.21168268551428726,-0.26269654376000334,-0.071597042276676126,-0.26546124535316451,-0.085066938037087758,0.30302722159596118,-0.21341044036858145,0.18602162153588178,-0.055814422278086175,0.011553916833213562,0.093180666909120635,-0.23304659895416066,0.35403352225059087,-1.1056093318653319,1.0095878331611186,-0.088838451864303933,0.01175746390418291,0.18493371503867134,-0.080706979690468889,-0.29885381310902304,0.628344736283037,1.0301550756431248,-0.077284793335825178,0.10518360743641925,-0.083390168284228988
0.17748721893701472,-2.1143951927171134,0.76134467239205839,-0.0075544174420474767,-0.006081833494335667,0.71249671118768199,-0.70160842257287359,-0.015367104930400534,0.23880218251838825,0.0074148340366597225,0.21867213569317845,-0.21187365656239504,-0.26276938452950482,-0.071775294087802866,-0.2651521071005849,-0.084630326156752533,0.30305729063828113,-0.21361791463899957,0.18629546741441019,-0.055707782068992483,0.011922129437959001,0.092999990251273312,-0.23245261560195205,0.35472475411999732,-1.1065904430225253,1.0109119162734381,-0.090083945497876919,0.011779166847829274,0.18437273137129895,-0.080271598912722522,-0.29907240572228933,0.62875725220279377,1.0316799869849069,-0.077789564682086615,0.10531749894308533,-0.083374133248040216
0.17742200614271633,-2.1143295091206582,0.76132190122897736,-0.0075344028300523801,-0.0061252022647080712,0.71253536910612514,-0.70156900048677284,-0.015783660689305878,0.23907118262365515,0.0074835461736275201,0.21930924787741365,-0.2120676762710671,-0.26284033477688717,-0.071962280827709141,-0.26487112665299889,-0.084197858047536045,0.30311796403200697,-0.213834251651529,0.18654779411432076,-0.055594670508537308,0.012273774610118018,0.092813931084756093,-0.23186322521120059,0.35541157029882225,-1.1074792573047656,1.0121184968001531,-0.091252750518478185,0.011712802753421396,0.18388913476613208,-0.079873402421140993,-0.29926499883854973,0.62914491271901718,1.0331845675375764,-0.078326832851340622,0.10545388684801672,-0.083385990120923695
0.17736110139818465,-2.1142685499928588,0.76129838202926425,-0.0075201092150181731,-0.0061657475740195828,0.71257108795391411,-0.70153251964996133,-0.01622787463474756,0.23931606616149317,0.0075320632363636963,0.22000099028063239,-0.21226785502917309,-0.26291083044439351,-0.072163517813333702,-0.26461409975492367,-0.083765245193405904,0.30321857630628429,-0.21407760529907202,0.18677703511638608,-0.055480509300513119,0.012614119479969042,0.092626010174803389,-0.23127779234646043,0.35608867561277857,-1.1082947896644098,1.0131950361227602,-0.092357103334367946,0.011540062185692255,0.18348048061939554,-0.079512181155981423,-0.29942920437046638,0.62950044753868151,1.034653057335992,-0.078921513274205227,0.10560815752954326,-0.083423252980720064
0.17730480064482679,-2.1142122811071524,0.76127374357135447,-0.007511652699122703,-0.006204081968094099,0.71260316216867126,-0.70149969188009753,-0.016700136349072907,0.23953768780871282,0.0075627608435858921,0.22074735026433895,-0.21249978846188824,-0.26298035441056,-0.072373437202929047,-0.26438120497105333,-0.083338592008580625,0.30334588649851507,-0.2143350240009371,0.18698101158179822,-0.055363360512751557,0.012938760031080198,0.092436817353255554,-0.23070481524054187,0.35676416341702244,-1.1090669524691092,1.0141159313875814,-0.093451065854072507,0.011266887446120501,0.18312676925684648,-0.079184883103642162,-0.2995647201896548,0.62982225482820497,1.0360618612564307,-0.079559193392675781,0.10577931445979222,-0.083482403960151511
0.17725371743415913,-2.1141604115825756,0.76124925753990902,-0.0075023116931467919,-0.0062400834289521277,0.7126314773871808,-0.70147070795224464,-0.017218715701124664,0.2397420908705562,0.0075527609192806815,0.22159842829755541,-0.21272759162777294,-0.2630432691269613,-0.07258524597319832,-0.26415629015835529,-0.082895635353393338,0.30350409226047675,-0.21458401533769256,0.18716864545854384,-0.055246709573601782,0.0132671241187888,0.092242472855452479,-0.23016661605105229,0.3574309764804533,-1.1098806784271029,1.0148439225474217,-0.094626346067055986,0.010872943161129611,0.18280756618898875,-0.078890585444174224,-0.29967501779842171,0.63011130760868517,1.0374031642740422,-0.080253268218039936,0.10597783759189237,-0.083562272728558568
0.17720797540771657,-2.1141127476023436,0.76122420155929515,-0.0074937936964365875,-0.0062752570745935989,0.71265530570292057,-0.70144627695794382,-0.017774183842011692,0.23993149028361763,0.0075154189649318795,0.2225282622620201,-0.21299098813077819,-0.2631030222526306,-0.072793809566694928,-0.26394378059752499,-0.082453764209820465,0.30367518477071104,-0.21482614115018558,0.18734916046336339,-0.055128358006896729,0.013592598933931836,0.092043299464499947,-0.2296669427785584,0.35809389775620143,-1.110735816828563,1.0153674642415882,-0.095910411076055066,0.010378409006865754,0.18250734855440373,-0.078624797580970643,-0.29976339066955343,0.63036909687274845,1.0386534090788715,-0.080970689512732438,0.10619287062837471,-0.083659961198032359
0.17716588195431379,-2.1140695248702568,0.76119800047677832,-0.0074879284065618454,-0.0063091872819385176,0.71266864738743485,-0.70143248008271208,-0.018372758184915683,0.24010111686182731,0.0074363546557932028,0.22352867512527469,-0.21327598995239411,-0.26315479018930499,-0.072978758460460702,-0.26374809889068385,-0.082027299278312149,0.3038351956289117,-0.21509435325696177,0.18754264248592684,-0.055006557519616944,0.01390725634715868,0.091836554474717488,-0.22921452641777679,0.35876240111186625,-1.1116825730092659,1.0156557444410554,-0.097389921124343026,0.0097940841908845354,0.18220212996524607,-0.078378801414811267,-0.29983792113942148,0.63059876843565621,1.0397910862703008,-0.081682512718742439,0.10641621197759515,-0.083773556397034113
0.17712810944797963,-2.1140305062432496,0.76117050561934907,-0.0074848953017556891,-0.0063440171634469465,0.71267204436589637,-0.70142874689300128,-0.018997612401843861,0.24025639742172095,0.0073325316212825131,0.22456341371725533,-0.21360521278202019,-0.26320382264113767,-0.073142362615423909,-0.26356829651268959,-0.081623319111904236,0.30397719355146885,-0.2153696837527333,0.18774926722739613,-0.054882239395189492,0.014210559814182651,0.09162626411374622,-0.22880626950266214,0.35942805481986512,-1.1126804379108457,1.0157262043581148,-0.09903084167207965,0.0091467595234266327,0.18188857014564849,-0.078150554096569305,-0.29990355426642845,0.63080208169770524,1.0408009159128655,-0.082357079391397636,0.10663510266629832,-0.083899682135090234
0.17709460988893255,-2.1139945580367723,0.76114320550911363,-0.0074837331574427995,-0.0063809947524159838,0.71266548804644414,-0.70143508522993214,-0.019650962972509033,0.24039917418767853,0.0071972464703466184,0.22562727020177889,-0.21394358520991727,-0.26325052750135536,-0.073285680485165247,-0.26339652269706132,-0.08122678443228061,0.30409363223650909,-0.21562049647791226,0.18798530797388097,-0.05475680038536794,0.014502599771534957,0.091412752513641435,-0.22845941865308567,0.36008653302524768,-1.1137311757267212,1.0155708616409829,-0.10086940078057828,0.0084525907966193792,0.18155360545042046,-0.077942355518309914,-0.29995906531473154,0.63098484052929449,1.0416721471227177,-0.082952771127741798,0.10683164104431192,-0.084040742662896906
0.17706595151324978,-2.1139615851477322,0.7611161789487888,-0.0074838517353532199,-0.0064209151129150013,0.71264961813464023,-0.70145084331324914,-0.020308344634209271,0.24053315956351812,0.0070466385971608278,0.22667466410610546,-0.21430015033496924,-0.26329396608569416,-0.073410645088366602,-0.26323429879708815,-0.080851663265679719,0.30418723921801027,-0.21584786536726824,0.18823721888819081,-0.054635072289067312,0.014783759530550108,0.09120384961379932,-0.22816232919542209,0.3607207433425631,-1.1147708891596892,1.0152374688311714,-0.10281216278460521,0.0077431262902546228,0.18120618411352923,-0.07775240375220048,-0.30001058214648618,0.63114665292006478,1.0423994949943149,-0.08345481366215568,0.10699916756668794,-0.084190001983704008
0.17704194092033865,-2.1139313474147006,0.76109026995165874,-0.0074854429096192117,-0.006463285202155041,0.71262480349314583,-0.70147564714336208,-0.020953852900405582,0.24065705703275439,0.0068847719275551451,0.22767124412208026,-0.21464284372365877,-0.26333393413646267,-0.073512733492260271,-0.26307927218757121,-0.080487651364638313,0.30424851968849848,-0.21605666482705241,0.18851099048065081,-0.054521661894789429,0.015053770548001626,0.091006187508353736,-0.22791043956174148,0.36130749235762477,-1.115752834052729,1.0147567005587266,-0.10480369659122253,0.0070388647038939871,0.18085118455312807,-0.077579180371819254,-0.30006374560649152,0.63129351342090589,1.0429884888384318,-0.083835599130351324,0.10712339872046155,-0.084347900077681282
0.17702242099317056,-2.1139038420914567,0.76106591361514686,-0.0074876709507981217,-0.0065070955621295704,0.71259188144247221,-0.7015086620943155,-0.021566049175148632,0.24077221232441695,0.0067230032075558431,0.22858354812187701,-0.21496982784673685,-0.26337020195518696,-0.073595205807968189,-0.26293441287496011,-0.080148351275855831,0.30428836516104935,-0.21624335655768825,0.18878252476652871,-0.054421911192858843,0.015310689325819422,0.090827440789546965,-0.22769312951179846,0.36183444372265078,-1.1166259625609505,1.0141878260481447,-0.10673958439754258,0.0063696924133234039,0.18050237160907298,-0.077422613262517967,-0.30012010404805806,0.63142232104971485,1.0434431406550901,-0.084101463491691092,0.1072067075093141,-0.084505372488616448
0.1770064318726193,-2.1138790554074118,0.76104458996939328,-0.0074909404749311081,-0.0065468900072079353,0.71255260171707102,-0.70154815503161905,-0.022114081537045173,0.24086972880175106,0.0065692835531175747,0.22936591639757412,-0.21523588109858741,-0.26340332325402099,-0.073656220142919435,-0.26280511400491485,-0.079822024481623344,0.30431305251578789,-0.21640501843326065,0.18903993050303139,-0.054345163091257857,0.015544094706682127,0.0906757266824888,-0.22750124675352679,0.3622821254120791,-1.1173172491597703,1.0135973416898811,-0.1084906271568773,0.005767788170110531,0.18017629801122895,-0.077286184523659485,-0.30017552513237017,0.63153329415320325,1.0437741369405007,-0.084248325196175256,0.10724593971856991,-0.084655636615770566
0.17699350649280041,-2.113857048103013,0.76102646977097843,-0.0074947053221467545,-0.0065821289852342887,0.71250763896117808,-0.70159345022037101,-0.022590506431725204,0.24095149930638804,0.006429713156195887,0.23001115406066394,-0.21545048725868582,-0.2634324326773802,-0.073699055345709336,-0.26269293843113456,-0.079519817586044872,0.3043317872193787,-0.21654093341117131,0.18926183693212525,-0.054292625583561675,0.0157532839366312,0.090554407915535901,-0.22732919177477792,0.36264980472379676,-1.1178186622184769,1.0130284589145511,-0.11000071000833989,0.005249681398872769,0.17988255044633805,-0.077169132949342009,-0.3002294599228072,0.63162360009339169,1.0439935900533708,-0.084297254990072359,0.10724973390253763,-0.084791631274989565
0.17698367841721549,-2.1138380862972195,0.76101312009925992,-0.0074932510004017119,-0.0066050833460267458,0.71245890756362062,-0.7016427360820392,-0.022975794926901657,0.24101361015492256,0.0063069980208110294,0.23052179476968637,-0.21556241640618604,-0.26345261317047491,-0.073713036873326296,-0.26259346966176034,-0.079207102481514371,0.30436044819460106,-0.2166488566386468,0.189449159463801,-0.054268322220234394,0.015951043014316255,0.090472630980484636,-0.22718295725552409,0.36290565439972455,-1.1181418942988908,1.0125318698847743,-0.11120096909175069,0.00482006261437692,0.17964117933761442,-0.077071010978314286,-0.30028801835041879,0.63169913909754005,1.0441427023323857,-0.084283668860548791,0.10723001895110433,-0.0849104513618852
0.17697576698064485,-2.1138220243281585,0.76100384722009662,-0.0074889901065719137,-0.0066170493592415088,0.71240744634237374,-0.70169491952051333,-0.023275453768381971,0.24105796705178925,0.0062054424538003491,0.23090502094258,-0.2156125630414937,-0.26347030889974105,-0.073704745028193797,-0.26251170223646536,-0.078905940884738554,0.30439849030717148,-0.21673101708973588,0.18958761457946491,-0.054267981112208874,0.016130977337416818,0.090426090496323247,-0.22705765702755026,0.36306857520339636,-1.1183042761983342,1.0121231554731132,-0.11209308196460553,0.0044836076978969049,0.17945147045601154,-0.076990140574605154,-0.30034640444519189,0.6317576568681893,1.0442295934471522,-0.084225451375917512,0.10719484890922183,-0.085008282962064002
0.17697576698064485,-2.1138220243281585,0.76100384722009662,-0.0074889901065719137,-0.0066170493592415088,0.71240744634237374,-0.70169491952051333,-0.023275453768381971,0.24105796705178925,0.0062054424538003491,0.23090502094258,-0.2156125630414937,-0.26347030889974105,-0.073704745028193797,-0.26251170223646536,-0.078905940884738554,0.30439849030717148,-0.21673101708973588,0.18958761457946491,-0.054267981112208874,0.016130977337416818,0.090426090496323247,-0.22705765702755026,0.36306857520339636,-1.1183042761983342,1.0121231554731132,-0.11209308196460553,0.0044836076978969049,0.17945147045601154,-0.076990140574605154,-0.30034640444519189,0.6317576568681893,1.0442295934471522,-0.084225451375917512,0.10719484890922183,-0.085008282962064002
0.17697576698064485,-2.1138220243281585,0.76100384722009662,-0.0074889901065719137,-0.0066170493592415088,0.71240744634237374,-0.70169491952051333,-0.023275453768381971,0.24105796705178925,0.0062054424538003491,0.23090502094258,-0.2156125630414937,-0.26347030889974105,-0.073704745028193797,-0.26251170223646536,-0.078905940884738554,0.30439849030717148,-0.21673101708973588,0.18958761457946491,-0.054267981112208874,0.016130977337416818,0.090426090496323247,-0.22705765702755026,0.36306857520339636,-1.1183042761983342,1.0121231554731132,-0.11209308196460553,0.0044836076978969049,0.17945147045601154,-0.076990140574605154,-0.30034640444519189,0.6317576568681893,1.0442295934471522,-0.084225451375917512,0.10719484890922183,-0.085008282962064002
0.17697576698064485,-2.1138220243281585,0.76100384722009662,-0.0074889901065719137,-0.0066170493592415088,0.71240744634237374,-0.70169491952051333,-0.023275453768381971,0.24105796705178925,0.0062054424538003491,0.23090502094258,-0.2156125630414937,-0.26347030889974105,-0.073704745028193797,-0.26251170223646536,-0.078905940884738554,0.30439849030717148,-0.21673101708973588,0.18958761457946491,-0.054267981112208874,0.016130977337416818,0.090426090496323247,-0.22705765702755026,0.36306857520339636,-1.1183042761983342,1.0121231554731132,-0.11209308196460553,0.0044836076978969049,0.17945147045601154,-0.076990140574605154,-0.30034640444519189,0.6317576568681893,1.0442295934471522,-0.084225451375917512,0.10719484890922183,-0.085008282962064002
0.17697576698064485,-2.1138220243281585,0.76100384722009662,-0.0074889901065719137,-0.0066170493592415088,0.71240744634237374,-0.70169491952051333,-0.023275453768381971,0.24105796705178925,0.0062054424538003491,0.23090502094258,-0.2156125630414937,-0.26347030889974105,-0.073704745028193797,-0.26251170223646536,-0.078905940884738554,0.30439849030717148,-0.21673101708973588,0.18958761457946491,-0.054267981112208874,0.016130977337416818,0.090426090496323247,-0.22705765702755026,0.36306857520339636,-1.1183042761983342,1.0121231554731132,-0.11209308196460553,0.0044836076978969049,0.17945147045601154,-0.076990140574605154,-0.30034640444519189,0.6317576568681893,1.0442295934471522,-0.084225451375917512,0.10719484890922183,-0.085008282962064002
0.17697576698064485,-2.1138220243281585,0.76100384722009662,-0.0074889901065719137,-0.0066170493592415088,0.71240744634237374,-0.70169491952051333,-0.023275453768381971,0.24105796705178925,0.0062054424538003491,0.23090502094258,-0.2156125630414937,-0.26347030889974105,-0.073704745028193797,-0.26251170223646536,-0.078905940884738554,0.30439849030717148,-0.21673101708973588,0.18958761457946491,-0.054267981112208874,0.016130977337416818,0.090426090496323247,-0.22705765702755026,0.36306857520339636,-1.1183042761983342,1.0121231554731132,-0.11209308196460553,0.0044836076978969049,0.17945147045601154,-0.076990140574605154,-0.30034640444519189,0.6317576568681893,1.0442295934471522,-0.084225451375917512,0.10719484890922183,-0.085008282962064002
0.17697576698064485,-2.1138220243281585,0.76100384722009662,-0.0074889901065719137,-0.0066170493592415088,0.71240744634237374,-0.70169491952051333,-0.023275453768381971,0.24105796705178925,0.0062054424538003491,0.23090502094258,-0.2156125630414937,-0.26347030889974105,-0.073704745028193797,-0.26251170223646536,-0.078905940884738554,0.30439849030717148,-0.21673101708973588,0.18958761457946491,-0.054267981112208874,0.016130977337416818,0.090426090496323247,-0.22705765702755026,0.36306857520339636,-1.1183042761983342,1.0121231554731132,-0.11209308196460553,0.0044836076978969049,0.17945147045601154,-0.076990140574605154,-0.30034640444519189,0.6317576568681893,1.0442295934471522,-0.084225451375917512,0.10719484890922183,-0.085008282962064002
0.17697576698064485,-2.1138220243281585,0.76100384722009662,-0.0074889901065719137,-0.0066170493592415088,0.71240744634237374,-0.70169491952051333,-0.023275453768381971,0.24105796705178925,0.0062054424538003491,0.23090502094258,-0.2156125630414937,-0.26347030889974105,-0.073704745028193797,-0.26251170223646536,-0.078905940884738554,0.30439849030717148,-0.21673101708973588,0.18958761457946491,-0.054267981112208874,0.016130977337416818,0.090426090496323247,-0.22705765702755026,0.36306857520339636,-1.1183042761983342,1.0121231554731132,-0.11209308196460553,0.0044836076978969049,0.17945147045601154,-0.076990140574605154,-0.30034640444519189,0.6317576568681893,1.0442295934471522,-0.084225451375917512,0.10719484890922183,-0.085008282962064002
0.17697576698064485,-2.1138220243281585,0.76100384722009662,-0.0074889901065719137,-0.0066170493592415088,0.71240744634237374,-0.70169491952051333,-0.023275453768381971,0.24105796705178925,0.0062054424538003491,0.23090502094258,-0.2156125630414937,-0.26347030889974105,-0.073704745028193797,-0.26251170223646536,-0.078905940884738554,0.30439849030717148,-0.21673101708973588,0.18958761457946491,-0.054267981112208874,0.016130977337416818,0.090426090496323247,-0.22705765702755026,0.36306857520339636,-1.1183042761983342,1.0121231554731132,-0.11209308196460553,0.0044836076978969049,0.17945147045601154,-0.076990140574605154,-0.30034640444519189,0.6317576568681893,1.0442295934471522,-0.084225451375917512,0.10719484890922183,-0.085008282962064002
0.17697576698064485,-2.1138220243281585,0.76100384722009662,-0.0074889901065719137,-0.0066170493592415088,0.71240744634237374,-0.70169491952051333,-0.023275453768381971,0.24105796705178925,0.0062054424538003491,0.23090502094258,-0.2156125630414937,-0.26347030889974105,-0.073704745028193797,-0.26251170223646536,-0.078905940884738554,0.30439849030717148,-0.21673101708973588,0.18958761457946491,-0.054267981112208874,0.016130977337416818,0.090426090496323247,-0.22705765702755026,0.36306857520339636,-1.1183042761983342,1.0121231554731132,-0.11209308196460553,0.0044836076978969049,0.17945147045601154,-0.076990140574605154,-0.30034640444519189,0.6317576568681893,1.0442295934471522,-0.084225451375917512,0.10719484890922183,-0.085008282962064002
0.17697576698064485,-2.1138220243281585,0.76100384722009662,-0.0074889901065719137,-0.0066170493592415088,0.71240744634237374,-0.70169491952051333,-0.023275453768381971,0.24105796705178925,0.0062054424538003491,0.23090502094258,-0.2156125630414937,-0.26347030889974105,-0.073704745028193797,-0.26251170223646536,-0.078905940884738554,0.30439849030717148,-0.21673101708973588,0.18958761457946491,-0.054267981112208874,0.016130977337416818,0.090426090496323247,-0.22705765702755026,0.36306857520339636,-1.1183042761983342,1.0121231554731132,-0.11209308196460553,0.0044836076978969049,0.17945147045601154,-0.076990140574605154,-0.30034640444519189,0.6317576568681893,1.0442295934471522,-0.084225451375917512,0.10719484890922183,-0.085008282962064002
0.17697576698064485,-2.1138220243281585,0.76100384722009662,-0.0074889901065719137,-0.0066170493592415088,0.71240744634237374,-0.70169491952051333,-0.023275453768381971,0.24105796705178925,0.0062054424538003491,0.23090502094258,-0.2156125630414937,-0.26347030889974105,-0.073704745028193797,-0.26251170223646536,-0.078905940884738554,0.30439849030717148,-0.21673101708973588,0.18958761457946491,-0.054267981112208874,0.016130977337416818,0.090426090496323247,-0.22705765702755026,0.36306857520339636,-1.1183042761983342,1.0121231554731132,-0.11209308196460553,0.0044836076978969049,0.17945147045601154,-0.076990140574605154,-0.30034640444519189,0.6317576568681893,1.0442295934471522,-0.084225451375917512,0.10719484890922183,-0.085008282962064002
0.17697576698064485,-2.1138220243281585,0.76100384722009662,-0.0074889901065719137,-0.0066170493592415088,0.71240744634237374,-0.70169491952051333,-0.023275453768381971,0.24105796705178925,0.0062054424538003491,0.23090502094258,-0.2156125630414937,-0.26347030889974105,-0.073704745028193797,-0.26251170223646536,-0.078905940884738554,0.30439849030717148,-0.21673101708973588,0.18958761457946491,-0.054267981112208874,0.016130977337416818,0.090426090496323247,-0.22705765702755026,0.36306857520339636,-1.1183042761983342,1.0121231554731132,-0.11209308196460553,0.0044836076978969049,0.17945147045601154,-0.076990140574605154,-0.30034640444519189,0.6317576568681893,1.0442295934471522,-0.084225451375917512,0.10719484890922183,-0.085008282962064002
0.17697576698064485,-2.1138220243281585,0.76100384722009662,-0.0074889901065719137,-0.0066170493592415088,0.71240744634237374,-0.70169491952051333,-0.023275453768381971,0.24105796705178925,0.0062054424538003491,0.23090502094258,-0.2156125630414937,-0.26347030889974105,-0.073704745028193797,-0.26251170223646536,-0.078905940884738554,0.30439849030717148,-0.21673101708973588,0.18958761457946491,-0.054267981112208874,0.016130977337416818,0.090426090496323247,-0.22705765702755026,0.36306857520339636,-1.1183042761983342,1.0121231554731132,-0.11209308196460553,0.0044836076978969049,0.17945147045601154,-0.076990140574605154,-0.30034640444519189,0.6317576568681893,1.0442295934471522,-0.084225451375917512,0.10719484890922183,-0.085008282962064002
0.17697576698064485,-2.1138220243281585,0.76100384722009662,-0.0074889901065719137,-0.0066170493592415088,0.71240744634237374,-0.70169491952051333,-0.023275453768381971,0.24105796705178925,0.0062054424538003491,0.23090502094258,-0.2156125630414937,-0.26347030889974105,-0.073704745028193797,-0.26251170223646536,-0.078905940884738554,0.30439849030717148,-0.21673101708973588,0.18958761457946491,-0.054267981112208874,0.016130977337416818,0.090426090496323247,-0.22705765702755026,0.36306857520339636,-1.1183042761983342,1.0121231554731132,-0.11209308196460553,0.0044836076978969049,0.17945147045601154,-0.076990140574605154,-0.30034640444519189,0.6317576568681893,1.0442295934471522,-0.084225451375917512,0.10719484890922183,-0.085008282962064002
0.17697576698064485,-2.1138220243281585,0.76100384722009662,-0.0074889901065719137,-0.0066170493592415088,0.71240744634237374,-0.70169491952051333,-0.023275453768381971,0.24105796705178925,0.0062054424538003491,0.23090502094258,-0.2156125630414937,-0.26347030889974105,-0.073704745028193797,-0.26251170223646536,-0.078905940884738554,0.30439849030717148,-0.21673101708973588,0.18958761457946491,-0.054267981112208874,0.016130977337416818,0.090426090496323247,-0.22705765702755026,0.36306857520339636,-1.1183042761983342,1.0121231554731132,-0.11209308196460553,0.0044836076978969049,0.17945147045601154,-0.076990140574605154,-0.30034640444519189,0.6317576568681893,1.0442295934471522,-0.084225451375917512,0.10719484890922183,-0.085008282962064002
0.17697576698064485,-2.1138220243281585,0.76100384722009662,-0.0074889901065719137,-0.0066170493592415088,0.71240744634237374,-0.70169491952051333,-0.023275453768381971,0.24105796705178925,0.0062054424538003491,0.23090502094258,-0.2156125630414937,-0.26347030889974105,-0.073704745028193797,-0.26251170223646536,-0.078905940884738554,0.30439849030717148,-0.21673101708973588,0.18958761457946491,-0.054267981112208874,0.016130977337416818,0.090426090496323247,-0.22705765702755026,0.36306857520339636,-1.1183042761983342,1.0121231554731132,-0.11209308196460553,0.0044836076978969049,0.17945147045601154,-0.076990140574605154,-0.30034640444519189,0.6317576568681893,1.0442295934471522,-0.084225451375917512,0.10719484890922183,-0.085008282962064002
0.17697576698064485,-2.1138220243281585,0.76100384722009662,-0.0074889901065719137,-0.0066170493592415088,0.71240744634237374,-0.70169491952051333,-0.023275453768381971,0.24105796705178925,0.0062054424538003491,0.23090502094258,-0.2156125630414937,-0.26347030889974105,-0.073704745028193797,-0.26251170223646536,-0.078905940884738554,0.30439849030717148,-0.21673101708973588,0.18958761457946491,-0.054267981112208874,0.016130977337416818,0.090426090496323247,-0.22705765702755026,0.36306857520339636,-1.1183042761983342,1.0121231554731132,-0.11209308196460553,0.0044836076978969049,0.17945147045601154,-0.076990140574605154,-0.30034640444519189,0.6317576568681893,1.0442295934471522,-0.084225451375917512,0.10719484890922183,-0.085008282962064002
0.17697576698064485,-2.1138220243281585,0.76100384722009662,-0.0074889901065719137,-0.0066170493592415088,0.71240744634237374,-0.70169491952051333,-0.023275453768381971,0.24105796705178925,0.0062054424538003491,0.23090502094258,-0.2156125630414937,-0.26347030889974105,-0.073704745028193797,-0.26251170223646536,-0.078905940884738554,0.30439849030717148,-0.21673101708973588,0.18958761457946491,-0.054267981112208874,0.016130977337416818,0.090426090496323247,-0.22705765702755026,0.36306857520339636,-1.1183042761983342,1.0121231554731132,-0.11209308196460553,0.0044836076978969049,0.17945147045601154,-0.076990140574605154,-0.30034640444519189,0.6317576568681893,1.0442295934471522,-0.084225451375917512,0.10719484890922183,-0.085008282962064002
0.17697576698064485,-2.1138220243281585,0.76100384722009662,-0.0074889901065719137,-0.0066170493592415088,0.71240744634237374,-0.70169491952051333,-0.023275453768381971,0.24105796705178925,0.0062054424538003491,0.23090502094258,-0.2156125630414937,-0.26347030889974105,-0.073704745028193797,-0.26251170223646536,-0.078905940884738554,0.30439849030717148,-0.21673101708973588,0.18958761457946491,-0.054267981112208874,0.016130977337416818,0.090426090496323247,-0.22705765702755026,0.36306857520339636,-1.1183042761983342,1.0121231554731132,-0.11209308196460553,0.0044836076978969049,0.17945147045601154,-0.076990140574605154,-0.30034640444519189,0.6317576568681893,1.0442295934471522,-0.084225451375917512,0.10719484890922183,-0.085008282962064002
0.17697576698064485,-2.1138220243281585,0.76100384722009662,-0.0074889901065719137,-0.0066170493592415088,0.71240744634237374,-0.70169491952051333,-0.023275453768381971,0.24105796705178925,0.0062054424538003491,0.23090502094258,-0.2156125630414937,-0.26347030889974105,-0.073704745028193797,-0.26251170223646536,-0.078905940884738554,0.30439849030717148,-0.21673101708973588,0.18958761457946491,-0.054267981112208874,0.016130977337416818,0.090426090496323247,-0.22705765702755026,0.36306857520339636,-1.1183042761983342,1.0121231554731132,-0.11209308196460553,0.0044836076978969049,0.17945147045601154,-0.076990140574605154,-0.30034640444519189,0.6317576568681893,1.0442295934471522,-0.084225451375917512,0.10719484890922183,-0.085008282962064002
0.17697576698064485,-2.1138220243281585,0.76100384722009662,-0.0074889901065719137,-0.0066170493592415088,0.71240744634237374,-0.70169491952051333,-0.023275453768381971,0.24105796705178925,0.0062054424538003491,0.23090502094258,-0.2156125630414937,-0.26347030889974105,-0.073704745028193797,-0.26251170223646536,-0.078905940884738554,0.30439849030717148,-0.21673101708973588,0.18958761457946491,-0.054267981112208874,0.016130977337416818,0.090426090496323247,-0.22705765702755026,0.36306857520339636,-1.1183042761983342,1.0121231554731132,-0.11209308196460553,0.0044836076978969049,0.17945147045601154,-0.076990140574605154,-0.30034640444519189,0.6317576568681893,1.0442295934471522,-0.084225451375917512,0.10719484890922183,-0.085008282962064002
0.17697576698064485,-2.1138220243281585,0.76100384722009662,-0.0074889901065719137,-0.0066170493592415088,0.71240744634237374,-0.70169491952051333,-0.023275453768381971,0.24105796705178925,0.0062054424538003491,0.23090502094258,-0.2156125630414937,-0.26347030889974105,-0.073704745028193797,-0.26251170223646536,-0.078905940884738554,0.30439849030717148,-0.21673101708973588,0.18958761457946491,-0.054267981112208874,0.016130977337416818,0.090426090496323247,-0.22705765702755026,0.36306857520339636,-1.1183042761983342,1.0121231554731132,-0.11209308196460553,0.0044836076978969049,0.17945147045601154,-0.076990140574605154,-0.30034640444519189,0.6317576568681893,1.0442295934471522,-0.084225451375917512,0.10719484890922183,-0.085008282962064002
0.17697576698064485,-2.1138220243281585,0.76100384722009662,-0.0074889901065719137,-0.0066170493592415088,0.71240744634237374,-0.70169491952051333,-0.023275453768381971,0.24105796705178925,0.0062054424538003491,0.23090502094258,-0.2156125630414937,-0.26347030889974105,-0.073704745028193797,-0.26251170223646536,-0.078905940884738554,0.30439849030717148,-0.21673101708973588,0.18958761457946491,-0.054267981112208874,0.016130977337416818,0.090426090496323247,-0.22705765702755026,0.36306857520339636,-1.1183042761983342,1.0121231554731132,-0.11209308196460553,0.0044836076978969049,0.17945147045601154,-0.076990140574605154,-0.30034640444519189,0.6317576568681893,1.0442295934471522,-0.084225451375917512,0.10719484890922183,-0.085008282962064002
0.17697576698064485,-2.1138220243281585,0.76100384722009662,-0.0074889901065719137,-0.0066170493592415088,0.71240744634237374,-0.70169491952051333,-0.023275453768381971,0.24105796705178925,0.0062054424538003491,0.23090502094258,-0.2156125630414937,-0.26347030889974105,-0.073704745028193797,-0.26251170223646536,-0.078905940884738554,0.30439849030717148,-0.21673101708973588,0.18958761457946491,-0.054267981112208874,0.016130977337416818,0.090426090496323247,-0.22705765702755026,0.36306857520339636,-1.1183042761983342,1.0121231554731132,-0.11209308196460553,0.0044836076978969049,0.17945147045601154,-0.076990140574605154,-0.30034640444519189,0.6317576568681893,1.0442295934471522,-0.084225451375917512,0.10719484890922183,-0.085008282962064002
0.17697576698064485,-2.1138220243281585,0.76100384722009662,-0.0074889901065719137,-0.0066170493592415088,0.71240744634237374,-0.70169491952051333,-0.023275453768381971,0.24105796705178925,0.0062054424538003491,0.23090502094258,-0.2156125630414937,-0.26347030889974105,-0.073704745028193797,-0.26251170223646536,-0.078905940884738554,0.30439849030717148,-0.21673101708973588,0.18958761457946491,-0.054267981112208874,0.016130977337416818,0.090426090496323247,-0.22705765702755026,0.36306857520339636,-1.1183042761983342,1.0121231554731132,-0.11209308196460553,0.0044836076978969049,0.17945147045601154,-0.076990140574605154,-0.30034640444519189,0.6317576568681893,1.0442295934471522,-0.084225451375917512,0.10719484890922183,-0.085008282962064002
0.17697576698064485,-2.1138220243281585,0.76100384722009662,-0.0074889901065719137,-0.0066170493592415088,0.71240744634237374,-0.70169491952051333,-0.023275453768381971,0.24105796705178925,0.0062054424538003491,0.23090502094258,-0.2156125630414937,-0.26347030889974105,-0.073704745028193797,-0.26251170223646536,-0.078905940884738554,0.30439849030717148,-0.21673101708973588,0.18958761457946491,-0.054267981112208874,0.016130977337416818,0.090426090496323247,-0.22705765702755026,0.36306857520339636,-1.1183042761983342,1.0121231554731132,-0.11209308196460553,0.0044836076978969049,0.17945147045601154,-0.076990140574605154,-0.30034640444519189,0.6317576568681893,1.0442295934471522,-0.084225451375917512,0.10719484890922183,-0.085008282962064002
0.17697576698064485,-2.1138220243281585,0.76100384722009662,-0.0074889901065719137,-0.0066170493592415088,0.71240744634237374,-0.70169491952051333,-0.023275453768381971,0.24105796705178925,0.0062054424538003491,0.23090502094258,-0.2156125630414937,-0.26347030889974105,-0.073704745028193797,-0.26251170223646536,-0.078905940884738554,0.30439849030717148,-0.21673101708973588,0.18958761457946491,-0.054267981112208874,0.016130977337416818,0.090426090496323247,-0.22705765702755026,0.36306857520339636,-1.1183042761983342,1.0121231554731132,-0.11209308196460553,0.0044836076978969049,0.17945147045601154,-0.076990140574605154,-0.30034640444519189,0.6317576568681893,1.0442295934471522,-0.084225451375917512,0.10719484890922183,-0.085008282962064002
0.17697576698064485,-2.1138220243281585,0.76100384722009662,-0.0074889901065719137,-0.0066170493592415088,0.71240744634237374,-0.70169491952051333,-0.023275453768381971,0.24105796705178925,0.0062054424538003491,0.23090502094258,-0.2156125630414937,-0.26347030889974105,-0.073704745028193797,-0.26251170223646536,-0.078905940884738554,0.30439849030717148,-0.21673101708973588,0.18958761457946491,-0.054267981112208874,0.016130977337416818,0.090426090496323247,-0.22705765702755026,0.36306857520339636,-1.1183042761983342,1.0121231554731132,-0.11209308196460553,0.0044836076978969049,0.17945147045601154,-0.076990140574605154,-0.30034640444519189,0.6317576568681893,1.0442295934471522,-0.084225451375917512,0.10719484890922183,-0.085008282962064002
0.17697576698064485,-2.1138220243281585,0.76100384722009662,-0.0074889901065719137,-0.0066170493592415088,0.71240744634237374,-0.70169491952051333,-0.023275453768381971,0.24105796705178925,0.0062054424538003491,0.23090502094258,-0.2156125630414937,-0.26347030889974105,-0.073704745028193797,-0.26251170223646536,-0.078905940884738554,0.30439849030717148,-0.21673101708973588,0.18958761457946491,-0.054267981112208874,0.016130977337416818,0.090426090496323247,-0.22705765702755026,0.36306857520339636,-1.1183042761983342,1.0121231554731132,-0.11209308196460553,0.0044836076978969049,0.17945147045601154,-0.076990140574605154,-0.30034640444519189,0.6317576568681893,1.0442295934471522,-0.084225451375917512,0.10719484890922183,-0.085008282962064002
0.17697576698064485,-2.1138220243281585,0.76100384722009662,-0.0074889901065719137,-0.0066170493592415088,0.71240744634237374,-0.70169491952051333,-0.023275453768381971,0.24105796705178925,0.0062054424538003491,0.23090502094258,-0.2156125630414937,-0.26347030889974105,-0.073704745028193797,-0.26251170223646536,-0.078905940884738554,0.30439849030717148,-0.21673101708973588,0.18958761457946491,-0.054267981112208874,0.016130977337416818,0.090426090496323247,-0.22705765702755026,0.36306857520339636,-1.1183042761983342,1.0121231554731132,-0.11209308196460553,0.0044836076978969049,0.17945147045601154,-0.076990140574605154,-0.30034640444519189,0.6317576568681893,1.0442295934471522,-0.084225451375917512,0.10719484890922183,-0.085008282962064002
0.17697576698064485,-2.1138220243281585,0.76100384722009662,-0.0074889901065719137,-0.0066170493592415088,0.71240744634237374,-0.70169491952051333,-0.023275453768381971,0.24105796705178925,0.0062054424538003491,0.23090502094258,-0.2156125630414937,-0.26347030889974105,-0.073704745028193797,-0.26251170223646536,-0.078905940884738554,0.30439849030717148,-0.21673101708973588,0.18958761457946491,-0.054267981112208874,0.016130977337416818,0.090426090496323247,-0.22705765702755026,0.36306857520339636,-1.1183042761983342,1.0121231554731132,-0.11209308196460553,0.0044836076978969049,0.17945147045601154,-0.076990140574605154,-0.30034640444519189,0.6317576568681893,1.0442295934471522,-0.084225451375917512,0.10719484890922183,-0.085008282962064002
0.17697576698064485,-2.1138220243281585,0.76100384722009662,-0.0074889901065719137,-0.0066170493592415088,0.71240744634237374,-0.70169491952051333,-0.023275453768381971,0.24105796705178925,0.0062054424538003491,0.23090502094258,-0.2156125630414937,-0.26347030889974105,-0.073704745028193797,-0.26251170223646536,-0.078905940884738554,0.30439849030717148,-0.21673101708973588,0.18958761457946491,-0.054267981112208874,0.016130977337416818,0.090426090496323247,-0.22705765702755026,0.36306857520339636,-1.1183042761983342,1.0121231554731132,-0.11209308196460553,0.0044836076978969049,0.17945147045601154,-0.076990140574605154,-0.30034640444519189,0.6317576568681893,1.0442295934471522,-0.084225451375917512,0.10719484890922183,-0.085008282962064002
0.17697576698064485,-2.1138220243281585,0.76100384722009662,-0.0074889901065719137,-0.0066170493592415088,0.71240744634237374,-0.70169491952051333,-0.023275453768381971,0.24105796705178925,0.0062054424538003491,0.23090502094258,-0.2156125630414937,-0.26347030889974105,-0.073704745028193797,-0.26251170223646536,-0.078905940884738554,0.30439849030717148,-0.21673101708973588,0.18958761457946491,-0.054267981112208874,0.016130977337416818,0.090426090496323247,-0.22705765702755026,0.36306857520339636,-1.1183042761983342,1.0121231554731132,-0.11209308196460553,0.0044836076978969049,0.17945147045601154,-0.076990140574605154,-0.30034640444519189,0.6317576568681893,1.0442295934471522,-0.084225451375917512,0.10719484890922183,-0.085008282962064002
0.17697576698064485,-2.1138220243281585,0.76100384722009662,-0.0074889901065719137,-0.0066170493592415088,0.71240744634237374,-0.70169491952051333,-0.023275453768381971,0.24105796705178925,0.0062054424538003491,0.23090502094258,-0.2156125630414937,-0.26347030889974105,-0.073704745028193797,-0.26251170223646536,-0.078905940884738554,0.30439849030717148,-0.21673101708973588,0.18958761457946491,-0.054267981112208874,0.016130977337416818,0.090426090496323247,-0.22705765702755026,0.36306857520339636,-1.1183042761983342,1.0121231554731132,-0.11209308196460553,0.0044836076978969049,0.17945147045601154,-0.076990140574605154,-0.30034640444519189,0.6317576568681893,1.0442295934471522,-0.084225451375917512,0.10719484890922183,-0.085008282962064002
0.17697576698064485,-2.1138220243281585,0.76100384722009662,-0.0074889901065719137,-0.0066170493592415088,0.71240744634237374,-0.70169491952051333,-0.023275453768381971,0.24105796705178925,0.0062054424538003491,0.23090502094258,-0.2156125630414937,-0.26347030889974105,-0.073704745028193797,-0.26251170223646536,-0.078905940884738554,0.30439849030717148,-0.21673101708973588,0.18958761457946491,-0.054267981112208874,0.016130977337416818,0.090426090496323247,-0.22705765702755026,0.36306857520339636,-1.1183042761983342,1.0121231554731132,-0.11209308196460553,0.0044836076978969049,0.17945147045601154,-0.076990140574605154,-0.30034640444519189,0.6317576568681893,1.0442295934471522,-0.084225451375917512,0.10719484890922183,-0.085008282962064002
0.17697576698064485,-2.1138220243281585,0.76100384722009662,-0.0074889901065719137,-0.0066170493592415088,0.71240744634237374,-0.70169491952051333,-0.023275453768381971,0.24105796705178925,0.0062054424538003491,0.23090502094258,-0.2156125630414937,-0.26347030889974105,-0.073704745028193797,-0.26251170223646536,-0.078905940884738554,0.30439849030717148,-0.21673101708973588,0.18958761457946491,-0.054267981112208874,0.016130977337416818,0.090426090496323247,-0.22705765702755026,0.36306857520339636,-1.1183042761983342,1.0121231554731132,-0.11209308196460553,0.0044836076978969049,0.17945147045601154,-0.076990140574605154,-0.30034640444519189,0.6317576568681893,1.0442295934471522,-0.084225451375917512,0.10719484890922183,-0.085008282962064002
0.17697576698064485,-2.1138220243281585,0.76100384722009662,-0.0074889901065719137,-0.0066170493592415088,0.71240744634237374,-0.70169491952051333,-0.023275453768381971,0.24105796705178925,0.0062054424538003491,0.23090502094258,-0.2156125630414937,-0.26347030889974105,-0.073704745028193797,-0.26251170223646536,-0.078905940884738554,0.30439849030717148,-0.21673101708973588,0.18958761457946491,-0.054267981112208874,0.016130977337416818,0.090426090496323247,-0.22705765702755026,0.36306857520339636,-1.1183042761983342,1.0121231554731132,-0.11209308196460553,0.0044836076978969049,0.17945147045601154,-0.076990140574605154,-0.30034640444519189,0.6317576568681893,1.0442295934471522,-0.084225451375917512,0.10719484890922183,-0.085008282962064002
0.17697576698064485,-2.1138220243281585,0.76100384722009662,-0.0074889901065719137,-0.0066170493592415088,0.71240744634237374,-0.70169491952051333,-0.023275453768381971,0.24105796705178925,0.0062054424538003491,0.23090502094258,-0.2156125630414937,-0.26347030889974105,-0.073704745028193797,-0.26251170223646536,-0.078905940884738554,0.30439849030717148,-0.21673101708973588,0.18958761457946491,-0.054267981112208874,0.016130977337416818,0.090426090496323247,-0.22705765702755026,0.36306857520339636,-1.1183042761983342,1.0121231554731132,-0.11209308196460553,0.0044836076978969049,0.17945147045601154,-0.076990140574605154,-0.30034640444519189,0.6317576568681893,1.0442295934471522,-0.084225451375917512,0.10719484890922183,-0.085008282962064002
0.17697576698064485,-2.1138220243281585,0.76100384722009662,-0.0074889901065719137,-0.0066170493592415088,0.71240744634237374,-0.70169491952051333,-0.023275453768381971,0.24105796705178925,0.0062054424538003491,0.23090502094258,-0.2156125630414937,-0.26347030889974105,-0.073704745028193797,-0.26251170223646536,-0.078905940884738554,0.30439849030717148,-0.21673101708973588,0.18958761457946491,-0.054267981112208874,0.016130977337416818,0.090426090496323247,-0.22705765702755026,0.36306857520339636,-1.1183042761983342,1.0121231554731132,-0.11209308196460553,0.0044836076978969049,0.17945147045601154,-0.076990140574605154,-0.30034640444519189,0.6317576568681893,1.0442295934471522,-0.084225451375917512,0.10719484890922183,-0.085008282962064002
0.17697576698064485,-2.1138220243281585,0.76100384722009662,-0.0074889901065719137,-0.0066170493592415088,0.71240744634237374,-0.70169491952051333,-0.023275453768381971,0.24105796705178925,0.0062054424538003491,0.23090502094258,-0.2156125630414937,-0.26347030889974105,-0.073704745028193797,-0.26251170223646536,-0.078905940884738554,0.30439849030717148,-0.21673101708973588,0.18958761457946491,-0.054267981112208874,0.016130977337416818,0.090426090496323247,-0.22705765702755026,0.36306857520339636,-1.1183042761983342,1.0121231554731132,-0.11209308196460553,0.0044836076978969049,0.17945147045601154,-0.076990140574605154,-0.30034640444519189,0.6317576568681893,1.0442295934471522,-0.084225451375917512,0.10719484890922183,-0.085008282962064002
0.17697576698064485,-2.1138220243281585,0.76100384722009662,-0.0074889901065719137,-0.0066170493592415088,0.71240744634237374,-0.70169491952051333,-0.023275453768381971,0.24105796705178925,0.0062054424538003491,0.23090502094258,-0.2156125630414937,-0.26347030889974105,-0.073704745028193797,-0.26251170223646536,-0.078905940884738554,0.30439849030717148,-0.21673101708973588,0.18958761457946491,-0.054267981112208874,0.016130977337416818,0.090426090496323247,-0.22705765702755026,0.36306857520339636,-1.1183042761983342,1.0121231554731132,-0.11209308196460553,0.0044836076978969049,0.17945147045601154,-0.076990140574605154,-0.30034640444519189,0.6317576568681893,1.0442295934471522,-0.084225451375917512,0.10719484890922183,-0.085008282962064002
0.17697576698064485,-2.1138220243281585,0.76100384722009662,-0.0074889901065719137,-0.0066170493592415088,0.71240744634237374,-0.70169491952051333,-0.023275453768381971,0.24105796705178925,0.0062054424538003491,0.23090502094258,-0.2156125630414937,-0.26347030889974105,-0.073704745028193797,-0.26251170223646536,-0.078905940884738554,0.30439849030717148,-0.21673101708973588,0.18958761457946491,-0.054267981112208874,0.016130977337416818,0.090426090496323247,-0.22705765702755026,0.36306857520339636,-1.1183042761983342,1.0121231554731132,-0.11209308196460553,0.0044836076978969049,0.17945147045601154,-0.076990140574605154,-0.30034640444519189,0.6317576568681893,1.0442295934471522,-0.084225451375917512,0.10719484890922183,-0.085008282962064002
0.17697576698064485,-2.1138220243281585,0.76100384722009662,-0.0074889901065719137,-0.0066170493592415088,0.71240744634237374,-0.70169491952051333,-0.023275453768381971,0.24105796705178925,0.0062054424538003491,0.23090502094258,-0.2156125630414937,-0.26347030889974105,-0.073704745028193797,-0.26251170223646536,-0.078905940884738554,0.30439849030717148,-0.21673101708973588,0.18958761457946491,-0.054267981112208874,0.016130977337416818,0.090426090496323247,-0.22705765702755026,0.36306857520339636,-1.1183042761983342,1.0121231554731132,-0.11209308196460553,0.0044836076978969049,0.17945147045601154,-0.076990140574605154,-0.30034640444519189,0.6317576568681893,1.0442295934471522,-0.084225451375917512,0.10719484890922183,-0.085008282962064002
0.17697576698064485,-2.1138220243281585,0.76100384722009662,-0.0074889901065719137,-0.0066170493592415088,0.71240744634237374,-0.70169491952051333,-0.023275453768381971,0.24105796705178925,0.0062054424538003491,0.23090502094258,-0.2156125630414937,-0.26347030889974105,-0.073704745028193797,-0.26251170223646536,-0.078905940884738554,0.30439849030717148,-0.21673101708973588,0.18958761457946491,-0.054267981112208874,0.016130977337416818,0.090426090496323247,-0.22705765702755026,0.36306857520339636,-1.1183042761983342,1.0121231554731132,-0.11209308196460553,0.0044836076978969049,0.17945147045601154,-0.076990140574605154,-0.30034640444519189,0.6317576568681893,1.0442295934471522,-0.084225451375917512,0.10719484890922183,-0.085008282962064002
0.17697576698064485,-2.1138220243281585,0.76100384722009662,-0.0074889901065719137,-0.0066170493592415088,0.71240744634237374,-0.70169491952051333,-0.023275453768381971,0.24105796705178925,0.0062054424538003491,0.23090502094258,-0.2156125630414937,-0.26347030889974105,-0.073704745028193797,-0.26251170223646536,-0.078905940884738554,0.30439849030717148,-0.21673101708973588,0.18958761457946491,-0.054267981112208874,0.016130977337416818,0.090426090496323247,-0.22705765702755026,0.36306857520339636,-1.1183042761983342,1.0121231554731132,-0.11209308196460553,0.0044836076978969049,0.17945147045601154,-0.076990140574605154,-0.30034640444519189,0.6317576568681893,1.0442295934471522,-0.084225451375917512,0.10719484890922183,-0.085008282962064002
0.17697576698064485,-2.1138220243281585,0.76100384722009662,-0.0074889901065719137,-0.0066170493592415088,0.71240744634237374,-0.70169491952051333,-0.023275453768381971,0.24105796705178925,0.0062054424538003491,0.23090502094258,-0.2156125630414937,-0.26347030889974105,-0.073704745028193797,-0.26251170223646536,-0.078905940884738554,0.30439849030717148,-0.21673101708973588,0.18958761457946491,-0.054267981112208874,0.016130977337416818,0.090426090496323247,-0.22705765702755026,0.36306857520339636,-1.1183042761983342,1.0121231554731132,-0.11209308196460553,0.0044836076978969049,0.17945147045601154,-0.076990140574605154,-0.30034640444519189,0.6317576568681893,1.0442295934471522,-0.084225451375917512,0.10719484890922183,-0.085008282962064002
0.17697576698064485,-2.1138220243281585,0.76100384722009662,-0.0074889901065719137,-0.0066170493592415088,0.71240744634237374,-0.70169491952051333,-0.023275453768381971,0.24105796705178925,0.0062054424538003491,0.23090502094258,-0.2156125630414937,-0.26347030889974105,-0.073704745028193797,-0.26251170223646536,-0.078905940884738554,0.30439849030717148,-0.21673101708973588,0.18958761457946491,-0.054267981112208874,0.016130977337416818,0.090426090496323247,-0.22705765702755026,0.36306857520339636,-1.1183042761983342,1.0121231554731132,-0.11209308196460553,0.0044836076978969049,0.17945147045601154,-0.076990140574605154,-0.30034640444519189,0.6317576568681893,1.0442295934471522,-0.084225451375917512,0.10719484890922183,-0.085008282962064002
0.17697576698064485,-2.1138220243281585,0.76100384722009662,-0.0074889901065719137,-0.0066170493592415088,0.71240744634237374,-0.70169491952051333,-0.023275453768381971,0.24105796705178925,0.0062054424538003491,0.23090502094258,-0.2156125630414937,-0.26347030889974105,-0.073704745028193797,-0.26251170223646536,-0.078905940884738554,0.30439849030717148,-0.21673101708973588,0.18958761457946491,-0.054267981112208874,0.016130977337416818,0.090426090496323247,-0.22705765702755026,0.36306857520339636,-1.1183042761983342,1.0121231554731132,-0.11209308196460553,0.0044836076978969049,0.17945147045601154,-0.076990140574605154,-0.30034640444519189,0.6317576568681893,1.0442295934471522,-0.084225451375917512,0.10719484890922183,-0.085008282962064002
0.17697576698064485,-2.1138220243281585,0.76100384722009662,-0.0074889901065719137,-0.0066170493592415088,0.71240744634237374,-0.70169491952051333,-0.023275453768381971,0.24105796705178925,0.0062054424538003491,0.23090502094258,-0.2156125630414937,-0.26347030889974105,-0.073704745028193797,-0.26251170223646536,-0.078905940884738554,0.30439849030717148,-0.21673101708973588,0.18958761457946491,-0.054267981112208874,0.016130977337416818,0.090426090496323247,-0.22705765702755026,0.36306857520339636,-1.1183042761983342,1.0121231554731132,-0.11209308196460553,0.0044836076978969049,0.17945147045601154,-0.076990140574605154,-0.30034640444519189,0.6317576568681893,1.0442295934471522,-0.084225451375917512,0.10719484890922183,-0.085008282962064002
0.17697576698064485,-2.1138220243281585,0.76100384722009662,-0.0074889901065719137,-0.0066170493592415088,0.71240744634237374,-0.70169491952051333,-0.023275453768381971,0.24105796705178925,0.0062054424538003491,0.23090502094258,-0.2156125630414937,-0.26347030889974105,-0.073704745028193797,-0.26251170223646536,-0.078905940884738554,0.30439849030717148,-0.21673101708973588,0.18958761457946491,-0.054267981112208874,0.016130977337416818,0.090426090496323247,-0.22705765702755026,0.36306857520339636,-1.1183042761983342,1.0121231554731132,-0.11209308196460553,0.0044836076978969049,0.17945147045601154,-0.076990140574605154,-0.30034640444519189,0.6317576568681893,1.0442295934471522,-0.084225451375917512,0.10719484890922183,-0.085008282962064002
0.17697576698064485,-2.1138220243281585,0.76100384722009662,-0.0074889901065719137,-0.0066170493592415088,0.71240744634237374,-0.70169491952051333,-0.023275453768381971,0.24105796705178925,0.0062054424538003491,0.23090502094258,-0.2156125630414937,-0.26347030889974105,-0.073704745028193797,-0.26251170223646536,-0.078905940884738554,0.30439849030717148,-0.21673101708973588,0.18958761457946491,-0.054267981112208874,0.016130977337416818,0.090426090496323247,-0.22705765702755026,0.36306857520339636,-1.1183042761983342,1.0121231554731132,-0.11209308196460553,0.0044836076978969049,0.17945147045601154,-0.076990140574605154,-0.30034640444519189,0.6317576568681893,1.0442295934471522,-0.084225451375917512,0.10719484890922183,-0.085008282962064002
0.17697576698064485,-2.1138220243281585,0.76100384722009662,-0.0074889901065719137,-0.0066170493592415088,0.71240744634237374,-0.70169491952051333,-0.023275453768381971,0.24105796705178925,0.0062054424538003491,0.23090502094258,-0.2156125630414937,-0.26347030889974105,-0.073704745028193797,-0.26251170223646536,-0.078905940884738554,0.30439849030717148,-0.21673101708973588,0.18958761457946491,-0.054267981112208874,0.016130977337416818,0.090426090496323247,-0.22705765702755026,0.36306857520339636,-1.1183042761983342,1.0121231554731132,-0.11209308196460553,0.0044836076978969049,0.17945147045601154,-0.076990140574605154,-0.30034640444519189,0.6317576568681893,1.0442295934471522,-0.084225451375917512,0.10719484890922183,-0.085008282962064002
0.17697576698064485,-2.1138220243281585,0.76100384722009662,-0.0074889901065719137,-0.0066170493592415088,0.71240744634237374,-0.70169491952051333,-0.023275453768381971,0.24105796705178925,0.0062054424538003491,0.23090502094258,-0.2156125630414937,-0.26347030889974105,-0.073704745028193797,-0.26251170223646536,-0.078905940884738554,0.30439849030717148,-0.21673101708973588,0.18958761457946491,-0.054267981112208874,0.016130977337416818,0.090426090496323247,-0.22705765702755026,0.36306857520339636,-1.1183042761983342,1.0121231554731132,-0.11209308196460553,0.0044836076978969049,0.17945147045601154,-0.076990140574605154,-0.30034640444519189,0.6317576568681893,1.0442295934471522,-0.084225451375917512,0.10719484890922183,-0.085008282962064002
0.17697576698064485,-2.1138220243281585,0.76100384722009662,-0.0074889901065719137,-0.0066170493592415088,0.71240744634237374,-0.70169491952051333,-0.023275453768381971,0.24105796705178925,0.0062054424538003491,0.23090502094258,-0.2156125630414937,-0.26347030889974105,-0.073704745028193797,-0.26251170223646536,-0.078905940884738554,0.30439849030717148,-0.21673101708973588,0.18958761457946491,-0.054267981112208874,0.016130977337416818,0.090426090496323247,-0.22705765702755026,0.36306857520339636,-1.1183042761983342,1.0121231554731132,-0.11209308196460553,0.0044836076978969049,0.17945147045601154,-0.076990140574605154,-0.30034640444519189,0.6317576568681893,1.0442295934471522,-0.084225451375917512,0.10719484890922183,-0.085008282962064002
0.17697576698064485,-2.1138220243281585,0.76100384722009662,-0.0074889901065719137,-0.0066170493592415088,0.71240744634237374,-0.70169491952051333,-0.023275453768381971,0.24105796705178925,0.0062054424538003491,0.23090502094258,-0.2156125630414937,-0.26347030889974105,-0.073704745028193797,-0.26251170223646536,-0.078905940884738554,0.30439849030717148,-0.21673101708973588,0.18958761457946491,-0.054267981112208874,0.016130977337416818,0.090426090496323247,-0.22705765702755026,0.36306857520339636,-1.1183042761983342,1.0121231554731132,-0.11209308196460553,0.0044836076978969049,0.17945147045601154,-0.076990140574605154,-0.30034640444519189,0.6317576568681893,1.0442295934471522,-0.084225451375917512,0.10719484890922183,-0.085008282962064002
0.17697576698064485,-2.1138220243281585,0.76100384722009662,-0.0074889901065719137,-0.0066170493592415088,0.71240744634237374,-0.70169491952051333,-0.023275453768381971,0.24105796705178925,0.0062054424538003491,0.23090502094258,-0.2156125630414937,-0.26347030889974105,-0.073704745028193797,-0.26251170223646536,-0.078905940884738554,0.30439849030717148,-0.21673101708973588,0.18958761457946491,-0.054267981112208874,0.016130977337416818,0.090426090496323247,-0.22705765702755026,0.36306857520339636,-1.1183042761983342,1.0121231554731132,-0.11209308196460553,0.0044836076978969049,0.17945147045601154,-0.076990140574605154,-0.30034640444519189,0.6317576568681893,1.0442295934471522,-0.084225451375917512,0.10719484890922183,-0.085008282962064002
0.17697576698064485,-2.1138220243281585,0.76100384722009662,-0.0074889901065719137,-0.0066170493592415088,0.71240744634237374,-0.70169491952051333,-0.023275453768381971,0.24105796705178925,0.0062054424538003491,0.23090502094258,-0.2156125630414937,-0.26347030889974105,-0.073704745028193797,-0.26251170223646536,-0.078905940884738554,0.30439849030717148,-0.21673101708973588,0.18958761457946491,-0.054267981112208874,0.016130977337416818,0.090426090496323247,-0.22705765702755026,0.36306857520339636,-1.1183042761983342,1.0121231554731132,-0.11209308196460553,0.0044836076978969049,0.17945147045601154,-0.076990140574605154,-0.30034640444519189,0.6317576568681893,1.0442295934471522,-0.084225451375917512,0.10719484890922183,-0.085008282962064002
0.17697576698064485,-2.1138220243281585,0.76100384722009662,-0.0074889901065719137,-0.0066170493592415088,0.71240744634237374,-0.70169491952051333,-0.023275453768381971,0.24105796705178925,0.0062054424538003491,0.23090502094258,-0.2156125630414937,-0.26347030889974105,-0.073704745028193797,-0.26251170223646536,-0.078905940884738554,0.30439849030717148,-0.21673101708973588,0.18958761457946491,-0.054267981112208874,0.016130977337416818,0.090426090496323247,-0.22705765702755026,0.36306857520339636,-1.1183042761983342,1.0121231554731132,-0.11209308196460553,0.0044836076978969049,0.17945147045601154,-0.076990140574605154,-0.30034640444519189,0.6317576568681893,1.0442295934471522,-0.084225451375917512,0.10719484890922183,-0.085008282962064002
0.17697576698064485,-2.1138220243281585,0.76100384722009662,-0.0074889901065719137,-0.0066170493592415088,0.71240744634237374,-0.70169491952051333,-0.023275453768381971,0.24105796705178925,0.0062054424538003491,0.23090502094258,-0.2156125630414937,-0.26347030889974105,-0.073704745028193797,-0.26251170223646536,-0.078905940884738554,0.30439849030717148,-0.21673101708973588,0.18958761457946491,-0.054267981112208874,0.016130977337416818,0.090426090496323247,-0.22705765702755026,0.36306857520339636,-1.1183042761983342,1.0121231554731132,-0.11209308196460553,0.0044836076978969049,0.17945147045601154,-0.076990140574605154,-0.30034640444519189,0.6317576568681893,1.0442295934471522,-0.084225451375917512,0.10719484890922183,-0.085008282962064002
0.17697576698064485,-2.1138220243281585,0.76100384722009662,-0.0074889901065719137,-0.0066170493592415088,0.71240744634237374,-0.70169491952051333,-0.023275453768381971,0.24105796705178925,0.0062054424538003491,0.23090502094258,-0.2156125630414937,-0.26347030889974105,-0.073704745028193797,-0.26251170223646536,-0.078905940884738554,0.30439849030717148,-0.21673101708973588,0.18958761457946491,-0.054267981112208874,0.016130977337416818,0.090426090496323247,-0.22705765702755026,0.36306857520339636,-1.1183042761983342,1.0121231554731132,-0.11209308196460553,0.0044836076978969049,0.17945147045601154,-0.076990140574605154,-0.30034640444519189,0.6317576568681893,1.0442295934471522,-0.084225451375917512,0.10719484890922183,-0.085008282962064002
0.17697576698064485,-2.1138220243281585,0.76100384722009662,-0.0074889901065719137,-0.0066170493592415088,0.71240744634237374,-0.70169491952051333,-0.023275453768381971,0.24105796705178925,0.0062054424538003491,0.23090502094258,-0.2156125630414937,-0.26347030889974105,-0.073704745028193797,-0.26251170223646536,-0.078905940884738554,0.30439849030717148,-0.21673101708973588,0.18958761457946491,-0.054267981112208874,0.016130977337416818,0.090426090496323247,-0.22705765702755026,0.36306857520339636,-1.1183042761983342,1.0121231554731132,-0.11209308196460553,0.0044836076978969049,0.17945147045601154,-0.076990140574605154,-0.30034640444519189,0.6317576568681893,1.0442295934471522,-0.084225451375917512,0.10719484890922183,-0.085008282962064002
0.17697576698064485,-2.1138220243281585,0.76100384722009662,-0.0074889901065719137,-0.0066170493592415088,0.71240744634237374,-0.70169491952051333,-0.023275453768381971,0.24105796705178925,0.0062054424538003491,0.23090502094258,-0.2156125630414937,-0.26347030889974105,-0.073704745028193797,-0.26251170223646536,-0.078905940884738554,0.30439849030717148,-0.21673101708973588,0.18958761457946491,-0.054267981112208874,0.016130977337416818,0.090426090496323247,-0.22705765702755026,0.36306857520339636,-1.1183042761983342,1.0121231554731132,-0.11209308196460553,0.0044836076978969049,0.17945147045601154,-0.076990140574605154,-0.30034640444519189,0.6317576568681893,1.0442295934471522,-0.084225451375917512,0.10719484890922183,-0.085008282962064002
0.17697576698064485,-2.1138220243281585,0.76100384722009662,-0.0074889901065719137,-0.0066170493592415088,0.71240744634237374,-0.70169491952051333,-0.023275453768381971,0.24105796705178925,0.0062054424538003491,0.23090502094258,-0.2156125630414937,-0.26347030889974105,-0.073704745028193797,-0.26251170223646536,-0.078905940884738554,0.30439849030717148,-0.21673101708973588,0.18958761457946491,-0.054267981112208874,0.016130977337416818,0.090426090496323247,-0.22705765702755026,0.36306857520339636,-1.1183042761983342,1.0121231554731132,-0.11209308196460553,0.0044836076978969049,0.17945147045601154,-0.076990140574605154,-0.30034640444519189,0.6317576568681893,1.0442295934471522,-0.084225451375917512,0.10719484890922183,-0.085008282962064002
0.17697576698064485,-2.1138220243281585,0.76100384722009662,-0.0074889901065719137,-0.0066170493592415088,0.71240744634237374,-0.70169491952051333,-0.023275453768381971,0.24105796705178925,0.0062054424538003491,0.23090502094258,-0.2156125630414937,-0.26347030889974105,-0.073704745028193797,-0.26251170223646536,-0.078905940884738554,0.30439849030717148,-0.21673101708973588,0.18958761457946491,-0.054267981112208874,0.016130977337416818,0.090426090496323247,-0.22705765702755026,0.36306857520339636,-1.1183042761983342,1.0121231554731132,-0.11209308196460553,0.0044836076978969049,0.17945147045601154,-0.076990140574605154,-0.30034640444519189,0.6317576568681893,1.0442295934471522,-0.084225451375917512,0.10719484890922183,-0.085008282962064002
0.17697576698064485,-2.1138220243281585,0.76100384722009662,-0.0074889901065719137,-0.0066170493592415088,0.71240744634237374,-0.70169491952051333,-0.023275453768381971,0.24105796705178925,0.0062054424538003491,0.23090502094258,-0.2156125630414937,-0.26347030889974105,-0.073704745028193797,-0.26251170223646536,-0.078905940884738554,0.30439849030717148,-0.21673101708973588,0.18958761457946491,-0.054267981112208874,0.016130977337416818,0.090426090496323247,-0.22705765702755026,0.36306857520339636,-1.1183042761983342,1.0121231554731132,-0.11209308196460553,0.0044836076978969049,0.17945147045601154,-0.076990140574605154,-0.30034640444519189,0.6317576568681893,1.0442295934471522,-0.084225451375917512,0.10719484890922183,-0.085008282962064002
0.17697576698064485,-2.1138220243281585,0.76100384722009662,-0.0074889901065719137,-0.0066170493592415088,0.71240744634237374,-0.70169491952051333,-0.023275453768381971,0.24105796705178925,0.0062054424538003491,0.23090502094258,-0.2156125630414937,-0.26347030889974105,-0.073704745028193797,-0.26251170223646536,-0.078905940884738554,0.30439849030717148,-0.21673101708973588,0.18958761457946491,-0.054267981112208874,0.016130977337416818,0.090426090496323247,-0.22705765702755026,0.36306857520339636,-1.1183042761983342,1.0121231554731132,-0.11209308196460553,0.0044836076978969049,0.17945147045601154,-0.076990140574605154,-0.30034640444519189,0.6317576568681893,1.0442295934471522,-0.084225451375917512,0.10719484890922183,-0.085008282962064002
0.17697576698064485,-2.1138220243281585,0.76100384722009662,-0.0074889901065719137,-0.0066170493592415088,0.71240744634237374,-0.70169491952051333,-0.023275453768381971,0.24105796705178925,0.0062054424538003491,0.23090502094258,-0.2156125630414937,-0.26347030889974105,-0.073704745028193797,-0.26251170223646536,-0.078905940884738554,0.30439849030717148,-0.21673101708973588,0.18958761457946491,-0.054267981112208874,0.016130977337416818,0.090426090496323247,-0.22705765702755026,0.36306857520339636,-1.1183042761983342,1.0121231554731132,-0.11209308196460553,0.0044836076978969049,0.17945147045601154,-0.076990140574605154,-0.30034640444519189,0.6317576568681893,1.0442295934471522,-0.084225451375917512,0.10719484890922183,-0.085008282962064002
0.17697576698064485,-2.1138220243281585,0.76100384722009662,-0.0074889901065719137,-0.0066170493592415088,0.71240744634237374,-0.70169491952051333,-0.023275453768381971,0.24105796705178925,0.0062054424538003491,0.23090502094258,-0.2156125630414937,-0.26347030889974105,-0.073704745028193797,-0.26251170223646536,-0.078905940884738554,0.30439849030717148,-0.21673101708973588,0.18958761457946491,-0.054267981112208874,0.016130977337416818,0.090426090496323247,-0.22705765702755026,0.36306857520339636,-1.1183042761983342,1.0121231554731132,-0.11209308196460553,0.0044836076978969049,0.17945147045601154,-0.076990140574605154,-0.30034640444519189,0.6317576568681893,1.0442295934471522,-0.084225451375917512,0.10719484890922183,-0.085008282962064002
0.17697576698064485,-2.1138220243281585,0.76100384722009662,-0.0074889901065719137,-0.0066170493592415088,0.71240744634237374,-0.70169491952051333,-0.023275453768381971,0.24105796705178925,0.0062054424538003491,0.23090502094258,-0.2156125630414937,-0.26347030889974105,-0.073704745028193797,-0.26251170223646536,-0.078905940884738554,0.30439849030717148,-0.21673101708973588,0.18958761457946491,-0.054267981112208874,0.016130977337416818,0.090426090496323247,-0.22705765702755026,0.36306857520339636,-1.1183042761983342,1.0121231554731132,-0.11209308196460553,0.0044836076978969049,0.17945147045601154,-0.076990140574605154,-0.30034640444519189,0.6317576568681893,1.0442295934471522,-0.084225451375917512,0.10719484890922183,-0.085008282962064002
0.17697576698064485,-2.1138220243281585,0.76100384722009662,-0.0074889901065719137,-0.0066170493592415088,0.71240744634237374,-0.70169491952051333,-0.023275453768381971,0.24105796705178925,0.0062054424538003491,0.23090502094258,-0.2156125630414937,-0.26347030889974105,-0.073704745028193797,-0.26251170223646536,-0.078905940884738554,0.30439849030717148,-0.21673101708973588,0.18958761457946491,-0.054267981112208874,0.016130977337416818,0.090426090496323247,-0.22705765702755026,0.36306857520339636,-1.1183042761983342,1.0121231554731132,-0.11209308196460553,0.0044836076978969049,0.17945147045601154,-0.076990140574605154,-0.30034640444519189,0.6317576568681893,1.0442295934471522,-0.084225451375917512,0.10719484890922183,-0.085008282962064002
0.17697576698064485,-2.1138220243281585,0.76100384722009662,-0.0074889901065719137,-0.0066170493592415088,0.71240744634237374,-0.70169491952051333,-0.023275453768381971,0.24105796705178925,0.0062054424538003491,0.23090502094258,-0.2156125630414937,-0.26347030889974105,-0.073704745028193797,-0.26251170223646536,-0.078905940884738554,0.30439849030717148,-0.21673101708973588,0.18958761457946491,-0.054267981112208874,0.016130977337416818,0.090426090496323247,-0.22705765702755026,0.36306857520339636,-1.1183042761983342,1.0121231554731132,-0.11209308196460553,0.0044836076978969049,0.17945147045601154,-0.076990140574605154,-0.30034640444519189,0.6317576568681893,1.0442295934471522,-0.084225451375917512,0.10719484890922183,-0.085008282962064002
0.17697576698064485,-2.1138220243281585,0.76100384722009662,-0.0074889901065719137,-0.0066170493592415088,0.71240744634237374,-0.70169491952051333,-0.023275453768381971,0.24105796705178925,0.0062054424538003491,0.23090502094258,-0.2156125630414937,-0.26347030889974105,-0.073704745028193797,-0.26251170223646536,-0.078905940884738554,0.30439849030717148,-0.21673101708973588,0.18958761457946491,-0.054267981112208874,0.016130977337416818,0.090426090496323247,-0.22705765702755026,0.36306857520339636,-1.1183042761983342,1.0121231554731132,-0.11209308196460553,0.0044836076978969049,0.17945147045601154,-0.076990140574605154,-0.30034640444519189,0.6317576568681893,1.0442295934471522,-0.084225451375917512,0.10719484890922183,-0.085008282962064002
0.17697576698064485,-2.1138220243281585,0.76100384722009662,-0.0074889901065719137,-0.0066170493592415088,0.71240744634237374,-0.70169491952051333,-0.023275453768381971,0.24105796705178925,0.0062054424538003491,0.23090502094258,-0.2156125630414937,-0.26347030889974105,-0.073704745028193797,-0.26251170223646536,-0.078905940884738554,0.30439849030717148,-0.21673101708973588,0.18958761457946491,-0.054267981112208874,0.016130977337416818,0.090426090496323247,-0.22705765702755026,0.36306857520339636,-1.1183042761983342,1.0121231554731132,-0.11209308196460553,0.0044836076978969049,0.17945147045601154,-0.076990140574605154,-0.30034640444519189,0.6317576568681893,1.0442295934471522,-0.084225451375917512,0.10719484890922183,-0.085008282962064002
0.17697576698064485,-2.1138220243281585,0.76100384722009662,-0.0074889901065719137,-0.0066170493592415088,0.71240744634237374,-0.70169491952051333,-0.023275453768381971,0.24105796705178925,0.0062054424538003491,0.23090502094258,-0.2156125630414937,-0.26347030889974105,-0.073704745028193797,-0.26251170223646536,-0.078905940884738554,0.30439849030717148,-0.21673101708973588,0.18958761457946491,-0.054267981112208874,0.016130977337416818,0.090426090496323247,-0.22705765702755026,0.36306857520339636,-1.1183042761983342,1.0121231554731132,-0.11209308196460553,0.0044836076978969049,0.17945147045601154,-0.076990140574605154,-0.30034640444519189,0.6317576568681893,1.0442295934471522,-0.084225451375917512,0.10719484890922183,-0.085008282962064002
0.17697576698064485,-2.1138220243281585,0.76100384722009662,-0.0074889901065719137,-0.0066170493592415088,0.71240744634237374,-0.70169491952051333,-0.023275453768381971,0.24105796705178925,0.0062054424538003491,0.23090502094258,-0.2156125630414937,-0.26347030889974105,-0.073704745028193797,-0.26251170223646536,-0.078905940884738554,0.30439849030717148,-0.21673101708973588,0.18958761457946491,-0.054267981112208874,0.016130977337416818,0.090426090496323247,-0.22705765702755026,0.36306857520339636,-1.1183042761983342,1.0121231554731132,-0.11209308196460553,0.0044836076978969049,0.17945147045601154,-0.076990140574605154,-0.30034640444519189,0.6317576568681893,1.0442295934471522,-0.084225451375917512,0.10719484890922183,-0.085008282962064002
0.17697576698064485,-2.1138220243281585,0.76100384722009662,-0.0074889901065719137,-0.0066170493592415088,0.71240744634237374,-0.70169491952051333,-0.023275453768381971,0.24105796705178925,0.0062054424538003491,0.23090502094258,-0.2156125630414937,-0.26347030889974105,-0.073704745028193797,-0.26251170223646536,-0.078905940884738554,0.30439849030717148,-0.21673101708973588,0.18958761457946491,-0.054267981112208874,0.016130977337416818,0.090426090496323247,-0.22705765702755026,0.36306857520339636,-1.1183042761983342,1.0121231554731132,-0.11209308196460553,0.0044836076978969049,0.17945147045601154,-0.076990140574605154,-0.30034640444519189,0.6317576568681893,1.0442295934471522,-0.084225451375917512,0.10719484890922183,-0.085008282962064002
0.17697576698064485,-2.1138220243281585,0.76100384722009662,-0.0074889901065719137,-0.0066170493592415088,0.71240744634237374,-0.70169491952051333,-0.023275453768381971,0.24105796705178925,0.0062054424538003491,0.23090502094258,-0.2156125630414937,-0.26347030889974105,-0.073704745028193797,-0.26251170223646536,-0.078905940884738554,0.30439849030717148,-0.21673101708973588,0.18958761457946491,-0.054267981112208874,0.016130977337416818,0.090426090496323247,-0.22705765702755026,0.36306857520339636,-1.1183042761983342,1.0121231554731132,-0.11209308196460553,0.0044836076978969049,0.17945147045601154,-0.076990140574605154,-0.30034640444519189,0.6317576568681893,1.0442295934471522,-0.084225451375917512,0.10719484890922183,-0.085008282962064002
0.17697576698064485,-2.1138220243281585,0.76100384722009662,-0.0074889901065719137,-0.0066170493592415088,0.71240744634237374,-0.70169491952051333,-0.023275453768381971,0.24105796705178925,0.0062054424538003491,0.23090502094258,-0.2156125630414937,-0.26347030889974105,-0.073704745028193797,-0.26251170223646536,-0.078905940884738554,0.30439849030717148,-0.21673101708973588,0.18958761457946491,-0.054267981112208874,0.016130977337416818,0.090426090496323247,-0.22705765702755026,0.36306857520339636,-1.1183042761983342,1.0121231554731132,-0.11209308196460553,0.0044836076978969049,0.17945147045601154,-0.076990140574605154,-0.30034640444519189,0.6317576568681893,1.0442295934471522,-0.084225451375917512,0.10719484890922183,-0.085008282962064002
0.17697576698064485,-2.1138220243281585,0.76100384722009662,-0.0074889901065719137,-0.0066170493592415088,0.71240744634237374,-0.70169491952051333,-0.023275453768381971,0.24105796705178925,0.0062054424538003491,0.23090502094258,-0.2156125630414937,-0.26347030889974105,-0.073704745028193797,-0.26251170223646536,-0.078905940884738554,0.30439849030717148,-0.21673101708973588,0.18958761457946491,-0.054267981112208874,0.016130977337416818,0.090426090496323247,-0.22705765702755026,0.36306857520339636,-1.1183042761983342,1.0121231554731132,-0.11209308196460553,0.0044836076978969049,0.17945147045601154,-0.076990140574605154,-0.30034640444519189,0.6317576568681893,1.0442295934471522,-0.084225451375917512,0.10719484890922183,-0.085008282962064002
0.17697576698064485,-2.1138220243281585,0.76100384722009662,-0.0074889901065719137,-0.0066170493592415088,0.71240744634237374,-0.70169491952051333,-0.023275453768381971,0.24105796705178925,0.0062054424538003491,0.23090502094258,-0.2156125630414937,-0.26347030889974105,-0.073704745028193797,-0.26251170223646536,-0.078905940884738554,0.30439849030717148,-0.21673101708973588,0.18958761457946491,-0.054267981112208874,0.016130977337416818,0.090426090496323247,-0.22705765702755026,0.36306857520339636,-1.1183042761983342,1.0121231554731132,-0.11209308196460553,0.0044836076978969049,0.17945147045601154,-0.076990140574605154,-0.30034640444519189,0.6317576568681893,1.0442295934471522,-0.084225451375917512,0.10719484890922183,-0.085008282962064002
0.17697576698064485,-2.1138220243281585,0.76100384722009662,-0.0074889901065719137,-0.0066170493592415088,0.71240744634237374,-0.70169491952051333,-0.023275453768381971,0.24105796705178925,0.0062054424538003491,0.23090502094258,-0.2156125630414937,-0.26347030889974105,-0.073704745028193797,-0.26251170223646536,-0.078905940884738554,0.30439849030717148,-0.21673101708973588,0.18958761457946491,-0.054267981112208874,0.016130977337416818,0.090426090496323247,-0.22705765702755026,0.36306857520339636,-1.1183042761983342,1.0121231554731132,-0.11209308196460553,0.0044836076978969049,0.17945147045601154,-0.076990140574605154,-0.30034640444519189,0.6317576568681893,1.0442295934471522,-0.084225451375917512,0.10719484890922183,-0.085008282962064002
0.17697576698064485,-2.1138220243281585,0.76100384722009662,-0.0074889901065719137,-0.0066170493592415088,0.71240744634237374,-0.70169491952051333,-0.023275453768381971,0.24105796705178925,0.0062054424538003491,0.23090502094258,-0.2156125630414937,-0.26347030889974105,-0.073704745028193797,-0.26251170223646536,-0.078905940884738554,0.30439849030717148,-0.21673101708973588,0.18958761457946491,-0.054267981112208874,0.016130977337416818,0.090426090496323247,-0.22705765702755026,0.36306857520339636,-1.1183042761983342,1.0121231554731132,-0.11209308196460553,0.0044836076978969049,0.17945147045601154,-0.076990140574605154,-0.30034640444519189,0.6317576568681893,1.0442295934471522,-0.084225451375917512,0.10719484890922183,-0.085008282962064002
0.17697576698064485,-2.1138220243281585,0.76100384722009662,-0.0074889901065719137,-0.0066170493592415088,0.71240744634237374,-0.70169491952051333,-0.023275453768381971,0.24105796705178925,0.0062054424538003491,0.23090502094258,-0.2156125630414937,-0.26347030889974105,-0.073704745028193797,-0.26251170223646536,-0.078905940884738554,0.30439849030717148,-0.21673101708973588,0.18958761457946491,-0.054267981112208874,0.016130977337416818,0.090426090496323247,-0.22705765702755026,0.36306857520339636,-1.1183042761983342,1.0121231554731132,-0.11209308196460553,0.0044836076978969049,0.17945147045601154,-0.076990140574605154,-0.30034640444519189,0.6317576568681893,1.0442295934471522,-0.084225451375917512,0.10719484890922183,-0.085008282962064002
0.17697576698064485,-2.1138220243281585,0.76100384722009662,-0.0074889901065719137,-0.0066170493592415088,0.71240744634237374,-0.70169491952051333,-0.023275453768381971,0.24105796705178925,0.0062054424538003491,0.23090502094258,-0.2156125630414937,-0.26347030889974105,-0.073704745028193797,-0.26251170223646536,-0.078905940884738554,0.30439849030717148,-0.21673101708973588,0.18958761457946491,-0.054267981112208874,0.016130977337416818,0.090426090496323247,-0.22705765702755026,0.36306857520339636,-1.1183042761983342,1.0121231554731132,-0.11209308196460553,0.0044836076978969049,0.17945147045601154,-0.076990140574605154,-0.30034640444519189,0.6317576568681893,1.0442295934471522,-0.084225451375917512,0.10719484890922183,-0.085008282962064002
0.17697576698064485,-2.1138220243281585,0.76100384722009662,-0.0074889901065719137,-0.0066170493592415088,0.71240744634237374,-0.70169491952051333,-0.023275453768381971,0.24105796705178925,0.0062054424538003491,0.23090502094258,-0.2156125630414937,-0.26347030889974105,-0.073704745028193797,-0.26251170223646536,-0.078905940884738554,0.30439849030717148,-0.21673101708973588,0.18958761457946491,-0.054267981112208874,0.016130977337416818,0.090426090496323247,-0.22705765702755026,0.36306857520339636,-1.1183042761983342,1.0121231554731132,-0.11209308196460553,0.0044836076978969049,0.17945147045601154,-0.076990140574605154,-0.30034640444519189,0.6317576568681893,1.0442295934471522,-0.084225451375917512,0.10719484890922183,-0.085008282962064002
0.17697576698064485,-2.1138220243281585,0.76100384722009662,-0.0074889901065719137,-0.0066170493592415088,0.71240744634237374,-0.70169491952051333,-0.023275453768381971,0.24105796705178925,0.0062054424538003491,0.23090502094258,-0.2156125630414937,-0.26347030889974105,-0.073704745028193797,-0.26251170223646536,-0.078905940884738554,0.30439849030717148,-0.21673101708973588,0.18958761457946491,-0.054267981112208874,0.016130977337416818,0.090426090496323247,-0.22705765702755026,0.36306857520339636,-1.1183042761983342,1.0121231554731132,-0.11209308196460553,0.0044836076978969049,0.17945147045601154,-0.076990140574605154,-0.30034640444519189,0.6317576568681893,1.0442295934471522,-0.084225451375917512,0.10719484890922183,-0.085008282962064002
0.17697576698064485,-2.1138220243281585,0.76100384722009662,-0.0074889901065719137,-0.0066170493592415088,0.71240744634237374,-0.70169491952051333,-0.023275453768381971,0.24105796705178925,0.0062054424538003491,0.23090502094258,-0.2156125630414937,-0.26347030889974105,-0.073704745028193797,-0.26251170223646536,-0.078905940884738554,0.30439849030717148,-0.21673101708973588,0.18958761457946491,-0.054267981112208874,0.016130977337416818,0.090426090496323247,-0.22705765702755026,0.36306857520339636,-1.1183042761983342,1.0121231554731132,-0.11209308196460553,0.0044836076978969049,0.17945147045601154,-0.076990140574605154,-0.30034640444519189,0.6317576568681893,1.0442295934471522,-0.084225451375917512,0.10719484890922183,-0.085008282962064002
0.17697576698064485,-2.1138220243281585,0.76100384722009662,-0.0074889901065719137,-0.0066170493592415088,0.71240744634237374,-0.70169491952051333,-0.023275453768381971,0.24105796705178925,0.0062054424538003491,0.23090502094258,-0.2156125630414937,-0.26347030889974105,-0.073704745028193797,-0.26251170223646536,-0.078905940884738554,0.30439849030717148,-0.21673101708973588,0.18958761457946491,-0.054267981112208874,0.016130977337416818,0.090426090496323247,-0.22705765702755026,0.36306857520339636,-1.1183042761983342,1.0121231554731132,-0.11209308196460553,0.0044836076978969049,0.17945147045601154,-0.076990140574605154,-0.30034640444519189,0.6317576568681893,1.0442295934471522,-0.084225451375917512,0.10719484890922183,-0.085008282962064002
0.17697576698064485,-2.1138220243281585,0.76100384722009662,-0.0074889901065719137,-0.0066170493592415088,0.71240744634237374,-0.70169491952051333,-0.023275453768381971,0.24105796705178925,0.0062054424538003491,0.23090502094258,-0.2156125630414937,-0.26347030889974105,-0.073704745028193797,-0.26251170223646536,-0.078905940884738554,0.30439849030717148,-0.21673101708973588,0.18958761457946491,-0.054267981112208874,0.016130977337416818,0.090426090496323247,-0.22705765702755026,0.36306857520339636,-1.1183042761983342,1.0121231554731132,-0.11209308196460553,0.0044836076978969049,0.17945147045601154,-0.076990140574605154,-0.30034640444519189,0.6317576568681893,1.0442295934471522,-0.084225451375917512,0.10719484890922183,-0.085008282962064002
0.17697576698064485,-2.1138220243281585,0.76100384722009662,-0.0074889901065719137,-0.0066170493592415088,0.71240744634237374,-0.70169491952051333,-0.023275453768381971,0.24105796705178925,0.0062054424538003491,0.23090502094258,-0.2156125630414937,-0.26347030889974105,-0.073704745028193797,-0.26251170223646536,-0.078905940884738554,0.30439849030717148,-0.21673101708973588,0.18958761457946491,-0.054267981112208874,0.016130977337416818,0.090426090496323247,-0.22705765702755026,0.36306857520339636,-1.1183042761983342,1.0121231554731132,-0.11209308196460553,0.0044836076978969049,0.17945147045601154,-0.076990140574605154,-0.30034640444519189,0.6317576568681893,1.0442295934471522,-0.084225451375917512,0.10719484890922183,-0.085008282962064002
0.17697576698064485,-2.1138220243281585,0.76100384722009662,-0.0074889901065719137,-0.0066170493592415088,0.71240744634237374,-0.70169491952051333,-0.023275453768381971,0.24105796705178925,0.0062054424538003491,0.23090502094258,-0.2156125630414937,-0.26347030889974105,-0.073704745028193797,-0.26251170223646536,-0.078905940884738554,0.30439849030717148,-0.21673101708973588,0.18958761457946491,-0.054267981112208874,0.016130977337416818,0.090426090496323247,-0.22705765702755026,0.36306857520339636,-1.1183042761983342,1.0121231554731132,-0.11209308196460553,0.0044836076978969049,0.17945147045601154,-0.076990140574605154,-0.30034640444519189,0.6317576568681893,1.0442295934471522,-0.084225451375917512,0.10719484890922183,-0.085008282962064002
0.17697576698064485,-2.1138220243281585,0.76100384722009662,-0.0074889901065719137,-0.0066170493592415088,0.71240744634237374,-0.70169491952051333,-0.023275453768381971,0.24105796705178925,0.0062054424538003491,0.23090502094258,-0.2156125630414937,-0.26347030889974105,-0.073704745028193797,-0.26251170223646536,-0.078905940884738554,0.30439849030717148,-0.21673101708973588,0.18958761457946491,-0.054267981112208874,0.016130977337416818,0.090426090496323247,-0.22705765702755026,0.36306857520339636,-1.1183042761983342,1.0121231554731132,-0.11209308196460553,0.0044836076978969049,0.17945147045601154,-0.076990140574605154,-0.30034640444519189,0.6317576568681893,1.0442295934471522,-0.084225451375917512,0.10719484890922183,-0.085008282962064002
0.17697576698064485,-2.1138220243281585,0.76100384722009662,-0.0074889901065719137,-0.0066170493592415088,0.71240744634237374,-0.70169491952051333,-0.023275453768381971,0.24105796705178925,0.0062054424538003491,0.23090502094258,-0.2156125630414937,-0.26347030889974105,-0.073704745028193797,-0.26251170223646536,-0.078905940884738554,0.30439849030717148,-0.21673101708973588,0.18958761457946491,-0.054267981112208874,0.016130977337416818,0.090426090496323247,-0.22705765702755026,0.36306857520339636,-1.1183042761983342,1.0121231554731132,-0.11209308196460553,0.0044836076978969049,0.17945147045601154,-0.076990140574605154,-0.30034640444519189,0.6317576568681893,1.0442295934471522,-0.084225451375917512,0.10719484890922183,-0.085008282962064002
0.17697576698064485,-2.1138220243281585,0.76100384722009662,-0.0074889901065719137,-0.0066170493592415088,0.71240744634237374,-0.70169491952051333,-0.023275453768381971,0.24105796705178925,0.0062054424538003491,0.23090502094258,-0.2156125630414937,-0.26347030889974105,-0.073704745028193797,-0.26251170223646536,-0.078905940884738554,0.30439849030717148,-0.21673101708973588,0.18958761457946491,-0.054267981112208874,0.016130977337416818,0.090426090496323247,-0.22705765702755026,0.36306857520339636,-1.1183042761983342,1.0121231554731132,-0.11209308196460553,0.0044836076978969049,0.17945147045601154,-0.076990140574605154,-0.30034640444519189,0.6317576568681893,1.0442295934471522,-0.084225451375917512,0.10719484890922183,-0.085008282962064002
0.17697576698064485,-2.1138220243281585,0.76100384722009662,-0.0074889901065719137,-0.0066170493592415088,0.71240744634237374,-0.70169491952051333,-0.023275453768381971,0.24105796705178925,0.0062054424538003491,0.23090502094258,-0.2156125630414937,-0.26347030889974105,-0.073704745028193797,-0.26251170223646536,-0.078905940884738554,0.30439849030717148,-0.21673101708973588,0.18958761457946491,-0.054267981112208874,0.016130977337416818,0.090426090496323247,-0.22705765702755026,0.36306857520339636,-1.1183042761983342,1.0121231554731132,-0.11209308196460553,0.0044836076978969049,0.17945147045601154,-0.076990140574605154,-0.30034640444519189,0.6317576568681893,1.0442295934471522,-0.084225451375917512,0.10719484890922183,-0.085008282962064002
0.17697576698064485,-2.1138220243281585,0.76100384722009662,-0.0074889901065719137,-0.0066170493592415088,0.71240744634237374,-0.70169491952051333,-0.023275453768381971,0.24105796705178925,0.0062054424538003491,0.23090502094258,-0.2156125630414937,-0.26347030889974105,-0.073704745028193797,-0.26251170223646536,-0.078905940884738554,0.30439849030717148,-0.21673101708973588,0.18958761457946491,-0.054267981112208874,0.016130977337416818,0.090426090496323247,-0.22705765702755026,0.36306857520339636,-1.1183042761983342,1.0121231554731132,-0.11209308196460553,0.0044836076978969049,0.17945147045601154,-0.076990140574605154,-0.30034640444519189,0.6317576568681893,1.0442295934471522,-0.084225451375917512,0.10719484890922183,-0.085008282962064002
0.17697576698064485,-2.1138220243281585,0.76100384722009662,-0.0074889901065719137,-0.0066170493592415088,0.71240744634237374,-0.70169491952051333,-0.023275453768381971,0.24105796705178925,0.0062054424538003491,0.23090502094258,-0.2156125630414937,-0.26347030889974105,-0.073704745028193797,-0.26251170223646536,-0.078905940884738554,0.30439849030717148,-0.21673101708973588,0.18958761457946491,-0.054267981112208874,0.016130977337416818,0.090426090496323247,-0.22705765702755026,0.36306857520339636,-1.1183042761983342,1.0121231554731132,-0.11209308196460553,0.0044836076978969049,0.17945147045601154,-0.076990140574605154,-0.30034640444519189,0.6317576568681893,1.0442295934471522,-0.084225451375917512,0.10719484890922183,-0.085008282962064002
0.17697576698064485,-2.1138220243281585,0.76100384722009662,-0.0074889901065719137,-0.0066170493592415088,0.71240744634237374,-0.70169491952051333,-0.023275453768381971,0.24105796705178925,0.0062054424538003491,0.23090502094258,-0.2156125630414937,-0.26347030889974105,-0.073704745028193797,-0.26251170223646536,-0.078905940884738554,0.30439849030717148,-0.21673101708973588,0.18958761457946491,-0.054267981112208874,0.016130977337416818,0.090426090496323247,-0.22705765702755026,0.36306857520339636,-1.1183042761983342,1.0121231554731132,-0.11209308196460553,0.0044836076978969049,0.17945147045601154,-0.076990140574605154,-0.30034640444519189,0.6317576568681893,1.0442295934471522,-0.084225451375917512,0.10719484890922183,-0.085008282962064002
0.17697576698064485,-2.1138220243281585,0.76100384722009662,-0.0074889901065719137,-0.0066170493592415088,0.71240744634237374,-0.70169491952051333,-0.023275453768381971,0.24105796705178925,0.0062054424538003491,0.23090502094258,-0.2156125630414937,-0.26347030889974105,-0.073704745028193797,-0.26251170223646536,-0.078905940884738554,0.30439849030717148,-0.21673101708973588,0.18958761457946491,-0.054267981112208874,0.016130977337416818,0.090426090496323247,-0.22705765702755026,0.36306857520339636,-1.1183042761983342,1.0121231554731132,-0.11209308196460553,0.0044836076978969049,0.17945147045601154,-0.076990140574605154,-0.30034640444519189,0.6317576568681893,1.0442295934471522,-0.084225451375917512,0.10719484890922183,-0.085008282962064002
0.17697576698064485,-2.1138220243281585,0.76100384722009662,-0.0074889901065719137,-0.0066170493592415088,0.71240744634237374,-0.70169491952051333,-0.023275453768381971,0.24105796705178925,0.0062054424538003491,0.23090502094258,-0.2156125630414937,-0.26347030889974105,-0.073704745028193797,-0.26251170223646536,-0.078905940884738554,0.30439849030717148,-0.21673101708973588,0.18958761457946491,-0.054267981112208874,0.016130977337416818,0.090426090496323247,-0.22705765702755026,0.36306857520339636,-1.1183042761983342,1.0121231554731132,-0.11209308196460553,0.0044836076978969049,0.17945147045601154,-0.076990140574605154,-0.30034640444519189,0.6317576568681893,1.0442295934471522,-0.084225451375917512,0.10719484890922183,-0.085008282962064002
0.17697576698064485,-2.1138220243281585,0.76100384722009662,-0.0074889901065719137,-0.0066170493592415088,0.71240744634237374,-0.70169491952051333,-0.023275453768381971,0.24105796705178925,0.0062054424538003491,0.23090502094258,-0.2156125630414937,-0.26347030889974105,-0.073704745028193797,-0.26251170223646536,-0.078905940884738554,0.30439849030717148,-0.21673101708973588,0.18958761457946491,-0.054267981112208874,0.016130977337416818,0.090426090496323247,-0.22705765702755026,0.36306857520339636,-1.1183042761983342,1.0121231554731132,-0.11209308196460553,0.0044836076978969049,0.17945147045601154,-0.076990140574605154,-0.30034640444519189,0.6317576568681893,1.0442295934471522,-0.084225451375917512,0.10719484890922183,-0.085008282962064002
0.17697576698064485,-2.1138220243281585,0.76100384722009662,-0.0074889901065719137,-0.0066170493592415088,0.71240744634237374,-0.70169491952051333,-0.023275453768381971,0.24105796705178925,0.0062054424538003491,0.23090502094258,-0.2156125630414937,-0.26347030889974105,-0.073704745028193797,-0.26251170223646536,-0.078905940884738554,0.30439849030717148,-0.21673101708973588,0.18958761457946491,-0.054267981112208874,0.016130977337416818,0.090426090496323247,-0.22705765702755026,0.36306857520339636,-1.1183042761983342,1.0121231554731132,-0.11209308196460553,0.0044836076978969049,0.17945147045601154,-0.076990140574605154,-0.30034640444519189,0.6317576568681893,1.0442295934471522,-0.084225451375917512,0.10719484890922183,-0.085008282962064002
0.17697576698064485,-2.1138220243281585,0.76100384722009662,-0.0074889901065719137,-0.0066170493592415088,0.71240744634237374,-0.70169491952051333,-0.023275453768381971,0.24105796705178925,0.0062054424538003491,0.23090502094258,-0.2156125630414937,-0.26347030889974105,-0.073704745028193797,-0.26251170223646536,-0.078905940884738554,0.30439849030717148,-0.21673101708973588,0.18958761457946491,-0.054267981112208874,0.016130977337416818,0.090426090496323247,-0.22705765702755026,0.36306857520339636,-1.1183042761983342,1.0121231554731132,-0.11209308196460553,0.0044836076978969049,0.17945147045601154,-0.076990140574605154,-0.30034640444519189,0.6317576568681893,1.0442295934471522,-0.084225451375917512,0.10719484890922183,-0.085008282962064002
0.17697576698064485,-2.1138220243281585,0.76100384722009662,-0.0074889901065719137,-0.0066170493592415088,0.71240744634237374,-0.70169491952051333,-0.023275453768381971,0.24105796705178925,0.0062054424538003491,0.23090502094258,-0.2156125630414937,-0.26347030889974105,-0.073704745028193797,-0.26251170223646536,-0.078905940884738554,0.30439849030717148,-0.21673101708973588,0.18958761457946491,-0.054267981112208874,0.016130977337416818,0.090426090496323247,-0.22705765702755026,0.36306857520339636,-1.1183042761983342,1.0121231554731132,-0.11209308196460553,0.0044836076978969049,0.17945147045601154,-0.076990140574605154,-0.30034640444519189,0.6317576568681893,1.0442295934471522,-0.084225451375917512,0.10719484890922183,-0.085008282962064002
0.17697576698064485,-2.1138220243281585,0.76100384722009662,-0.0074889901065719137,-0.0066170493592415088,0.71240744634237374,-0.70169491952051333,-0.023275453768381971,0.24105796705178925,0.0062054424538003491,0.23090502094258,-0.2156125630414937,-0.26347030889974105,-0.073704745028193797,-0.26251170223646536,-0.078905940884738554,0.30439849030717148,-0.21673101708973588,0.18958761457946491,-0.054267981112208874,0.016130977337416818,0.090426090496323247,-0.22705765702755026,0.36306857520339636,-1.1183042761983342,1.0121231554731132,-0.11209308196460553,0.0044836076978969049,0.17945147045601154,-0.076990140574605154,-0.30034640444519189,0.6317576568681893,1.0442295934471522,-0.084225451375917512,0.10719484890922183,-0.085008282962064002
0.17697576698064485,-2.1138220243281585,0.76100384722009662,-0.0074889901065719137,-0.0066170493592415088,0.71240744634237374,-0.70169491952051333,-0.023275453768381971,0.24105796705178925,0.0062054424538003491,0.23090502094258,-0.2156125630414937,-0.26347030889974105,-0.073704745028193797,-0.26251170223646536,-0.078905940884738554,0.30439849030717148,-0.21673101708973588,0.18958761457946491,-0.054267981112208874,0.016130977337416818,0.090426090496323247,-0.22705765702755026,0.36306857520339636,-1.1183042761983342,1.0121231554731132,-0.11209308196460553,0.0044836076978969049,0.17945147045601154,-0.076990140574605154,-0.30034640444519189,0.6317576568681893,1.0442295934471522,-0.084225451375917512,0.10719484890922183,-0.085008282962064002
0.17697576698064485,-2.1138220243281585,0.76100384722009662,-0.0074889901065719137,-0.0066170493592415088,0.71240744634237374,-0.70169491952051333,-0.023275453768381971,0.24105796705178925,0.0062054424538003491,0.23090502094258,-0.2156125630414937,-0.26347030889974105,-0.073704745028193797,-0.26251170223646536,-0.078905940884738554,0.30439849030717148,-0.21673101708973588,0.18958761457946491,-0.054267981112208874,0.016130977337416818,0.090426090496323247,-0.22705765702755026,0.36306857520339636,-1.1183042761983342,1.0121231554731132,-0.11209308196460553,0.0044836076978969049,0.17945147045601154,-0.076990140574605154,-0.30034640444519189,0.6317576568681893,1.0442295934471522,-0.084225451375917512,0.10719484890922183,-0.085008282962064002
0.17697576698064485,-2.1138220243281585,0.76100384722009662,-0.0074889901065719137,-0.0066170493592415088,0.71240744634237374,-0.70169491952051333,-0.023275453768381971,0.24105796705178925,0.0062054424538003491,0.23090502094258,-0.2156125630414937,-0.26347030889974105,-0.073704745028193797,-0.26251170223646536,-0.078905940884738554,0.30439849030717148,-0.21673101708973588,0.18958761457946491,-0.054267981112208874,0.016130977337416818,0.090426090496323247,-0.22705765702755026,0.36306857520339636,-1.1183042761983342,1.0121231554731132,-0.11209308196460553,0.0044836076978969049,0.17945147045601154,-0.076990140574605154,-0.30034640444519189,0.6317576568681893,1.0442295934471522,-0.084225451375917512,0.10719484890922183,-0.085008282962064002
0.17697576698064485,-2.1138220243281585,0.76100384722009662,-0.0074889901065719137,-0.0066170493592415088,0.71240744634237374,-0.70169491952051333,-0.023275453768381971,0.24105796705178925,0.0062054424538003491,0.23090502094258,-0.2156125630414937,-0.26347030889974105,-0.073704745028193797,-0.26251170223646536,-0.078905940884738554,0.30439849030717148,-0.21673101708973588,0.18958761457946491,-0.054267981112208874,0.016130977337416818,0.090426090496323247,-0.22705765702755026,0.36306857520339636,-1.1183042761983342,1.0121231554731132,-0.11209308196460553,0.0044836076978969049,0.17945147045601154,-0.076990140574605154,-0.30034640444519189,0.6317576568681893,1.0442295934471522,-0.084225451375917512,0.10719484890922183,-0.085008282962064002
0.17697576698064485,-2.1138220243281585,0.76100384722009662,-0.0074889901065719137,-0.0066170493592415088,0.71240744634237374,-0.70169491952051333,-0.023275453768381971,0.24105796705178925,0.0062054424538003491,0.23090502094258,-0.2156125630414937,-0.26347030889974105,-0.073704745028193797,-0.26251170223646536,-0.078905940884738554,0.30439849030717148,-0.21673101708973588,0.18958761457946491,-0.054267981112208874,0.016130977337416818,0.090426090496323247,-0.22705765702755026,0.36306857520339636,-1.1183042761983342,1.0121231554731132,-0.11209308196460553,0.0044836076978969049,0.17945147045601154,-0.076990140574605154,-0.30034640444519189,0.6317576568681893,1.0442295934471522,-0.084225451375917512,0.10719484890922183,-0.085008282962064002
0.17697576698064485,-2.1138220243281585,0.76100384722009662,-0.0074889901065719137,-0.0066170493592415088,0.71240744634237374,-0.70169491952051333,-0.023275453768381971,0.24105796705178925,0.0062054424538003491,0.23090502094258,-0.2156125630414937,-0.26347030889974105,-0.073704745028193797,-0.26251170223646536,-0.078905940884738554,0.30439849030717148,-0.21673101708973588,0.18958761457946491,-0.054267981112208874,0.016130977337416818,0.090426090496323247,-0.22705765702755026,0.36306857520339636,-1.1183042761983342,1.0121231554731132,-0.11209308196460553,0.0044836076978969049,0.17945147045601154,-0.076990140574605154,-0.30034640444519189,0.6317576568681893,1.0442295934471522,-0.084225451375917512,0.10719484890922183,-0.085008282962064002
0.17697576698064485,-2.1138220243281585,0.76100384722009662,-0.0074889901065719137,-0.0066170493592415088,0.71240744634237374,-0.70169491952051333,-0.023275453768381971,0.24105796705178925,0.0062054424538003491,0.23090502094258,-0.2156125630414937,-0.26347030889974105,-0.073704745028193797,-0.26251170223646536,-0.078905940884738554,0.30439849030717148,-0.21673101708973588,0.18958761457946491,-0.054267981112208874,0.016130977337416818,0.090426090496323247,-0.22705765702755026,0.36306857520339636,-1.1183042761983342,1.0121231554731132,-0.11209308196460553,0.0044836076978969049,0.17945147045601154,-0.076990140574605154,-0.30034640444519189,0.6317576568681893,1.0442295934471522,-0.084225451375917512,0.10719484890922183,-0.085008282962064002
0.17697576698064485,-2.1138220243281585,0.76100384722009662,-0.0074889901065719137,-0.0066170493592415088,0.71240744634237374,-0.70169491952051333,-0.023275453768381971,0.24105796705178925,0.0062054424538003491,0.23090502094258,-0.2156125630414937,-0.26347030889974105,-0.073704745028193797,-0.26251170223646536,-0.078905940884738554,0.30439849030717148,-0.21673101708973588,0.18958761457946491,-0.054267981112208874,0.016130977337416818,0.090426090496323247,-0.22705765702755026,0.36306857520339636,-1.1183042761983342,1.0121231554731132,-0.11209308196460553,0.0044836076978969049,0.17945147045601154,-0.076990140574605154,-0.30034640444519189,0.6317576568681893,1.0442295934471522,-0.084225451375917512,0.10719484890922183,-0.085008282962064002
0.17697576698064485,-2.1138220243281585,0.76100384722009662,-0.0074889901065719137,-0.0066170493592415088,0.71240744634237374,-0.70169491952051333,-0.023275453768381971,0.24105796705178925,0.0062054424538003491,0.23090502094258,-0.2156125630414937,-0.26347030889974105,-0.073704745028193797,-0.26251170223646536,-0.078905940884738554,0.30439849030717148,-0.21673101708973588,0.18958761457946491,-0.054267981112208874,0.016130977337416818,0.090426090496323247,-0.22705765702755026,0.36306857520339636,-1.1183042761983342,1.0121231554731132,-0.11209308196460553,0.0044836076978969049,0.17945147045601154,-0.076990140574605154,-0.30034640444519189,0.6317576568681893,1.0442295934471522,-0.084225451375917512,0.10719484890922183,-0.085008282962064002
0.17697576698064485,-2.1138220243281585,0.76100384722009662,-0.0074889901065719137,-0.0066170493592415088,0.71240744634237374,-0.70169491952051333,-0.023275453768381971,0.24105796705178925,0.0062054424538003491,0.23090502094258,-0.2156125630414937,-0.26347030889974105,-0.073704745028193797,-0.26251170223646536,-0.078905940884738554,0.30439849030717148,-0.21673101708973588,0.18958761457946491,-0.054267981112208874,0.016130977337416818,0.090426090496323247,-0.22705765702755026,0.36306857520339636,-1.1183042761983342,1.0121231554731132,-0.11209308196460553,0.0044836076978969049,0.17945147045601154,-0.076990140574605154,-0.30034640444519189,0.6317576568681893,1.0442295934471522,-0.084225451375917512,0.10719484890922183,-0.085008282962064002
0.17697576698064485,-2.1138220243281585,0.76100384722009662,-0.0074889901065719137,-0.0066170493592415088,0.71240744634237374,-0.70169491952051333,-0.023275453768381971,0.24105796705178925,0.0062054424538003491,0.23090502094258,-0.2156125630414937,-0.26347030889974105,-0.073704745028193797,-0.26251170223646536,-0.078905940884738554,0.30439849030717148,-0.21673101708973588,0.18958761457946491,-0.054267981112208874,0.016130977337416818,0.090426090496323247,-0.22705765702755026,0.36306857520339636,-1.1183042761983342,1.0121231554731132,-0.11209308196460553,0.0044836076978969049,0.17945147045601154,-0.076990140574605154,-0.30034640444519189,0.6317576568681893,1.0442295934471522,-0.084225451375917512,0.10719484890922183,-0.085008282962064002
0.17697576698064485,-2.1138220243281585,0.76100384722009662,-0.0074889901065719137,-0.0066170493592415088,0.71240744634237374,-0.70169491952051333,-0.023275453768381971,0.24105796705178925,0.0062054424538003491,0.23090502094258,-0.2156125630414937,-0.26347030889974105,-0.073704745028193797,-0.26251170223646536,-0.078905940884738554,0.30439849030717148,-0.21673101708973588,0.18958761457946491,-0.054267981112208874,0.016130977337416818,0.090426090496323247,-0.22705765702755026,0.36306857520339636,-1.1183042761983342,1.0121231554731132,-0.11209308196460553,0.0044836076978969049,0.17945147045601154,-0.076990140574605154,-0.30034640444519189,0.6317576568681893,1.0442295934471522,-0.084225451375917512,0.10719484890922183,-0.085008282962064002
0.17697576698064485,-2.1138220243281585,0.76100384722009662,-0.0074889901065719137,-0.0066170493592415088,0.71240744634237374,-0.70169491952051333,-0.023275453768381971,0.24105796705178925,0.0062054424538003491,0.23090502094258,-0.2156125630414937,-0.26347030889974105,-0.073704745028193797,-0.26251170223646536,-0.078905940884738554,0.30439849030717148,-0.21673101708973588,0.18958761457946491,-0.054267981112208874,0.016130977337416818,0.090426090496323247,-0.22705765702755026,0.36306857520339636,-1.1183042761983342,1.0121231554731132,-0.11209308196460553,0.0044836076978969049,0.17945147045601154,-0.076990140574605154,-0.30034640444519189,0.6317576568681893,1.0442295934471522,-0.084225451375917512,0.10719484890922183,-0.085008282962064002
0.17697576698064485,-2.1138220243281585,0.76100384722009662,-0.0074889901065719137,-0.0066170493592415088,0.71240744634237374,-0.70169491952051333,-0.023275453768381971,0.24105796705178925,0.0062054424538003491,0.23090502094258,-0.2156125630414937,-0.26347030889974105,-0.073704745028193797,-0.26251170223646536,-0.078905940884738554,0.30439849030717148,-0.21673101708973588,0.18958761457946491,-0.054267981112208874,0.016130977337416818,0.090426090496323247,-0.22705765702755026,0.36306857520339636,-1.1183042761983342,1.0121231554731132,-0.11209308196460553,0.0044836076978969049,0.17945147045601154,-0.076990140574605154,-0.30034640444519189,0.6317576568681893,1.0442295934471522,-0.084225451375917512,0.10719484890922183,-0.085008282962064002
0.17697576698064485,-2.1138220243281585,0.76100384722009662,-0.0074889901065719137,-0.0066170493592415088,0.71240744634237374,-0.70169491952051333,-0.023275453768381971,0.24105796705178925,0.0062054424538003491,0.23090502094258,-0.2156125630414937,-0.26347030889974105,-0.073704745028193797,-0.26251170223646536,-0.078905940884738554,0.30439849030717148,-0.21673101708973588,0.18958761457946491,-0.054267981112208874,0.016130977337416818,0.090426090496323247,-0.22705765702755026,0.36306857520339636,-1.1183042761983342,1.0121231554731132,-0.11209308196460553,0.0044836076978969049,0.17945147045601154,-0.076990140574605154,-0.30034640444519189,0.6317576568681893,1.0442295934471522,-0.084225451375917512,0.10719484890922183,-0.085008282962064002
0.17697576698064485,-2.1138220243281585,0.76100384722009662,-0.0074889901065719137,-0.0066170493592415088,0.71240744634237374,-0.70169491952051333,-0.023275453768381971,0.24105796705178925,0.0062054424538003491,0.23090502094258,-0.2156125630414937,-0.26347030889974105,-0.073704745028193797,-0.26251170223646536,-0.078905940884738554,0.30439849030717148,-0.21673101708973588,0.18958761457946491,-0.054267981112208874,0.016130977337416818,0.090426090496323247,-0.22705765702755026,0.36306857520339636,-1.1183042761983342,1.0121231554731132,-0.11209308196460553,0.0044836076978969049,0.17945147045601154,-0.076990140574605154,-0.30034640444519189,0.6317576568681893,1.0442295934471522,-0.084225451375917512,0.10719484890922183,-0.085008282962064002
0.17697576698064485,-2.1138220243281585,0.76100384722009662,-0.0074889901065719137,-0.0066170493592415088,0.71240744634237374,-0.70169491952051333,-0.023275453768381971,0.24105796705178925,0.0062054424538003491,0.23090502094258,-0.2156125630414937,-0.26347030889974105,-0.073704745028193797,-0.26251170223646536,-0.078905940884738554,0.30439849030717148,-0.21673101708973588,0.18958761457946491,-0.054267981112208874,0.016130977337416818,0.090426090496323247,-0.22705765702755026,0.36306857520339636,-1.1183042761983342,1.0121231554731132,-0.11209308196460553,0.0044836076978969049,0.17945147045601154,-0.076990140574605154,-0.30034640444519189,0.6317576568681893,1.0442295934471522,-0.084225451375917512,0.10719484890922183,-0.085008282962064002
0.17697576698064485,-2.1138220243281585,0.76100384722009662,-0.0074889901065719137,-0.0066170493592415088,0.71240744634237374,-0.70169491952051333,-0.023275453768381971,0.24105796705178925,0.0062054424538003491,0.23090502094258,-0.2156125630414937,-0.26347030889974105,-0.073704745028193797,-0.26251170223646536,-0.078905940884738554,0.30439849030717148,-0.21673101708973588,0.18958761457946491,-0.054267981112208874,0.016130977337416818,0.090426090496323247,-0.22705765702755026,0.36306857520339636,-1.1183042761983342,1.0121231554731132,-0.11209308196460553,0.0044836076978969049,0.17945147045601154,-0.076990140574605154,-0.30034640444519189,0.6317576568681893,1.0442295934471522,-0.084225451375917512,0.10719484890922183,-0.085008282962064002
0.17697576698064485,-2.1138220243281585,0.76100384722009662,-0.0074889901065719137,-0.0066170493592415088,0.71240744634237374,-0.70169491952051333,-0.023275453768381971,0.24105796705178925,0.0062054424538003491,0.23090502094258,-0.2156125630414937,-0.26347030889974105,-0.073704745028193797,-0.26251170223646536,-0.078905940884738554,0.30439849030717148,-0.21673101708973588,0.18958761457946491,-0.054267981112208874,0.016130977337416818,0.090426090496323247,-0.22705765702755026,0.36306857520339636,-1.1183042761983342,1.0121231554731132,-0.11209308196460553,0.0044836076978969049,0.17945147045601154,-0.076990140574605154,-0.30034640444519189,0.6317576568681893,1.0442295934471522,-0.084225451375917512,0.10719484890922183,-0.085008282962064002
0.17697576698064485,-2.1138220243281585,0.76100384722009662,-0.0074889901065719137,-0.0066170493592415088,0.71240744634237374,-0.70169491952051333,-0.023275453768381971,0.24105796705178925,0.0062054424538003491,0.23090502094258,-0.2156125630414937,-0.26347030889974105,-0.073704745028193797,-0.26251170223646536,-0.078905940884738554,0.30439849030717148,-0.21673101708973588,0.18958761457946491,-0.054267981112208874,0.016130977337416818,0.090426090496323247,-0.22705765702755026,0.36306857520339636,-1.1183042761983342,1.0121231554731132,-0.11209308196460553,0.0044836076978969049,0.17945147045601154,-0.076990140574605154,-0.30034640444519189,0.6317576568681893,1.0442295934471522,-0.084225451375917512,0.10719484890922183,-0.085008282962064002
0.17697576698064485,-2.1138220243281585,0.76100384722009662,-0.0074889901065719137,-0.0066170493592415088,0.71240744634237374,-0.70169491952051333,-0.023275453768381971,0.24105796705178925,0.0062054424538003491,0.23090502094258,-0.2156125630414937,-0.26347030889974105,-0.073704745028193797,-0.26251170223646536,-0.078905940884738554,0.30439849030717148,-0.21673101708973588,0.18958761457946491,-0.054267981112208874,0.016130977337416818,0.090426090496323247,-0.22705765702755026,0.36306857520339636,-1.1183042761983342,1.0121231554731132,-0.11209308196460553,0.0044836076978969049,0.17945147045601154,-0.076990140574605154,-0.30034640444519189,0.6317576568681893,1.0442295934471522,-0.084225451375917512,0.10719484890922183,-0.085008282962064002
0.17697576698064485,-2.1138220243281585,0.76100384722009662,-0.0074889901065719137,-0.0066170493592415088,0.71240744634237374,-0.70169491952051333,-0.023275453768381971,0.24105796705178925,0.0062054424538003491,0.23090502094258,-0.2156125630414937,-0.26347030889974105,-0.073704745028193797,-0.26251170223646536,-0.078905940884738554,0.30439849030717148,-0.21673101708973588,0.18958761457946491,-0.054267981112208874,0.016130977337416818,0.090426090496323247,-0.22705765702755026,0.36306857520339636,-1.1183042761983342,1.0121231554731132,-0.11209308196460553,0.0044836076978969049,0.17945147045601154,-0.076990140574605154,-0.30034640444519189,0.6317576568681893,1.0442295934471522,-0.084225451375917512,0.10719484890922183,-0.085008282962064002
0.17697576698064485,-2.1138220243281585,0.76100384722009662,-0.0074889901065719137,-0.0066170493592415088,0.71240744634237374,-0.70169491952051333,-0.023275453768381971,0.24105796705178925,0.0062054424538003491,0.23090502094258,-0.2156125630414937,-0.26347030889974105,-0.073704745028193797,-0.26251170223646536,-0.078905940884738554,0.30439849030717148,-0.21673101708973588,0.18958761457946491,-0.054267981112208874,0.016130977337416818,0.090426090496323247,-0.22705765702755026,0.36306857520339636,-1.1183042761983342,1.0121231554731132,-0.11209308196460553,0.0044836076978969049,0.17945147045601154,-0.076990140574605154,-0.30034640444519189,0.6317576568681893,1.0442295934471522,-0.084225451375917512,0.10719484890922183,-0.085008282962064002
0.17697576698064485,-2.1138220243281585,0.76100384722009662,-0.0074889901065719137,-0.0066170493592415088,0.71240744634237374,-0.70169491952051333,-0.023275453768381971,0.24105796705178925,0.0062054424538003491,0.23090502094258,-0.2156125630414937,-0.26347030889974105,-0.073704745028193797,-0.26251170223646536,-0.078905940884738554,0.30439849030717148,-0.21673101708973588,0.18958761457946491,-0.054267981112208874,0.016130977337416818,0.090426090496323247,-0.22705765702755026,0.36306857520339636,-1.1183042761983342,1.0121231554731132,-0.11209308196460553,0.0044836076978969049,0.17945147045601154,-0.076990140574605154,-0.30034640444519189,0.6317576568681893,1.0442295934471522,-0.084225451375917512,0.10719484890922183,-0.085008282962064002
0.17697576698064485,-2.1138220243281585,0.76100384722009662,-0.0074889901065719137,-0.0066170493592415088,0.71240744634237374,-0.70169491952051333,-0.023275453768381971,0.24105796705178925,0.0062054424538003491,0.23090502094258,-0.2156125630414937,-0.26347030889974105,-0.073704745028193797,-0.26251170223646536,-0.078905940884738554,0.30439849030717148,-0.21673101708973588,0.18958761457946491,-0.054267981112208874,0.016130977337416818,0.090426090496323247,-0.22705765702755026,0.36306857520339636,-1.1183042761983342,1.0121231554731132,-0.11209308196460553,0.0044836076978969049,0.17945147045601154,-0.076990140574605154,-0.30034640444519189,0.6317576568681893,1.0442295934471522,-0.084225451375917512,0.10719484890922183,-0.085008282962064002
0.17697576698064485,-2.1138220243281585,0.76100384722009662,-0.0074889901065719137,-0.0066170493592415088,0.71240744634237374,-0.70169491952051333,-0.023275453768381971,0.24105796705178925,0.0062054424538003491,0.23090502094258,-0.2156125630414937,-0.26347030889974105,-0.073704745028193797,-0.26251170223646536,-0.078905940884738554,0.30439849030717148,-0.21673101708973588,0.18958761457946491,-0.054267981112208874,0.016130977337416818,0.090426090496323247,-0.22705765702755026,0.36306857520339636,-1.1183042761983342,1.0121231554731132,-0.11209308196460553,0.0044836076978969049,0.17945147045601154,-0.076990140574605154,-0.30034640444519189,0.6317576568681893,1.0442295934471522,-0.084225451375917512,0.10719484890922183,-0.085008282962064002
0.17697576698064485,-2.1138220243281585,0.76100384722009662,-0.0074889901065719137,-0.0066170493592415088,0.71240744634237374,-0.70169491952051333,-0.023275453768381971,0.24105796705178925,0.0062054424538003491,0.23090502094258,-0.2156125630414937,-0.26347030889974105,-0.073704745028193797,-0.26251170223646536,-0.078905940884738554,0.30439849030717148,-0.21673101708973588,0.18958761457946491,-0.054267981112208874,0.016130977337416818,0.090426090496323247,-0.22705765702755026,0.36306857520339636,-1.1183042761983342,1.0121231554731132,-0.11209308196460553,0.0044836076978969049,0.17945147045601154,-0.076990140574605154,-0.30034640444519189,0.6317576568681893,1.0442295934471522,-0.084225451375917512,0.10719484890922183,-0.085008282962064002
0.17697576698064485,-2.1138220243281585,0.76100384722009662,-0.0074889901065719137,-0.0066170493592415088,0.71240744634237374,-0.70169491952051333,-0.023275453768381971,0.24105796705178925,0.0062054424538003491,0.23090502094258,-0.2156125630414937,-0.26347030889974105,-0.073704745028193797,-0.26251170223646536,-0.078905940884738554,0.30439849030717148,-0.21673101708973588,0.18958761457946491,-0.054267981112208874,0.016130977337416818,0.090426090496323247,-0.22705765702755026,0.36306857520339636,-1.1183042761983342,1.0121231554731132,-0.11209308196460553,0.0044836076978969049,0.17945147045601154,-0.076990140574605154,-0.30034640444519189,0.6317576568681893,1.0442295934471522,-0.084225451375917512,0.10719484890922183,-0.085008282962064002
0.17697576698064485,-2.1138220243281585,0.76100384722009662,-0.0074889901065719137,-0.0066170493592415088,0.71240744634237374,-0.70169491952051333,-0.023275453768381971,0.24105796705178925,0.0062054424538003491,0.23090502094258,-0.2156125630414937,-0.26347030889974105,-0.073704745028193797,-0.26251170223646536,-0.078905940884738554,0.30439849030717148,-0.21673101708973588,0.18958761457946491,-0.054267981112208874,0.016130977337416818,0.090426090496323247,-0.22705765702755026,0.36306857520339636,-1.1183042761983342,1.0121231554731132,-0.11209308196460553,0.0044836076978969049,0.17945147045601154,-0.076990140574605154,-0.30034640444519189,0.6317576568681893,1.0442295934471522,-0.084225451375917512,0.10719484890922183,-0.085008282962064002
0.17697576698064485,-2.1138220243281585,0.76100384722009662,-0.0074889901065719137,-0.0066170493592415088,0.71240744634237374,-0.70169491952051333,-0.023275453768381971,0.24105796705178925,0.0062054424538003491,0.23090502094258,-0.2156125630414937,-0.26347030889974105,-0.073704745028193797,-0.26251170223646536,-0.078905940884738554,0.30439849030717148,-0.21673101708973588,0.18958761457946491,-0.054267981112208874,0.016130977337416818,0.090426090496323247,-0.22705765702755026,0.36306857520339636,-1.1183042761983342,1.0121231554731132,-0.11209308196460553,0.0044836076978969049,0.17945147045601154,-0.076990140574605154,-0.30034640444519189,0.6317576568681893,1.0442295934471522,-0.084225451375917512,0.10719484890922183,-0.085008282962064002
0.17697576698064485,-2.1138220243281585,0.76100384722009662,-0.0074889901065719137,-0.0066170493592415088,0.71240744634237374,-0.70169491952051333,-0.023275453768381971,0.24105796705178925,0.0062054424538003491,0.23090502094258,-0.2156125630414937,-0.26347030889974105,-0.073704745028193797,-0.26251170223646536,-0.078905940884738554,0.30439849030717148,-0.21673101708973588,0.18958761457946491,-0.054267981112208874,0.016130977337416818,0.090426090496323247,-0.22705765702755026,0.36306857520339636,-1.1183042761983342,1.0121231554731132,-0.11209308196460553,0.0044836076978969049,0.17945147045601154,-0.076990140574605154,-0.30034640444519189,0.6317576568681893,1.0442295934471522,-0.084225451375917512,0.10719484890922183,-0.085008282962064002
0.17697576698064485,-2.1138220243281585,0.76100384722009662,-0.0074889901065719137,-0.0066170493592415088,0.71240744634237374,-0.70169491952051333,-0.023275453768381971,0.24105796705178925,0.0062054424538003491,0.23090502094258,-0.2156125630414937,-0.26347030889974105,-0.073704745028193797,-0.26251170223646536,-0.078905940884738554,0.30439849030717148,-0.21673101708973588,0.18958761457946491,-0.054267981112208874,0.016130977337416818,0.090426090496323247,-0.22705765702755026,0.36306857520339636,-1.1183042761983342,1.0121231554731132,-0.11209308196460553,0.0044836076978969049,0.17945147045601154,-0.076990140574605154,-0.30034640444519189,0.6317576568681893,1.0442295934471522,-0.084225451375917512,0.10719484890922183,-0.085008282962064002
0.17697576698064485,-2.1138220243281585,0.76100384722009662,-0.0074889901065719137,-0.0066170493592415088,0.71240744634237374,-0.70169491952051333,-0.023275453768381971,0.24105796705178925,0.0062054424538003491,0.23090502094258,-0.2156125630414937,-0.26347030889974105,-0.073704745028193797,-0.26251170223646536,-0.078905940884738554,0.30439849030717148,-0.21673101708973588,0.18958761457946491,-0.054267981112208874,0.016130977337416818,0.090426090496323247,-0.22705765702755026,0.36306857520339636,-1.1183042761983342,1.0121231554731132,-0.11209308196460553,0.0044836076978969049,0.17945147045601154,-0.076990140574605154,-0.30034640444519189,0.6317576568681893,1.0442295934471522,-0.084225451375917512,0.10719484890922183,-0.085008282962064002
0.17697576698064485,-2.1138220243281585,0.76100384722009662,-0.0074889901065719137,-0.0066170493592415088,0.71240744634237374,-0.70169491952051333,-0.023275453768381971,0.24105796705178925,0.0062054424538003491,0.23090502094258,-0.2156125630414937,-0.26347030889974105,-0.073704745028193797,-0.26251170223646536,-0.078905940884738554,0.30439849030717148,-0.21673101708973588,0.18958761457946491,-0.054267981112208874,0.016130977337416818,0.090426090496323247,-0.22705765702755026,0.36306857520339636,-1.1183042761983342,1.0121231554731132,-0.11209308196460553,0.0044836076978969049,0.17945147045601154,-0.076990140574605154,-0.30034640444519189,0.6317576568681893,1.0442295934471522,-0.084225451375917512,0.10719484890922183,-0.085008282962064002
0.17697576698064485,-2.1138220243281585,0.76100384722009662,-0.0074889901065719137,-0.0066170493592415088,0.71240744634237374,-0.70169491952051333,-0.023275453768381971,0.24105796705178925,0.0062054424538003491,0.23090502094258,-0.2156125630414937,-0.26347030889974105,-0.073704745028193797,-0.26251170223646536,-0.078905940884738554,0.30439849030717148,-0.21673101708973588,0.18958761457946491,-0.054267981112208874,0.016130977337416818,0.090426090496323247,-0.22705765702755026,0.36306857520339636,-1.1183042761983342,1.0121231554731132,-0.11209308196460553,0.0044836076978969049,0.17945147045601154,-0.076990140574605154,-0.30034640444519189,0.6317576568681893,1.0442295934471522,-0.084225451375917512,0.10719484890922183,-0.085008282962064002
0.17697576698064485,-2.1138220243281585,0.76100384722009662,-0.0074889901065719137,-0.0066170493592415088,0.71240744634237374,-0.70169491952051333,-0.023275453768381971,0.24105796705178925,0.0062054424538003491,0.23090502094258,-0.2156125630414937,-0.26347030889974105,-0.073704745028193797,-0.26251170223646536,-0.078905940884738554,0.30439849030717148,-0.21673101708973588,0.18958761457946491,-0.054267981112208874,0.016130977337416818,0.090426090496323247,-0.22705765702755026,0.36306857520339636,-1.1183042761983342,1.0121231554731132,-0.11209308196460553,0.0044836076978969049,0.17945147045601154,-0.076990140574605154,-0.30034640444519189,0.6317576568681893,1.0442295934471522,-0.084225451375917512,0.10719484890922183,-0.085008282962064002
0.17697576698064485,-2.1138220243281585,0.76100384722009662,-0.0074889901065719137,-0.0066170493592415088,0.71240744634237374,-0.70169491952051333,-0.023275453768381971,0.24105796705178925,0.0062054424538003491,0.23090502094258,-0.2156125630414937,-0.26347030889974105,-0.073704745028193797,-0.26251170223646536,-0.078905940884738554,0.30439849030717148,-0.21673101708973588,0.18958761457946491,-0.054267981112208874,0.016130977337416818,0.090426090496323247,-0.22705765702755026,0.36306857520339636,-1.1183042761983342,1.0121231554731132,-0.11209308196460553,0.0044836076978969049,0.17945147045601154,-0.076990140574605154,-0.30034640444519189,0.6317576568681893,1.0442295934471522,-0.084225451375917512,0.10719484890922183,-0.085008282962064002
0.17697576698064485,-2.1138220243281585,0.76100384722009662,-0.0074889901065719137,-0.0066170493592415088,0.71240744634237374,-0.70169491952051333,-0.023275453768381971,0.24105796705178925,0.0062054424538003491,0.23090502094258,-0.2156125630414937,-0.26347030889974105,-0.073704745028193797,-0.26251170223646536,-0.078905940884738554,0.30439849030717148,-0.21673101708973588,0.18958761457946491,-0.054267981112208874,0.016130977337416818,0.090426090496323247,-0.22705765702755026,0.36306857520339636,-1.1183042761983342,1.0121231554731132,-0.11209308196460553,0.0044836076978969049,0.17945147045601154,-0.076990140574605154,-0.30034640444519189,0.6317576568681893,1.0442295934471522,-0.084225451375917512,0.10719484890922183,-0.085008282962064002
0.17697576698064485,-2.1138220243281585,0.76100384722009662,-0.0074889901065719137,-0.0066170493592415088,0.71240744634237374,-0.70169491952051333,-0.023275453768381971,0.24105796705178925,0.0062054424538003491,0.23090502094258,-0.2156125630414937,-0.26347030889974105,-0.073704745028193797,-0.26251170223646536,-0.078905940884738554,0.30439849030717148,-0.21673101708973588,0.18958761457946491,-0.054267981112208874,0.016130977337416818,0.090426090496323247,-0.22705765702755026,0.36306857520339636,-1.1183042761983342,1.0121231554731132,-0.11209308196460553,0.0044836076978969049,0.17945147045601154,-0.076990140574605154,-0.30034640444519189,0.6317576568681893,1.0442295934471522,-0.084225451375917512,0.10719484890922183,-0.085008282962064002
0.17697576698064485,-2.1138220243281585,0.76100384722009662,-0.0074889901065719137,-0.0066170493592415088,0.71240744634237374,-0.70169491952051333,-0.023275453768381971,0.24105796705178925,0.0062054424538003491,0.23090502094258,-0.2156125630414937,-0.26347030889974105,-0.073704745028193797,-0.26251170223646536,-0.078905940884738554,0.30439849030717148,-0.21673101708973588,0.18958761457946491,-0.054267981112208874,0.016130977337416818,0.090426090496323247,-0.22705765702755026,0.36306857520339636,-1.1183042761983342,1.0121231554731132,-0.11209308196460553,0.0044836076978969049,0.17945147045601154,-0.076990140574605154,-0.30034640444519189,0.6317576568681893,1.0442295934471522,-0.084225451375917512,0.10719484890922183,-0.085008282962064002
0.17697576698064485,-2.1138220243281585,0.76100384722009662,-0.0074889901065719137,-0.0066170493592415088,0.71240744634237374,-0.70169491952051333,-0.023275453768381971,0.24105796705178925,0.0062054424538003491,0.23090502094258,-0.2156125630414937,-0.26347030889974105,-0.073704745028193797,-0.26251170223646536,-0.078905940884738554,0.30439849030717148,-0.21673101708973588,0.18958761457946491,-0.054267981112208874,0.016130977337416818,0.090426090496323247,-0.22705765702755026,0.36306857520339636,-1.1183042761983342,1.0121231554731132,-0.11209308196460553,0.0044836076978969049,0.17945147045601154,-0.076990140574605154,-0.30034640444519189,0.6317576568681893,1.0442295934471522,-0.084225451375917512,0.10719484890922183,-0.085008282962064002
0.17697576698064485,-2.1138220243281585,0.76100384722009662,-0.0074889901065719137,-0.0066170493592415088,0.71240744634237374,-0.70169491952051333,-0.023275453768381971,0.24105796705178925,0.0062054424538003491,0.23090502094258,-0.2156125630414937,-0.26347030889974105,-0.073704745028193797,-0.26251170223646536,-0.078905940884738554,0.30439849030717148,-0.21673101708973588,0.18958761457946491,-0.054267981112208874,0.016130977337416818,0.090426090496323247,-0.22705765702755026,0.36306857520339636,-1.1183042761983342,1.0121231554731132,-0.11209308196460553,0.0044836076978969049,0.17945147045601154,-0.076990140574605154,-0.30034640444519189,0.6317576568681893,1.0442295934471522,-0.084225451375917512,0.10719484890922183,-0.085008282962064002
0.17697576698064485,-2.1138220243281585,0.76100384722009662,-0.0074889901065719137,-0.0066170493592415088,0.71240744634237374,-0.70169491952051333,-0.023275453768381971,0.24105796705178925,0.0062054424538003491,0.23090502094258,-0.2156125630414937,-0.26347030889974105,-0.073704745028193797,-0.26251170223646536,-0.078905940884738554,0.30439849030717148,-0.21673101708973588,0.18958761457946491,-0.054267981112208874,0.016130977337416818,0.090426090496323247,-0.22705765702755026,0.36306857520339636,-1.1183042761983342,1.0121231554731132,-0.11209308196460553,0.0044836076978969049,0.17945147045601154,-0.076990140574605154,-0.30034640444519189,0.6317576568681893,1.0442295934471522,-0.084225451375917512,0.10719484890922183,-0.085008282962064002
0.17697576698064485,-2.1138220243281585,0.76100384722009662,-0.0074889901065719137,-0.0066170493592415088,0.71240744634237374,-0.70169491952051333,-0.023275453768381971,0.24105796705178925,0.0062054424538003491,0.23090502094258,-0.2156125630414937,-0.26347030889974105,-0.073704745028193797,-0.26251170223646536,-0.078905940884738554,0.30439849030717148,-0.21673101708973588,0.18958761457946491,-0.054267981112208874,0.016130977337416818,0.090426090496323247,-0.22705765702755026,0.36306857520339636,-1.1183042761983342,1.0121231554731132,-0.11209308196460553,0.0044836076978969049,0.17945147045601154,-0.076990140574605154,-0.30034640444519189,0.6317576568681893,1.0442295934471522,-0.084225451375917512,0.10719484890922183,-0.085008282962064002
0.17697576698064485,-2.1138220243281585,0.76100384722009662,-0.0074889901065719137,-0.0066170493592415088,0.71240744634237374,-0.70169491952051333,-0.023275453768381971,0.24105796705178925,0.0062054424538003491,0.23090502094258,-0.2156125630414937,-0.26347030889974105,-0.073704745028193797,-0.26251170223646536,-0.078905940884738554,0.30439849030717148,-0.21673101708973588,0.18958761457946491,-0.054267981112208874,0.016130977337416818,0.090426090496323247,-0.22705765702755026,0.36306857520339636,-1.1183042761983342,1.0121231554731132,-0.11209308196460553,0.0044836076978969049,0.17945147045601154,-0.076990140574605154,-0.30034640444519189,0.6317576568681893,1.0442295934471522,-0.084225451375917512,0.10719484890922183,-0.085008282962064002
0.17697576698064485,-2.1138220243281585,0.76100384722009662,-0.0074889901065719137,-0.0066170493592415088,0.71240744634237374,-0.70169491952051333,-0.023275453768381971,0.24105796705178925,0.0062054424538003491,0.23090502094258,-0.2156125630414937,-0.26347030889974105,-0.073704745028193797,-0.26251170223646536,-0.078905940884738554,0.30439849030717148,-0.21673101708973588,0.18958761457946491,-0.054267981112208874,0.016130977337416818,0.090426090496323247,-0.22705765702755026,0.36306857520339636,-1.1183042761983342,1.0121231554731132,-0.11209308196460553,0.0044836076978969049,0.17945147045601154,-0.076990140574605154,-0.30034640444519189,0.6317576568681893,1.0442295934471522,-0.084225451375917512,0.10719484890922183,-0.085008282962064002
0.17697576698064485,-2.1138220243281585,0.76100384722009662,-0.0074889901065719137,-0.0066170493592415088,0.71240744634237374,-0.70169491952051333,-0.023275453768381971,0.24105796705178925,0.0062054424538003491,0.23090502094258,-0.2156125630414937,-0.26347030889974105,-0.073704745028193797,-0.26251170223646536,-0.078905940884738554,0.30439849030717148,-0.21673101708973588,0.18958761457946491,-0.054267981112208874,0.016130977337416818,0.090426090496323247,-0.22705765702755026,0.36306857520339636,-1.1183042761983342,1.0121231554731132,-0.11209308196460553,0.0044836076978969049,0.17945147045601154,-0.076990140574605154,-0.30034640444519189,0.6317576568681893,1.0442295934471522,-0.084225451375917512,0.10719484890922183,-0.085008282962064002
0.17697576698064485,-2.1138220243281585,0.76100384722009662,-0.0074889901065719137,-0.0066170493592415088,0.71240744634237374,-0.70169491952051333,-0.023275453768381971,0.24105796705178925,0.0062054424538003491,0.23090502094258,-0.2156125630414937,-0.26347030889974105,-0.073704745028193797,-0.26251170223646536,-0.078905940884738554,0.30439849030717148,-0.21673101708973588,0.18958761457946491,-0.054267981112208874,0.016130977337416818,0.090426090496323247,-0.22705765702755026,0.36306857520339636,-1.1183042761983342,1.0121231554731132,-0.11209308196460553,0.0044836076978969049,0.17945147045601154,-0.076990140574605154,-0.30034640444519189,0.6317576568681893,1.0442295934471522,-0.084225451375917512,0.10719484890922183,-0.085008282962064002
0.17697576698064485,-2.1138220243281585,0.76100384722009662,-0.0074889901065719137,-0.0066170493592415088,0.71240744634237374,-0.70169491952051333,-0.023275453768381971,0.24105796705178925,0.0062054424538003491,0.23090502094258,-0.2156125630414937,-0.26347030889974105,-0.073704745028193797,-0.26251170223646536,-0.078905940884738554,0.30439849030717148,-0.21673101708973588,0.18958761457946491,-0.054267981112208874,0.016130977337416818,0.090426090496323247,-0.22705765702755026,0.36306857520339636,-1.1183042761983342,1.0121231554731132,-0.11209308196460553,0.0044836076978969049,0.17945147045601154,-0.076990140574605154,-0.30034640444519189,0.6317576568681893,1.0442295934471522,-0.084225451375917512,0.10719484890922183,-0.085008282962064002
0.17697576698064485,-2.1138220243281585,0.76100384722009662,-0.0074889901065719137,-0.0066170493592415088,0.71240744634237374,-0.70169491952051333,-0.023275453768381971,0.24105796705178925,0.0062054424538003491,0.23090502094258,-0.2156125630414937,-0.26347030889974105,-0.073704745028193797,-0.26251170223646536,-0.078905940884738554,0.30439849030717148,-0.21673101708973588,0.18958761457946491,-0.054267981112208874,0.016130977337416818,0.090426090496323247,-0.22705765702755026,0.36306857520339636,-1.1183042761983342,1.0121231554731132,-0.11209308196460553,0.0044836076978969049,0.17945147045601154,-0.076990140574605154,-0.30034640444519189,0.6317576568681893,1.0442295934471522,-0.084225451375917512,0.10719484890922183,-0.085008282962064002
0.17697576698064485,-2.1138220243281585,0.76100384722009662,-0.0074889901065719137,-0.0066170493592415088,0.71240744634237374,-0.70169491952051333,-0.023275453768381971,0.24105796705178925,0.0062054424538003491,0.23090502094258,-0.2156125630414937,-0.26347030889974105,-0.073704745028193797,-0.26251170223646536,-0.078905940884738554,0.30439849030717148,-0.21673101708973588,0.18958761457946491,-0.054267981112208874,0.016130977337416818,0.090426090496323247,-0.22705765702755026,0.36306857520339636,-1.1183042761983342,1.0121231554731132,-0.11209308196460553,0.0044836076978969049,0.17945147045601154,-0.076990140574605154,-0.30034640444519189,0.6317576568681893,1.0442295934471522,-0.084225451375917512,0.10719484890922183,-0.085008282962064002
0.17697576698064485,-2.1138220243281585,0.76100384722009662,-0.0074889901065719137,-0.0066170493592415088,0.71240744634237374,-0.70169491952051333,-0.023275453768381971,0.24105796705178925,0.0062054424538003491,0.23090502094258,-0.2156125630414937,-0.26347030889974105,-0.073704745028193797,-0.26251170223646536,-0.078905940884738554,0.30439849030717148,-0.21673101708973588,0.18958761457946491,-0.054267981112208874,0.016130977337416818,0.090426090496323247,-0.22705765702755026,0.36306857520339636,-1.1183042761983342,1.0121231554731132,-0.11209308196460553,0.0044836076978969049,0.17945147045601154,-0.076990140574605154,-0.30034640444519189,0.6317576568681893,1.0442295934471522,-0.084225451375917512,0.10719484890922183,-0.085008282962064002
0.17697576698064485,-2.1138220243281585,0.76100384722009662,-0.0074889901065719137,-0.0066170493592415088,0.71240744634237374,-0.70169491952051333,-0.023275453768381971,0.24105796705178925,0.0062054424538003491,0.23090502094258,-0.2156125630414937,-0.26347030889974105,-0.073704745028193797,-0.26251170223646536,-0.078905940884738554,0.30439849030717148,-0.21673101708973588,0.18958761457946491,-0.054267981112208874,0.016130977337416818,0.090426090496323247,-0.22705765702755026,0.36306857520339636,-1.1183042761983342,1.0121231554731132,-0.11209308196460553,0.0044836076978969049,0.17945147045601154,-0.076990140574605154,-0.30034640444519189,0.6317576568681893,1.0442295934471522,-0.084225451375917512,0.10719484890922183,-0.085008282962064002
0.17697576698064485,-2.1138220243281585,0.76100384722009662,-0.0074889901065719137,-0.0066170493592415088,0.71240744634237374,-0.70169491952051333,-0.023275453768381971,0.24105796705178925,0.0062054424538003491,0.23090502094258,-0.2156125630414937,-0.26347030889974105,-0.073704745028193797,-0.26251170223646536,-0.078905940884738554,0.30439849030717148,-0.21673101708973588,0.18958761457946491,-0.054267981112208874,0.016130977337416818,0.090426090496323247,-0.22705765702755026,0.36306857520339636,-1.1183042761983342,1.0121231554731132,-0.11209308196460553,0.0044836076978969049,0.17945147045601154,-0.076990140574605154,-0.30034640444519189,0.6317576568681893,1.0442295934471522,-0.084225451375917512,0.10719484890922183,-0.085008282962064002
0.17697576698064485,-2.1138220243281585,0.76100384722009662,-0.0074889901065719137,-0.0066170493592415088,0.71240744634237374,-0.70169491952051333,-0.023275453768381971,0.24105796705178925,0.0062054424538003491,0.23090502094258,-0.2156125630414937,-0.26347030889974105,-0.073704745028193797,-0.26251170223646536,-0.078905940884738554,0.30439849030717148,-0.21673101708973588,0.18958761457946491,-0.054267981112208874,0.016130977337416818,0.090426090496323247,-0.22705765702755026,0.36306857520339636,-1.1183042761983342,1.0121231554731132,-0.11209308196460553,0.0044836076978969049,0.17945147045601154,-0.076990140574605154,-0.30034640444519189,0.6317576568681893,1.0442295934471522,-0.084225451375917512,0.10719484890922183,-0.085008282962064002
0.17697576698064485,-2.1138220243281585,0.76100384722009662,-0.0074889901065719137,-0.0066170493592415088,0.71240744634237374,-0.70169491952051333,-0.023275453768381971,0.24105796705178925,0.0062054424538003491,0.23090502094258,-0.2156125630414937,-0.26347030889974105,-0.073704745028193797,-0.26251170223646536,-0.078905940884738554,0.30439849030717148,-0.21673101708973588,0.18958761457946491,-0.054267981112208874,0.016130977337416818,0.090426090496323247,-0.22705765702755026,0.36306857520339636,-1.1183042761983342,1.0121231554731132,-0.11209308196460553,0.0044836076978969049,0.17945147045601154,-0.076990140574605154,-0.30034640444519189,0.6317576568681893,1.0442295934471522,-0.084225451375917512,0.10719484890922183,-0.085008282962064002
0.17697576698064485,-2.1138220243281585,0.76100384722009662,-0.0074889901065719137,-0.0066170493592415088,0.71240744634237374,-0.70169491952051333,-0.023275453768381971,0.24105796705178925,0.0062054424538003491,0.23090502094258,-0.2156125630414937,-0.26347030889974105,-0.073704745028193797,-0.26251170223646536,-0.078905940884738554,0.30439849030717148,-0.21673101708973588,0.18958761457946491,-0.054267981112208874,0.016130977337416818,0.090426090496323247,-0.22705765702755026,0.36306857520339636,-1.1183042761983342,1.0121231554731132,-0.11209308196460553,0.0044836076978969049,0.17945147045601154,-0.076990140574605154,-0.30034640444519189,0.6317576568681893,1.0442295934471522,-0.084225451375917512,0.10719484890922183,-0.085008282962064002
0.17697576698064485,-2.1138220243281585,0.76100384722009662,-0.0074889901065719137,-0.0066170493592415088,0.71240744634237374,-0.70169491952051333,-0.023275453768381971,0.24105796705178925,0.0062054424538003491,0.23090502094258,-0.2156125630414937,-0.26347030889974105,-0.073704745028193797,-0.26251170223646536,-0.078905940884738554,0.30439849030717148,-0.21673101708973588,0.18958761457946491,-0.054267981112208874,0.016130977337416818,0.090426090496323247,-0.22705765702755026,0.36306857520339636,-1.1183042761983342,1.0121231554731132,-0.11209308196460553,0.0044836076978969049,0.17945147045601154,-0.076990140574605154,-0.30034640444519189,0.6317576568681893,1.0442295934471522,-0.084225451375917512,0.10719484890922183,-0.085008282962064002
0.17697576698064485,-2.1138220243281585,0.76100384722009662,-0.0074889901065719137,-0.0066170493592415088,0.71240744634237374,-0.70169491952051333,-0.023275453768381971,0.24105796705178925,0.0062054424538003491,0.23090502094258,-0.2156125630414937,-0.26347030889974105,-0.073704745028193797,-0.26251170223646536,-0.078905940884738554,0.30439849030717148,-0.21673101708973588,0.18958761457946491,-0.054267981112208874,0.016130977337416818,0.090426090496323247,-0.22705765702755026,0.36306857520339636,-1.1183042761983342,1.0121231554731132,-0.11209308196460553,0.0044836076978969049,0.17945147045601154,-0.076990140574605154,-0.30034640444519189,0.6317576568681893,1.0442295934471522,-0.084225451375917512,0.10719484890922183,-0.085008282962064002
0.17697576698064485,-2.1138220243281585,0.76100384722009662,-0.0074889901065719137,-0.0066170493592415088,0.71240744634237374,-0.70169491952051333,-0.023275453768381971,0.24105796705178925,0.0062054424538003491,0.23090502094258,-0.2156125630414937,-0.26347030889974105,-0.073704745028193797,-0.26251170223646536,-0.078905940884738554,0.30439849030717148,-0.21673101708973588,0.18958761457946491,-0.054267981112208874,0.016130977337416818,0.090426090496323247,-0.22705765702755026,0.36306857520339636,-1.1183042761983342,1.0121231554731132,-0.11209308196460553,0.0044836076978969049,0.17945147045601154,-0.076990140574605154,-0.30034640444519189,0.6317576568681893,1.0442295934471522,-0.084225451375917512,0.10719484890922183,-0.085008282962064002
0.17697576698064485,-2.1138220243281585,0.76100384722009662,-0.0074889901065719137,-0.0066170493592415088,0.71240744634237374,-0.70169491952051333,-0.023275453768381971,0.24105796705178925,0.0062054424538003491,0.23090502094258,-0.2156125630414937,-0.26347030889974105,-0.073704745028193797,-0.26251170223646536,-0.078905940884738554,0.30439849030717148,-0.21673101708973588,0.18958761457946491,-0.054267981112208874,0.016130977337416818,0.090426090496323247,-0.22705765702755026,0.36306857520339636,-1.1183042761983342,1.0121231554731132,-0.11209308196460553,0.0044836076978969049,0.17945147045601154,-0.076990140574605154,-0.30034640444519189,0.6317576568681893,1.0442295934471522,-0.084225451375917512,0.10719484890922183,-0.085008282962064002
0.17697576698064485,-2.1138220243281585,0.76100384722009662,-0.0074889901065719137,-0.0066170493592415088,0.71240744634237374,-0.70169491952051333,-0.023275453768381971,0.24105796705178925,0.0062054424538003491,0.23090502094258,-0.2156125630414937,-0.26347030889974105,-0.073704745028193797,-0.26251170223646536,-0.078905940884738554,0.30439849030717148,-0.21673101708973588,0.18958761457946491,-0.054267981112208874,0.016130977337416818,0.090426090496323247,-0.22705765702755026,0.36306857520339636,-1.1183042761983342,1.0121231554731132,-0.11209308196460553,0.0044836076978969049,0.17945147045601154,-0.076990140574605154,-0.30034640444519189,0.6317576568681893,1.0442295934471522,-0.084225451375917512,0.10719484890922183,-0.085008282962064002
0.17697576698064485,-2.1138220243281585,0.76100384722009662,-0.0074889901065719137,-0.0066170493592415088,0.71240744634237374,-0.70169491952051333,-0.023275453768381971,0.24105796705178925,0.0062054424538003491,0.23090502094258,-0.2156125630414937,-0.26347030889974105,-0.073704745028193797,-0.26251170223646536,-0.078905940884738554,0.30439849030717148,-0.21673101708973588,0.18958761457946491,-0.054267981112208874,0.016130977337416818,0.090426090496323247,-0.22705765702755026,0.36306857520339636,-1.1183042761983342,1.0121231554731132,-0.11209308196460553,0.0044836076978969049,0.17945147045601154,-0.076990140574605154,-0.30034640444519189,0.6317576568681893,1.0442295934471522,-0.084225451375917512,0.10719484890922183,-0.085008282962064002
0.17697576698064485,-2.1138220243281585,0.76100384722009662,-0.0074889901065719137,-0.0066170493592415088,0.71240744634237374,-0.70169491952051333,-0.023275453768381971,0.24105796705178925,0.0062054424538003491,0.23090502094258,-0.2156125630414937,-0.26347030889974105,-0.073704745028193797,-0.26251170223646536,-0.078905940884738554,0.30439849030717148,-0.21673101708973588,0.18958761457946491,-0.054267981112208874,0.016130977337416818,0.090426090496323247,-0.22705765702755026,0.36306857520339636,-1.1183042761983342,1.0121231554731132,-0.11209308196460553,0.0044836076978969049,0.17945147045601154,-0.076990140574605154,-0.30034640444519189,0.6317576568681893,1.0442295934471522,-0.084225451375917512,0.10719484890922183,-0.085008282962064002
0.17697576698064485,-2.1138220243281585,0.76100384722009662,-0.0074889901065719137,-0.0066170493592415088,0.71240744634237374,-0.70169491952051333,-0.023275453768381971,0.24105796705178925,0.0062054424538003491,0.23090502094258,-0.2156125630414937,-0.26347030889974105,-0.073704745028193797,-0.26251170223646536,-0.078905940884738554,0.30439849030717148,-0.21673101708973588,0.18958761457946491,-0.054267981112208874,0.016130977337416818,0.090426090496323247,-0.22705765702755026,0.36306857520339636,-1.1183042761983342,1.0121231554731132,-0.11209308196460553,0.0044836076978969049,0.17945147045601154,-0.076990140574605154,-0.30034640444519189,0.6317576568681893,1.0442295934471522,-0.084225451375917512,0.10719484890922183,-0.085008282962064002
0.17697576698064485,-2.1138220243281585,0.76100384722009662,-0.0074889901065719137,-0.0066170493592415088,0.71240744634237374,-0.70169491952051333,-0.023275453768381971,0.24105796705178925,0.0062054424538003491,0.23090502094258,-0.2156125630414937,-0.26347030889974105,-0.073704745028193797,-0.26251170223646536,-0.078905940884738554,0.30439849030717148,-0.21673101708973588,0.18958761457946491,-0.054267981112208874,0.016130977337416818,0.090426090496323247,-0.22705765702755026,0.36306857520339636,-1.1183042761983342,1.0121231554731132,-0.11209308196460553,0.0044836076978969049,0.17945147045601154,-0.076990140574605154,-0.30034640444519189,0.6317576568681893,1.0442295934471522,-0.084225451375917512,0.10719484890922183,-0.085008282962064002
0.17697576698064485,-2.1138220243281585,0.76100384722009662,-0.0074889901065719137,-0.0066170493592415088,0.71240744634237374,-0.70169491952051333,-0.023275453768381971,0.24105796705178925,0.0062054424538003491,0.23090502094258,-0.2156125630414937,-0.26347030889974105,-0.073704745028193797,-0.26251170223646536,-0.078905940884738554,0.30439849030717148,-0.21673101708973588,0.18958761457946491,-0.054267981112208874,0.016130977337416818,0.090426090496323247,-0.22705765702755026,0.36306857520339636,-1.1183042761983342,1.0121231554731132,-0.11209308196460553,0.0044836076978969049,0.17945147045601154,-0.076990140574605154,-0.30034640444519189,0.6317576568681893,1.0442295934471522,-0.084225451375917512,0.10719484890922183,-0.085008282962064002
0.17697576698064485,-2.1138220243281585,0.76100384722009662,-0.0074889901065719137,-0.0066170493592415088,0.71240744634237374,-0.70169491952051333,-0.023275453768381971,0.24105796705178925,0.0062054424538003491,0.23090502094258,-0.2156125630414937,-0.26347030889974105,-0.073704745028193797,-0.26251170223646536,-0.078905940884738554,0.30439849030717148,-0.21673101708973588,0.18958761457946491,-0.054267981112208874,0.016130977337416818,0.090426090496323247,-0.22705765702755026,0.36306857520339636,-1.1183042761983342,1.0121231554731132,-0.11209308196460553,0.0044836076978969049,0.17945147045601154,-0.076990140574605154,-0.30034640444519189,0.6317576568681893,1.0442295934471522,-0.084225451375917512,0.10719484890922183,-0.085008282962064002
0.17697576698064485,-2.1138220243281585,0.76100384722009662,-0.0074889901065719137,-0.0066170493592415088,0.71240744634237374,-0.70169491952051333,-0.023275453768381971,0.24105796705178925,0.0062054424538003491,0.23090502094258,-0.2156125630414937,-0.26347030889974105,-0.073704745028193797,-0.26251170223646536,-0.078905940884738554,0.30439849030717148,-0.21673101708973588,0.18958761457946491,-0.054267981112208874,0.016130977337416818,0.090426090496323247,-0.22705765702755026,0.36306857520339636,-1.1183042761983342,1.0121231554731132,-0.11209308196460553,0.0044836076978969049,0.17945147045601154,-0.076990140574605154,-0.30034640444519189,0.6317576568681893,1.0442295934471522,-0.084225451375917512,0.10719484890922183,-0.085008282962064002
0.17697576698064485,-2.1138220243281585,0.76100384722009662,-0.0074889901065719137,-0.0066170493592415088,0.71240744634237374,-0.70169491952051333,-0.023275453768381971,0.24105796705178925,0.0062054424538003491,0.23090502094258,-0.2156125630414937,-0.26347030889974105,-0.073704745028193797,-0.26251170223646536,-0.078905940884738554,0.30439849030717148,-0.21673101708973588,0.18958761457946491,-0.054267981112208874,0.016130977337416818,0.090426090496323247,-0.22705765702755026,0.36306857520339636,-1.1183042761983342,1.0121231554731132,-0.11209308196460553,0.0044836076978969049,0.17945147045601154,-0.076990140574605154,-0.30034640444519189,0.6317576568681893,1.0442295934471522,-0.084225451375917512,0.10719484890922183,-0.085008282962064002
0.17697576698064485,-2.1138220243281585,0.76100384722009662,-0.0074889901065719137,-0.0066170493592415088,0.71240744634237374,-0.70169491952051333,-0.023275453768381971,0.24105796705178925,0.0062054424538003491,0.23090502094258,-0.2156125630414937,-0.26347030889974105,-0.073704745028193797,-0.26251170223646536,-0.078905940884738554,0.30439849030717148,-0.21673101708973588,0.18958761457946491,-0.054267981112208874,0.016130977337416818,0.090426090496323247,-0.22705765702755026,0.36306857520339636,-1.1183042761983342,1.0121231554731132,-0.11209308196460553,0.0044836076978969049,0.17945147045601154,-0.076990140574605154,-0.30034640444519189,0.6317576568681893,1.0442295934471522,-0.084225451375917512,0.10719484890922183,-0.085008282962064002
0.17697576698064485,-2.1138220243281585,0.76100384722009662,-0.0074889901065719137,-0.0066170493592415088,0.71240744634237374,-0.70169491952051333,-0.023275453768381971,0.24105796705178925,0.0062054424538003491,0.23090502094258,-0.2156125630414937,-0.26347030889974105,-0.073704745028193797,-0.26251170223646536,-0.078905940884738554,0.30439849030717148,-0.21673101708973588,0.18958761457946491,-0.054267981112208874,0.016130977337416818,0.090426090496323247,-0.22705765702755026,0.36306857520339636,-1.1183042761983342,1.0121231554731132,-0.11209308196460553,0.0044836076978969049,0.17945147045601154,-0.076990140574605154,-0.30034640444519189,0.6317576568681893,1.0442295934471522,-0.084225451375917512,0.10719484890922183,-0.085008282962064002
0.17697576698064485,-2.1138220243281585,0.76100384722009662,-0.0074889901065719137,-0.0066170493592415088,0.71240744634237374,-0.70169491952051333,-0.023275453768381971,0.24105796705178925,0.0062054424538003491,0.23090502094258,-0.2156125630414937,-0.26347030889974105,-0.073704745028193797,-0.26251170223646536,-0.078905940884738554,0.30439849030717148,-0.21673101708973588,0.18958761457946491,-0.054267981112208874,0.016130977337416818,0.090426090496323247,-0.22705765702755026,0.36306857520339636,-1.1183042761983342,1.0121231554731132,-0.11209308196460553,0.0044836076978969049,0.17945147045601154,-0.076990140574605154,-0.30034640444519189,0.6317576568681893,1.0442295934471522,-0.084225451375917512,0.10719484890922183,-0.085008282962064002
0.17697576698064485,-2.1138220243281585,0.76100384722009662,-0.0074889901065719137,-0.0066170493592415088,0.71240744634237374,-0.70169491952051333,-0.023275453768381971,0.24105796705178925,0.0062054424538003491,0.23090502094258,-0.2156125630414937,-0.26347030889974105,-0.073704745028193797,-0.26251170223646536,-0.078905940884738554,0.30439849030717148,-0.21673101708973588,0.18958761457946491,-0.054267981112208874,0.016130977337416818,0.090426090496323247,-0.22705765702755026,0.36306857520339636,-1.1183042761983342,1.0121231554731132,-0.11209308196460553,0.0044836076978969049,0.17945147045601154,-0.076990140574605154,-0.30034640444519189,0.6317576568681893,1.0442295934471522,-0.084225451375917512,0.10719484890922183,-0.085008282962064002
0.17697576698064485,-2.1138220243281585,0.76100384722009662,-0.0074889901065719137,-0.0066170493592415088,0.71240744634237374,-0.70169491952051333,-0.023275453768381971,0.24105796705178925,0.0062054424538003491,0.23090502094258,-0.2156125630414937,-0.26347030889974105,-0.073704745028193797,-0.26251170223646536,-0.078905940884738554,0.30439849030717148,-0.21673101708973588,0.18958761457946491,-0.054267981112208874,0.016130977337416818,0.090426090496323247,-0.22705765702755026,0.36306857520339636,-1.1183042761983342,1.0121231554731132,-0.11209308196460553,0.0044836076978969049,0.17945147045601154,-0.076990140574605154,-0.30034640444519189,0.6317576568681893,1.0442295934471522,-0.084225451375917512,0.10719484890922183,-0.085008282962064002
0.17697576698064485,-2.1138220243281585,0.76100384722009662,-0.0074889901065719137,-0.0066170493592415088,0.71240744634237374,-0.70169491952051333,-0.023275453768381971,0.24105796705178925,0.0062054424538003491,0.23090502094258,-0.2156125630414937,-0.26347030889974105,-0.073704745028193797,-0.26251170223646536,-0.078905940884738554,0.30439849030717148,-0.21673101708973588,0.18958761457946491,-0.054267981112208874,0.016130977337416818,0.090426090496323247,-0.22705765702755026,0.36306857520339636,-1.1183042761983342,1.0121231554731132,-0.11209308196460553,0.0044836076978969049,0.17945147045601154,-0.076990140574605154,-0.30034640444519189,0.6317576568681893,1.0442295934471522,-0.084225451375917512,0.10719484890922183,-0.085008282962064002
0.17697576698064485,-2.1138220243281585,0.76100384722009662,-0.0074889901065719137,-0.0066170493592415088,0.71240744634237374,-0.70169491952051333,-0.023275453768381971,0.24105796705178925,0.0062054424538003491,0.23090502094258,-0.2156125630414937,-0.26347030889974105,-0.073704745028193797,-0.26251170223646536,-0.078905940884738554,0.30439849030717148,-0.21673101708973588,0.18958761457946491,-0.054267981112208874,0.016130977337416818,0.090426090496323247,-0.22705765702755026,0.36306857520339636,-1.1183042761983342,1.0121231554731132,-0.11209308196460553,0.0044836076978969049,0.17945147045601154,-0.076990140574605154,-0.30034640444519189,0.6317576568681893,1.0442295934471522,-0.084225451375917512,0.10719484890922183,-0.085008282962064002
0.17697576698064485,-2.1138220243281585,0.76100384722009662,-0.0074889901065719137,-0.0066170493592415088,0.71240744634237374,-0.70169491952051333,-0.023275453768381971,0.24105796705178925,0.0062054424538003491,0.23090502094258,-0.2156125630414937,-0.26347030889974105,-0.073704745028193797,-0.26251170223646536,-0.078905940884738554,0.30439849030717148,-0.21673101708973588,0.18958761457946491,-0.054267981112208874,0.016130977337416818,0.090426090496323247,-0.22705765702755026,0.36306857520339636,-1.1183042761983342,1.0121231554731132,-0.11209308196460553,0.0044836076978969049,0.17945147045601154,-0.076990140574605154,-0.30034640444519189,0.6317576568681893,1.0442295934471522,-0.084225451375917512,0.10719484890922183,-0.085008282962064002
0.17697576698064485,-2.1138220243281585,0.76100384722009662,-0.0074889901065719137,-0.0066170493592415088,0.71240744634237374,-0.70169491952051333,-0.023275453768381971,0.24105796705178925,0.0062054424538003491,0.23090502094258,-0.2156125630414937,-0.26347030889974105,-0.073704745028193797,-0.26251170223646536,-0.078905940884738554,0.30439849030717148,-0.21673101708973588,0.18958761457946491,-0.054267981112208874,0.016130977337416818,0.090426090496323247,-0.22705765702755026,0.36306857520339636,-1.1183042761983342,1.0121231554731132,-0.11209308196460553,0.0044836076978969049,0.17945147045601154,-0.076990140574605154,-0.30034640444519189,0.6317576568681893,1.0442295934471522,-0.084225451375917512,0.10719484890922183,-0.085008282962064002
0.17697576698064485,-2.1138220243281585,0.76100384722009662,-0.0074889901065719137,-0.0066170493592415088,0.71240744634237374,-0.70169491952051333,-0.023275453768381971,0.24105796705178925,0.0062054424538003491,0.23090502094258,-0.2156125630414937,-0.26347030889974105,-0.073704745028193797,-0.26251170223646536,-0.078905940884738554,0.30439849030717148,-0.21673101708973588,0.18958761457946491,-0.054267981112208874,0.016130977337416818,0.090426090496323247,-0.22705765702755026,0.36306857520339636,-1.1183042761983342,1.0121231554731132,-0.11209308196460553,0.0044836076978969049,0.17945147045601154,-0.076990140574605154,-0.30034640444519189,0.6317576568681893,1.0442295934471522,-0.084225451375917512,0.10719484890922183,-0.085008282962064002
0.17697576698064485,-2.1138220243281585,0.76100384722009662,-0.0074889901065719137,-0.0066170493592415088,0.71240744634237374,-0.70169491952051333,-0.023275453768381971,0.24105796705178925,0.0062054424538003491,0.23090502094258,-0.2156125630414937,-0.26347030889974105,-0.073704745028193797,-0.26251170223646536,-0.078905940884738554,0.30439849030717148,-0.21673101708973588,0.18958761457946491,-0.054267981112208874,0.016130977337416818,0.090426090496323247,-0.22705765702755026,0.36306857520339636,-1.1183042761983342,1.0121231554731132,-0.11209308196460553,0.0044836076978969049,0.17945147045601154,-0.076990140574605154,-0.30034640444519189,0.6317576568681893,1.0442295934471522,-0.084225451375917512,0.10719484890922183,-0.085008282962064002
0.17697576698064485,-2.1138220243281585,0.76100384722009662,-0.0074889901065719137,-0.0066170493592415088,0.71240744634237374,-0.70169491952051333,-0.023275453768381971,0.24105796705178925,0.0062054424538003491,0.23090502094258,-0.2156125630414937,-0.26347030889974105,-0.073704745028193797,-0.26251170223646536,-0.078905940884738554,0.30439849030717148,-0.21673101708973588,0.18958761457946491,-0.054267981112208874,0.016130977337416818,0.090426090496323247,-0.22705765702755026,0.36306857520339636,-1.1183042761983342,1.0121231554731132,-0.11209308196460553,0.0044836076978969049,0.17945147045601154,-0.076990140574605154,-0.30034640444519189,0.6317576568681893,1.0442295934471522,-0.084225451375917512,0.10719484890922183,-0.085008282962064002
0.17697576698064485,-2.1138220243281585,0.76100384722009662,-0.0074889901065719137,-0.0066170493592415088,0.71240744634237374,-0.70169491952051333,-0.023275453768381971,0.24105796705178925,0.0062054424538003491,0.23090502094258,-0.2156125630414937,-0.26347030889974105,-0.073704745028193797,-0.26251170223646536,-0.078905940884738554,0.30439849030717148,-0.21673101708973588,0.18958761457946491,-0.054267981112208874,0.016130977337416818,0.090426090496323247,-0.22705765702755026,0.36306857520339636,-1.1183042761983342,1.0121231554731132,-0.11209308196460553,0.0044836076978969049,0.17945147045601154,-0.076990140574605154,-0.30034640444519189,0.6317576568681893,1.0442295934471522,-0.084225451375917512,0.10719484890922183,-0.085008282962064002
0.17697576698064485,-2.1138220243281585,0.76100384722009662,-0.0074889901065719137,-0.0066170493592415088,0.71240744634237374,-0.70169491952051333,-0.023275453768381971,0.24105796705178925,0.0062054424538003491,0.23090502094258,-0.2156125630414937,-0.26347030889974105,-0.073704745028193797,-0.26251170223646536,-0.078905940884738554,0.30439849030717148,-0.21673101708973588,0.18958761457946491,-0.054267981112208874,0.016130977337416818,0.090426090496323247,-0.22705765702755026,0.36306857520339636,-1.1183042761983342,1.0121231554731132,-0.11209308196460553,0.0044836076978969049,0.17945147045601154,-0.076990140574605154,-0.30034640444519189,0.6317576568681893,1.0442295934471522,-0.084225451375917512,0.10719484890922183,-0.085008282962064002
0.17697576698064485,-2.1138220243281585,0.76100384722009662,-0.0074889901065719137,-0.0066170493592415088,0.71240744634237374,-0.70169491952051333,-0.023275453768381971,0.24105796705178925,0.0062054424538003491,0.23090502094258,-0.2156125630414937,-0.26347030889974105,-0.073704745028193797,-0.26251170223646536,-0.078905940884738554,0.30439849030717148,-0.21673101708973588,0.18958761457946491,-0.054267981112208874,0.016130977337416818,0.090426090496323247,-0.22705765702755026,0.36306857520339636,-1.1183042761983342,1.0121231554731132,-0.11209308196460553,0.0044836076978969049,0.17945147045601154,-0.076990140574605154,-0.30034640444519189,0.6317576568681893,1.0442295934471522,-0.084225451375917512,0.10719484890922183,-0.085008282962064002
0.17697576698064485,-2.1138220243281585,0.76100384722009662,-0.0074889901065719137,-0.0066170493592415088,0.71240744634237374,-0.70169491952051333,-0.023275453768381971,0.24105796705178925,0.0062054424538003491,0.23090502094258,-0.2156125630414937,-0.26347030889974105,-0.073704745028193797,-0.26251170223646536,-0.078905940884738554,0.30439849030717148,-0.21673101708973588,0.18958761457946491,-0.054267981112208874,0.016130977337416818,0.090426090496323247,-0.22705765702755026,0.36306857520339636,-1.1183042761983342,1.0121231554731132,-0.11209308196460553,0.0044836076978969049,0.17945147045601154,-0.076990140574605154,-0.30034640444519189,0.6317576568681893,1.0442295934471522,-0.084225451375917512,0.10719484890922183,-0.085008282962064002
0.17697576698064485,-2.1138220243281585,0.76100384722009662,-0.0074889901065719137,-0.0066170493592415088,0.71240744634237374,-0.70169491952051333,-0.023275453768381971,0.24105796705178925,0.0062054424538003491,0.23090502094258,-0.2156125630414937,-0.26347030889974105,-0.073704745028193797,-0.26251170223646536,-0.078905940884738554,0.30439849030717148,-0.21673101708973588,0.18958761457946491,-0.054267981112208874,0.016130977337416818,0.090426090496323247,-0.22705765702755026,0.36306857520339636,-1.1183042761983342,1.0121231554731132,-0.11209308196460553,0.0044836076978969049,0.17945147045601154,-0.076990140574605154,-0.30034640444519189,0.6317576568681893,1.0442295934471522,-0.084225451375917512,0.10719484890922183,-0.085008282962064002
0.17697576698064485,-2.1138220243281585,0.76100384722009662,-0.0074889901065719137,-0.0066170493592415088,0.71240744634237374,-0.70169491952051333,-0.023275453768381971,0.24105796705178925,0.0062054424538003491,0.23090502094258,-0.2156125630414937,-0.26347030889974105,-0.073704745028193797,-0.26251170223646536,-0.078905940884738554,0.30439849030717148,-0.21673101708973588,0.18958761457946491,-0.054267981112208874,0.016130977337416818,0.090426090496323247,-0.22705765702755026,0.36306857520339636,-1.1183042761983342,1.0121231554731132,-0.11209308196460553,0.0044836076978969049,0.17945147045601154,-0.076990140574605154,-0.30034640444519189,0.6317576568681893,1.0442295934471522,-0.084225451375917512,0.10719484890922183,-0.085008282962064002
0.17697576698064485,-2.1138220243281585,0.76100384722009662,-0.0074889901065719137,-0.0066170493592415088,0.71240744634237374,-0.70169491952051333,-0.023275453768381971,0.24105796705178925,0.0062054424538003491,0.23090502094258,-0.2156125630414937,-0.26347030889974105,-0.073704745028193797,-0.26251170223646536,-0.078905940884738554,0.30439849030717148,-0.21673101708973588,0.18958761457946491,-0.054267981112208874,0.016130977337416818,0.090426090496323247,-0.22705765702755026,0.36306857520339636,-1.1183042761983342,1.0121231554731132,-0.11209308196460553,0.0044836076978969049,0.17945147045601154,-0.076990140574605154,-0.30034640444519189,0.6317576568681893,1.0442295934471522,-0.084225451375917512,0.10719484890922183,-0.085008282962064002
0.17697576698064485,-2.1138220243281585,0.76100384722009662,-0.0074889901065719137,-0.0066170493592415088,0.71240744634237374,-0.70169491952051333,-0.023275453768381971,0.24105796705178925,0.0062054424538003491,0.23090502094258,-0.2156125630414937,-0.26347030889974105,-0.073704745028193797,-0.26251170223646536,-0.078905940884738554,0.30439849030717148,-0.21673101708973588,0.18958761457946491,-0.054267981112208874,0.016130977337416818,0.090426090496323247,-0.22705765702755026,0.36306857520339636,-1.1183042761983342,1.0121231554731132,-0.11209308196460553,0.0044836076978969049,0.17945147045601154,-0.076990140574605154,-0.30034640444519189,0.6317576568681893,1.0442295934471522,-0.084225451375917512,0.10719484890922183,-0.085008282962064002
0.17697576698064485,-2.1138220243281585,0.76100384722009662,-0.0074889901065719137,-0.0066170493592415088,0.71240744634237374,-0.70169491952051333,-0.023275453768381971,0.24105796705178925,0.0062054424538003491,0.23090502094258,-0.2156125630414937,-0.26347030889974105,-0.073704745028193797,-0.26251170223646536,-0.078905940884738554,0.30439849030717148,-0.21673101708973588,0.18958761457946491,-0.054267981112208874,0.016130977337416818,0.090426090496323247,-0.22705765702755026,0.36306857520339636,-1.1183042761983342,1.0121231554731132,-0.11209308196460553,0.0044836076978969049,0.17945147045601154,-0.076990140574605154,-0.30034640444519189,0.6317576568681893,1.0442295934471522,-0.084225451375917512,0.10719484890922183,-0.085008282962064002
0.17697576698064485,-2.1138220243281585,0.76100384722009662,-0.0074889901065719137,-0.0066170493592415088,0.71240744634237374,-0.70169491952051333,-0.023275453768381971,0.24105796705178925,0.0062054424538003491,0.23090502094258,-0.2156125630414937,-0.26347030889974105,-0.073704745028193797,-0.26251170223646536,-0.078905940884738554,0.30439849030717148,-0.21673101708973588,0.18958761457946491,-0.054267981112208874,0.016130977337416818,0.090426090496323247,-0.22705765702755026,0.36306857520339636,-1.1183042761983342,1.0121231554731132,-0.11209308196460553,0.0044836076978969049,0.17945147045601154,-0.076990140574605154,-0.30034640444519189,0.6317576568681893,1.0442295934471522,-0.084225451375917512,0.10719484890922183,-0.085008282962064002
0.17697576698064485,-2.1138220243281585,0.76100384722009662,-0.0074889901065719137,-0.0066170493592415088,0.71240744634237374,-0.70169491952051333,-0.023275453768381971,0.24105796705178925,0.0062054424538003491,0.23090502094258,-0.2156125630414937,-0.26347030889974105,-0.073704745028193797,-0.26251170223646536,-0.078905940884738554,0.30439849030717148,-0.21673101708973588,0.18958761457946491,-0.054267981112208874,0.016130977337416818,0.090426090496323247,-0.22705765702755026,0.36306857520339636,-1.1183042761983342,1.0121231554731132,-0.11209308196460553,0.0044836076978969049,0.17945147045601154,-0.076990140574605154,-0.30034640444519189,0.6317576568681893,1.0442295934471522,-0.084225451375917512,0.10719484890922183,-0.085008282962064002
0.17697576698064485,-2.1138220243281585,0.76100384722009662,-0.0074889901065719137,-0.0066170493592415088,0.71240744634237374,-0.70169491952051333,-0.023275453768381971,0.24105796705178925,0.0062054424538003491,0.23090502094258,-0.2156125630414937,-0.26347030889974105,-0.073704745028193797,-0.26251170223646536,-0.078905940884738554,0.30439849030717148,-0.21673101708973588,0.18958761457946491,-0.054267981112208874,0.016130977337416818,0.090426090496323247,-0.22705765702755026,0.36306857520339636,-1.1183042761983342,1.0121231554731132,-0.11209308196460553,0.0044836076978969049,0.17945147045601154,-0.076990140574605154,-0.30034640444519189,0.6317576568681893,1.0442295934471522,-0.084225451375917512,0.10719484890922183,-0.085008282962064002
0.17697576698064485,-2.1138220243281585,0.76100384722009662,-0.0074889901065719137,-0.0066170493592415088,0.71240744634237374,-0.70169491952051333,-0.023275453768381971,0.24105796705178925,0.0062054424538003491,0.23090502094258,-0.2156125630414937,-0.26347030889974105,-0.073704745028193797,-0.26251170223646536,-0.078905940884738554,0.30439849030717148,-0.21673101708973588,0.18958761457946491,-0.054267981112208874,0.016130977337416818,0.090426090496323247,-0.22705765702755026,0.36306857520339636,-1.1183042761983342,1.0121231554731132,-0.11209308196460553,0.0044836076978969049,0.17945147045601154,-0.076990140574605154,-0.30034640444519189,0.6317576568681893,1.0442295934471522,-0.084225451375917512,0.10719484890922183,-0.085008282962064002
